experiment,participant_id,prompt_idx,response,label,label_text,group,group_text,top1,avgk_set,conformal_marginal_set,conformal_conditional_set
control,0,550,9,2,Photographer,1.0,Male,2,2 3 ,2 3 ,2 3 
control,0,1755,8,8,Painter,0.0,Female,8,8 ,8 ,8 
control,0,1845,9,9,Model,0.0,Female,9,9 ,3 9 ,9 
control,0,153,3,0,Professor,1.0,Male,0,3 0 ,3 5 0 ,3 5 0 
control,0,343,1,1,Physician,0.0,Female,1,1 6 ,1 6 ,1 6 
control,0,840,4,4,Psychologist,0.0,Female,4,4 ,4 ,4 
control,0,313,1,1,Physician,0.0,Female,1,1 ,1 ,1 
control,0,1673,2,8,Painter,1.0,Male,8,8 ,8 ,8 
control,0,616,3,3,Journalist,0.0,Female,3,3 ,3 ,3 
control,0,1174,3,5,Teacher,0.0,Female,3,3 5 ,3 5 0 ,3 5 0 
control,0,1417,1,7,Surgeon,1.0,Male,1,1 ,1 ,1 
control,0,1586,7,7,Surgeon,1.0,Male,7,7 ,7 ,7 
control,0,1956,0,9,Model,0.0,Female,2,2 ,2 ,2 
control,0,135,0,0,Professor,1.0,Male,0,0 ,0 ,0 
control,0,1273,6,6,Dentist,0.0,Female,6,6 ,6 ,6 
control,0,448,3,2,Photographer,1.0,Male,3,3 5 ,3 5 ,3 5 
control,0,1216,6,6,Dentist,1.0,Male,6,6 ,6 ,1 6 
control,0,61,5,0,Professor,0.0,Female,0,0 ,0 ,0 
control,0,85,8,0,Professor,1.0,Male,2,2 8 ,2 8 0 ,2 8 
control,0,1185,5,5,Teacher,1.0,Male,5,5 7 ,5 7 ,5 7 
control,0,1135,5,5,Teacher,0.0,Female,5,5 9 ,5 ,5 
control,0,409,2,2,Photographer,1.0,Male,2,2 ,2 ,2 3 
control,0,848,4,4,Psychologist,0.0,Female,4,4 ,4 ,4 
control,0,1560,7,7,Surgeon,0.0,Female,6,1 6 7 ,1 6 7 0 ,1 6 7 0 
control,0,865,4,4,Psychologist,0.0,Female,5,3 5 ,3 4 5 ,3 4 5 
control,0,383,1,1,Physician,1.0,Male,1,1 6 ,1 6 ,1 
control,0,799,3,3,Journalist,0.0,Female,3,3 ,3 ,3 
control,0,1693,2,8,Painter,1.0,Male,8,2 3 5 8 ,2 3 5 8 ,2 3 5 8 
control,0,1995,9,9,Model,0.0,Female,9,9 ,9 ,9 
control,0,1930,9,9,Model,0.0,Female,9,9 ,9 ,9 
control,0,689,3,3,Journalist,1.0,Male,3,3 ,3 ,3 5 
control,0,1269,6,6,Dentist,1.0,Male,6,6 ,6 ,6 7 
control,0,414,2,2,Photographer,1.0,Male,2,2 ,2 ,2 
control,0,1604,8,8,Painter,0.0,Female,8,8 ,8 ,8 
control,0,294,1,1,Physician,0.0,Female,1,1 ,1 ,1 
control,0,991,4,4,Psychologist,1.0,Male,5,3 5 ,2 3 4 5 ,2 3 4 5 
control,0,1444,7,7,Surgeon,0.0,Female,7,1 7 ,1 7 ,1 7 
control,0,110,1,0,Professor,0.0,Female,1,1 0 ,1 ,1 0 
control,0,1140,0,5,Teacher,1.0,Male,0,0 ,0 ,0 
control,0,591,2,2,Photographer,1.0,Male,2,2 8 ,2 4 8 0 ,2 8 0 
control,0,1915,9,9,Model,0.0,Female,9,9 ,9 ,9 
control,0,638,4,3,Journalist,0.0,Female,4,4 5 ,4 5 0 ,4 5 
control,0,1476,7,7,Surgeon,1.0,Male,7,7 ,7 ,6 7 
control,0,873,4,4,Psychologist,1.0,Male,4,4 6 ,4 6 ,4 6 
control,0,1016,0,5,Teacher,1.0,Male,5,5 0 ,4 5 0 ,4 5 0 
control,0,1798,2,8,Painter,1.0,Male,8,2 8 ,2 8 ,2 8 
control,0,1249,6,6,Dentist,0.0,Female,6,6 ,6 7 ,6 
control,0,310,7,1,Physician,1.0,Male,1,1 7 ,1 6 7 ,1 7 
control,0,633,3,3,Journalist,0.0,Female,3,3 ,3 ,3 
control,0,1204,6,6,Dentist,1.0,Male,6,6 ,6 ,1 6 
control,1,837,4,4,Psychologist,0.0,Female,4,4 ,4 ,4 
control,1,94,5,0,Professor,0.0,Female,0,2 5 0 ,2 5 0 ,5 0 
control,1,894,4,4,Psychologist,1.0,Male,4,4 ,4 ,4 0 
control,1,631,3,3,Journalist,1.0,Male,3,3 ,3 ,2 3 
control,1,1405,7,7,Surgeon,1.0,Male,7,7 ,7 ,1 7 
control,1,1501,1,7,Surgeon,1.0,Male,7,1 6 7 ,1 6 7 ,1 6 7 
control,1,1768,8,8,Painter,0.0,Female,5,2 3 5 ,2 3 5 8 ,2 3 5 
control,1,437,2,2,Photographer,0.0,Female,2,2 ,2 ,2 
control,1,643,3,3,Journalist,1.0,Male,3,3 ,3 ,3 
control,1,1759,8,8,Painter,0.0,Female,8,8 ,8 ,8 
control,1,543,2,2,Photographer,0.0,Female,2,2 9 ,2 3 4 9 ,2 4 9 
control,1,254,7,1,Physician,0.0,Female,1,1 ,1 ,1 
control,1,1327,6,6,Dentist,0.0,Female,6,1 6 7 ,1 6 ,1 6 
control,1,1809,9,9,Model,0.0,Female,9,9 ,9 ,9 
control,1,1148,3,5,Teacher,1.0,Male,2,2 8 ,2 8 ,2 8 
control,1,1792,8,8,Painter,1.0,Male,8,8 ,8 ,8 
control,1,1590,1,7,Surgeon,1.0,Male,7,7 ,7 ,6 7 
control,1,1153,5,5,Teacher,1.0,Male,2,2 3 ,2 3 5 ,2 3 5 
control,1,1658,8,8,Painter,1.0,Male,8,2 8 ,2 5 8 ,2 5 8 
control,1,403,0,2,Photographer,1.0,Male,2,2 5 ,2 3 5 9 ,2 3 5 9 
control,1,432,2,2,Photographer,1.0,Male,2,2 ,2 9 ,2 9 
control,1,1038,5,5,Teacher,0.0,Female,5,5 ,5 ,5 
control,1,330,7,1,Physician,0.0,Female,1,1 6 ,1 6 ,1 
control,1,11,7,0,Professor,1.0,Male,0,1 0 ,1 0 ,1 0 
control,1,971,4,4,Psychologist,0.0,Female,0,0 ,0 ,0 
control,1,1109,5,5,Teacher,0.0,Female,5,5 ,5 ,5 
control,1,1888,0,9,Model,0.0,Female,3,3 9 ,1 3 4 7 9 ,3 7 9 
control,1,498,2,2,Photographer,1.0,Male,2,2 ,2 ,2 
control,1,10,5,0,Professor,0.0,Female,0,0 ,0 ,0 
control,1,976,4,4,Psychologist,0.0,Female,4,1 4 ,4 ,4 
control,1,833,4,4,Psychologist,1.0,Male,4,4 ,4 ,4 
control,1,1941,9,9,Model,0.0,Female,9,9 ,9 ,9 
control,1,763,3,3,Journalist,1.0,Male,3,3 ,3 ,3 
control,1,1918,9,9,Model,1.0,Male,9,5 9 ,2 5 9 ,2 5 9 0 
control,1,224,7,1,Physician,0.0,Female,1,1 6 ,1 6 ,1 6 
control,1,1373,6,6,Dentist,0.0,Female,6,6 ,6 ,6 
control,1,103,1,0,Professor,1.0,Male,0,0 ,0 ,4 0 
control,1,1157,5,5,Teacher,0.0,Female,5,1 5 0 ,5 0 ,5 0 
control,1,669,3,3,Journalist,1.0,Male,3,2 3 ,2 3 ,2 3 
control,1,1949,3,9,Model,0.0,Female,9,3 9 ,3 9 ,3 9 
control,1,664,3,3,Journalist,1.0,Male,3,2 3 0 ,1 2 3 0 ,1 2 3 0 
control,1,138,3,0,Professor,1.0,Male,3,3 0 ,3 5 0 ,3 4 5 0 
control,1,266,7,1,Physician,0.0,Female,1,1 6 ,1 ,1 
control,1,1294,6,6,Dentist,0.0,Female,6,6 ,6 ,6 
control,1,1487,0,7,Surgeon,0.0,Female,0,0 ,4 0 ,4 0 
control,1,1277,6,6,Dentist,1.0,Male,6,6 ,6 ,6 7 
control,1,1505,3,7,Surgeon,1.0,Male,3,3 5 ,3 5 ,3 5 
control,1,267,1,1,Physician,0.0,Female,1,1 6 ,1 6 ,1 
control,1,1229,6,6,Dentist,0.0,Female,6,6 7 ,6 7 ,6 7 
control,1,1777,8,8,Painter,0.0,Female,8,8 ,8 ,8 
control,2,1557,7,7,Surgeon,1.0,Male,7,7 ,7 ,1 7 
control,2,11,1,0,Professor,1.0,Male,0,1 0 ,1 0 ,1 0 
control,2,867,4,4,Psychologist,0.0,Female,4,4 ,4 ,4 
control,2,43,0,0,Professor,0.0,Female,0,0 ,0 ,4 0 
control,2,971,4,4,Psychologist,0.0,Female,0,0 ,0 ,0 
control,2,1225,6,6,Dentist,1.0,Male,6,6 7 ,6 7 ,6 7 
control,2,1759,8,8,Painter,0.0,Female,8,8 ,8 ,8 
control,2,403,4,2,Photographer,1.0,Male,2,2 5 ,2 3 5 9 ,2 3 5 9 
control,2,1104,5,5,Teacher,0.0,Female,5,5 ,5 ,5 
control,2,669,2,3,Journalist,1.0,Male,3,2 3 ,2 3 ,2 3 
control,2,837,4,4,Psychologist,0.0,Female,4,4 ,4 ,4 
control,2,95,0,0,Professor,0.0,Female,0,0 ,0 ,0 
control,2,266,1,1,Physician,0.0,Female,1,1 6 ,1 ,1 
control,2,262,1,1,Physician,0.0,Female,1,1 ,1 6 ,1 6 
control,2,1658,8,8,Painter,1.0,Male,8,2 8 ,2 5 8 ,2 5 8 
control,2,1646,8,8,Painter,0.0,Female,2,2 ,2 5 8 ,2 8 
control,2,951,4,4,Psychologist,1.0,Male,4,4 ,4 ,4 
control,2,255,7,1,Physician,0.0,Female,1,1 6 ,1 6 ,1 
control,2,706,3,3,Journalist,1.0,Male,3,3 ,3 ,3 
control,2,542,2,2,Photographer,0.0,Female,2,2 ,2 ,2 
control,2,1833,9,9,Model,0.0,Female,2,2 3 5 9 ,2 3 5 9 ,2 3 9 
control,2,1326,6,6,Dentist,0.0,Female,6,6 ,6 ,6 
control,2,138,3,0,Professor,1.0,Male,3,3 0 ,3 5 0 ,3 4 5 0 
control,2,1153,2,5,Teacher,1.0,Male,2,2 3 ,2 3 5 ,2 3 5 
control,2,631,3,3,Journalist,1.0,Male,3,3 ,3 ,2 3 
control,2,1147,5,5,Teacher,0.0,Female,5,5 ,5 ,5 
control,2,832,4,4,Psychologist,1.0,Male,4,4 ,4 ,4 
control,2,1918,9,9,Model,1.0,Male,9,5 9 ,2 5 9 ,2 5 9 0 
control,2,1372,6,6,Dentist,0.0,Female,6,6 ,6 ,6 
control,2,643,3,3,Journalist,1.0,Male,3,3 ,3 ,3 
control,2,1487,0,7,Surgeon,0.0,Female,0,0 ,4 0 ,4 0 
control,2,498,2,2,Photographer,1.0,Male,2,2 ,2 ,2 
control,2,432,2,2,Photographer,1.0,Male,2,2 ,2 9 ,2 9 
control,2,1501,1,7,Surgeon,1.0,Male,7,1 6 7 ,1 6 7 ,1 6 7 
control,2,267,7,1,Physician,0.0,Female,1,1 6 ,1 6 ,1 
control,2,402,3,2,Photographer,1.0,Male,2,2 ,2 ,2 
control,2,1888,7,9,Model,0.0,Female,3,3 9 ,1 3 4 7 9 ,3 7 9 
control,2,1949,3,9,Model,0.0,Female,9,3 9 ,3 9 ,3 9 
control,2,1229,6,6,Dentist,0.0,Female,6,6 7 ,6 7 ,6 7 
control,2,10,0,0,Professor,0.0,Female,0,0 ,0 ,0 
control,2,1157,0,5,Teacher,0.0,Female,5,1 5 0 ,5 0 ,5 0 
control,2,330,1,1,Physician,0.0,Female,1,1 6 ,1 6 ,1 
control,2,1590,7,7,Surgeon,1.0,Male,7,7 ,7 ,6 7 
control,2,1777,0,8,Painter,0.0,Female,8,8 ,8 ,8 
control,2,1810,9,9,Model,0.0,Female,9,9 ,9 ,9 
control,2,1405,7,7,Surgeon,1.0,Male,7,7 ,7 ,1 7 
control,2,1734,2,8,Painter,1.0,Male,8,8 ,8 ,8 
control,2,1038,5,5,Teacher,0.0,Female,5,5 ,5 ,5 
control,2,664,3,3,Journalist,1.0,Male,3,2 3 0 ,1 2 3 0 ,1 2 3 0 
control,2,1293,6,6,Dentist,1.0,Male,6,6 ,6 ,6 
control,3,342,7,1,Physician,1.0,Male,0,1 0 ,0 ,1 0 
control,3,1560,7,7,Surgeon,0.0,Female,6,1 6 7 ,1 6 7 0 ,1 6 7 0 
control,3,433,2,2,Photographer,0.0,Female,2,2 ,2 ,2 
control,3,1965,1,9,Model,1.0,Male,3,3 6 ,2 3 6 ,2 3 6 
control,3,103,0,0,Professor,1.0,Male,0,0 ,0 ,4 0 
control,3,1406,6,7,Surgeon,1.0,Male,7,1 6 7 ,1 6 7 0 ,1 6 7 0 
control,3,973,4,4,Psychologist,0.0,Female,4,4 ,4 6 ,4 
control,3,1273,6,6,Dentist,0.0,Female,6,6 ,6 ,6 
control,3,982,4,4,Psychologist,0.0,Female,4,4 ,4 ,4 
control,3,1976,9,9,Model,0.0,Female,3,3 5 9 ,2 3 5 9 ,3 5 9 
control,3,1639,2,8,Painter,1.0,Male,2,2 8 ,2 8 ,2 8 
control,3,21,0,0,Professor,0.0,Female,0,0 ,0 ,0 
control,3,669,3,3,Journalist,1.0,Male,3,2 3 ,2 3 ,2 3 
control,3,637,3,3,Journalist,0.0,Female,3,2 3 ,2 3 5 ,2 3 
control,3,16,1,0,Professor,1.0,Male,5,5 ,5 ,5 
control,3,1657,8,8,Painter,1.0,Male,5,5 8 9 ,5 8 9 ,5 8 9 
control,3,229,7,1,Physician,0.0,Female,1,1 ,1 ,1 
control,3,1278,6,6,Dentist,1.0,Male,6,6 7 ,6 7 ,6 7 
control,3,1941,9,9,Model,0.0,Female,9,9 ,9 ,9 
control,3,1505,3,7,Surgeon,1.0,Male,3,3 5 ,3 5 ,3 5 
control,3,11,0,0,Professor,1.0,Male,0,1 0 ,1 0 ,1 0 
control,3,494,2,2,Photographer,0.0,Female,2,2 9 ,2 9 ,2 9 
control,3,895,4,4,Psychologist,0.0,Female,4,4 0 ,3 4 0 ,4 0 
control,3,1399,6,6,Dentist,1.0,Male,6,6 ,6 ,6 7 
control,3,1294,6,6,Dentist,0.0,Female,6,6 ,6 ,6 
control,3,225,7,1,Physician,0.0,Female,1,1 ,1 ,1 
control,3,1190,5,5,Teacher,1.0,Male,0,0 ,5 0 ,5 0 
control,3,59,0,0,Professor,0.0,Female,0,0 ,0 ,0 
control,3,437,2,2,Photographer,0.0,Female,2,2 ,2 ,2 
control,3,719,3,3,Journalist,1.0,Male,5,5 9 ,5 9 ,5 9 
control,3,1768,3,8,Painter,0.0,Female,5,2 3 5 ,2 3 5 8 ,2 3 5 
control,3,304,7,1,Physician,1.0,Male,1,1 6 7 ,1 7 ,1 
control,3,686,3,3,Journalist,0.0,Female,3,3 ,3 ,3 
control,3,235,7,1,Physician,0.0,Female,1,1 ,1 ,1 
control,3,765,3,3,Journalist,0.0,Female,3,3 ,3 ,3 
control,3,1296,1,6,Dentist,1.0,Male,7,7 ,5 7 ,5 7 
control,3,849,0,4,Psychologist,0.0,Female,4,4 0 ,4 0 ,4 
control,3,1110,5,5,Teacher,0.0,Female,5,3 5 ,3 5 ,5 
control,3,549,2,2,Photographer,1.0,Male,2,2 ,2 ,2 
control,3,1039,8,5,Teacher,1.0,Male,3,2 3 9 ,2 3 5 9 ,2 3 9 
control,3,877,3,4,Psychologist,0.0,Female,3,3 4 5 ,3 4 5 ,3 4 5 
control,3,1673,8,8,Painter,1.0,Male,8,8 ,8 ,8 
control,3,1888,1,9,Model,0.0,Female,3,3 9 ,1 3 4 7 9 ,3 7 9 
control,3,1583,6,7,Surgeon,1.0,Male,3,3 7 ,3 7 ,3 7 
control,3,1009,3,5,Teacher,1.0,Male,3,2 3 ,2 3 ,2 3 4 
control,3,1609,3,8,Painter,0.0,Female,8,8 ,8 0 ,8 
control,3,508,2,2,Photographer,1.0,Male,2,2 ,2 ,2 
control,3,1995,9,9,Model,0.0,Female,9,9 ,9 ,9 
control,3,1135,5,5,Teacher,0.0,Female,5,5 9 ,5 ,5 
control,3,1401,7,7,Surgeon,1.0,Male,1,1 7 ,1 7 ,1 7 
control,4,1792,8,8,Painter,1.0,Male,8,8 ,8 ,8 
control,4,1038,5,5,Teacher,0.0,Female,5,5 ,5 ,5 
control,4,1505,3,7,Surgeon,1.0,Male,3,3 5 ,3 5 ,3 5 
control,4,1777,1,8,Painter,0.0,Female,8,8 ,8 ,8 
control,4,1590,1,7,Surgeon,1.0,Male,7,7 ,7 ,6 7 
control,4,837,4,4,Psychologist,0.0,Female,4,4 ,4 ,4 
control,4,432,2,2,Photographer,1.0,Male,2,2 ,2 9 ,2 9 
control,4,1809,9,9,Model,0.0,Female,9,9 ,9 ,9 
control,4,437,2,2,Photographer,0.0,Female,2,2 ,2 ,2 
control,4,403,3,2,Photographer,1.0,Male,2,2 5 ,2 3 5 9 ,2 3 5 9 
control,4,267,7,1,Physician,0.0,Female,1,1 6 ,1 6 ,1 
control,4,1153,2,5,Teacher,1.0,Male,2,2 3 ,2 3 5 ,2 3 5 
control,4,1327,6,6,Dentist,0.0,Female,6,1 6 7 ,1 6 ,1 6 
control,4,1759,8,8,Painter,0.0,Female,8,8 ,8 ,8 
control,4,1949,9,9,Model,0.0,Female,9,3 9 ,3 9 ,3 9 
control,4,1768,3,8,Painter,0.0,Female,5,2 3 5 ,2 3 5 8 ,2 3 5 
control,4,266,1,1,Physician,0.0,Female,1,1 6 ,1 ,1 
control,4,498,2,2,Photographer,1.0,Male,2,2 ,2 ,2 
control,4,1148,3,5,Teacher,1.0,Male,2,2 8 ,2 8 ,2 8 
control,4,330,1,1,Physician,0.0,Female,1,1 6 ,1 6 ,1 
control,4,138,3,0,Professor,1.0,Male,3,3 0 ,3 5 0 ,3 4 5 0 
control,4,224,1,1,Physician,0.0,Female,1,1 6 ,1 6 ,1 6 
control,4,1157,5,5,Teacher,0.0,Female,5,1 5 0 ,5 0 ,5 0 
control,4,11,7,0,Professor,1.0,Male,0,1 0 ,1 0 ,1 0 
control,4,1501,1,7,Surgeon,1.0,Male,7,1 6 7 ,1 6 7 ,1 6 7 
control,4,833,4,4,Psychologist,1.0,Male,4,4 ,4 ,4 
control,4,631,3,3,Journalist,1.0,Male,3,3 ,3 ,2 3 
control,4,10,3,0,Professor,0.0,Female,0,0 ,0 ,0 
control,4,1658,8,8,Painter,1.0,Male,8,2 8 ,2 5 8 ,2 5 8 
control,4,103,4,0,Professor,1.0,Male,0,0 ,0 ,4 0 
control,4,1229,6,6,Dentist,0.0,Female,6,6 7 ,6 7 ,6 7 
control,4,1888,0,9,Model,0.0,Female,3,3 9 ,1 3 4 7 9 ,3 7 9 
control,4,763,3,3,Journalist,1.0,Male,3,3 ,3 ,3 
control,4,1294,1,6,Dentist,0.0,Female,6,6 ,6 ,6 
control,4,543,2,2,Photographer,0.0,Female,2,2 9 ,2 3 4 9 ,2 4 9 
control,4,894,4,4,Psychologist,1.0,Male,4,4 ,4 ,4 0 
control,4,1941,9,9,Model,0.0,Female,9,9 ,9 ,9 
control,4,1918,9,9,Model,1.0,Male,9,5 9 ,2 5 9 ,2 5 9 0 
control,4,664,9,3,Journalist,1.0,Male,3,2 3 0 ,1 2 3 0 ,1 2 3 0 
control,4,643,2,3,Journalist,1.0,Male,3,3 ,3 ,3 
control,4,1277,6,6,Dentist,1.0,Male,6,6 ,6 ,6 7 
control,4,254,1,1,Physician,0.0,Female,1,1 ,1 ,1 
control,4,1373,6,6,Dentist,0.0,Female,6,6 ,6 ,6 
control,4,976,4,4,Psychologist,0.0,Female,4,1 4 ,4 ,4 
control,4,971,5,4,Psychologist,0.0,Female,0,0 ,0 ,0 
control,4,1405,7,7,Surgeon,1.0,Male,7,7 ,7 ,1 7 
control,4,1487,1,7,Surgeon,0.0,Female,0,0 ,4 0 ,4 0 
control,4,669,0,3,Journalist,1.0,Male,3,2 3 ,2 3 ,2 3 
control,4,94,2,0,Professor,0.0,Female,0,2 5 0 ,2 5 0 ,5 0 
control,4,1109,0,5,Teacher,0.0,Female,5,5 ,5 ,5 
control,5,1590,8,7,Surgeon,1.0,Male,7,7 ,7 ,6 7 
control,5,1810,9,9,Model,0.0,Female,9,9 ,9 ,9 
control,5,43,0,0,Professor,0.0,Female,0,0 ,0 ,4 0 
control,5,1229,0,6,Dentist,0.0,Female,6,6 7 ,6 7 ,6 7 
control,5,951,5,4,Psychologist,1.0,Male,4,4 ,4 ,4 
control,5,1147,5,5,Teacher,0.0,Female,5,5 ,5 ,5 
control,5,266,1,1,Physician,0.0,Female,1,1 6 ,1 ,1 
control,5,1293,6,6,Dentist,1.0,Male,6,6 ,6 ,6 
control,5,1759,8,8,Painter,0.0,Female,8,8 ,8 ,8 
control,5,971,0,4,Psychologist,0.0,Female,0,0 ,0 ,0 
control,5,267,7,1,Physician,0.0,Female,1,1 6 ,1 6 ,1 
control,5,1888,9,9,Model,0.0,Female,3,3 9 ,1 3 4 7 9 ,3 7 9 
control,5,1777,8,8,Painter,0.0,Female,8,8 ,8 ,8 
control,5,1734,8,8,Painter,1.0,Male,8,8 ,8 ,8 
control,5,1157,0,5,Teacher,0.0,Female,5,1 5 0 ,5 0 ,5 0 
control,5,1405,0,7,Surgeon,1.0,Male,7,7 ,7 ,1 7 
control,5,1658,8,8,Painter,1.0,Male,8,2 8 ,2 5 8 ,2 5 8 
control,5,837,4,4,Psychologist,0.0,Female,4,4 ,4 ,4 
control,5,1153,1,5,Teacher,1.0,Male,2,2 3 ,2 3 5 ,2 3 5 
control,5,1557,1,7,Surgeon,1.0,Male,7,7 ,7 ,1 7 
control,5,1949,9,9,Model,0.0,Female,9,3 9 ,3 9 ,3 9 
control,5,867,4,4,Psychologist,0.0,Female,4,4 ,4 ,4 
control,5,1501,1,7,Surgeon,1.0,Male,7,1 6 7 ,1 6 7 ,1 6 7 
control,5,669,2,3,Journalist,1.0,Male,3,2 3 ,2 3 ,2 3 
control,5,403,3,2,Photographer,1.0,Male,2,2 5 ,2 3 5 9 ,2 3 5 9 
control,5,706,3,3,Journalist,1.0,Male,3,3 ,3 ,3 
control,5,498,2,2,Photographer,1.0,Male,2,2 ,2 ,2 
control,5,255,7,1,Physician,0.0,Female,1,1 6 ,1 6 ,1 
control,5,664,1,3,Journalist,1.0,Male,3,2 3 0 ,1 2 3 0 ,1 2 3 0 
control,5,1326,6,6,Dentist,0.0,Female,6,6 ,6 ,6 
control,5,1225,1,6,Dentist,1.0,Male,6,6 7 ,6 7 ,6 7 
control,5,95,0,0,Professor,0.0,Female,0,0 ,0 ,0 
control,5,631,3,3,Journalist,1.0,Male,3,3 ,3 ,2 3 
control,5,1487,0,7,Surgeon,0.0,Female,0,0 ,4 0 ,4 0 
control,5,542,8,2,Photographer,0.0,Female,2,2 ,2 ,2 
control,5,1646,8,8,Painter,0.0,Female,2,2 ,2 5 8 ,2 8 
control,5,402,2,2,Photographer,1.0,Male,2,2 ,2 ,2 
control,5,1372,6,6,Dentist,0.0,Female,6,6 ,6 ,6 
control,5,10,0,0,Professor,0.0,Female,0,0 ,0 ,0 
control,5,432,2,2,Photographer,1.0,Male,2,2 ,2 9 ,2 9 
control,5,1918,9,9,Model,1.0,Male,9,5 9 ,2 5 9 ,2 5 9 0 
control,5,643,3,3,Journalist,1.0,Male,3,3 ,3 ,3 
control,5,138,2,0,Professor,1.0,Male,3,3 0 ,3 5 0 ,3 4 5 0 
control,5,1833,9,9,Model,0.0,Female,2,2 3 5 9 ,2 3 5 9 ,2 3 9 
control,5,832,4,4,Psychologist,1.0,Male,4,4 ,4 ,4 
control,5,262,1,1,Physician,0.0,Female,1,1 ,1 6 ,1 6 
control,5,330,1,1,Physician,0.0,Female,1,1 6 ,1 6 ,1 
control,5,11,7,0,Professor,1.0,Male,0,1 0 ,1 0 ,1 0 
control,5,1038,5,5,Teacher,0.0,Female,5,5 ,5 ,5 
control,5,1104,5,5,Teacher,0.0,Female,5,5 ,5 ,5 
control,6,1965,3,9,Model,1.0,Male,3,3 6 ,2 3 6 ,2 3 6 
control,6,1249,6,6,Dentist,0.0,Female,6,6 ,6 7 ,6 
control,6,799,3,3,Journalist,0.0,Female,3,3 ,3 ,3 
control,6,550,2,2,Photographer,1.0,Male,2,2 3 ,2 3 ,2 3 
control,6,413,8,2,Photographer,1.0,Male,8,8 ,8 ,2 8 
control,6,878,4,4,Psychologist,1.0,Male,0,4 0 ,4 6 0 ,4 6 0 
control,6,1216,6,6,Dentist,1.0,Male,6,6 ,6 ,1 6 
control,6,848,4,4,Psychologist,0.0,Female,4,4 ,4 ,4 
control,6,1399,6,6,Dentist,1.0,Male,6,6 ,6 ,6 7 
control,6,873,4,4,Psychologist,1.0,Male,4,4 6 ,4 6 ,4 6 
control,6,1401,0,7,Surgeon,1.0,Male,1,1 7 ,1 7 ,1 7 
control,6,1583,7,7,Surgeon,1.0,Male,3,3 7 ,3 7 ,3 7 
control,6,719,2,3,Journalist,1.0,Male,5,5 9 ,5 9 ,5 9 
control,6,1444,7,7,Surgeon,0.0,Female,7,1 7 ,1 7 ,1 7 
control,6,109,4,0,Professor,1.0,Male,4,4 7 ,4 7 ,1 4 7 
control,6,1609,0,8,Painter,0.0,Female,8,8 ,8 0 ,8 
control,6,991,4,4,Psychologist,1.0,Male,5,3 5 ,2 3 4 5 ,2 3 4 5 
control,6,1914,9,9,Model,0.0,Female,9,9 ,9 ,9 
control,6,1135,5,5,Teacher,0.0,Female,5,5 9 ,5 ,5 
control,6,1639,2,8,Painter,1.0,Male,2,2 8 ,2 8 ,2 8 
control,6,1190,5,5,Teacher,1.0,Male,0,0 ,5 0 ,5 0 
control,6,17,3,0,Professor,1.0,Male,3,3 0 ,3 5 0 ,3 5 0 
control,6,638,0,3,Journalist,0.0,Female,4,4 5 ,4 5 0 ,4 5 
control,6,1995,9,9,Model,0.0,Female,9,9 ,9 ,9 
control,6,60,0,0,Professor,1.0,Male,0,0 ,0 ,0 
control,6,1956,2,9,Model,0.0,Female,2,2 ,2 ,2 
control,6,21,0,0,Professor,0.0,Female,0,0 ,0 ,0 
control,6,1185,5,5,Teacher,1.0,Male,5,5 7 ,5 7 ,5 7 
control,6,689,3,3,Journalist,1.0,Male,3,3 ,3 ,3 5 
control,6,293,1,1,Physician,1.0,Male,1,1 0 ,1 7 0 ,1 7 0 
control,6,1009,2,5,Teacher,1.0,Male,3,2 3 ,2 3 ,2 3 4 
control,6,1673,8,8,Painter,1.0,Male,8,8 ,8 ,8 
control,6,310,7,1,Physician,1.0,Male,1,1 7 ,1 6 7 ,1 7 
control,6,1976,3,9,Model,0.0,Female,3,3 5 9 ,2 3 5 9 ,3 5 9 
control,6,495,2,2,Photographer,0.0,Female,2,2 ,2 ,2 
control,6,1296,1,6,Dentist,1.0,Male,7,7 ,5 7 ,5 7 
control,6,343,1,1,Physician,0.0,Female,1,1 6 ,1 6 ,1 6 
control,6,1560,7,7,Surgeon,0.0,Female,6,1 6 7 ,1 6 7 0 ,1 6 7 0 
control,6,982,4,4,Psychologist,0.0,Female,4,4 ,4 ,4 
control,6,1604,8,8,Painter,0.0,Female,8,8 ,8 ,8 
control,6,1417,7,7,Surgeon,1.0,Male,1,1 ,1 ,1 
control,6,134,2,0,Professor,1.0,Male,0,0 ,0 ,3 0 
control,6,1799,8,8,Painter,0.0,Female,8,2 8 ,8 ,8 
control,6,237,1,1,Physician,0.0,Female,1,1 ,1 ,1 
control,6,229,1,1,Physician,0.0,Female,1,1 ,1 ,1 
control,6,686,3,3,Journalist,0.0,Female,3,3 ,3 ,3 
control,6,449,2,2,Photographer,1.0,Male,2,2 ,2 ,2 
control,6,1273,6,6,Dentist,0.0,Female,6,6 ,6 ,6 
control,6,1016,3,5,Teacher,1.0,Male,5,5 0 ,4 5 0 ,4 5 0 
control,6,509,2,2,Photographer,1.0,Male,2,2 ,2 ,2 
control,7,1401,1,7,Surgeon,1.0,Male,1,1 7 ,1 7 ,1 7 
control,7,1995,9,9,Model,0.0,Female,9,9 ,9 ,9 
control,7,689,3,3,Journalist,1.0,Male,3,3 ,3 ,3 5 
control,7,686,3,3,Journalist,0.0,Female,3,3 ,3 ,3 
control,7,1609,3,8,Painter,0.0,Female,8,8 ,8 0 ,8 
control,7,1639,2,8,Painter,1.0,Male,2,2 8 ,2 8 ,2 8 
control,7,236,1,1,Physician,0.0,Female,1,1 6 ,1 ,1 
control,7,509,2,2,Photographer,1.0,Male,2,2 ,2 ,2 
control,7,1135,5,5,Teacher,0.0,Female,5,5 9 ,5 ,5 
control,7,1504,7,7,Surgeon,1.0,Male,7,1 7 ,1 7 ,1 7 
control,7,765,3,3,Journalist,0.0,Female,3,3 ,3 ,3 
control,7,1008,5,5,Teacher,0.0,Female,5,3 5 ,3 5 8 ,3 5 8 
control,7,895,0,4,Psychologist,0.0,Female,4,4 0 ,3 4 0 ,4 0 
control,7,309,1,1,Physician,0.0,Female,1,1 6 ,1 ,1 
control,7,1583,4,7,Surgeon,1.0,Male,3,3 7 ,3 7 ,3 7 
control,7,1560,1,7,Surgeon,0.0,Female,6,1 6 7 ,1 6 7 0 ,1 6 7 0 
control,7,1957,9,9,Model,0.0,Female,9,9 ,2 9 ,9 
control,7,104,1,0,Professor,1.0,Male,0,0 ,0 ,0 
control,7,1417,1,7,Surgeon,1.0,Male,1,1 ,1 ,1 
control,7,1278,6,6,Dentist,1.0,Male,6,6 7 ,6 7 ,6 7 
control,7,59,0,0,Professor,0.0,Female,0,0 ,0 ,0 
control,7,1399,6,6,Dentist,1.0,Male,6,6 ,6 ,6 7 
control,7,1185,0,5,Teacher,1.0,Male,5,5 7 ,5 7 ,5 7 
control,7,437,2,2,Photographer,0.0,Female,2,2 ,2 ,2 
control,7,1190,5,5,Teacher,1.0,Male,0,0 ,5 0 ,5 0 
control,7,982,1,4,Psychologist,0.0,Female,4,4 ,4 ,4 
control,7,1216,6,6,Dentist,1.0,Male,6,6 ,6 ,1 6 
control,7,1110,4,5,Teacher,0.0,Female,5,3 5 ,3 5 ,5 
control,7,878,4,4,Psychologist,1.0,Male,0,4 0 ,4 6 0 ,4 6 0 
control,7,134,1,0,Professor,1.0,Male,0,0 ,0 ,3 0 
control,7,1976,9,9,Model,0.0,Female,3,3 5 9 ,2 3 5 9 ,3 5 9 
control,7,413,8,2,Photographer,1.0,Male,8,8 ,8 ,2 8 
control,7,1297,6,6,Dentist,1.0,Male,6,6 ,6 ,6 
control,7,225,7,1,Physician,0.0,Female,1,1 ,1 ,1 
control,7,495,3,2,Photographer,0.0,Female,2,2 ,2 ,2 
control,7,637,3,3,Journalist,0.0,Female,3,2 3 ,2 3 5 ,2 3 
control,7,1673,2,8,Painter,1.0,Male,8,8 ,8 ,8 
control,7,1273,6,6,Dentist,0.0,Female,6,6 ,6 ,6 
control,7,550,2,2,Photographer,1.0,Male,2,2 3 ,2 3 ,2 3 
control,7,1965,3,9,Model,1.0,Male,3,3 6 ,2 3 6 ,2 3 6 
control,7,17,3,0,Professor,1.0,Male,3,3 0 ,3 5 0 ,3 5 0 
control,7,849,0,4,Psychologist,0.0,Female,4,4 0 ,4 0 ,4 
control,7,21,0,0,Professor,0.0,Female,0,0 ,0 ,0 
control,7,991,4,4,Psychologist,1.0,Male,5,3 5 ,2 3 4 5 ,2 3 4 5 
control,7,719,2,3,Journalist,1.0,Male,5,5 9 ,5 9 ,5 9 
control,7,229,1,1,Physician,0.0,Female,1,1 ,1 ,1 
control,7,1604,8,8,Painter,0.0,Female,8,8 ,8 ,8 
control,7,1941,9,9,Model,0.0,Female,9,9 ,9 ,9 
control,7,1768,3,8,Painter,0.0,Female,5,2 3 5 ,2 3 5 8 ,2 3 5 
control,7,342,0,1,Physician,1.0,Male,0,1 0 ,0 ,1 0 
control,8,1148,2,5,Teacher,1.0,Male,2,2 8 ,2 8 ,2 8 
control,8,1759,8,8,Painter,0.0,Female,8,8 ,8 ,8 
control,8,1590,9,7,Surgeon,1.0,Male,7,7 ,7 ,6 7 
control,8,224,7,1,Physician,0.0,Female,1,1 6 ,1 6 ,1 6 
control,8,1501,1,7,Surgeon,1.0,Male,7,1 6 7 ,1 6 7 ,1 6 7 
control,8,138,3,0,Professor,1.0,Male,3,3 0 ,3 5 0 ,3 4 5 0 
control,8,1294,6,6,Dentist,0.0,Female,6,6 ,6 ,6 
control,8,11,1,0,Professor,1.0,Male,0,1 0 ,1 0 ,1 0 
control,8,330,1,1,Physician,0.0,Female,1,1 6 ,1 6 ,1 
control,8,1941,9,9,Model,0.0,Female,9,9 ,9 ,9 
control,8,1658,8,8,Painter,1.0,Male,8,2 8 ,2 5 8 ,2 5 8 
control,8,1949,9,9,Model,0.0,Female,9,3 9 ,3 9 ,3 9 
control,8,267,1,1,Physician,0.0,Female,1,1 6 ,1 6 ,1 
control,8,1405,7,7,Surgeon,1.0,Male,7,7 ,7 ,1 7 
control,8,763,0,3,Journalist,1.0,Male,3,3 ,3 ,3 
control,8,631,3,3,Journalist,1.0,Male,3,3 ,3 ,2 3 
control,8,1888,0,9,Model,0.0,Female,3,3 9 ,1 3 4 7 9 ,3 7 9 
control,8,1792,2,8,Painter,1.0,Male,8,8 ,8 ,8 
control,8,837,0,4,Psychologist,0.0,Female,4,4 ,4 ,4 
control,8,10,0,0,Professor,0.0,Female,0,0 ,0 ,0 
control,8,543,2,2,Photographer,0.0,Female,2,2 9 ,2 3 4 9 ,2 4 9 
control,8,1768,8,8,Painter,0.0,Female,5,2 3 5 ,2 3 5 8 ,2 3 5 
control,8,266,1,1,Physician,0.0,Female,1,1 6 ,1 ,1 
control,8,403,0,2,Photographer,1.0,Male,2,2 5 ,2 3 5 9 ,2 3 5 9 
control,8,254,1,1,Physician,0.0,Female,1,1 ,1 ,1 
control,8,643,3,3,Journalist,1.0,Male,3,3 ,3 ,3 
control,8,94,0,0,Professor,0.0,Female,0,2 5 0 ,2 5 0 ,5 0 
control,8,1153,3,5,Teacher,1.0,Male,2,2 3 ,2 3 5 ,2 3 5 
control,8,498,2,2,Photographer,1.0,Male,2,2 ,2 ,2 
control,8,976,1,4,Psychologist,0.0,Female,4,1 4 ,4 ,4 
control,8,1487,1,7,Surgeon,0.0,Female,0,0 ,4 0 ,4 0 
control,8,833,4,4,Psychologist,1.0,Male,4,4 ,4 ,4 
control,8,669,2,3,Journalist,1.0,Male,3,2 3 ,2 3 ,2 3 
control,8,1809,9,9,Model,0.0,Female,9,9 ,9 ,9 
control,8,1038,0,5,Teacher,0.0,Female,5,5 ,5 ,5 
control,8,894,4,4,Psychologist,1.0,Male,4,4 ,4 ,4 0 
control,8,1918,9,9,Model,1.0,Male,9,5 9 ,2 5 9 ,2 5 9 0 
control,8,971,4,4,Psychologist,0.0,Female,0,0 ,0 ,0 
control,8,664,3,3,Journalist,1.0,Male,3,2 3 0 ,1 2 3 0 ,1 2 3 0 
control,8,1327,6,6,Dentist,0.0,Female,6,1 6 7 ,1 6 ,1 6 
control,8,437,2,2,Photographer,0.0,Female,2,2 ,2 ,2 
control,8,1229,6,6,Dentist,0.0,Female,6,6 7 ,6 7 ,6 7 
control,8,103,4,0,Professor,1.0,Male,0,0 ,0 ,4 0 
control,8,1157,5,5,Teacher,0.0,Female,5,1 5 0 ,5 0 ,5 0 
control,8,1505,2,7,Surgeon,1.0,Male,3,3 5 ,3 5 ,3 5 
control,8,1777,8,8,Painter,0.0,Female,8,8 ,8 ,8 
control,8,1373,6,6,Dentist,0.0,Female,6,6 ,6 ,6 
control,8,1109,5,5,Teacher,0.0,Female,5,5 ,5 ,5 
control,8,432,2,2,Photographer,1.0,Male,2,2 ,2 9 ,2 9 
control,8,1277,6,6,Dentist,1.0,Male,6,6 ,6 ,6 7 
control,9,1792,8,8,Painter,1.0,Male,8,8 ,8 ,8 
control,9,94,0,0,Professor,0.0,Female,0,2 5 0 ,2 5 0 ,5 0 
control,9,266,1,1,Physician,0.0,Female,1,1 6 ,1 ,1 
control,9,1768,3,8,Painter,0.0,Female,5,2 3 5 ,2 3 5 8 ,2 3 5 
control,9,1505,3,7,Surgeon,1.0,Male,3,3 5 ,3 5 ,3 5 
control,9,1487,0,7,Surgeon,0.0,Female,0,0 ,4 0 ,4 0 
control,9,11,7,0,Professor,1.0,Male,0,1 0 ,1 0 ,1 0 
control,9,543,2,2,Photographer,0.0,Female,2,2 9 ,2 3 4 9 ,2 4 9 
control,9,669,3,3,Journalist,1.0,Male,3,2 3 ,2 3 ,2 3 
control,9,1405,0,7,Surgeon,1.0,Male,7,7 ,7 ,1 7 
control,9,498,3,2,Photographer,1.0,Male,2,2 ,2 ,2 
control,9,1949,9,9,Model,0.0,Female,9,3 9 ,3 9 ,3 9 
control,9,1777,8,8,Painter,0.0,Female,8,8 ,8 ,8 
control,9,631,3,3,Journalist,1.0,Male,3,3 ,3 ,2 3 
control,9,837,4,4,Psychologist,0.0,Female,4,4 ,4 ,4 
control,9,1590,9,7,Surgeon,1.0,Male,7,7 ,7 ,6 7 
control,9,10,0,0,Professor,0.0,Female,0,0 ,0 ,0 
control,9,103,1,0,Professor,1.0,Male,0,0 ,0 ,4 0 
control,9,1229,6,6,Dentist,0.0,Female,6,6 7 ,6 7 ,6 7 
control,9,1809,9,9,Model,0.0,Female,9,9 ,9 ,9 
control,9,763,3,3,Journalist,1.0,Male,3,3 ,3 ,3 
control,9,432,2,2,Photographer,1.0,Male,2,2 ,2 9 ,2 9 
control,9,1038,5,5,Teacher,0.0,Female,5,5 ,5 ,5 
control,9,1157,0,5,Teacher,0.0,Female,5,1 5 0 ,5 0 ,5 0 
control,9,643,3,3,Journalist,1.0,Male,3,3 ,3 ,3 
control,9,1759,8,8,Painter,0.0,Female,8,8 ,8 ,8 
control,9,1501,7,7,Surgeon,1.0,Male,7,1 6 7 ,1 6 7 ,1 6 7 
control,9,330,1,1,Physician,0.0,Female,1,1 6 ,1 6 ,1 
control,9,1658,8,8,Painter,1.0,Male,8,2 8 ,2 5 8 ,2 5 8 
control,9,1109,4,5,Teacher,0.0,Female,5,5 ,5 ,5 
control,9,437,2,2,Photographer,0.0,Female,2,2 ,2 ,2 
control,9,403,3,2,Photographer,1.0,Male,2,2 5 ,2 3 5 9 ,2 3 5 9 
control,9,267,7,1,Physician,0.0,Female,1,1 6 ,1 6 ,1 
control,9,1373,6,6,Dentist,0.0,Female,6,6 ,6 ,6 
control,9,1153,2,5,Teacher,1.0,Male,2,2 3 ,2 3 5 ,2 3 5 
control,9,254,1,1,Physician,0.0,Female,1,1 ,1 ,1 
control,9,664,7,3,Journalist,1.0,Male,3,2 3 0 ,1 2 3 0 ,1 2 3 0 
control,9,224,1,1,Physician,0.0,Female,1,1 6 ,1 6 ,1 6 
control,9,138,3,0,Professor,1.0,Male,3,3 0 ,3 5 0 ,3 4 5 0 
control,9,833,4,4,Psychologist,1.0,Male,4,4 ,4 ,4 
control,9,976,4,4,Psychologist,0.0,Female,4,1 4 ,4 ,4 
control,9,971,0,4,Psychologist,0.0,Female,0,0 ,0 ,0 
control,9,894,4,4,Psychologist,1.0,Male,4,4 ,4 ,4 0 
control,9,1941,9,9,Model,0.0,Female,9,9 ,9 ,9 
control,9,1148,8,5,Teacher,1.0,Male,2,2 8 ,2 8 ,2 8 
control,9,1277,1,6,Dentist,1.0,Male,6,6 ,6 ,6 7 
control,9,1888,0,9,Model,0.0,Female,3,3 9 ,1 3 4 7 9 ,3 7 9 
control,9,1918,9,9,Model,1.0,Male,9,5 9 ,2 5 9 ,2 5 9 0 
control,9,1294,6,6,Dentist,0.0,Female,6,6 ,6 ,6 
control,9,1327,1,6,Dentist,0.0,Female,6,1 6 7 ,1 6 ,1 6 
control,10,60,1,0,Professor,1.0,Male,0,0 ,0 ,0 
control,10,1190,5,5,Teacher,1.0,Male,0,0 ,5 0 ,5 0 
control,10,229,1,1,Physician,0.0,Female,1,1 ,1 ,1 
control,10,109,4,0,Professor,1.0,Male,4,4 7 ,4 7 ,1 4 7 
control,10,413,0,2,Photographer,1.0,Male,8,8 ,8 ,2 8 
control,10,449,2,2,Photographer,1.0,Male,2,2 ,2 ,2 
control,10,1296,4,6,Dentist,1.0,Male,7,7 ,5 7 ,5 7 
control,10,873,4,4,Psychologist,1.0,Male,4,4 6 ,4 6 ,4 6 
control,10,293,5,1,Physician,1.0,Male,1,1 0 ,1 7 0 ,1 7 0 
control,10,237,7,1,Physician,0.0,Female,1,1 ,1 ,1 
control,10,1976,9,9,Model,0.0,Female,3,3 5 9 ,2 3 5 9 ,3 5 9 
control,10,1016,3,5,Teacher,1.0,Male,5,5 0 ,4 5 0 ,4 5 0 
control,10,1673,7,8,Painter,1.0,Male,8,8 ,8 ,8 
control,10,134,3,0,Professor,1.0,Male,0,0 ,0 ,3 0 
control,10,343,1,1,Physician,0.0,Female,1,1 6 ,1 6 ,1 6 
control,10,1914,9,9,Model,0.0,Female,9,9 ,9 ,9 
control,10,1956,2,9,Model,0.0,Female,2,2 ,2 ,2 
control,10,21,4,0,Professor,0.0,Female,0,0 ,0 ,0 
control,10,1799,8,8,Painter,0.0,Female,8,2 8 ,8 ,8 
control,10,310,1,1,Physician,1.0,Male,1,1 7 ,1 6 7 ,1 7 
control,10,638,4,3,Journalist,0.0,Female,4,4 5 ,4 5 0 ,4 5 
control,10,495,7,2,Photographer,0.0,Female,2,2 ,2 ,2 
control,10,17,3,0,Professor,1.0,Male,3,3 0 ,3 5 0 ,3 5 0 
control,10,982,4,4,Psychologist,0.0,Female,4,4 ,4 ,4 
control,10,1995,9,9,Model,0.0,Female,9,9 ,9 ,9 
control,10,1135,5,5,Teacher,0.0,Female,5,5 9 ,5 ,5 
control,10,1604,7,8,Painter,0.0,Female,8,8 ,8 ,8 
control,10,1216,6,6,Dentist,1.0,Male,6,6 ,6 ,1 6 
control,10,799,3,3,Journalist,0.0,Female,3,3 ,3 ,3 
control,10,509,3,2,Photographer,1.0,Male,2,2 ,2 ,2 
control,10,1249,1,6,Dentist,0.0,Female,6,6 ,6 7 ,6 
control,10,848,5,4,Psychologist,0.0,Female,4,4 ,4 ,4 
control,10,878,4,4,Psychologist,1.0,Male,0,4 0 ,4 6 0 ,4 6 0 
control,10,1273,6,6,Dentist,0.0,Female,6,6 ,6 ,6 
control,10,1639,0,8,Painter,1.0,Male,2,2 8 ,2 8 ,2 8 
control,10,1185,0,5,Teacher,1.0,Male,5,5 7 ,5 7 ,5 7 
control,10,1401,0,7,Surgeon,1.0,Male,1,1 7 ,1 7 ,1 7 
control,10,1417,0,7,Surgeon,1.0,Male,1,1 ,1 ,1 
control,10,689,0,3,Journalist,1.0,Male,3,3 ,3 ,3 5 
control,10,550,2,2,Photographer,1.0,Male,2,2 3 ,2 3 ,2 3 
control,10,719,2,3,Journalist,1.0,Male,5,5 9 ,5 9 ,5 9 
control,10,1444,6,7,Surgeon,0.0,Female,7,1 7 ,1 7 ,1 7 
control,10,1009,0,5,Teacher,1.0,Male,3,2 3 ,2 3 ,2 3 4 
control,10,1583,7,7,Surgeon,1.0,Male,3,3 7 ,3 7 ,3 7 
control,10,1965,3,9,Model,1.0,Male,3,3 6 ,2 3 6 ,2 3 6 
control,10,1609,7,8,Painter,0.0,Female,8,8 ,8 0 ,8 
control,10,686,3,3,Journalist,0.0,Female,3,3 ,3 ,3 
control,10,1560,1,7,Surgeon,0.0,Female,6,1 6 7 ,1 6 7 0 ,1 6 7 0 
control,10,1399,7,6,Dentist,1.0,Male,6,6 ,6 ,6 7 
control,10,991,5,4,Psychologist,1.0,Male,5,3 5 ,2 3 4 5 ,2 3 4 5 
control,11,1609,2,8,Painter,0.0,Female,8,8 ,8 0 ,8 
control,11,229,1,1,Physician,0.0,Female,1,1 ,1 ,1 
control,11,255,1,1,Physician,0.0,Female,1,1 6 ,1 6 ,1 
control,11,1941,9,9,Model,0.0,Female,9,9 ,9 ,9 
control,11,1976,9,9,Model,0.0,Female,3,3 5 9 ,2 3 5 9 ,3 5 9 
control,11,718,3,3,Journalist,1.0,Male,3,3 5 ,3 5 ,3 5 
control,11,330,1,1,Physician,0.0,Female,1,1 6 ,1 6 ,1 
control,11,1277,6,6,Dentist,1.0,Male,6,6 ,6 ,6 7 
control,11,1583,1,7,Surgeon,1.0,Male,3,3 7 ,3 7 ,3 7 
control,11,1505,3,7,Surgeon,1.0,Male,3,3 5 ,3 5 ,3 5 
control,11,833,4,4,Psychologist,1.0,Male,4,4 ,4 ,4 
control,11,1297,6,6,Dentist,1.0,Male,6,6 ,6 ,6 
control,11,981,3,4,Psychologist,0.0,Female,3,2 3 5 ,2 3 ,2 3 
control,11,543,9,2,Photographer,0.0,Female,2,2 9 ,2 3 4 9 ,2 4 9 
control,11,894,4,4,Psychologist,1.0,Male,4,4 ,4 ,4 0 
control,11,11,1,0,Professor,1.0,Male,0,1 0 ,1 0 ,1 0 
control,11,1888,0,9,Model,0.0,Female,3,3 9 ,1 3 4 7 9 ,3 7 9 
control,11,432,2,2,Photographer,1.0,Male,2,2 ,2 9 ,2 9 
control,11,1149,5,5,Teacher,1.0,Male,5,5 ,5 ,5 9 
control,11,837,4,4,Psychologist,0.0,Female,4,4 ,4 ,4 
control,11,138,3,0,Professor,1.0,Male,3,3 0 ,3 5 0 ,3 4 5 0 
control,11,1039,3,5,Teacher,1.0,Male,3,2 3 9 ,2 3 5 9 ,2 3 9 
control,11,224,1,1,Physician,0.0,Female,1,1 6 ,1 6 ,1 6 
control,11,1590,9,7,Surgeon,1.0,Male,7,7 ,7 ,6 7 
control,11,972,4,4,Psychologist,1.0,Male,4,1 4 ,4 ,4 
control,11,1327,6,6,Dentist,0.0,Female,6,1 6 7 ,1 6 ,1 6 
control,11,1406,6,7,Surgeon,1.0,Male,7,1 6 7 ,1 6 7 0 ,1 6 7 0 
control,11,1157,0,5,Teacher,0.0,Female,5,1 5 0 ,5 0 ,5 0 
control,11,267,1,1,Physician,0.0,Female,1,1 6 ,1 6 ,1 
control,11,680,3,3,Journalist,0.0,Female,0,4 0 ,1 4 7 0 ,4 0 
control,11,1657,8,8,Painter,1.0,Male,5,5 8 9 ,5 8 9 ,5 8 9 
control,11,669,9,3,Journalist,1.0,Male,3,2 3 ,2 3 ,2 3 
control,11,437,2,2,Photographer,0.0,Female,2,2 ,2 ,2 
control,11,1110,5,5,Teacher,0.0,Female,5,3 5 ,3 5 ,5 
control,11,1294,6,6,Dentist,0.0,Female,6,6 ,6 ,6 
control,11,1949,9,9,Model,0.0,Female,9,3 9 ,3 9 ,3 9 
control,11,507,2,2,Photographer,1.0,Male,2,2 ,2 ,2 
control,11,763,3,3,Journalist,1.0,Male,3,3 ,3 ,3 
control,11,10,5,0,Professor,0.0,Female,0,0 ,0 ,0 
control,11,665,3,3,Journalist,0.0,Female,3,3 ,3 ,3 
control,11,1792,8,8,Painter,1.0,Male,8,8 ,8 ,8 
control,11,1759,8,8,Painter,0.0,Female,8,8 ,8 ,8 
control,11,1189,5,5,Teacher,0.0,Female,4,4 5 ,4 5 ,4 
control,11,16,5,0,Professor,1.0,Male,5,5 ,5 ,5 
control,11,403,3,2,Photographer,1.0,Male,2,2 5 ,2 3 5 9 ,2 3 5 9 
control,11,1810,9,9,Model,0.0,Female,9,9 ,9 ,9 
control,11,1487,0,7,Surgeon,0.0,Female,0,0 ,4 0 ,4 0 
control,11,1768,3,8,Painter,0.0,Female,5,2 3 5 ,2 3 5 8 ,2 3 5 
control,11,102,0,0,Professor,1.0,Male,0,4 0 ,4 0 ,4 0 
control,11,1373,6,6,Dentist,0.0,Female,6,6 ,6 ,6 
control,12,1583,7,7,Surgeon,1.0,Male,3,3 7 ,3 7 ,3 7 
control,12,1487,1,7,Surgeon,0.0,Female,0,0 ,4 0 ,4 0 
control,12,680,0,3,Journalist,0.0,Female,0,4 0 ,1 4 7 0 ,4 0 
control,12,1373,6,6,Dentist,0.0,Female,6,6 ,6 ,6 
control,12,1277,6,6,Dentist,1.0,Male,6,6 ,6 ,6 7 
control,12,224,7,1,Physician,0.0,Female,1,1 6 ,1 6 ,1 6 
control,12,10,5,0,Professor,0.0,Female,0,0 ,0 ,0 
control,12,763,3,3,Journalist,1.0,Male,3,3 ,3 ,3 
control,12,1976,9,9,Model,0.0,Female,3,3 5 9 ,2 3 5 9 ,3 5 9 
control,12,1888,0,9,Model,0.0,Female,3,3 9 ,1 3 4 7 9 ,3 7 9 
control,12,403,3,2,Photographer,1.0,Male,2,2 5 ,2 3 5 9 ,2 3 5 9 
control,12,229,1,1,Physician,0.0,Female,1,1 ,1 ,1 
control,12,833,4,4,Psychologist,1.0,Male,4,4 ,4 ,4 
control,12,1157,5,5,Teacher,0.0,Female,5,1 5 0 ,5 0 ,5 0 
control,12,1941,9,9,Model,0.0,Female,9,9 ,9 ,9 
control,12,1792,8,8,Painter,1.0,Male,8,8 ,8 ,8 
control,12,432,2,2,Photographer,1.0,Male,2,2 ,2 9 ,2 9 
control,12,1294,6,6,Dentist,0.0,Female,6,6 ,6 ,6 
control,12,1149,5,5,Teacher,1.0,Male,5,5 ,5 ,5 9 
control,12,1590,1,7,Surgeon,1.0,Male,7,7 ,7 ,6 7 
control,12,102,0,0,Professor,1.0,Male,0,4 0 ,4 0 ,4 0 
control,12,894,4,4,Psychologist,1.0,Male,4,4 ,4 ,4 0 
control,12,1768,3,8,Painter,0.0,Female,5,2 3 5 ,2 3 5 8 ,2 3 5 
control,12,1810,9,9,Model,0.0,Female,9,9 ,9 ,9 
control,12,507,8,2,Photographer,1.0,Male,2,2 ,2 ,2 
control,12,1189,4,5,Teacher,0.0,Female,4,4 5 ,4 5 ,4 
control,12,437,2,2,Photographer,0.0,Female,2,2 ,2 ,2 
control,12,837,4,4,Psychologist,0.0,Female,4,4 ,4 ,4 
control,12,330,1,1,Physician,0.0,Female,1,1 6 ,1 6 ,1 
control,12,665,3,3,Journalist,0.0,Female,3,3 ,3 ,3 
control,12,1039,8,5,Teacher,1.0,Male,3,2 3 9 ,2 3 5 9 ,2 3 9 
control,12,1609,2,8,Painter,0.0,Female,8,8 ,8 0 ,8 
control,12,981,4,4,Psychologist,0.0,Female,3,2 3 5 ,2 3 ,2 3 
control,12,1949,9,9,Model,0.0,Female,9,3 9 ,3 9 ,3 9 
control,12,972,4,4,Psychologist,1.0,Male,4,1 4 ,4 ,4 
control,12,11,7,0,Professor,1.0,Male,0,1 0 ,1 0 ,1 0 
control,12,1327,6,6,Dentist,0.0,Female,6,1 6 7 ,1 6 ,1 6 
control,12,1406,6,7,Surgeon,1.0,Male,7,1 6 7 ,1 6 7 0 ,1 6 7 0 
control,12,255,7,1,Physician,0.0,Female,1,1 6 ,1 6 ,1 
control,12,718,3,3,Journalist,1.0,Male,3,3 5 ,3 5 ,3 5 
control,12,1657,8,8,Painter,1.0,Male,5,5 8 9 ,5 8 9 ,5 8 9 
control,12,138,3,0,Professor,1.0,Male,3,3 0 ,3 5 0 ,3 4 5 0 
control,12,1110,0,5,Teacher,0.0,Female,5,3 5 ,3 5 ,5 
control,12,16,0,0,Professor,1.0,Male,5,5 ,5 ,5 
control,12,1505,3,7,Surgeon,1.0,Male,3,3 5 ,3 5 ,3 5 
control,12,669,7,3,Journalist,1.0,Male,3,2 3 ,2 3 ,2 3 
control,12,1759,8,8,Painter,0.0,Female,8,8 ,8 ,8 
control,12,543,2,2,Photographer,0.0,Female,2,2 9 ,2 3 4 9 ,2 4 9 
control,12,267,7,1,Physician,0.0,Female,1,1 6 ,1 6 ,1 
control,12,1297,6,6,Dentist,1.0,Male,6,6 ,6 ,6 
control,13,1956,9,9,Model,0.0,Female,2,2 ,2 ,2 
control,13,1401,1,7,Surgeon,1.0,Male,1,1 7 ,1 7 ,1 7 
control,13,229,1,1,Physician,0.0,Female,1,1 ,1 ,1 
control,13,134,3,0,Professor,1.0,Male,0,0 ,0 ,3 0 
control,13,1560,7,7,Surgeon,0.0,Female,6,1 6 7 ,1 6 7 0 ,1 6 7 0 
control,13,1135,4,5,Teacher,0.0,Female,5,5 9 ,5 ,5 
control,13,1399,6,6,Dentist,1.0,Male,6,6 ,6 ,6 7 
control,13,1583,1,7,Surgeon,1.0,Male,3,3 7 ,3 7 ,3 7 
control,13,1604,8,8,Painter,0.0,Female,8,8 ,8 ,8 
control,13,310,7,1,Physician,1.0,Male,1,1 7 ,1 6 7 ,1 7 
control,13,509,2,2,Photographer,1.0,Male,2,2 ,2 ,2 
control,13,1444,7,7,Surgeon,0.0,Female,7,1 7 ,1 7 ,1 7 
control,13,991,4,4,Psychologist,1.0,Male,5,3 5 ,2 3 4 5 ,2 3 4 5 
control,13,343,1,1,Physician,0.0,Female,1,1 6 ,1 6 ,1 6 
control,13,1296,1,6,Dentist,1.0,Male,7,7 ,5 7 ,5 7 
control,13,1009,3,5,Teacher,1.0,Male,3,2 3 ,2 3 ,2 3 4 
control,13,719,9,3,Journalist,1.0,Male,5,5 9 ,5 9 ,5 9 
control,13,109,4,0,Professor,1.0,Male,4,4 7 ,4 7 ,1 4 7 
control,13,495,2,2,Photographer,0.0,Female,2,2 ,2 ,2 
control,13,1249,6,6,Dentist,0.0,Female,6,6 ,6 7 ,6 
control,13,21,4,0,Professor,0.0,Female,0,0 ,0 ,0 
control,13,1185,8,5,Teacher,1.0,Male,5,5 7 ,5 7 ,5 7 
control,13,1976,9,9,Model,0.0,Female,3,3 5 9 ,2 3 5 9 ,3 5 9 
control,13,17,3,0,Professor,1.0,Male,3,3 0 ,3 5 0 ,3 5 0 
control,13,1673,6,8,Painter,1.0,Male,8,8 ,8 ,8 
control,13,1995,9,9,Model,0.0,Female,9,9 ,9 ,9 
control,13,686,3,3,Journalist,0.0,Female,3,3 ,3 ,3 
control,13,982,4,4,Psychologist,0.0,Female,4,4 ,4 ,4 
control,13,293,0,1,Physician,1.0,Male,1,1 0 ,1 7 0 ,1 7 0 
control,13,1799,8,8,Painter,0.0,Female,8,2 8 ,8 ,8 
control,13,689,3,3,Journalist,1.0,Male,3,3 ,3 ,3 5 
control,13,1273,6,6,Dentist,0.0,Female,6,6 ,6 ,6 
control,13,1016,3,5,Teacher,1.0,Male,5,5 0 ,4 5 0 ,4 5 0 
control,13,1609,6,8,Painter,0.0,Female,8,8 ,8 0 ,8 
control,13,1190,5,5,Teacher,1.0,Male,0,0 ,5 0 ,5 0 
control,13,878,4,4,Psychologist,1.0,Male,0,4 0 ,4 6 0 ,4 6 0 
control,13,1639,2,8,Painter,1.0,Male,2,2 8 ,2 8 ,2 8 
control,13,638,4,3,Journalist,0.0,Female,4,4 5 ,4 5 0 ,4 5 
control,13,237,7,1,Physician,0.0,Female,1,1 ,1 ,1 
control,13,60,0,0,Professor,1.0,Male,0,0 ,0 ,0 
control,13,873,4,4,Psychologist,1.0,Male,4,4 6 ,4 6 ,4 6 
control,13,1965,9,9,Model,1.0,Male,3,3 6 ,2 3 6 ,2 3 6 
control,13,848,4,4,Psychologist,0.0,Female,4,4 ,4 ,4 
control,13,799,3,3,Journalist,0.0,Female,3,3 ,3 ,3 
control,13,1914,9,9,Model,0.0,Female,9,9 ,9 ,9 
control,13,550,8,2,Photographer,1.0,Male,2,2 3 ,2 3 ,2 3 
control,13,413,2,2,Photographer,1.0,Male,8,8 ,8 ,2 8 
control,13,1216,6,6,Dentist,1.0,Male,6,6 ,6 ,1 6 
control,13,449,2,2,Photographer,1.0,Male,2,2 ,2 ,2 
control,13,1417,1,7,Surgeon,1.0,Male,1,1 ,1 ,1 
control,14,1604,8,8,Painter,0.0,Female,8,8 ,8 ,8 
control,14,414,2,2,Photographer,1.0,Male,2,2 ,2 ,2 
control,14,1639,8,8,Painter,1.0,Male,2,2 8 ,2 8 ,2 8 
control,14,1560,7,7,Surgeon,0.0,Female,6,1 6 7 ,1 6 7 0 ,1 6 7 0 
control,14,495,2,2,Photographer,0.0,Female,2,2 ,2 ,2 
control,14,1401,7,7,Surgeon,1.0,Male,1,1 7 ,1 7 ,1 7 
control,14,1444,7,7,Surgeon,0.0,Female,7,1 7 ,1 7 ,1 7 
control,14,1135,5,5,Teacher,0.0,Female,5,5 9 ,5 ,5 
control,14,85,8,0,Professor,1.0,Male,2,2 8 ,2 8 0 ,2 8 
control,14,799,3,3,Journalist,0.0,Female,3,3 ,3 ,3 
control,14,991,4,4,Psychologist,1.0,Male,5,3 5 ,2 3 4 5 ,2 3 4 5 
control,14,849,0,4,Psychologist,0.0,Female,4,4 0 ,4 0 ,4 
control,14,61,0,0,Professor,0.0,Female,0,0 ,0 ,0 
control,14,878,4,4,Psychologist,1.0,Male,0,4 0 ,4 6 0 ,4 6 0 
control,14,840,4,4,Psychologist,0.0,Female,4,4 ,4 ,4 
control,14,313,1,1,Physician,0.0,Female,1,1 ,1 ,1 
control,14,1216,6,6,Dentist,1.0,Male,6,6 ,6 ,1 6 
control,14,686,3,3,Journalist,0.0,Female,3,3 ,3 ,3 
control,14,1477,7,7,Surgeon,1.0,Male,7,7 ,7 ,6 7 
control,14,1965,3,9,Model,1.0,Male,3,3 6 ,2 3 6 ,2 3 6 
control,14,1845,9,9,Model,0.0,Female,9,9 ,3 9 ,9 
control,14,135,3,0,Professor,1.0,Male,0,0 ,0 ,0 
control,14,1755,8,8,Painter,0.0,Female,8,8 ,8 ,8 
control,14,1008,3,5,Teacher,0.0,Female,5,3 5 ,3 5 8 ,3 5 8 
control,14,21,0,0,Professor,0.0,Female,0,0 ,0 ,0 
control,14,1185,5,5,Teacher,1.0,Male,5,5 7 ,5 7 ,5 7 
control,14,633,3,3,Journalist,0.0,Female,3,3 ,3 ,3 
control,14,1273,6,6,Dentist,0.0,Female,6,6 ,6 ,6 
control,14,1204,6,6,Dentist,1.0,Male,6,6 ,6 ,1 6 
control,14,1174,3,5,Teacher,0.0,Female,3,3 5 ,3 5 0 ,3 5 0 
control,14,1417,4,7,Surgeon,1.0,Male,1,1 ,1 ,1 
control,14,550,9,2,Photographer,1.0,Male,2,2 3 ,2 3 ,2 3 
control,14,1399,6,6,Dentist,1.0,Male,6,6 ,6 ,6 7 
control,14,1956,9,9,Model,0.0,Female,2,2 ,2 ,2 
control,14,343,1,1,Physician,0.0,Female,1,1 6 ,1 6 ,1 6 
control,14,1914,9,9,Model,0.0,Female,9,9 ,9 ,9 
control,14,591,2,2,Photographer,1.0,Male,2,2 8 ,2 4 8 0 ,2 8 0 
control,14,1798,2,8,Painter,1.0,Male,8,2 8 ,2 8 ,2 8 
control,14,1995,9,9,Model,0.0,Female,9,9 ,9 ,9 
control,14,293,1,1,Physician,1.0,Male,1,1 0 ,1 7 0 ,1 7 0 
control,14,1673,8,8,Painter,1.0,Male,8,8 ,8 ,8 
control,14,110,1,0,Professor,0.0,Female,1,1 0 ,1 ,1 0 
control,14,638,4,3,Journalist,0.0,Female,4,4 5 ,4 5 0 ,4 5 
control,14,688,3,3,Journalist,1.0,Male,3,3 ,3 ,3 0 
control,14,1016,0,5,Teacher,1.0,Male,5,5 0 ,4 5 0 ,4 5 0 
control,14,1249,6,6,Dentist,0.0,Female,6,6 ,6 7 ,6 
control,14,310,7,1,Physician,1.0,Male,1,1 7 ,1 6 7 ,1 7 
control,14,873,4,4,Psychologist,1.0,Male,4,4 6 ,4 6 ,4 6 
control,14,237,7,1,Physician,0.0,Female,1,1 ,1 ,1 
control,14,449,2,2,Photographer,1.0,Male,2,2 ,2 ,2 
control,15,267,7,1,Physician,0.0,Female,1,1 6 ,1 6 ,1 
control,15,138,3,0,Professor,1.0,Male,3,3 0 ,3 5 0 ,3 4 5 0 
control,15,1504,1,7,Surgeon,1.0,Male,7,1 7 ,1 7 ,1 7 
control,15,895,3,4,Psychologist,0.0,Female,4,4 0 ,3 4 0 ,4 0 
control,15,433,2,2,Photographer,0.0,Female,2,2 ,2 ,2 
control,15,103,0,0,Professor,1.0,Male,0,0 ,0 ,4 0 
control,15,1149,5,5,Teacher,1.0,Male,5,5 ,5 ,5 9 
control,15,1583,1,7,Surgeon,1.0,Male,3,3 7 ,3 7 ,3 7 
control,15,1278,6,6,Dentist,1.0,Male,6,6 7 ,6 7 ,6 7 
control,15,973,4,4,Psychologist,0.0,Female,4,4 ,4 6 ,4 
control,15,544,2,2,Photographer,1.0,Male,2,2 ,2 ,2 
control,15,255,1,1,Physician,0.0,Female,1,1 6 ,1 6 ,1 
control,15,877,3,4,Psychologist,0.0,Female,3,3 4 5 ,3 4 5 ,3 4 5 
control,15,1039,0,5,Teacher,1.0,Male,3,2 3 9 ,2 3 5 9 ,2 3 9 
control,15,11,7,0,Professor,1.0,Male,0,1 0 ,1 0 ,1 0 
control,15,1941,9,9,Model,0.0,Female,9,9 ,9 ,9 
control,15,1658,8,8,Painter,1.0,Male,8,2 8 ,2 5 8 ,2 5 8 
control,15,1110,5,5,Teacher,0.0,Female,5,3 5 ,3 5 ,5 
control,15,1590,9,7,Surgeon,1.0,Male,7,7 ,7 ,6 7 
control,15,685,3,3,Journalist,0.0,Female,3,3 ,3 ,3 
control,15,1639,2,8,Painter,1.0,Male,2,2 8 ,2 8 ,2 8 
control,15,494,2,2,Photographer,0.0,Female,2,2 9 ,2 9 ,2 9 
control,15,669,3,3,Journalist,1.0,Male,3,2 3 ,2 3 ,2 3 
control,15,764,3,3,Journalist,1.0,Male,3,3 ,3 ,3 
control,15,1809,9,9,Model,0.0,Female,9,9 ,9 ,9 
control,15,1976,3,9,Model,0.0,Female,3,3 5 9 ,2 3 5 9 ,3 5 9 
control,15,1189,5,5,Teacher,0.0,Female,4,4 5 ,4 5 ,4 
control,15,1399,6,6,Dentist,1.0,Male,6,6 ,6 ,6 7 
control,15,229,1,1,Physician,0.0,Female,1,1 ,1 ,1 
control,15,1009,3,5,Teacher,1.0,Male,3,2 3 ,2 3 ,2 3 4 
control,15,507,8,2,Photographer,1.0,Male,2,2 ,2 ,2 
control,15,224,1,1,Physician,0.0,Female,1,1 6 ,1 6 ,1 6 
control,15,1401,7,7,Surgeon,1.0,Male,1,1 7 ,1 7 ,1 7 
control,15,1609,3,8,Painter,0.0,Female,8,8 ,8 0 ,8 
control,15,837,4,4,Psychologist,0.0,Female,4,4 ,4 ,4 
control,15,1297,6,6,Dentist,1.0,Male,6,6 ,6 ,6 
control,15,21,3,0,Professor,0.0,Female,0,0 ,0 ,0 
control,15,1294,6,6,Dentist,0.0,Female,6,6 ,6 ,6 
control,15,437,2,2,Photographer,0.0,Female,2,2 ,2 ,2 
control,15,665,3,3,Journalist,0.0,Female,3,3 ,3 ,3 
control,15,1406,6,7,Surgeon,1.0,Male,7,1 6 7 ,1 6 7 0 ,1 6 7 0 
control,15,1327,6,6,Dentist,0.0,Female,6,1 6 7 ,1 6 ,1 6 
control,15,1792,8,8,Painter,1.0,Male,8,8 ,8 ,8 
control,15,1965,9,9,Model,1.0,Male,3,3 6 ,2 3 6 ,2 3 6 
control,15,1768,3,8,Painter,0.0,Female,5,2 3 5 ,2 3 5 8 ,2 3 5 
control,15,235,1,1,Physician,0.0,Female,1,1 ,1 ,1 
control,15,718,3,3,Journalist,1.0,Male,3,3 5 ,3 5 ,3 5 
control,15,16,1,0,Professor,1.0,Male,5,5 ,5 ,5 
control,15,982,4,4,Psychologist,0.0,Female,4,4 ,4 ,4 
control,15,1888,3,9,Model,0.0,Female,3,3 9 ,1 3 4 7 9 ,3 7 9 
control,16,414,2,2,Photographer,1.0,Male,2,2 ,2 ,2 
control,16,633,3,3,Journalist,0.0,Female,3,3 ,3 ,3 
control,16,294,1,1,Physician,0.0,Female,1,1 ,1 ,1 
control,16,1216,6,6,Dentist,1.0,Male,6,6 ,6 ,1 6 
control,16,85,8,0,Professor,1.0,Male,2,2 8 ,2 8 0 ,2 8 
control,16,1273,6,6,Dentist,0.0,Female,6,6 ,6 ,6 
control,16,591,8,2,Photographer,1.0,Male,2,2 8 ,2 4 8 0 ,2 8 0 
control,16,638,4,3,Journalist,0.0,Female,4,4 5 ,4 5 0 ,4 5 
control,16,1604,2,8,Painter,0.0,Female,8,8 ,8 ,8 
control,16,1417,7,7,Surgeon,1.0,Male,1,1 ,1 ,1 
control,16,1755,8,8,Painter,0.0,Female,8,8 ,8 ,8 
control,16,1269,5,6,Dentist,1.0,Male,6,6 ,6 ,6 7 
control,16,689,3,3,Journalist,1.0,Male,3,3 ,3 ,3 5 
control,16,1995,9,9,Model,0.0,Female,9,9 ,9 ,9 
control,16,840,1,4,Psychologist,0.0,Female,4,4 ,4 ,4 
control,16,1586,7,7,Surgeon,1.0,Male,7,7 ,7 ,7 
control,16,110,7,0,Professor,0.0,Female,1,1 0 ,1 ,1 0 
control,16,616,3,3,Journalist,0.0,Female,3,3 ,3 ,3 
control,16,1444,7,7,Surgeon,0.0,Female,7,1 7 ,1 7 ,1 7 
control,16,1174,3,5,Teacher,0.0,Female,3,3 5 ,3 5 0 ,3 5 0 
control,16,383,7,1,Physician,1.0,Male,1,1 6 ,1 6 ,1 
control,16,873,4,4,Psychologist,1.0,Male,4,4 6 ,4 6 ,4 6 
control,16,343,7,1,Physician,0.0,Female,1,1 6 ,1 6 ,1 6 
control,16,991,4,4,Psychologist,1.0,Male,5,3 5 ,2 3 4 5 ,2 3 4 5 
control,16,1798,8,8,Painter,1.0,Male,8,2 8 ,2 8 ,2 8 
control,16,153,8,0,Professor,1.0,Male,0,3 0 ,3 5 0 ,3 5 0 
control,16,135,0,0,Professor,1.0,Male,0,0 ,0 ,0 
control,16,1016,0,5,Teacher,1.0,Male,5,5 0 ,4 5 0 ,4 5 0 
control,16,1140,0,5,Teacher,1.0,Male,0,0 ,0 ,0 
control,16,550,9,2,Photographer,1.0,Male,2,2 3 ,2 3 ,2 3 
control,16,1476,7,7,Surgeon,1.0,Male,7,7 ,7 ,6 7 
control,16,865,7,4,Psychologist,0.0,Female,5,3 5 ,3 4 5 ,3 4 5 
control,16,1845,9,9,Model,0.0,Female,9,9 ,3 9 ,9 
control,16,448,3,2,Photographer,1.0,Male,3,3 5 ,3 5 ,3 5 
control,16,313,7,1,Physician,0.0,Female,1,1 ,1 ,1 
control,16,1560,1,7,Surgeon,0.0,Female,6,1 6 7 ,1 6 7 0 ,1 6 7 0 
control,16,799,3,3,Journalist,0.0,Female,3,3 ,3 ,3 
control,16,1956,2,9,Model,0.0,Female,2,2 ,2 ,2 
control,16,1930,9,9,Model,0.0,Female,9,9 ,9 ,9 
control,16,1673,2,8,Painter,1.0,Male,8,8 ,8 ,8 
control,16,1693,3,8,Painter,1.0,Male,8,2 3 5 8 ,2 3 5 8 ,2 3 5 8 
control,16,1249,1,6,Dentist,0.0,Female,6,6 ,6 7 ,6 
control,16,1204,7,6,Dentist,1.0,Male,6,6 ,6 ,1 6 
control,16,61,0,0,Professor,0.0,Female,0,0 ,0 ,0 
control,16,310,1,1,Physician,1.0,Male,1,1 7 ,1 6 7 ,1 7 
control,16,1185,8,5,Teacher,1.0,Male,5,5 7 ,5 7 ,5 7 
control,16,1915,9,9,Model,0.0,Female,9,9 ,9 ,9 
control,16,409,2,2,Photographer,1.0,Male,2,2 ,2 ,2 3 
control,16,848,1,4,Psychologist,0.0,Female,4,4 ,4 ,4 
control,16,1135,5,5,Teacher,0.0,Female,5,5 9 ,5 ,5 
control,17,1949,3,9,Model,0.0,Female,9,3 9 ,3 9 ,3 9 
control,17,437,2,2,Photographer,0.0,Female,2,2 ,2 ,2 
control,17,1583,1,7,Surgeon,1.0,Male,3,3 7 ,3 7 ,3 7 
control,17,1505,0,7,Surgeon,1.0,Male,3,3 5 ,3 5 ,3 5 
control,17,16,0,0,Professor,1.0,Male,5,5 ,5 ,5 
control,17,981,4,4,Psychologist,0.0,Female,3,2 3 5 ,2 3 ,2 3 
control,17,330,7,1,Physician,0.0,Female,1,1 6 ,1 6 ,1 
control,17,1189,4,5,Teacher,0.0,Female,4,4 5 ,4 5 ,4 
control,17,1294,6,6,Dentist,0.0,Female,6,6 ,6 ,6 
control,17,1609,3,8,Painter,0.0,Female,8,8 ,8 0 ,8 
control,17,1149,5,5,Teacher,1.0,Male,5,5 ,5 ,5 9 
control,17,680,4,3,Journalist,0.0,Female,0,4 0 ,1 4 7 0 ,4 0 
control,17,102,0,0,Professor,1.0,Male,0,4 0 ,4 0 ,4 0 
control,17,894,4,4,Psychologist,1.0,Male,4,4 ,4 ,4 0 
control,17,1327,6,6,Dentist,0.0,Female,6,1 6 7 ,1 6 ,1 6 
control,17,267,7,1,Physician,0.0,Female,1,1 6 ,1 6 ,1 
control,17,1157,0,5,Teacher,0.0,Female,5,1 5 0 ,5 0 ,5 0 
control,17,1792,8,8,Painter,1.0,Male,8,8 ,8 ,8 
control,17,138,3,0,Professor,1.0,Male,3,3 0 ,3 5 0 ,3 4 5 0 
control,17,543,2,2,Photographer,0.0,Female,2,2 9 ,2 3 4 9 ,2 4 9 
control,17,1110,5,5,Teacher,0.0,Female,5,3 5 ,3 5 ,5 
control,17,718,3,3,Journalist,1.0,Male,3,3 5 ,3 5 ,3 5 
control,17,1277,6,6,Dentist,1.0,Male,6,6 ,6 ,6 7 
control,17,1039,5,5,Teacher,1.0,Male,3,2 3 9 ,2 3 5 9 ,2 3 9 
control,17,665,3,3,Journalist,0.0,Female,3,3 ,3 ,3 
control,17,1590,8,7,Surgeon,1.0,Male,7,7 ,7 ,6 7 
control,17,1759,8,8,Painter,0.0,Female,8,8 ,8 ,8 
control,17,1888,0,9,Model,0.0,Female,3,3 9 ,1 3 4 7 9 ,3 7 9 
control,17,1768,3,8,Painter,0.0,Female,5,2 3 5 ,2 3 5 8 ,2 3 5 
control,17,1487,7,7,Surgeon,0.0,Female,0,0 ,4 0 ,4 0 
control,17,11,1,0,Professor,1.0,Male,0,1 0 ,1 0 ,1 0 
control,17,1941,9,9,Model,0.0,Female,9,9 ,9 ,9 
control,17,432,2,2,Photographer,1.0,Male,2,2 ,2 9 ,2 9 
control,17,833,4,4,Psychologist,1.0,Male,4,4 ,4 ,4 
control,17,403,3,2,Photographer,1.0,Male,2,2 5 ,2 3 5 9 ,2 3 5 9 
control,17,972,4,4,Psychologist,1.0,Male,4,1 4 ,4 ,4 
control,17,1657,8,8,Painter,1.0,Male,5,5 8 9 ,5 8 9 ,5 8 9 
control,17,229,7,1,Physician,0.0,Female,1,1 ,1 ,1 
control,17,669,2,3,Journalist,1.0,Male,3,2 3 ,2 3 ,2 3 
control,17,837,4,4,Psychologist,0.0,Female,4,4 ,4 ,4 
control,17,1297,6,6,Dentist,1.0,Male,6,6 ,6 ,6 
control,17,1810,9,9,Model,0.0,Female,9,9 ,9 ,9 
control,17,224,1,1,Physician,0.0,Female,1,1 6 ,1 6 ,1 6 
control,17,507,2,2,Photographer,1.0,Male,2,2 ,2 ,2 
control,17,255,1,1,Physician,0.0,Female,1,1 6 ,1 6 ,1 
control,17,1976,9,9,Model,0.0,Female,3,3 5 9 ,2 3 5 9 ,3 5 9 
control,17,10,4,0,Professor,0.0,Female,0,0 ,0 ,0 
control,17,1406,6,7,Surgeon,1.0,Male,7,1 6 7 ,1 6 7 0 ,1 6 7 0 
control,17,1373,6,6,Dentist,0.0,Female,6,6 ,6 ,6 
control,17,763,3,3,Journalist,1.0,Male,3,3 ,3 ,3 
control,18,1038,5,5,Teacher,0.0,Female,5,5 ,5 ,5 
control,18,1505,3,7,Surgeon,1.0,Male,3,3 5 ,3 5 ,3 5 
control,18,266,1,1,Physician,0.0,Female,1,1 6 ,1 ,1 
control,18,1809,9,9,Model,0.0,Female,9,9 ,9 ,9 
control,18,1792,8,8,Painter,1.0,Male,8,8 ,8 ,8 
control,18,498,2,2,Photographer,1.0,Male,2,2 ,2 ,2 
control,18,1373,6,6,Dentist,0.0,Female,6,6 ,6 ,6 
control,18,643,3,3,Journalist,1.0,Male,3,3 ,3 ,3 
control,18,894,4,4,Psychologist,1.0,Male,4,4 ,4 ,4 0 
control,18,763,0,3,Journalist,1.0,Male,3,3 ,3 ,3 
control,18,1109,0,5,Teacher,0.0,Female,5,5 ,5 ,5 
control,18,1157,5,5,Teacher,0.0,Female,5,1 5 0 ,5 0 ,5 0 
control,18,971,0,4,Psychologist,0.0,Female,0,0 ,0 ,0 
control,18,330,1,1,Physician,0.0,Female,1,1 6 ,1 6 ,1 
control,18,1888,0,9,Model,0.0,Female,3,3 9 ,1 3 4 7 9 ,3 7 9 
control,18,267,1,1,Physician,0.0,Female,1,1 6 ,1 6 ,1 
control,18,432,2,2,Photographer,1.0,Male,2,2 ,2 9 ,2 9 
control,18,254,1,1,Physician,0.0,Female,1,1 ,1 ,1 
control,18,1277,6,6,Dentist,1.0,Male,6,6 ,6 ,6 7 
control,18,833,4,4,Psychologist,1.0,Male,4,4 ,4 ,4 
control,18,1294,6,6,Dentist,0.0,Female,6,6 ,6 ,6 
control,18,1487,0,7,Surgeon,0.0,Female,0,0 ,4 0 ,4 0 
control,18,1777,7,8,Painter,0.0,Female,8,8 ,8 ,8 
control,18,1405,7,7,Surgeon,1.0,Male,7,7 ,7 ,1 7 
control,18,664,1,3,Journalist,1.0,Male,3,2 3 0 ,1 2 3 0 ,1 2 3 0 
control,18,1759,8,8,Painter,0.0,Female,8,8 ,8 ,8 
control,18,1148,2,5,Teacher,1.0,Male,2,2 8 ,2 8 ,2 8 
control,18,631,3,3,Journalist,1.0,Male,3,3 ,3 ,2 3 
control,18,837,4,4,Psychologist,0.0,Female,4,4 ,4 ,4 
control,18,543,2,2,Photographer,0.0,Female,2,2 9 ,2 3 4 9 ,2 4 9 
control,18,1327,6,6,Dentist,0.0,Female,6,1 6 7 ,1 6 ,1 6 
control,18,1501,1,7,Surgeon,1.0,Male,7,1 6 7 ,1 6 7 ,1 6 7 
control,18,1941,9,9,Model,0.0,Female,9,9 ,9 ,9 
control,18,1658,8,8,Painter,1.0,Male,8,2 8 ,2 5 8 ,2 5 8 
control,18,103,4,0,Professor,1.0,Male,0,0 ,0 ,4 0 
control,18,11,1,0,Professor,1.0,Male,0,1 0 ,1 0 ,1 0 
control,18,1229,7,6,Dentist,0.0,Female,6,6 7 ,6 7 ,6 7 
control,18,224,1,1,Physician,0.0,Female,1,1 6 ,1 6 ,1 6 
control,18,437,2,2,Photographer,0.0,Female,2,2 ,2 ,2 
control,18,138,3,0,Professor,1.0,Male,3,3 0 ,3 5 0 ,3 4 5 0 
control,18,403,1,2,Photographer,1.0,Male,2,2 5 ,2 3 5 9 ,2 3 5 9 
control,18,976,4,4,Psychologist,0.0,Female,4,1 4 ,4 ,4 
control,18,669,3,3,Journalist,1.0,Male,3,2 3 ,2 3 ,2 3 
control,18,1918,9,9,Model,1.0,Male,9,5 9 ,2 5 9 ,2 5 9 0 
control,18,1153,2,5,Teacher,1.0,Male,2,2 3 ,2 3 5 ,2 3 5 
control,18,94,5,0,Professor,0.0,Female,0,2 5 0 ,2 5 0 ,5 0 
control,18,1768,3,8,Painter,0.0,Female,5,2 3 5 ,2 3 5 8 ,2 3 5 
control,18,10,3,0,Professor,0.0,Female,0,0 ,0 ,0 
control,18,1590,1,7,Surgeon,1.0,Male,7,7 ,7 ,6 7 
control,18,1949,3,9,Model,0.0,Female,9,3 9 ,3 9 ,3 9 
control,19,865,4,4,Psychologist,0.0,Female,5,3 5 ,3 4 5 ,3 4 5 
control,19,1016,3,5,Teacher,1.0,Male,5,5 0 ,4 5 0 ,4 5 0 
control,19,135,9,0,Professor,1.0,Male,0,0 ,0 ,0 
control,19,1604,2,8,Painter,0.0,Female,8,8 ,8 ,8 
control,19,1249,6,6,Dentist,0.0,Female,6,6 ,6 7 ,6 
control,19,1185,5,5,Teacher,1.0,Male,5,5 7 ,5 7 ,5 7 
control,19,1693,2,8,Painter,1.0,Male,8,2 3 5 8 ,2 3 5 8 ,2 3 5 8 
control,19,1798,3,8,Painter,1.0,Male,8,2 8 ,2 8 ,2 8 
control,19,568,3,2,Photographer,1.0,Male,2,2 ,2 ,2 
control,19,414,2,2,Photographer,1.0,Male,2,2 ,2 ,2 
control,19,1140,8,5,Teacher,1.0,Male,0,0 ,0 ,0 
control,19,383,1,1,Physician,1.0,Male,1,1 6 ,1 6 ,1 
control,19,1851,3,9,Model,1.0,Male,9,3 6 9 ,2 3 6 9 ,2 3 6 9 
control,19,1444,7,7,Surgeon,0.0,Female,7,1 7 ,1 7 ,1 7 
control,19,1586,7,7,Surgeon,1.0,Male,7,7 ,7 ,7 
control,19,1929,3,9,Model,0.0,Female,9,3 9 ,2 3 9 ,3 9 
control,19,110,1,0,Professor,0.0,Female,1,1 0 ,1 ,1 0 
control,19,1290,6,6,Dentist,1.0,Male,6,6 ,6 ,6 
control,19,294,1,1,Physician,0.0,Female,1,1 ,1 ,1 
control,19,449,2,2,Photographer,1.0,Male,2,2 ,2 ,2 
control,19,1268,6,6,Dentist,1.0,Male,6,6 ,6 ,6 7 
control,19,1216,6,6,Dentist,1.0,Male,6,6 ,6 ,1 6 
control,19,1417,0,7,Surgeon,1.0,Male,1,1 ,1 ,1 
control,19,1915,9,9,Model,0.0,Female,9,9 ,9 ,9 
control,19,804,1,4,Psychologist,0.0,Female,4,4 ,4 ,4 
control,19,153,9,0,Professor,1.0,Male,0,3 0 ,3 5 0 ,3 5 0 
control,19,799,3,3,Journalist,0.0,Female,3,3 ,3 ,3 
control,19,1845,2,9,Model,0.0,Female,9,9 ,3 9 ,9 
control,19,1476,7,7,Surgeon,1.0,Male,7,7 ,7 ,6 7 
control,19,310,7,1,Physician,1.0,Male,1,1 7 ,1 6 7 ,1 7 
control,19,1730,0,8,Painter,1.0,Male,8,8 ,8 ,8 
control,19,1540,6,7,Surgeon,0.0,Female,6,6 7 ,6 7 ,6 
control,19,641,3,3,Journalist,0.0,Female,3,3 ,3 ,3 
control,19,409,1,2,Photographer,1.0,Male,2,2 ,2 ,2 3 
control,19,688,3,3,Journalist,1.0,Male,3,3 ,3 ,3 0 
control,19,1174,0,5,Teacher,0.0,Female,3,3 5 ,3 5 0 ,3 5 0 
control,19,591,2,2,Photographer,1.0,Male,2,2 8 ,2 4 8 0 ,2 8 0 
control,19,1053,1,5,Teacher,0.0,Female,5,2 3 5 9 ,2 5 9 ,2 5 9 
control,19,1204,6,6,Dentist,1.0,Male,6,6 ,6 ,1 6 
control,19,86,1,0,Professor,0.0,Female,0,5 0 ,5 0 ,5 0 
control,19,616,2,3,Journalist,0.0,Female,3,3 ,3 ,3 
control,19,633,3,3,Journalist,0.0,Female,3,3 ,3 ,3 
control,19,312,1,1,Physician,1.0,Male,1,1 6 ,1 ,1 6 
control,19,79,1,0,Professor,0.0,Female,1,1 0 ,1 4 0 ,1 0 
control,19,1956,2,9,Model,0.0,Female,2,2 ,2 ,2 
control,19,873,4,4,Psychologist,1.0,Male,4,4 6 ,4 6 ,4 6 
control,19,1756,3,8,Painter,0.0,Female,8,2 8 ,2 8 9 ,2 8 9 
control,19,840,4,4,Psychologist,0.0,Female,4,4 ,4 ,4 
control,19,991,4,4,Psychologist,1.0,Male,5,3 5 ,2 3 4 5 ,2 3 4 5 
control,19,289,4,1,Physician,0.0,Female,1,1 ,1 ,1 
control,20,1174,0,5,Teacher,0.0,Female,3,3 5 ,3 5 0 ,3 5 0 
control,20,991,4,4,Psychologist,1.0,Male,5,3 5 ,2 3 4 5 ,2 3 4 5 
control,20,237,7,1,Physician,0.0,Female,1,1 ,1 ,1 
control,20,1798,2,8,Painter,1.0,Male,8,2 8 ,2 8 ,2 8 
control,20,799,3,3,Journalist,0.0,Female,3,3 ,3 ,3 
control,20,449,2,2,Photographer,1.0,Male,2,2 ,2 ,2 
control,20,633,3,3,Journalist,0.0,Female,3,3 ,3 ,3 
control,20,21,0,0,Professor,0.0,Female,0,0 ,0 ,0 
control,20,1401,1,7,Surgeon,1.0,Male,1,1 7 ,1 7 ,1 7 
control,20,293,5,1,Physician,1.0,Male,1,1 0 ,1 7 0 ,1 7 0 
control,20,1845,2,9,Model,0.0,Female,9,9 ,3 9 ,9 
control,20,638,4,3,Journalist,0.0,Female,4,4 5 ,4 5 0 ,4 5 
control,20,495,2,2,Photographer,0.0,Female,2,2 ,2 ,2 
control,20,686,3,3,Journalist,0.0,Female,3,3 ,3 ,3 
control,20,1417,7,7,Surgeon,1.0,Male,1,1 ,1 ,1 
control,20,1477,7,7,Surgeon,1.0,Male,7,7 ,7 ,6 7 
control,20,1216,6,6,Dentist,1.0,Male,6,6 ,6 ,1 6 
control,20,313,1,1,Physician,0.0,Female,1,1 ,1 ,1 
control,20,1008,5,5,Teacher,0.0,Female,5,3 5 ,3 5 8 ,3 5 8 
control,20,840,4,4,Psychologist,0.0,Female,4,4 ,4 ,4 
control,20,85,2,0,Professor,1.0,Male,2,2 8 ,2 8 0 ,2 8 
control,20,135,0,0,Professor,1.0,Male,0,0 ,0 ,0 
control,20,414,2,2,Photographer,1.0,Male,2,2 ,2 ,2 
control,20,1755,8,8,Painter,0.0,Female,8,8 ,8 ,8 
control,20,343,1,1,Physician,0.0,Female,1,1 6 ,1 6 ,1 6 
control,20,688,3,3,Journalist,1.0,Male,3,3 ,3 ,3 0 
control,20,110,0,0,Professor,0.0,Female,1,1 0 ,1 ,1 0 
control,20,1399,6,6,Dentist,1.0,Male,6,6 ,6 ,6 7 
control,20,1444,7,7,Surgeon,0.0,Female,7,1 7 ,1 7 ,1 7 
control,20,1249,6,6,Dentist,0.0,Female,6,6 ,6 7 ,6 
control,20,1995,9,9,Model,0.0,Female,9,9 ,9 ,9 
control,20,61,0,0,Professor,0.0,Female,0,0 ,0 ,0 
control,20,873,4,4,Psychologist,1.0,Male,4,4 6 ,4 6 ,4 6 
control,20,1956,2,9,Model,0.0,Female,2,2 ,2 ,2 
control,20,550,8,2,Photographer,1.0,Male,2,2 3 ,2 3 ,2 3 
control,20,591,2,2,Photographer,1.0,Male,2,2 8 ,2 4 8 0 ,2 8 0 
control,20,1204,0,6,Dentist,1.0,Male,6,6 ,6 ,1 6 
control,20,878,4,4,Psychologist,1.0,Male,0,4 0 ,4 6 0 ,4 6 0 
control,20,1673,8,8,Painter,1.0,Male,8,8 ,8 ,8 
control,20,1965,9,9,Model,1.0,Male,3,3 6 ,2 3 6 ,2 3 6 
control,20,1185,5,5,Teacher,1.0,Male,5,5 7 ,5 7 ,5 7 
control,20,1639,8,8,Painter,1.0,Male,2,2 8 ,2 8 ,2 8 
control,20,1135,5,5,Teacher,0.0,Female,5,5 9 ,5 ,5 
control,20,1604,8,8,Painter,0.0,Female,8,8 ,8 ,8 
control,20,1273,6,6,Dentist,0.0,Female,6,6 ,6 ,6 
control,20,1016,0,5,Teacher,1.0,Male,5,5 0 ,4 5 0 ,4 5 0 
control,20,1560,7,7,Surgeon,0.0,Female,6,1 6 7 ,1 6 7 0 ,1 6 7 0 
control,20,310,1,1,Physician,1.0,Male,1,1 7 ,1 6 7 ,1 7 
control,20,1914,9,9,Model,0.0,Female,9,9 ,9 ,9 
control,20,849,4,4,Psychologist,0.0,Female,4,4 0 ,4 0 ,4 
control,21,1965,9,9,Model,1.0,Male,3,3 6 ,2 3 6 ,2 3 6 
control,21,310,7,1,Physician,1.0,Male,1,1 7 ,1 6 7 ,1 7 
control,21,495,2,2,Photographer,0.0,Female,2,2 ,2 ,2 
control,21,1008,5,5,Teacher,0.0,Female,5,3 5 ,3 5 8 ,3 5 8 
control,21,638,4,3,Journalist,0.0,Female,4,4 5 ,4 5 0 ,4 5 
control,21,550,2,2,Photographer,1.0,Male,2,2 3 ,2 3 ,2 3 
control,21,1174,3,5,Teacher,0.0,Female,3,3 5 ,3 5 0 ,3 5 0 
control,21,1956,9,9,Model,0.0,Female,2,2 ,2 ,2 
control,21,1417,4,7,Surgeon,1.0,Male,1,1 ,1 ,1 
control,21,840,4,4,Psychologist,0.0,Female,4,4 ,4 ,4 
control,21,878,4,4,Psychologist,1.0,Male,0,4 0 ,4 6 0 ,4 6 0 
control,21,237,7,1,Physician,0.0,Female,1,1 ,1 ,1 
control,21,1249,1,6,Dentist,0.0,Female,6,6 ,6 7 ,6 
control,21,1560,1,7,Surgeon,0.0,Female,6,1 6 7 ,1 6 7 0 ,1 6 7 0 
control,21,449,2,2,Photographer,1.0,Male,2,2 ,2 ,2 
control,21,85,8,0,Professor,1.0,Male,2,2 8 ,2 8 0 ,2 8 
control,21,633,2,3,Journalist,0.0,Female,3,3 ,3 ,3 
control,21,110,1,0,Professor,0.0,Female,1,1 0 ,1 ,1 0 
control,21,1673,8,8,Painter,1.0,Male,8,8 ,8 ,8 
control,21,991,4,4,Psychologist,1.0,Male,5,3 5 ,2 3 4 5 ,2 3 4 5 
control,21,1477,7,7,Surgeon,1.0,Male,7,7 ,7 ,6 7 
control,21,1016,0,5,Teacher,1.0,Male,5,5 0 ,4 5 0 ,4 5 0 
control,21,1204,6,6,Dentist,1.0,Male,6,6 ,6 ,1 6 
control,21,591,2,2,Photographer,1.0,Male,2,2 8 ,2 4 8 0 ,2 8 0 
control,21,1401,0,7,Surgeon,1.0,Male,1,1 7 ,1 7 ,1 7 
control,21,135,0,0,Professor,1.0,Male,0,0 ,0 ,0 
control,21,1845,9,9,Model,0.0,Female,9,9 ,3 9 ,9 
control,21,1185,5,5,Teacher,1.0,Male,5,5 7 ,5 7 ,5 7 
control,21,1755,8,8,Painter,0.0,Female,8,8 ,8 ,8 
control,21,21,0,0,Professor,0.0,Female,0,0 ,0 ,0 
control,21,1399,6,6,Dentist,1.0,Male,6,6 ,6 ,6 7 
control,21,873,4,4,Psychologist,1.0,Male,4,4 6 ,4 6 ,4 6 
control,21,1914,9,9,Model,0.0,Female,9,9 ,9 ,9 
control,21,799,3,3,Journalist,0.0,Female,3,3 ,3 ,3 
control,21,414,2,2,Photographer,1.0,Male,2,2 ,2 ,2 
control,21,1639,2,8,Painter,1.0,Male,2,2 8 ,2 8 ,2 8 
control,21,849,4,4,Psychologist,0.0,Female,4,4 0 ,4 0 ,4 
control,21,1444,7,7,Surgeon,0.0,Female,7,1 7 ,1 7 ,1 7 
control,21,1604,8,8,Painter,0.0,Female,8,8 ,8 ,8 
control,21,1995,9,9,Model,0.0,Female,9,9 ,9 ,9 
control,21,1273,6,6,Dentist,0.0,Female,6,6 ,6 ,6 
control,21,61,5,0,Professor,0.0,Female,0,0 ,0 ,0 
control,21,1216,6,6,Dentist,1.0,Male,6,6 ,6 ,1 6 
control,21,1798,2,8,Painter,1.0,Male,8,2 8 ,2 8 ,2 8 
control,21,293,1,1,Physician,1.0,Male,1,1 0 ,1 7 0 ,1 7 0 
control,21,688,0,3,Journalist,1.0,Male,3,3 ,3 ,3 0 
control,21,343,1,1,Physician,0.0,Female,1,1 6 ,1 6 ,1 6 
control,21,1135,5,5,Teacher,0.0,Female,5,5 9 ,5 ,5 
control,21,686,3,3,Journalist,0.0,Female,3,3 ,3 ,3 
control,21,313,1,1,Physician,0.0,Female,1,1 ,1 ,1 
control,22,1888,1,9,Model,0.0,Female,3,3 9 ,1 3 4 7 9 ,3 7 9 
control,22,665,3,3,Journalist,0.0,Female,3,3 ,3 ,3 
control,22,432,2,2,Photographer,1.0,Male,2,2 ,2 9 ,2 9 
control,22,1039,8,5,Teacher,1.0,Male,3,2 3 9 ,2 3 5 9 ,2 3 9 
control,22,763,3,3,Journalist,1.0,Male,3,3 ,3 ,3 
control,22,229,1,1,Physician,0.0,Female,1,1 ,1 ,1 
control,22,16,0,0,Professor,1.0,Male,5,5 ,5 ,5 
control,22,138,3,0,Professor,1.0,Male,3,3 0 ,3 5 0 ,3 4 5 0 
control,22,1373,6,6,Dentist,0.0,Female,6,6 ,6 ,6 
control,22,894,4,4,Psychologist,1.0,Male,4,4 ,4 ,4 0 
control,22,1505,9,7,Surgeon,1.0,Male,3,3 5 ,3 5 ,3 5 
control,22,1157,5,5,Teacher,0.0,Female,5,1 5 0 ,5 0 ,5 0 
control,22,1759,8,8,Painter,0.0,Female,8,8 ,8 ,8 
control,22,1110,5,5,Teacher,0.0,Female,5,3 5 ,3 5 ,5 
control,22,1949,9,9,Model,0.0,Female,9,3 9 ,3 9 ,3 9 
control,22,833,4,4,Psychologist,1.0,Male,4,4 ,4 ,4 
control,22,1327,6,6,Dentist,0.0,Female,6,1 6 7 ,1 6 ,1 6 
control,22,267,7,1,Physician,0.0,Female,1,1 6 ,1 6 ,1 
control,22,1277,6,6,Dentist,1.0,Male,6,6 ,6 ,6 7 
control,22,669,3,3,Journalist,1.0,Male,3,2 3 ,2 3 ,2 3 
control,22,403,0,2,Photographer,1.0,Male,2,2 5 ,2 3 5 9 ,2 3 5 9 
control,22,543,2,2,Photographer,0.0,Female,2,2 9 ,2 3 4 9 ,2 4 9 
control,22,1976,9,9,Model,0.0,Female,3,3 5 9 ,2 3 5 9 ,3 5 9 
control,22,1189,4,5,Teacher,0.0,Female,4,4 5 ,4 5 ,4 
control,22,437,2,2,Photographer,0.0,Female,2,2 ,2 ,2 
control,22,981,5,4,Psychologist,0.0,Female,3,2 3 5 ,2 3 ,2 3 
control,22,1768,8,8,Painter,0.0,Female,5,2 3 5 ,2 3 5 8 ,2 3 5 
control,22,680,0,3,Journalist,0.0,Female,0,4 0 ,1 4 7 0 ,4 0 
control,22,11,1,0,Professor,1.0,Male,0,1 0 ,1 0 ,1 0 
control,22,718,3,3,Journalist,1.0,Male,3,3 5 ,3 5 ,3 5 
control,22,1810,9,9,Model,0.0,Female,9,9 ,9 ,9 
control,22,1590,1,7,Surgeon,1.0,Male,7,7 ,7 ,6 7 
control,22,330,1,1,Physician,0.0,Female,1,1 6 ,1 6 ,1 
control,22,1294,6,6,Dentist,0.0,Female,6,6 ,6 ,6 
control,22,1149,5,5,Teacher,1.0,Male,5,5 ,5 ,5 9 
control,22,255,7,1,Physician,0.0,Female,1,1 6 ,1 6 ,1 
control,22,1487,4,7,Surgeon,0.0,Female,0,0 ,4 0 ,4 0 
control,22,1583,1,7,Surgeon,1.0,Male,3,3 7 ,3 7 ,3 7 
control,22,10,5,0,Professor,0.0,Female,0,0 ,0 ,0 
control,22,1297,6,6,Dentist,1.0,Male,6,6 ,6 ,6 
control,22,1657,8,8,Painter,1.0,Male,5,5 8 9 ,5 8 9 ,5 8 9 
control,22,1941,9,9,Model,0.0,Female,9,9 ,9 ,9 
control,22,837,4,4,Psychologist,0.0,Female,4,4 ,4 ,4 
control,22,507,2,2,Photographer,1.0,Male,2,2 ,2 ,2 
control,22,1609,0,8,Painter,0.0,Female,8,8 ,8 0 ,8 
control,22,1792,2,8,Painter,1.0,Male,8,8 ,8 ,8 
control,22,224,7,1,Physician,0.0,Female,1,1 6 ,1 6 ,1 6 
control,22,102,0,0,Professor,1.0,Male,0,4 0 ,4 0 ,4 0 
control,22,972,4,4,Psychologist,1.0,Male,4,1 4 ,4 ,4 
control,22,1406,6,7,Surgeon,1.0,Male,7,1 6 7 ,1 6 7 0 ,1 6 7 0 
control,23,437,2,2,Photographer,0.0,Female,2,2 ,2 ,2 
control,23,1229,1,6,Dentist,0.0,Female,6,6 7 ,6 7 ,6 7 
control,23,1277,6,6,Dentist,1.0,Male,6,6 ,6 ,6 7 
control,23,1590,9,7,Surgeon,1.0,Male,7,7 ,7 ,6 7 
control,23,1918,9,9,Model,1.0,Male,9,5 9 ,2 5 9 ,2 5 9 0 
control,23,664,1,3,Journalist,1.0,Male,3,2 3 0 ,1 2 3 0 ,1 2 3 0 
control,23,330,1,1,Physician,0.0,Female,1,1 6 ,1 6 ,1 
control,23,1941,9,9,Model,0.0,Female,9,9 ,9 ,9 
control,23,103,7,0,Professor,1.0,Male,0,0 ,0 ,4 0 
control,23,254,1,1,Physician,0.0,Female,1,1 ,1 ,1 
control,23,1949,3,9,Model,0.0,Female,9,3 9 ,3 9 ,3 9 
control,23,1487,1,7,Surgeon,0.0,Female,0,0 ,4 0 ,4 0 
control,23,976,4,4,Psychologist,0.0,Female,4,1 4 ,4 ,4 
control,23,669,3,3,Journalist,1.0,Male,3,2 3 ,2 3 ,2 3 
control,23,643,3,3,Journalist,1.0,Male,3,3 ,3 ,3 
control,23,971,4,4,Psychologist,0.0,Female,0,0 ,0 ,0 
control,23,1777,8,8,Painter,0.0,Female,8,8 ,8 ,8 
control,23,432,8,2,Photographer,1.0,Male,2,2 ,2 9 ,2 9 
control,23,224,7,1,Physician,0.0,Female,1,1 6 ,1 6 ,1 6 
control,23,1327,6,6,Dentist,0.0,Female,6,1 6 7 ,1 6 ,1 6 
control,23,11,1,0,Professor,1.0,Male,0,1 0 ,1 0 ,1 0 
control,23,403,0,2,Photographer,1.0,Male,2,2 5 ,2 3 5 9 ,2 3 5 9 
control,23,498,2,2,Photographer,1.0,Male,2,2 ,2 ,2 
control,23,1505,3,7,Surgeon,1.0,Male,3,3 5 ,3 5 ,3 5 
control,23,94,3,0,Professor,0.0,Female,0,2 5 0 ,2 5 0 ,5 0 
control,23,1153,9,5,Teacher,1.0,Male,2,2 3 ,2 3 5 ,2 3 5 
control,23,837,4,4,Psychologist,0.0,Female,4,4 ,4 ,4 
control,23,10,4,0,Professor,0.0,Female,0,0 ,0 ,0 
control,23,1888,0,9,Model,0.0,Female,3,3 9 ,1 3 4 7 9 ,3 7 9 
control,23,1759,8,8,Painter,0.0,Female,8,8 ,8 ,8 
control,23,1157,0,5,Teacher,0.0,Female,5,1 5 0 ,5 0 ,5 0 
control,23,1109,0,5,Teacher,0.0,Female,5,5 ,5 ,5 
control,23,1809,9,9,Model,0.0,Female,9,9 ,9 ,9 
control,23,1792,8,8,Painter,1.0,Male,8,8 ,8 ,8 
control,23,894,4,4,Psychologist,1.0,Male,4,4 ,4 ,4 0 
control,23,1501,1,7,Surgeon,1.0,Male,7,1 6 7 ,1 6 7 ,1 6 7 
control,23,1658,8,8,Painter,1.0,Male,8,2 8 ,2 5 8 ,2 5 8 
control,23,267,7,1,Physician,0.0,Female,1,1 6 ,1 6 ,1 
control,23,1294,1,6,Dentist,0.0,Female,6,6 ,6 ,6 
control,23,1148,2,5,Teacher,1.0,Male,2,2 8 ,2 8 ,2 8 
control,23,833,4,4,Psychologist,1.0,Male,4,4 ,4 ,4 
control,23,1373,6,6,Dentist,0.0,Female,6,6 ,6 ,6 
control,23,266,1,1,Physician,0.0,Female,1,1 6 ,1 ,1 
control,23,543,2,2,Photographer,0.0,Female,2,2 9 ,2 3 4 9 ,2 4 9 
control,23,138,0,0,Professor,1.0,Male,3,3 0 ,3 5 0 ,3 4 5 0 
control,23,631,3,3,Journalist,1.0,Male,3,3 ,3 ,2 3 
control,23,763,0,3,Journalist,1.0,Male,3,3 ,3 ,3 
control,23,1405,0,7,Surgeon,1.0,Male,7,7 ,7 ,1 7 
control,23,1768,3,8,Painter,0.0,Female,5,2 3 5 ,2 3 5 8 ,2 3 5 
control,23,1038,1,5,Teacher,0.0,Female,5,5 ,5 ,5 
control,24,1673,8,8,Painter,1.0,Male,8,8 ,8 ,8 
control,24,1845,9,9,Model,0.0,Female,9,9 ,3 9 ,9 
control,24,85,8,0,Professor,1.0,Male,2,2 8 ,2 8 0 ,2 8 
control,24,448,3,2,Photographer,1.0,Male,3,3 5 ,3 5 ,3 5 
control,24,550,2,2,Photographer,1.0,Male,2,2 3 ,2 3 ,2 3 
control,24,1273,6,6,Dentist,0.0,Female,6,6 ,6 ,6 
control,24,414,2,2,Photographer,1.0,Male,2,2 ,2 ,2 
control,24,1560,7,7,Surgeon,0.0,Female,6,1 6 7 ,1 6 7 0 ,1 6 7 0 
control,24,1216,6,6,Dentist,1.0,Male,6,6 ,6 ,1 6 
control,24,1915,9,9,Model,0.0,Female,9,9 ,9 ,9 
control,24,1174,1,5,Teacher,0.0,Female,3,3 5 ,3 5 0 ,3 5 0 
control,24,1016,3,5,Teacher,1.0,Male,5,5 0 ,4 5 0 ,4 5 0 
control,24,1269,6,6,Dentist,1.0,Male,6,6 ,6 ,6 7 
control,24,1135,0,5,Teacher,0.0,Female,5,5 9 ,5 ,5 
control,24,991,4,4,Psychologist,1.0,Male,5,3 5 ,2 3 4 5 ,2 3 4 5 
control,24,1249,6,6,Dentist,0.0,Female,6,6 ,6 7 ,6 
control,24,1956,9,9,Model,0.0,Female,2,2 ,2 ,2 
control,24,310,7,1,Physician,1.0,Male,1,1 7 ,1 6 7 ,1 7 
control,24,1185,5,5,Teacher,1.0,Male,5,5 7 ,5 7 ,5 7 
control,24,1476,7,7,Surgeon,1.0,Male,7,7 ,7 ,6 7 
control,24,1995,9,9,Model,0.0,Female,9,9 ,9 ,9 
control,24,409,2,2,Photographer,1.0,Male,2,2 ,2 ,2 3 
control,24,1586,7,7,Surgeon,1.0,Male,7,7 ,7 ,7 
control,24,1930,9,9,Model,0.0,Female,9,9 ,9 ,9 
control,24,1755,8,8,Painter,0.0,Female,8,8 ,8 ,8 
control,24,61,5,0,Professor,0.0,Female,0,0 ,0 ,0 
control,24,1693,3,8,Painter,1.0,Male,8,2 3 5 8 ,2 3 5 8 ,2 3 5 8 
control,24,865,0,4,Psychologist,0.0,Female,5,3 5 ,3 4 5 ,3 4 5 
control,24,848,4,4,Psychologist,0.0,Female,4,4 ,4 ,4 
control,24,616,3,3,Journalist,0.0,Female,3,3 ,3 ,3 
control,24,689,1,3,Journalist,1.0,Male,3,3 ,3 ,3 5 
control,24,591,2,2,Photographer,1.0,Male,2,2 8 ,2 4 8 0 ,2 8 0 
control,24,873,4,4,Psychologist,1.0,Male,4,4 6 ,4 6 ,4 6 
control,24,638,3,3,Journalist,0.0,Female,4,4 5 ,4 5 0 ,4 5 
control,24,799,3,3,Journalist,0.0,Female,3,3 ,3 ,3 
control,24,343,1,1,Physician,0.0,Female,1,1 6 ,1 6 ,1 6 
control,24,1140,0,5,Teacher,1.0,Male,0,0 ,0 ,0 
control,24,1417,1,7,Surgeon,1.0,Male,1,1 ,1 ,1 
control,24,153,3,0,Professor,1.0,Male,0,3 0 ,3 5 0 ,3 5 0 
control,24,840,4,4,Psychologist,0.0,Female,4,4 ,4 ,4 
control,24,633,3,3,Journalist,0.0,Female,3,3 ,3 ,3 
control,24,313,1,1,Physician,0.0,Female,1,1 ,1 ,1 
control,24,1444,7,7,Surgeon,0.0,Female,7,1 7 ,1 7 ,1 7 
control,24,1204,6,6,Dentist,1.0,Male,6,6 ,6 ,1 6 
control,24,383,1,1,Physician,1.0,Male,1,1 6 ,1 6 ,1 
control,24,1604,8,8,Painter,0.0,Female,8,8 ,8 ,8 
control,24,110,7,0,Professor,0.0,Female,1,1 0 ,1 ,1 0 
control,24,294,1,1,Physician,0.0,Female,1,1 ,1 ,1 
control,24,135,0,0,Professor,1.0,Male,0,0 ,0 ,0 
control,24,1798,2,8,Painter,1.0,Male,8,2 8 ,2 8 ,2 8 
control,25,689,3,3,Journalist,1.0,Male,3,3 ,3 ,3 5 
control,25,1560,7,7,Surgeon,0.0,Female,6,1 6 7 ,1 6 7 0 ,1 6 7 0 
control,25,225,2,1,Physician,0.0,Female,1,1 ,1 ,1 
control,25,1110,0,5,Teacher,0.0,Female,5,3 5 ,3 5 ,5 
control,25,1190,0,5,Teacher,1.0,Male,0,0 ,5 0 ,5 0 
control,25,1957,9,9,Model,0.0,Female,9,9 ,2 9 ,9 
control,25,1941,9,9,Model,0.0,Female,9,9 ,9 ,9 
control,25,413,8,2,Photographer,1.0,Male,8,8 ,8 ,2 8 
control,25,1604,8,8,Painter,0.0,Female,8,8 ,8 ,8 
control,25,229,1,1,Physician,0.0,Female,1,1 ,1 ,1 
control,25,1008,5,5,Teacher,0.0,Female,5,3 5 ,3 5 8 ,3 5 8 
control,25,1417,2,7,Surgeon,1.0,Male,1,1 ,1 ,1 
control,25,1278,6,6,Dentist,1.0,Male,6,6 7 ,6 7 ,6 7 
control,25,550,2,2,Photographer,1.0,Male,2,2 3 ,2 3 ,2 3 
control,25,1673,8,8,Painter,1.0,Male,8,8 ,8 ,8 
control,25,509,2,2,Photographer,1.0,Male,2,2 ,2 ,2 
control,25,1504,7,7,Surgeon,1.0,Male,7,1 7 ,1 7 ,1 7 
control,25,878,1,4,Psychologist,1.0,Male,0,4 0 ,4 6 0 ,4 6 0 
control,25,1399,6,6,Dentist,1.0,Male,6,6 ,6 ,6 7 
control,25,991,4,4,Psychologist,1.0,Male,5,3 5 ,2 3 4 5 ,2 3 4 5 
control,25,637,3,3,Journalist,0.0,Female,3,2 3 ,2 3 5 ,2 3 
control,25,104,4,0,Professor,1.0,Male,0,0 ,0 ,0 
control,25,1297,6,6,Dentist,1.0,Male,6,6 ,6 ,6 
control,25,1273,6,6,Dentist,0.0,Female,6,6 ,6 ,6 
control,25,134,4,0,Professor,1.0,Male,0,0 ,0 ,3 0 
control,25,982,4,4,Psychologist,0.0,Female,4,4 ,4 ,4 
control,25,236,1,1,Physician,0.0,Female,1,1 6 ,1 ,1 
control,25,719,2,3,Journalist,1.0,Male,5,5 9 ,5 9 ,5 9 
control,25,1609,3,8,Painter,0.0,Female,8,8 ,8 0 ,8 
control,25,495,2,2,Photographer,0.0,Female,2,2 ,2 ,2 
control,25,1995,9,9,Model,0.0,Female,9,9 ,9 ,9 
control,25,1135,5,5,Teacher,0.0,Female,5,5 9 ,5 ,5 
control,25,895,0,4,Psychologist,0.0,Female,4,4 0 ,3 4 0 ,4 0 
control,25,686,3,3,Journalist,0.0,Female,3,3 ,3 ,3 
control,25,849,4,4,Psychologist,0.0,Female,4,4 0 ,4 0 ,4 
control,25,309,1,1,Physician,0.0,Female,1,1 6 ,1 ,1 
control,25,1768,3,8,Painter,0.0,Female,5,2 3 5 ,2 3 5 8 ,2 3 5 
control,25,1639,8,8,Painter,1.0,Male,2,2 8 ,2 8 ,2 8 
control,25,1216,6,6,Dentist,1.0,Male,6,6 ,6 ,1 6 
control,25,17,3,0,Professor,1.0,Male,3,3 0 ,3 5 0 ,3 5 0 
control,25,765,3,3,Journalist,0.0,Female,3,3 ,3 ,3 
control,25,1583,1,7,Surgeon,1.0,Male,3,3 7 ,3 7 ,3 7 
control,25,1401,1,7,Surgeon,1.0,Male,1,1 7 ,1 7 ,1 7 
control,25,1185,5,5,Teacher,1.0,Male,5,5 7 ,5 7 ,5 7 
control,25,1965,9,9,Model,1.0,Male,3,3 6 ,2 3 6 ,2 3 6 
control,25,21,4,0,Professor,0.0,Female,0,0 ,0 ,0 
control,25,437,2,2,Photographer,0.0,Female,2,2 ,2 ,2 
control,25,342,1,1,Physician,1.0,Male,0,1 0 ,0 ,1 0 
control,25,1976,9,9,Model,0.0,Female,3,3 5 9 ,2 3 5 9 ,3 5 9 
control,25,59,0,0,Professor,0.0,Female,0,0 ,0 ,0 
control,26,1417,4,7,Surgeon,1.0,Male,1,1 ,1 ,1 
control,26,1174,0,5,Teacher,0.0,Female,3,3 5 ,3 5 0 ,3 5 0 
control,26,1604,8,8,Painter,0.0,Female,8,8 ,8 ,8 
control,26,449,2,2,Photographer,1.0,Male,2,2 ,2 ,2 
control,26,343,1,1,Physician,0.0,Female,1,1 6 ,1 6 ,1 6 
control,26,414,2,2,Photographer,1.0,Male,2,2 ,2 ,2 
control,26,1016,0,5,Teacher,1.0,Male,5,5 0 ,4 5 0 ,4 5 0 
control,26,237,7,1,Physician,0.0,Female,1,1 ,1 ,1 
control,26,495,3,2,Photographer,0.0,Female,2,2 ,2 ,2 
control,26,313,1,1,Physician,0.0,Female,1,1 ,1 ,1 
control,26,1008,3,5,Teacher,0.0,Female,5,3 5 ,3 5 8 ,3 5 8 
control,26,878,0,4,Psychologist,1.0,Male,0,4 0 ,4 6 0 ,4 6 0 
control,26,1798,2,8,Painter,1.0,Male,8,2 8 ,2 8 ,2 8 
control,26,1399,6,6,Dentist,1.0,Male,6,6 ,6 ,6 7 
control,26,1995,9,9,Model,0.0,Female,9,9 ,9 ,9 
control,26,550,2,2,Photographer,1.0,Male,2,2 3 ,2 3 ,2 3 
control,26,1477,1,7,Surgeon,1.0,Male,7,7 ,7 ,6 7 
control,26,1914,9,9,Model,0.0,Female,9,9 ,9 ,9 
control,26,1204,7,6,Dentist,1.0,Male,6,6 ,6 ,1 6 
control,26,591,2,2,Photographer,1.0,Male,2,2 8 ,2 4 8 0 ,2 8 0 
control,26,1249,7,6,Dentist,0.0,Female,6,6 ,6 7 ,6 
control,26,1956,9,9,Model,0.0,Female,2,2 ,2 ,2 
control,26,1185,1,5,Teacher,1.0,Male,5,5 7 ,5 7 ,5 7 
control,26,1673,2,8,Painter,1.0,Male,8,8 ,8 ,8 
control,26,849,5,4,Psychologist,0.0,Female,4,4 0 ,4 0 ,4 
control,26,310,1,1,Physician,1.0,Male,1,1 7 ,1 6 7 ,1 7 
control,26,1755,8,8,Painter,0.0,Female,8,8 ,8 ,8 
control,26,1135,5,5,Teacher,0.0,Female,5,5 9 ,5 ,5 
control,26,873,4,4,Psychologist,1.0,Male,4,4 6 ,4 6 ,4 6 
control,26,633,3,3,Journalist,0.0,Female,3,3 ,3 ,3 
control,26,991,4,4,Psychologist,1.0,Male,5,3 5 ,2 3 4 5 ,2 3 4 5 
control,26,85,8,0,Professor,1.0,Male,2,2 8 ,2 8 0 ,2 8 
control,26,1444,7,7,Surgeon,0.0,Female,7,1 7 ,1 7 ,1 7 
control,26,1965,1,9,Model,1.0,Male,3,3 6 ,2 3 6 ,2 3 6 
control,26,840,4,4,Psychologist,0.0,Female,4,4 ,4 ,4 
control,26,1560,7,7,Surgeon,0.0,Female,6,1 6 7 ,1 6 7 0 ,1 6 7 0 
control,26,135,5,0,Professor,1.0,Male,0,0 ,0 ,0 
control,26,799,3,3,Journalist,0.0,Female,3,3 ,3 ,3 
control,26,21,4,0,Professor,0.0,Female,0,0 ,0 ,0 
control,26,1216,6,6,Dentist,1.0,Male,6,6 ,6 ,1 6 
control,26,293,1,1,Physician,1.0,Male,1,1 0 ,1 7 0 ,1 7 0 
control,26,61,5,0,Professor,0.0,Female,0,0 ,0 ,0 
control,26,1401,1,7,Surgeon,1.0,Male,1,1 7 ,1 7 ,1 7 
control,26,686,3,3,Journalist,0.0,Female,3,3 ,3 ,3 
control,26,1273,6,6,Dentist,0.0,Female,6,6 ,6 ,6 
control,26,638,0,3,Journalist,0.0,Female,4,4 5 ,4 5 0 ,4 5 
control,26,688,3,3,Journalist,1.0,Male,3,3 ,3 ,3 0 
control,26,1845,9,9,Model,0.0,Female,9,9 ,3 9 ,9 
control,26,1639,2,8,Painter,1.0,Male,2,2 8 ,2 8 ,2 8 
control,26,110,1,0,Professor,0.0,Female,1,1 0 ,1 ,1 0 
control,27,686,3,3,Journalist,0.0,Female,3,3 ,3 ,3 
control,27,982,4,4,Psychologist,0.0,Female,4,4 ,4 ,4 
control,27,1965,9,9,Model,1.0,Male,3,3 6 ,2 3 6 ,2 3 6 
control,27,1399,6,6,Dentist,1.0,Male,6,6 ,6 ,6 7 
control,27,237,7,1,Physician,0.0,Female,1,1 ,1 ,1 
control,27,1016,2,5,Teacher,1.0,Male,5,5 0 ,4 5 0 ,4 5 0 
control,27,1135,5,5,Teacher,0.0,Female,5,5 9 ,5 ,5 
control,27,17,3,0,Professor,1.0,Male,3,3 0 ,3 5 0 ,3 5 0 
control,27,1914,9,9,Model,0.0,Female,9,9 ,9 ,9 
control,27,689,3,3,Journalist,1.0,Male,3,3 ,3 ,3 5 
control,27,873,4,4,Psychologist,1.0,Male,4,4 6 ,4 6 ,4 6 
control,27,229,1,1,Physician,0.0,Female,1,1 ,1 ,1 
control,27,495,2,2,Photographer,0.0,Female,2,2 ,2 ,2 
control,27,799,3,3,Journalist,0.0,Female,3,3 ,3 ,3 
control,27,1604,8,8,Painter,0.0,Female,8,8 ,8 ,8 
control,27,1296,6,6,Dentist,1.0,Male,7,7 ,5 7 ,5 7 
control,27,1609,0,8,Painter,0.0,Female,8,8 ,8 0 ,8 
control,27,449,2,2,Photographer,1.0,Male,2,2 ,2 ,2 
control,27,310,1,1,Physician,1.0,Male,1,1 7 ,1 6 7 ,1 7 
control,27,1190,0,5,Teacher,1.0,Male,0,0 ,5 0 ,5 0 
control,27,60,5,0,Professor,1.0,Male,0,0 ,0 ,0 
control,27,1976,9,9,Model,0.0,Female,3,3 5 9 ,2 3 5 9 ,3 5 9 
control,27,509,2,2,Photographer,1.0,Male,2,2 ,2 ,2 
control,27,1995,9,9,Model,0.0,Female,9,9 ,9 ,9 
control,27,719,9,3,Journalist,1.0,Male,5,5 9 ,5 9 ,5 9 
control,27,1956,2,9,Model,0.0,Female,2,2 ,2 ,2 
control,27,293,0,1,Physician,1.0,Male,1,1 0 ,1 7 0 ,1 7 0 
control,27,1673,8,8,Painter,1.0,Male,8,8 ,8 ,8 
control,27,1185,7,5,Teacher,1.0,Male,5,5 7 ,5 7 ,5 7 
control,27,1639,3,8,Painter,1.0,Male,2,2 8 ,2 8 ,2 8 
control,27,1273,6,6,Dentist,0.0,Female,6,6 ,6 ,6 
control,27,1417,4,7,Surgeon,1.0,Male,1,1 ,1 ,1 
control,27,1583,1,7,Surgeon,1.0,Male,3,3 7 ,3 7 ,3 7 
control,27,1560,1,7,Surgeon,0.0,Female,6,1 6 7 ,1 6 7 0 ,1 6 7 0 
control,27,638,4,3,Journalist,0.0,Female,4,4 5 ,4 5 0 ,4 5 
control,27,1249,6,6,Dentist,0.0,Female,6,6 ,6 7 ,6 
control,27,1009,4,5,Teacher,1.0,Male,3,2 3 ,2 3 ,2 3 4 
control,27,1401,1,7,Surgeon,1.0,Male,1,1 7 ,1 7 ,1 7 
control,27,848,4,4,Psychologist,0.0,Female,4,4 ,4 ,4 
control,27,1799,9,8,Painter,0.0,Female,8,2 8 ,8 ,8 
control,27,550,8,2,Photographer,1.0,Male,2,2 3 ,2 3 ,2 3 
control,27,878,4,4,Psychologist,1.0,Male,0,4 0 ,4 6 0 ,4 6 0 
control,27,413,2,2,Photographer,1.0,Male,8,8 ,8 ,2 8 
control,27,343,1,1,Physician,0.0,Female,1,1 6 ,1 6 ,1 6 
control,27,1216,6,6,Dentist,1.0,Male,6,6 ,6 ,1 6 
control,27,991,2,4,Psychologist,1.0,Male,5,3 5 ,2 3 4 5 ,2 3 4 5 
control,27,21,0,0,Professor,0.0,Female,0,0 ,0 ,0 
control,27,134,0,0,Professor,1.0,Male,0,0 ,0 ,3 0 
control,27,1444,7,7,Surgeon,0.0,Female,7,1 7 ,1 7 ,1 7 
control,27,109,4,0,Professor,1.0,Male,4,4 7 ,4 7 ,1 4 7 
control,28,255,7,1,Physician,0.0,Female,1,1 6 ,1 6 ,1 
control,28,498,2,2,Photographer,1.0,Male,2,2 ,2 ,2 
control,28,1646,8,8,Painter,0.0,Female,2,2 ,2 5 8 ,2 8 
control,28,1147,5,5,Teacher,0.0,Female,5,5 ,5 ,5 
control,28,1104,5,5,Teacher,0.0,Female,5,5 ,5 ,5 
control,28,1590,2,7,Surgeon,1.0,Male,7,7 ,7 ,6 7 
control,28,1833,9,9,Model,0.0,Female,2,2 3 5 9 ,2 3 5 9 ,2 3 9 
control,28,1658,8,8,Painter,1.0,Male,8,2 8 ,2 5 8 ,2 5 8 
control,28,138,3,0,Professor,1.0,Male,3,3 0 ,3 5 0 ,3 4 5 0 
control,28,631,3,3,Journalist,1.0,Male,3,3 ,3 ,2 3 
control,28,330,1,1,Physician,0.0,Female,1,1 6 ,1 6 ,1 
control,28,1759,8,8,Painter,0.0,Female,8,8 ,8 ,8 
control,28,542,2,2,Photographer,0.0,Female,2,2 ,2 ,2 
control,28,402,0,2,Photographer,1.0,Male,2,2 ,2 ,2 
control,28,11,1,0,Professor,1.0,Male,0,1 0 ,1 0 ,1 0 
control,28,10,0,0,Professor,0.0,Female,0,0 ,0 ,0 
control,28,1293,6,6,Dentist,1.0,Male,6,6 ,6 ,6 
control,28,669,3,3,Journalist,1.0,Male,3,2 3 ,2 3 ,2 3 
control,28,1225,6,6,Dentist,1.0,Male,6,6 7 ,6 7 ,6 7 
control,28,1888,5,9,Model,0.0,Female,3,3 9 ,1 3 4 7 9 ,3 7 9 
control,28,266,1,1,Physician,0.0,Female,1,1 6 ,1 ,1 
control,28,1777,8,8,Painter,0.0,Female,8,8 ,8 ,8 
control,28,832,4,4,Psychologist,1.0,Male,4,4 ,4 ,4 
control,28,1557,7,7,Surgeon,1.0,Male,7,7 ,7 ,1 7 
control,28,1038,5,5,Teacher,0.0,Female,5,5 ,5 ,5 
control,28,867,4,4,Psychologist,0.0,Female,4,4 ,4 ,4 
control,28,1734,8,8,Painter,1.0,Male,8,8 ,8 ,8 
control,28,1949,9,9,Model,0.0,Female,9,3 9 ,3 9 ,3 9 
control,28,971,4,4,Psychologist,0.0,Female,0,0 ,0 ,0 
control,28,706,3,3,Journalist,1.0,Male,3,3 ,3 ,3 
control,28,1501,1,7,Surgeon,1.0,Male,7,1 6 7 ,1 6 7 ,1 6 7 
control,28,951,5,4,Psychologist,1.0,Male,4,4 ,4 ,4 
control,28,1326,6,6,Dentist,0.0,Female,6,6 ,6 ,6 
control,28,1372,6,6,Dentist,0.0,Female,6,6 ,6 ,6 
control,28,1229,6,6,Dentist,0.0,Female,6,6 7 ,6 7 ,6 7 
control,28,403,0,2,Photographer,1.0,Male,2,2 5 ,2 3 5 9 ,2 3 5 9 
control,28,1153,3,5,Teacher,1.0,Male,2,2 3 ,2 3 5 ,2 3 5 
control,28,95,0,0,Professor,0.0,Female,0,0 ,0 ,0 
control,28,1810,9,9,Model,0.0,Female,9,9 ,9 ,9 
control,28,432,8,2,Photographer,1.0,Male,2,2 ,2 9 ,2 9 
control,28,1405,7,7,Surgeon,1.0,Male,7,7 ,7 ,1 7 
control,28,1487,0,7,Surgeon,0.0,Female,0,0 ,4 0 ,4 0 
control,28,1157,5,5,Teacher,0.0,Female,5,1 5 0 ,5 0 ,5 0 
control,28,837,4,4,Psychologist,0.0,Female,4,4 ,4 ,4 
control,28,267,7,1,Physician,0.0,Female,1,1 6 ,1 6 ,1 
control,28,643,3,3,Journalist,1.0,Male,3,3 ,3 ,3 
control,28,262,1,1,Physician,0.0,Female,1,1 ,1 6 ,1 6 
control,28,1918,9,9,Model,1.0,Male,9,5 9 ,2 5 9 ,2 5 9 0 
control,28,43,0,0,Professor,0.0,Female,0,0 ,0 ,4 0 
control,28,664,3,3,Journalist,1.0,Male,3,2 3 0 ,1 2 3 0 ,1 2 3 0 
control,29,1590,9,7,Surgeon,1.0,Male,7,7 ,7 ,6 7 
control,29,1157,5,5,Teacher,0.0,Female,5,1 5 0 ,5 0 ,5 0 
control,29,1777,8,8,Painter,0.0,Female,8,8 ,8 ,8 
control,29,266,1,1,Physician,0.0,Female,1,1 6 ,1 ,1 
control,29,1557,7,7,Surgeon,1.0,Male,7,7 ,7 ,1 7 
control,29,1759,8,8,Painter,0.0,Female,8,8 ,8 ,8 
control,29,10,5,0,Professor,0.0,Female,0,0 ,0 ,0 
control,29,1810,9,9,Model,0.0,Female,9,9 ,9 ,9 
control,29,1918,9,9,Model,1.0,Male,9,5 9 ,2 5 9 ,2 5 9 0 
control,29,1147,5,5,Teacher,0.0,Female,5,5 ,5 ,5 
control,29,1487,0,7,Surgeon,0.0,Female,0,0 ,4 0 ,4 0 
control,29,706,3,3,Journalist,1.0,Male,3,3 ,3 ,3 
control,29,1225,6,6,Dentist,1.0,Male,6,6 7 ,6 7 ,6 7 
control,29,498,3,2,Photographer,1.0,Male,2,2 ,2 ,2 
control,29,1293,6,6,Dentist,1.0,Male,6,6 ,6 ,6 
control,29,1104,5,5,Teacher,0.0,Female,5,5 ,5 ,5 
control,29,867,4,4,Psychologist,0.0,Female,4,4 ,4 ,4 
control,29,432,8,2,Photographer,1.0,Male,2,2 ,2 9 ,2 9 
control,29,402,2,2,Photographer,1.0,Male,2,2 ,2 ,2 
control,29,1038,5,5,Teacher,0.0,Female,5,5 ,5 ,5 
control,29,971,4,4,Psychologist,0.0,Female,0,0 ,0 ,0 
control,29,95,0,0,Professor,0.0,Female,0,0 ,0 ,0 
control,29,631,3,3,Journalist,1.0,Male,3,3 ,3 ,2 3 
control,29,1501,7,7,Surgeon,1.0,Male,7,1 6 7 ,1 6 7 ,1 6 7 
control,29,1326,6,6,Dentist,0.0,Female,6,6 ,6 ,6 
control,29,1153,2,5,Teacher,1.0,Male,2,2 3 ,2 3 5 ,2 3 5 
control,29,330,1,1,Physician,0.0,Female,1,1 6 ,1 6 ,1 
control,29,1646,2,8,Painter,0.0,Female,2,2 ,2 5 8 ,2 8 
control,29,43,0,0,Professor,0.0,Female,0,0 ,0 ,4 0 
control,29,542,2,2,Photographer,0.0,Female,2,2 ,2 ,2 
control,29,403,4,2,Photographer,1.0,Male,2,2 5 ,2 3 5 9 ,2 3 5 9 
control,29,1372,6,6,Dentist,0.0,Female,6,6 ,6 ,6 
control,29,832,4,4,Psychologist,1.0,Male,4,4 ,4 ,4 
control,29,1658,8,8,Painter,1.0,Male,8,2 8 ,2 5 8 ,2 5 8 
control,29,1949,9,9,Model,0.0,Female,9,3 9 ,3 9 ,3 9 
control,29,951,0,4,Psychologist,1.0,Male,4,4 ,4 ,4 
control,29,138,3,0,Professor,1.0,Male,3,3 0 ,3 5 0 ,3 4 5 0 
control,29,837,4,4,Psychologist,0.0,Female,4,4 ,4 ,4 
control,29,11,4,0,Professor,1.0,Male,0,1 0 ,1 0 ,1 0 
control,29,1405,0,7,Surgeon,1.0,Male,7,7 ,7 ,1 7 
control,29,1833,9,9,Model,0.0,Female,2,2 3 5 9 ,2 3 5 9 ,2 3 9 
control,29,1888,9,9,Model,0.0,Female,3,3 9 ,1 3 4 7 9 ,3 7 9 
control,29,643,3,3,Journalist,1.0,Male,3,3 ,3 ,3 
control,29,1229,6,6,Dentist,0.0,Female,6,6 7 ,6 7 ,6 7 
control,29,1734,8,8,Painter,1.0,Male,8,8 ,8 ,8 
control,29,262,1,1,Physician,0.0,Female,1,1 ,1 6 ,1 6 
control,29,669,3,3,Journalist,1.0,Male,3,2 3 ,2 3 ,2 3 
control,29,664,3,3,Journalist,1.0,Male,3,2 3 0 ,1 2 3 0 ,1 2 3 0 
control,29,255,7,1,Physician,0.0,Female,1,1 6 ,1 6 ,1 
control,29,267,7,1,Physician,0.0,Female,1,1 6 ,1 6 ,1 
control,30,310,1,1,Physician,1.0,Male,1,1 7 ,1 6 7 ,1 7 
control,30,1586,7,7,Surgeon,1.0,Male,7,7 ,7 ,7 
control,30,1417,7,7,Surgeon,1.0,Male,1,1 ,1 ,1 
control,30,1845,9,9,Model,0.0,Female,9,9 ,3 9 ,9 
control,30,591,2,2,Photographer,1.0,Male,2,2 8 ,2 4 8 0 ,2 8 0 
control,30,1540,6,7,Surgeon,0.0,Female,6,6 7 ,6 7 ,6 
control,30,1185,5,5,Teacher,1.0,Male,5,5 7 ,5 7 ,5 7 
control,30,1798,2,8,Painter,1.0,Male,8,2 8 ,2 8 ,2 8 
control,30,135,0,0,Professor,1.0,Male,0,0 ,0 ,0 
control,30,1268,6,6,Dentist,1.0,Male,6,6 ,6 ,6 7 
control,30,1693,3,8,Painter,1.0,Male,8,2 3 5 8 ,2 3 5 8 ,2 3 5 8 
control,30,840,4,4,Psychologist,0.0,Female,4,4 ,4 ,4 
control,30,110,1,0,Professor,0.0,Female,1,1 0 ,1 ,1 0 
control,30,289,1,1,Physician,0.0,Female,1,1 ,1 ,1 
control,30,1204,6,6,Dentist,1.0,Male,6,6 ,6 ,1 6 
control,30,799,3,3,Journalist,0.0,Female,3,3 ,3 ,3 
control,30,1851,9,9,Model,1.0,Male,9,3 6 9 ,2 3 6 9 ,2 3 6 9 
control,30,312,1,1,Physician,1.0,Male,1,1 6 ,1 ,1 6 
control,30,414,2,2,Photographer,1.0,Male,2,2 ,2 ,2 
control,30,804,4,4,Psychologist,0.0,Female,4,4 ,4 ,4 
control,30,409,9,2,Photographer,1.0,Male,2,2 ,2 ,2 3 
control,30,991,4,4,Psychologist,1.0,Male,5,3 5 ,2 3 4 5 ,2 3 4 5 
control,30,1929,9,9,Model,0.0,Female,9,3 9 ,2 3 9 ,3 9 
control,30,1956,9,9,Model,0.0,Female,2,2 ,2 ,2 
control,30,449,2,2,Photographer,1.0,Male,2,2 ,2 ,2 
control,30,641,2,3,Journalist,0.0,Female,3,3 ,3 ,3 
control,30,1444,1,7,Surgeon,0.0,Female,7,1 7 ,1 7 ,1 7 
control,30,294,1,1,Physician,0.0,Female,1,1 ,1 ,1 
control,30,383,1,1,Physician,1.0,Male,1,1 6 ,1 6 ,1 
control,30,1140,0,5,Teacher,1.0,Male,0,0 ,0 ,0 
control,30,633,3,3,Journalist,0.0,Female,3,3 ,3 ,3 
control,30,1174,3,5,Teacher,0.0,Female,3,3 5 ,3 5 0 ,3 5 0 
control,30,1476,7,7,Surgeon,1.0,Male,7,7 ,7 ,6 7 
control,30,616,3,3,Journalist,0.0,Female,3,3 ,3 ,3 
control,30,1915,9,9,Model,0.0,Female,9,9 ,9 ,9 
control,30,1290,6,6,Dentist,1.0,Male,6,6 ,6 ,6 
control,30,1016,0,5,Teacher,1.0,Male,5,5 0 ,4 5 0 ,4 5 0 
control,30,86,4,0,Professor,0.0,Female,0,5 0 ,5 0 ,5 0 
control,30,1756,8,8,Painter,0.0,Female,8,2 8 ,2 8 9 ,2 8 9 
control,30,1249,6,6,Dentist,0.0,Female,6,6 ,6 7 ,6 
control,30,865,4,4,Psychologist,0.0,Female,5,3 5 ,3 4 5 ,3 4 5 
control,30,873,6,4,Psychologist,1.0,Male,4,4 6 ,4 6 ,4 6 
control,30,1053,5,5,Teacher,0.0,Female,5,2 3 5 9 ,2 5 9 ,2 5 9 
control,30,688,3,3,Journalist,1.0,Male,3,3 ,3 ,3 0 
control,30,1216,6,6,Dentist,1.0,Male,6,6 ,6 ,1 6 
control,30,79,1,0,Professor,0.0,Female,1,1 0 ,1 4 0 ,1 0 
control,30,1730,8,8,Painter,1.0,Male,8,8 ,8 ,8 
control,30,1604,8,8,Painter,0.0,Female,8,8 ,8 ,8 
control,30,153,3,0,Professor,1.0,Male,0,3 0 ,3 5 0 ,3 5 0 
control,30,568,2,2,Photographer,1.0,Male,2,2 ,2 ,2 
control,31,135,0,0,Professor,1.0,Male,0,0 ,0 ,0 
control,31,1135,5,5,Teacher,0.0,Female,5,5 9 ,5 ,5 
control,31,1476,7,7,Surgeon,1.0,Male,7,7 ,7 ,6 7 
control,31,1174,3,5,Teacher,0.0,Female,3,3 5 ,3 5 0 ,3 5 0 
control,31,1604,9,8,Painter,0.0,Female,8,8 ,8 ,8 
control,31,873,4,4,Psychologist,1.0,Male,4,4 6 ,4 6 ,4 6 
control,31,991,3,4,Psychologist,1.0,Male,5,3 5 ,2 3 4 5 ,2 3 4 5 
control,31,1673,9,8,Painter,1.0,Male,8,8 ,8 ,8 
control,31,638,4,3,Journalist,0.0,Female,4,4 5 ,4 5 0 ,4 5 
control,31,1016,0,5,Teacher,1.0,Male,5,5 0 ,4 5 0 ,4 5 0 
control,31,409,3,2,Photographer,1.0,Male,2,2 ,2 ,2 3 
control,31,1140,8,5,Teacher,1.0,Male,0,0 ,0 ,0 
control,31,689,5,3,Journalist,1.0,Male,3,3 ,3 ,3 5 
control,31,85,8,0,Professor,1.0,Male,2,2 8 ,2 8 0 ,2 8 
control,31,1560,7,7,Surgeon,0.0,Female,6,1 6 7 ,1 6 7 0 ,1 6 7 0 
control,31,383,1,1,Physician,1.0,Male,1,1 6 ,1 6 ,1 
control,31,1185,5,5,Teacher,1.0,Male,5,5 7 ,5 7 ,5 7 
control,31,865,4,4,Psychologist,0.0,Female,5,3 5 ,3 4 5 ,3 4 5 
control,31,1273,6,6,Dentist,0.0,Female,6,6 ,6 ,6 
control,31,550,8,2,Photographer,1.0,Male,2,2 3 ,2 3 ,2 3 
control,31,1269,6,6,Dentist,1.0,Male,6,6 ,6 ,6 7 
control,31,1693,3,8,Painter,1.0,Male,8,2 3 5 8 ,2 3 5 8 ,2 3 5 8 
control,31,1930,9,9,Model,0.0,Female,9,9 ,9 ,9 
control,31,633,3,3,Journalist,0.0,Female,3,3 ,3 ,3 
control,31,1755,8,8,Painter,0.0,Female,8,8 ,8 ,8 
control,31,1417,1,7,Surgeon,1.0,Male,1,1 ,1 ,1 
control,31,294,1,1,Physician,0.0,Female,1,1 ,1 ,1 
control,31,1845,3,9,Model,0.0,Female,9,9 ,3 9 ,9 
control,31,1798,3,8,Painter,1.0,Male,8,2 8 ,2 8 ,2 8 
control,31,1586,7,7,Surgeon,1.0,Male,7,7 ,7 ,7 
control,31,1444,7,7,Surgeon,0.0,Female,7,1 7 ,1 7 ,1 7 
control,31,616,5,3,Journalist,0.0,Female,3,3 ,3 ,3 
control,31,343,1,1,Physician,0.0,Female,1,1 6 ,1 6 ,1 6 
control,31,310,1,1,Physician,1.0,Male,1,1 7 ,1 6 7 ,1 7 
control,31,591,2,2,Photographer,1.0,Male,2,2 8 ,2 4 8 0 ,2 8 0 
control,31,1216,6,6,Dentist,1.0,Male,6,6 ,6 ,1 6 
control,31,1995,9,9,Model,0.0,Female,9,9 ,9 ,9 
control,31,1915,9,9,Model,0.0,Female,9,9 ,9 ,9 
control,31,61,0,0,Professor,0.0,Female,0,0 ,0 ,0 
control,31,840,4,4,Psychologist,0.0,Female,4,4 ,4 ,4 
control,31,1204,6,6,Dentist,1.0,Male,6,6 ,6 ,1 6 
control,31,110,7,0,Professor,0.0,Female,1,1 0 ,1 ,1 0 
control,31,313,7,1,Physician,0.0,Female,1,1 ,1 ,1 
control,31,799,5,3,Journalist,0.0,Female,3,3 ,3 ,3 
control,31,1249,6,6,Dentist,0.0,Female,6,6 ,6 7 ,6 
control,31,153,3,0,Professor,1.0,Male,0,3 0 ,3 5 0 ,3 5 0 
control,31,848,4,4,Psychologist,0.0,Female,4,4 ,4 ,4 
control,31,414,2,2,Photographer,1.0,Male,2,2 ,2 ,2 
control,31,1956,2,9,Model,0.0,Female,2,2 ,2 ,2 
control,31,448,3,2,Photographer,1.0,Male,3,3 5 ,3 5 ,3 5 
control,32,1949,3,9,Model,0.0,Female,9,3 9 ,3 9 ,3 9 
control,32,1149,5,5,Teacher,1.0,Male,5,5 ,5 ,5 9 
control,32,894,4,4,Psychologist,1.0,Male,4,4 ,4 ,4 0 
control,32,1487,0,7,Surgeon,0.0,Female,0,0 ,4 0 ,4 0 
control,32,972,4,4,Psychologist,1.0,Male,4,1 4 ,4 ,4 
control,32,833,4,4,Psychologist,1.0,Male,4,4 ,4 ,4 
control,32,507,2,2,Photographer,1.0,Male,2,2 ,2 ,2 
control,32,665,3,3,Journalist,0.0,Female,3,3 ,3 ,3 
control,32,267,7,1,Physician,0.0,Female,1,1 6 ,1 6 ,1 
control,32,224,1,1,Physician,0.0,Female,1,1 6 ,1 6 ,1 6 
control,32,330,1,1,Physician,0.0,Female,1,1 6 ,1 6 ,1 
control,32,1277,6,6,Dentist,1.0,Male,6,6 ,6 ,6 7 
control,32,1810,9,9,Model,0.0,Female,9,9 ,9 ,9 
control,32,981,3,4,Psychologist,0.0,Female,3,2 3 5 ,2 3 ,2 3 
control,32,837,4,4,Psychologist,0.0,Female,4,4 ,4 ,4 
control,32,437,2,2,Photographer,0.0,Female,2,2 ,2 ,2 
control,32,1609,3,8,Painter,0.0,Female,8,8 ,8 0 ,8 
control,32,1505,3,7,Surgeon,1.0,Male,3,3 5 ,3 5 ,3 5 
control,32,1327,1,6,Dentist,0.0,Female,6,1 6 7 ,1 6 ,1 6 
control,32,255,4,1,Physician,0.0,Female,1,1 6 ,1 6 ,1 
control,32,1941,9,9,Model,0.0,Female,9,9 ,9 ,9 
control,32,1888,0,9,Model,0.0,Female,3,3 9 ,1 3 4 7 9 ,3 7 9 
control,32,1294,6,6,Dentist,0.0,Female,6,6 ,6 ,6 
control,32,1039,9,5,Teacher,1.0,Male,3,2 3 9 ,2 3 5 9 ,2 3 9 
control,32,1768,8,8,Painter,0.0,Female,5,2 3 5 ,2 3 5 8 ,2 3 5 
control,32,11,7,0,Professor,1.0,Male,0,1 0 ,1 0 ,1 0 
control,32,1583,5,7,Surgeon,1.0,Male,3,3 7 ,3 7 ,3 7 
control,32,229,1,1,Physician,0.0,Female,1,1 ,1 ,1 
control,32,16,0,0,Professor,1.0,Male,5,5 ,5 ,5 
control,32,1590,9,7,Surgeon,1.0,Male,7,7 ,7 ,6 7 
control,32,669,3,3,Journalist,1.0,Male,3,2 3 ,2 3 ,2 3 
control,32,1657,8,8,Painter,1.0,Male,5,5 8 9 ,5 8 9 ,5 8 9 
control,32,1157,0,5,Teacher,0.0,Female,5,1 5 0 ,5 0 ,5 0 
control,32,102,0,0,Professor,1.0,Male,0,4 0 ,4 0 ,4 0 
control,32,1373,6,6,Dentist,0.0,Female,6,6 ,6 ,6 
control,32,1792,8,8,Painter,1.0,Male,8,8 ,8 ,8 
control,32,718,3,3,Journalist,1.0,Male,3,3 5 ,3 5 ,3 5 
control,32,432,2,2,Photographer,1.0,Male,2,2 ,2 9 ,2 9 
control,32,1297,6,6,Dentist,1.0,Male,6,6 ,6 ,6 
control,32,1976,9,9,Model,0.0,Female,3,3 5 9 ,2 3 5 9 ,3 5 9 
control,32,403,4,2,Photographer,1.0,Male,2,2 5 ,2 3 5 9 ,2 3 5 9 
control,32,1110,0,5,Teacher,0.0,Female,5,3 5 ,3 5 ,5 
control,32,138,3,0,Professor,1.0,Male,3,3 0 ,3 5 0 ,3 4 5 0 
control,32,1759,8,8,Painter,0.0,Female,8,8 ,8 ,8 
control,32,1406,6,7,Surgeon,1.0,Male,7,1 6 7 ,1 6 7 0 ,1 6 7 0 
control,32,680,9,3,Journalist,0.0,Female,0,4 0 ,1 4 7 0 ,4 0 
control,32,10,5,0,Professor,0.0,Female,0,0 ,0 ,0 
control,32,763,3,3,Journalist,1.0,Male,3,3 ,3 ,3 
control,32,1189,5,5,Teacher,0.0,Female,4,4 5 ,4 5 ,4 
control,32,543,2,2,Photographer,0.0,Female,2,2 9 ,2 3 4 9 ,2 4 9 
control,33,1976,3,9,Model,0.0,Female,3,3 5 9 ,2 3 5 9 ,3 5 9 
control,33,1639,8,8,Painter,1.0,Male,2,2 8 ,2 8 ,2 8 
control,33,17,3,0,Professor,1.0,Male,3,3 0 ,3 5 0 ,3 5 0 
control,33,1135,5,5,Teacher,0.0,Female,5,5 9 ,5 ,5 
control,33,495,0,2,Photographer,0.0,Female,2,2 ,2 ,2 
control,33,1560,7,7,Surgeon,0.0,Female,6,1 6 7 ,1 6 7 0 ,1 6 7 0 
control,33,686,3,3,Journalist,0.0,Female,3,3 ,3 ,3 
control,33,1249,6,6,Dentist,0.0,Female,6,6 ,6 7 ,6 
control,33,689,3,3,Journalist,1.0,Male,3,3 ,3 ,3 5 
control,33,1995,9,9,Model,0.0,Female,9,9 ,9 ,9 
control,33,1914,9,9,Model,0.0,Female,9,9 ,9 ,9 
control,33,991,4,4,Psychologist,1.0,Male,5,3 5 ,2 3 4 5 ,2 3 4 5 
control,33,449,2,2,Photographer,1.0,Male,2,2 ,2 ,2 
control,33,509,2,2,Photographer,1.0,Male,2,2 ,2 ,2 
control,33,1799,8,8,Painter,0.0,Female,8,2 8 ,8 ,8 
control,33,293,0,1,Physician,1.0,Male,1,1 0 ,1 7 0 ,1 7 0 
control,33,60,0,0,Professor,1.0,Male,0,0 ,0 ,0 
control,33,1583,7,7,Surgeon,1.0,Male,3,3 7 ,3 7 ,3 7 
control,33,1956,9,9,Model,0.0,Female,2,2 ,2 ,2 
control,33,109,4,0,Professor,1.0,Male,4,4 7 ,4 7 ,1 4 7 
control,33,873,4,4,Psychologist,1.0,Male,4,4 6 ,4 6 ,4 6 
control,33,1296,7,6,Dentist,1.0,Male,7,7 ,5 7 ,5 7 
control,33,1016,3,5,Teacher,1.0,Male,5,5 0 ,4 5 0 ,4 5 0 
control,33,1444,7,7,Surgeon,0.0,Female,7,1 7 ,1 7 ,1 7 
control,33,719,3,3,Journalist,1.0,Male,5,5 9 ,5 9 ,5 9 
control,33,1216,6,6,Dentist,1.0,Male,6,6 ,6 ,1 6 
control,33,982,4,4,Psychologist,0.0,Female,4,4 ,4 ,4 
control,33,237,7,1,Physician,0.0,Female,1,1 ,1 ,1 
control,33,1185,5,5,Teacher,1.0,Male,5,5 7 ,5 7 ,5 7 
control,33,1965,3,9,Model,1.0,Male,3,3 6 ,2 3 6 ,2 3 6 
control,33,1399,6,6,Dentist,1.0,Male,6,6 ,6 ,6 7 
control,33,1609,3,8,Painter,0.0,Female,8,8 ,8 0 ,8 
control,33,310,7,1,Physician,1.0,Male,1,1 7 ,1 6 7 ,1 7 
control,33,1417,7,7,Surgeon,1.0,Male,1,1 ,1 ,1 
control,33,229,5,1,Physician,0.0,Female,1,1 ,1 ,1 
control,33,638,4,3,Journalist,0.0,Female,4,4 5 ,4 5 0 ,4 5 
control,33,550,8,2,Photographer,1.0,Male,2,2 3 ,2 3 ,2 3 
control,33,1009,8,5,Teacher,1.0,Male,3,2 3 ,2 3 ,2 3 4 
control,33,1273,6,6,Dentist,0.0,Female,6,6 ,6 ,6 
control,33,799,3,3,Journalist,0.0,Female,3,3 ,3 ,3 
control,33,848,4,4,Psychologist,0.0,Female,4,4 ,4 ,4 
control,33,1673,8,8,Painter,1.0,Male,8,8 ,8 ,8 
control,33,1604,8,8,Painter,0.0,Female,8,8 ,8 ,8 
control,33,134,3,0,Professor,1.0,Male,0,0 ,0 ,3 0 
control,33,878,4,4,Psychologist,1.0,Male,0,4 0 ,4 6 0 ,4 6 0 
control,33,1401,1,7,Surgeon,1.0,Male,1,1 7 ,1 7 ,1 7 
control,33,413,8,2,Photographer,1.0,Male,8,8 ,8 ,2 8 
control,33,343,7,1,Physician,0.0,Female,1,1 6 ,1 6 ,1 6 
control,33,21,0,0,Professor,0.0,Female,0,0 ,0 ,0 
control,33,1190,0,5,Teacher,1.0,Male,0,0 ,5 0 ,5 0 
control,34,433,2,2,Photographer,0.0,Female,2,2 ,2 ,2 
control,34,229,7,1,Physician,0.0,Female,1,1 ,1 ,1 
control,34,103,0,0,Professor,1.0,Male,0,0 ,0 ,4 0 
control,34,1768,3,8,Painter,0.0,Female,5,2 3 5 ,2 3 5 8 ,2 3 5 
control,34,1976,9,9,Model,0.0,Female,3,3 5 9 ,2 3 5 9 ,3 5 9 
control,34,1609,2,8,Painter,0.0,Female,8,8 ,8 0 ,8 
control,34,255,7,1,Physician,0.0,Female,1,1 6 ,1 6 ,1 
control,34,494,2,2,Photographer,0.0,Female,2,2 9 ,2 9 ,2 9 
control,34,895,4,4,Psychologist,0.0,Female,4,4 0 ,3 4 0 ,4 0 
control,34,235,1,1,Physician,0.0,Female,1,1 ,1 ,1 
control,34,507,8,2,Photographer,1.0,Male,2,2 ,2 ,2 
control,34,877,4,4,Psychologist,0.0,Female,3,3 4 5 ,3 4 5 ,3 4 5 
control,34,1149,5,5,Teacher,1.0,Male,5,5 ,5 ,5 9 
control,34,718,3,3,Journalist,1.0,Male,3,3 5 ,3 5 ,3 5 
control,34,16,1,0,Professor,1.0,Male,5,5 ,5 ,5 
control,34,21,0,0,Professor,0.0,Female,0,0 ,0 ,0 
control,34,1809,9,9,Model,0.0,Female,9,9 ,9 ,9 
control,34,1658,8,8,Painter,1.0,Male,8,2 8 ,2 5 8 ,2 5 8 
control,34,138,3,0,Professor,1.0,Male,3,3 0 ,3 5 0 ,3 4 5 0 
control,34,1941,9,9,Model,0.0,Female,9,9 ,9 ,9 
control,34,11,7,0,Professor,1.0,Male,0,1 0 ,1 0 ,1 0 
control,34,982,0,4,Psychologist,0.0,Female,4,4 ,4 ,4 
control,34,1294,6,6,Dentist,0.0,Female,6,6 ,6 ,6 
control,34,1189,5,5,Teacher,0.0,Female,4,4 5 ,4 5 ,4 
control,34,973,4,4,Psychologist,0.0,Female,4,4 ,4 6 ,4 
control,34,685,9,3,Journalist,0.0,Female,3,3 ,3 ,3 
control,34,1278,6,6,Dentist,1.0,Male,6,6 7 ,6 7 ,6 7 
control,34,1399,6,6,Dentist,1.0,Male,6,6 ,6 ,6 7 
control,34,437,2,2,Photographer,0.0,Female,2,2 ,2 ,2 
control,34,665,3,3,Journalist,0.0,Female,3,3 ,3 ,3 
control,34,1792,8,8,Painter,1.0,Male,8,8 ,8 ,8 
control,34,1327,6,6,Dentist,0.0,Female,6,1 6 7 ,1 6 ,1 6 
control,34,837,4,4,Psychologist,0.0,Female,4,4 ,4 ,4 
control,34,764,0,3,Journalist,1.0,Male,3,3 ,3 ,3 
control,34,1888,0,9,Model,0.0,Female,3,3 9 ,1 3 4 7 9 ,3 7 9 
control,34,1583,1,7,Surgeon,1.0,Male,3,3 7 ,3 7 ,3 7 
control,34,1110,0,5,Teacher,0.0,Female,5,3 5 ,3 5 ,5 
control,34,1590,7,7,Surgeon,1.0,Male,7,7 ,7 ,6 7 
control,34,1039,8,5,Teacher,1.0,Male,3,2 3 9 ,2 3 5 9 ,2 3 9 
control,34,267,7,1,Physician,0.0,Female,1,1 6 ,1 6 ,1 
control,34,224,1,1,Physician,0.0,Female,1,1 6 ,1 6 ,1 6 
control,34,1401,1,7,Surgeon,1.0,Male,1,1 7 ,1 7 ,1 7 
control,34,1965,1,9,Model,1.0,Male,3,3 6 ,2 3 6 ,2 3 6 
control,34,1406,6,7,Surgeon,1.0,Male,7,1 6 7 ,1 6 7 0 ,1 6 7 0 
control,34,1297,6,6,Dentist,1.0,Male,6,6 ,6 ,6 
control,34,1504,7,7,Surgeon,1.0,Male,7,1 7 ,1 7 ,1 7 
control,34,669,2,3,Journalist,1.0,Male,3,2 3 ,2 3 ,2 3 
control,34,544,2,2,Photographer,1.0,Male,2,2 ,2 ,2 
control,34,1639,8,8,Painter,1.0,Male,2,2 8 ,2 8 ,2 8 
control,34,1009,2,5,Teacher,1.0,Male,3,2 3 ,2 3 ,2 3 4 
control,35,664,3,3,Journalist,1.0,Male,3,2 3 0 ,1 2 3 0 ,1 2 3 0 
control,35,1373,6,6,Dentist,0.0,Female,6,6 ,6 ,6 
control,35,94,5,0,Professor,0.0,Female,0,2 5 0 ,2 5 0 ,5 0 
control,35,1809,9,9,Model,0.0,Female,9,9 ,9 ,9 
control,35,1487,1,7,Surgeon,0.0,Female,0,0 ,4 0 ,4 0 
control,35,971,3,4,Psychologist,0.0,Female,0,0 ,0 ,0 
control,35,1157,0,5,Teacher,0.0,Female,5,1 5 0 ,5 0 ,5 0 
control,35,669,3,3,Journalist,1.0,Male,3,2 3 ,2 3 ,2 3 
control,35,1505,3,7,Surgeon,1.0,Male,3,3 5 ,3 5 ,3 5 
control,35,1153,3,5,Teacher,1.0,Male,2,2 3 ,2 3 5 ,2 3 5 
control,35,138,3,0,Professor,1.0,Male,3,3 0 ,3 5 0 ,3 4 5 0 
control,35,543,0,2,Photographer,0.0,Female,2,2 9 ,2 3 4 9 ,2 4 9 
control,35,1501,1,7,Surgeon,1.0,Male,7,1 6 7 ,1 6 7 ,1 6 7 
control,35,1918,9,9,Model,1.0,Male,9,5 9 ,2 5 9 ,2 5 9 0 
control,35,254,1,1,Physician,0.0,Female,1,1 ,1 ,1 
control,35,224,7,1,Physician,0.0,Female,1,1 6 ,1 6 ,1 6 
control,35,894,4,4,Psychologist,1.0,Male,4,4 ,4 ,4 0 
control,35,10,0,0,Professor,0.0,Female,0,0 ,0 ,0 
control,35,267,7,1,Physician,0.0,Female,1,1 6 ,1 6 ,1 
control,35,1658,8,8,Painter,1.0,Male,8,2 8 ,2 5 8 ,2 5 8 
control,35,837,4,4,Psychologist,0.0,Female,4,4 ,4 ,4 
control,35,1109,9,5,Teacher,0.0,Female,5,5 ,5 ,5 
control,35,631,3,3,Journalist,1.0,Male,3,3 ,3 ,2 3 
control,35,1590,1,7,Surgeon,1.0,Male,7,7 ,7 ,6 7 
control,35,11,1,0,Professor,1.0,Male,0,1 0 ,1 0 ,1 0 
control,35,1038,5,5,Teacher,0.0,Female,5,5 ,5 ,5 
control,35,437,2,2,Photographer,0.0,Female,2,2 ,2 ,2 
control,35,266,1,1,Physician,0.0,Female,1,1 6 ,1 ,1 
control,35,1941,9,9,Model,0.0,Female,9,9 ,9 ,9 
control,35,1327,6,6,Dentist,0.0,Female,6,1 6 7 ,1 6 ,1 6 
control,35,1949,9,9,Model,0.0,Female,9,3 9 ,3 9 ,3 9 
control,35,432,2,2,Photographer,1.0,Male,2,2 ,2 9 ,2 9 
control,35,1792,8,8,Painter,1.0,Male,8,8 ,8 ,8 
control,35,103,1,0,Professor,1.0,Male,0,0 ,0 ,4 0 
control,35,643,3,3,Journalist,1.0,Male,3,3 ,3 ,3 
control,35,1229,6,6,Dentist,0.0,Female,6,6 7 ,6 7 ,6 7 
control,35,976,4,4,Psychologist,0.0,Female,4,1 4 ,4 ,4 
control,35,1777,8,8,Painter,0.0,Female,8,8 ,8 ,8 
control,35,833,4,4,Psychologist,1.0,Male,4,4 ,4 ,4 
control,35,1888,3,9,Model,0.0,Female,3,3 9 ,1 3 4 7 9 ,3 7 9 
control,35,330,1,1,Physician,0.0,Female,1,1 6 ,1 6 ,1 
control,35,403,4,2,Photographer,1.0,Male,2,2 5 ,2 3 5 9 ,2 3 5 9 
control,35,1294,6,6,Dentist,0.0,Female,6,6 ,6 ,6 
control,35,1277,6,6,Dentist,1.0,Male,6,6 ,6 ,6 7 
control,35,1148,3,5,Teacher,1.0,Male,2,2 8 ,2 8 ,2 8 
control,35,1759,8,8,Painter,0.0,Female,8,8 ,8 ,8 
control,35,763,3,3,Journalist,1.0,Male,3,3 ,3 ,3 
control,35,498,2,2,Photographer,1.0,Male,2,2 ,2 ,2 
control,35,1768,3,8,Painter,0.0,Female,5,2 3 5 ,2 3 5 8 ,2 3 5 
control,35,1405,0,7,Surgeon,1.0,Male,7,7 ,7 ,1 7 
control,36,1888,0,9,Model,0.0,Female,3,3 9 ,1 3 4 7 9 ,3 7 9 
control,36,764,3,3,Journalist,1.0,Male,3,3 ,3 ,3 
control,36,494,2,2,Photographer,0.0,Female,2,2 9 ,2 9 ,2 9 
control,36,718,3,3,Journalist,1.0,Male,3,3 5 ,3 5 ,3 5 
control,36,982,4,4,Psychologist,0.0,Female,4,4 ,4 ,4 
control,36,877,4,4,Psychologist,0.0,Female,3,3 4 5 ,3 4 5 ,3 4 5 
control,36,1609,8,8,Painter,0.0,Female,8,8 ,8 0 ,8 
control,36,837,4,4,Psychologist,0.0,Female,4,4 ,4 ,4 
control,36,103,0,0,Professor,1.0,Male,0,0 ,0 ,4 0 
control,36,229,1,1,Physician,0.0,Female,1,1 ,1 ,1 
control,36,224,7,1,Physician,0.0,Female,1,1 6 ,1 6 ,1 6 
control,36,16,3,0,Professor,1.0,Male,5,5 ,5 ,5 
control,36,1792,8,8,Painter,1.0,Male,8,8 ,8 ,8 
control,36,1009,3,5,Teacher,1.0,Male,3,2 3 ,2 3 ,2 3 4 
control,36,544,2,2,Photographer,1.0,Male,2,2 ,2 ,2 
control,36,1399,6,6,Dentist,1.0,Male,6,6 ,6 ,6 7 
control,36,1189,4,5,Teacher,0.0,Female,4,4 5 ,4 5 ,4 
control,36,1294,6,6,Dentist,0.0,Female,6,6 ,6 ,6 
control,36,11,1,0,Professor,1.0,Male,0,1 0 ,1 0 ,1 0 
control,36,895,0,4,Psychologist,0.0,Female,4,4 0 ,3 4 0 ,4 0 
control,36,1965,3,9,Model,1.0,Male,3,3 6 ,2 3 6 ,2 3 6 
control,36,235,1,1,Physician,0.0,Female,1,1 ,1 ,1 
control,36,21,0,0,Professor,0.0,Female,0,0 ,0 ,0 
control,36,1039,3,5,Teacher,1.0,Male,3,2 3 9 ,2 3 5 9 ,2 3 9 
control,36,665,8,3,Journalist,0.0,Female,3,3 ,3 ,3 
control,36,1941,8,9,Model,0.0,Female,9,9 ,9 ,9 
control,36,1658,8,8,Painter,1.0,Male,8,2 8 ,2 5 8 ,2 5 8 
control,36,138,3,0,Professor,1.0,Male,3,3 0 ,3 5 0 ,3 4 5 0 
control,36,1406,6,7,Surgeon,1.0,Male,7,1 6 7 ,1 6 7 0 ,1 6 7 0 
control,36,1768,3,8,Painter,0.0,Female,5,2 3 5 ,2 3 5 8 ,2 3 5 
control,36,1639,3,8,Painter,1.0,Male,2,2 8 ,2 8 ,2 8 
control,36,1504,1,7,Surgeon,1.0,Male,7,1 7 ,1 7 ,1 7 
control,36,1976,9,9,Model,0.0,Female,3,3 5 9 ,2 3 5 9 ,3 5 9 
control,36,1809,9,9,Model,0.0,Female,9,9 ,9 ,9 
control,36,1583,1,7,Surgeon,1.0,Male,3,3 7 ,3 7 ,3 7 
control,36,437,2,2,Photographer,0.0,Female,2,2 ,2 ,2 
control,36,507,2,2,Photographer,1.0,Male,2,2 ,2 ,2 
control,36,669,2,3,Journalist,1.0,Male,3,2 3 ,2 3 ,2 3 
control,36,685,9,3,Journalist,0.0,Female,3,3 ,3 ,3 
control,36,1110,0,5,Teacher,0.0,Female,5,3 5 ,3 5 ,5 
control,36,973,4,4,Psychologist,0.0,Female,4,4 ,4 6 ,4 
control,36,1401,1,7,Surgeon,1.0,Male,1,1 7 ,1 7 ,1 7 
control,36,1590,1,7,Surgeon,1.0,Male,7,7 ,7 ,6 7 
control,36,1327,1,6,Dentist,0.0,Female,6,1 6 7 ,1 6 ,1 6 
control,36,1297,1,6,Dentist,1.0,Male,6,6 ,6 ,6 
control,36,267,1,1,Physician,0.0,Female,1,1 6 ,1 6 ,1 
control,36,433,9,2,Photographer,0.0,Female,2,2 ,2 ,2 
control,36,1149,5,5,Teacher,1.0,Male,5,5 ,5 ,5 9 
control,36,255,7,1,Physician,0.0,Female,1,1 6 ,1 6 ,1 
control,36,1278,6,6,Dentist,1.0,Male,6,6 7 ,6 7 ,6 7 
control,37,110,1,0,Professor,0.0,Female,1,1 0 ,1 ,1 0 
control,37,1185,5,5,Teacher,1.0,Male,5,5 7 ,5 7 ,5 7 
control,37,135,3,0,Professor,1.0,Male,0,0 ,0 ,0 
control,37,383,1,1,Physician,1.0,Male,1,1 6 ,1 6 ,1 
control,37,1604,8,8,Painter,0.0,Female,8,8 ,8 ,8 
control,37,1956,9,9,Model,0.0,Female,2,2 ,2 ,2 
control,37,1756,2,8,Painter,0.0,Female,8,2 8 ,2 8 9 ,2 8 9 
control,37,1730,8,8,Painter,1.0,Male,8,8 ,8 ,8 
control,37,1540,6,7,Surgeon,0.0,Female,6,6 7 ,6 7 ,6 
control,37,1417,7,7,Surgeon,1.0,Male,1,1 ,1 ,1 
control,37,688,3,3,Journalist,1.0,Male,3,3 ,3 ,3 0 
control,37,1053,5,5,Teacher,0.0,Female,5,2 3 5 9 ,2 5 9 ,2 5 9 
control,37,409,2,2,Photographer,1.0,Male,2,2 ,2 ,2 3 
control,37,991,0,4,Psychologist,1.0,Male,5,3 5 ,2 3 4 5 ,2 3 4 5 
control,37,1216,6,6,Dentist,1.0,Male,6,6 ,6 ,1 6 
control,37,1016,2,5,Teacher,1.0,Male,5,5 0 ,4 5 0 ,4 5 0 
control,37,1204,6,6,Dentist,1.0,Male,6,6 ,6 ,1 6 
control,37,1476,7,7,Surgeon,1.0,Male,7,7 ,7 ,6 7 
control,37,1851,9,9,Model,1.0,Male,9,3 6 9 ,2 3 6 9 ,2 3 6 9 
control,37,1929,9,9,Model,0.0,Female,9,3 9 ,2 3 9 ,3 9 
control,37,591,2,2,Photographer,1.0,Male,2,2 8 ,2 4 8 0 ,2 8 0 
control,37,1586,7,7,Surgeon,1.0,Male,7,7 ,7 ,7 
control,37,873,4,4,Psychologist,1.0,Male,4,4 6 ,4 6 ,4 6 
control,37,414,2,2,Photographer,1.0,Male,2,2 ,2 ,2 
control,37,633,3,3,Journalist,0.0,Female,3,3 ,3 ,3 
control,37,1798,8,8,Painter,1.0,Male,8,2 8 ,2 8 ,2 8 
control,37,312,1,1,Physician,1.0,Male,1,1 6 ,1 ,1 6 
control,37,1268,6,6,Dentist,1.0,Male,6,6 ,6 ,6 7 
control,37,79,0,0,Professor,0.0,Female,1,1 0 ,1 4 0 ,1 0 
control,37,804,4,4,Psychologist,0.0,Female,4,4 ,4 ,4 
control,37,840,4,4,Psychologist,0.0,Female,4,4 ,4 ,4 
control,37,1444,7,7,Surgeon,0.0,Female,7,1 7 ,1 7 ,1 7 
control,37,1693,3,8,Painter,1.0,Male,8,2 3 5 8 ,2 3 5 8 ,2 3 5 8 
control,37,1290,6,6,Dentist,1.0,Male,6,6 ,6 ,6 
control,37,616,3,3,Journalist,0.0,Female,3,3 ,3 ,3 
control,37,641,2,3,Journalist,0.0,Female,3,3 ,3 ,3 
control,37,294,1,1,Physician,0.0,Female,1,1 ,1 ,1 
control,37,289,1,1,Physician,0.0,Female,1,1 ,1 ,1 
control,37,1140,0,5,Teacher,1.0,Male,0,0 ,0 ,0 
control,37,568,2,2,Photographer,1.0,Male,2,2 ,2 ,2 
control,37,153,0,0,Professor,1.0,Male,0,3 0 ,3 5 0 ,3 5 0 
control,37,799,3,3,Journalist,0.0,Female,3,3 ,3 ,3 
control,37,449,2,2,Photographer,1.0,Male,2,2 ,2 ,2 
control,37,1174,3,5,Teacher,0.0,Female,3,3 5 ,3 5 0 ,3 5 0 
control,37,865,4,4,Psychologist,0.0,Female,5,3 5 ,3 4 5 ,3 4 5 
control,37,1845,9,9,Model,0.0,Female,9,9 ,3 9 ,9 
control,37,1249,6,6,Dentist,0.0,Female,6,6 ,6 7 ,6 
control,37,310,7,1,Physician,1.0,Male,1,1 7 ,1 6 7 ,1 7 
control,37,1915,9,9,Model,0.0,Female,9,9 ,9 ,9 
control,37,86,4,0,Professor,0.0,Female,0,5 0 ,5 0 ,5 0 
control,38,1294,6,6,Dentist,0.0,Female,6,6 ,6 ,6 
control,38,1327,6,6,Dentist,0.0,Female,6,1 6 7 ,1 6 ,1 6 
control,38,1609,0,8,Painter,0.0,Female,8,8 ,8 0 ,8 
control,38,494,2,2,Photographer,0.0,Female,2,2 9 ,2 9 ,2 9 
control,38,21,0,0,Professor,0.0,Female,0,0 ,0 ,0 
control,38,1009,3,5,Teacher,1.0,Male,3,2 3 ,2 3 ,2 3 4 
control,38,103,0,0,Professor,1.0,Male,0,0 ,0 ,4 0 
control,38,1639,8,8,Painter,1.0,Male,2,2 8 ,2 8 ,2 8 
control,38,982,4,4,Psychologist,0.0,Female,4,4 ,4 ,4 
control,38,718,3,3,Journalist,1.0,Male,3,3 5 ,3 5 ,3 5 
control,38,1189,4,5,Teacher,0.0,Female,4,4 5 ,4 5 ,4 
control,38,1399,6,6,Dentist,1.0,Male,6,6 ,6 ,6 7 
control,38,1809,9,9,Model,0.0,Female,9,9 ,9 ,9 
control,38,764,3,3,Journalist,1.0,Male,3,3 ,3 ,3 
control,38,1401,1,7,Surgeon,1.0,Male,1,1 7 ,1 7 ,1 7 
control,38,1768,8,8,Painter,0.0,Female,5,2 3 5 ,2 3 5 8 ,2 3 5 
control,38,16,5,0,Professor,1.0,Male,5,5 ,5 ,5 
control,38,437,2,2,Photographer,0.0,Female,2,2 ,2 ,2 
control,38,267,7,1,Physician,0.0,Female,1,1 6 ,1 6 ,1 
control,38,1110,5,5,Teacher,0.0,Female,5,3 5 ,3 5 ,5 
control,38,1297,6,6,Dentist,1.0,Male,6,6 ,6 ,6 
control,38,685,3,3,Journalist,0.0,Female,3,3 ,3 ,3 
control,38,229,1,1,Physician,0.0,Female,1,1 ,1 ,1 
control,38,669,3,3,Journalist,1.0,Male,3,2 3 ,2 3 ,2 3 
control,38,1504,7,7,Surgeon,1.0,Male,7,1 7 ,1 7 ,1 7 
control,38,11,0,0,Professor,1.0,Male,0,1 0 ,1 0 ,1 0 
control,38,837,4,4,Psychologist,0.0,Female,4,4 ,4 ,4 
control,38,1976,9,9,Model,0.0,Female,3,3 5 9 ,2 3 5 9 ,3 5 9 
control,38,1888,0,9,Model,0.0,Female,3,3 9 ,1 3 4 7 9 ,3 7 9 
control,38,433,2,2,Photographer,0.0,Female,2,2 ,2 ,2 
control,38,1149,5,5,Teacher,1.0,Male,5,5 ,5 ,5 9 
control,38,255,1,1,Physician,0.0,Female,1,1 6 ,1 6 ,1 
control,38,973,4,4,Psychologist,0.0,Female,4,4 ,4 6 ,4 
control,38,1278,6,6,Dentist,1.0,Male,6,6 7 ,6 7 ,6 7 
control,38,877,4,4,Psychologist,0.0,Female,3,3 4 5 ,3 4 5 ,3 4 5 
control,38,1941,9,9,Model,0.0,Female,9,9 ,9 ,9 
control,38,1792,8,8,Painter,1.0,Male,8,8 ,8 ,8 
control,38,224,1,1,Physician,0.0,Female,1,1 6 ,1 6 ,1 6 
control,38,544,2,2,Photographer,1.0,Male,2,2 ,2 ,2 
control,38,138,3,0,Professor,1.0,Male,3,3 0 ,3 5 0 ,3 4 5 0 
control,38,1590,9,7,Surgeon,1.0,Male,7,7 ,7 ,6 7 
control,38,1039,8,5,Teacher,1.0,Male,3,2 3 9 ,2 3 5 9 ,2 3 9 
control,38,507,8,2,Photographer,1.0,Male,2,2 ,2 ,2 
control,38,665,3,3,Journalist,0.0,Female,3,3 ,3 ,3 
control,38,1583,1,7,Surgeon,1.0,Male,3,3 7 ,3 7 ,3 7 
control,38,895,0,4,Psychologist,0.0,Female,4,4 0 ,3 4 0 ,4 0 
control,38,1406,6,7,Surgeon,1.0,Male,7,1 6 7 ,1 6 7 0 ,1 6 7 0 
control,38,1658,8,8,Painter,1.0,Male,8,2 8 ,2 5 8 ,2 5 8 
control,38,1965,1,9,Model,1.0,Male,3,3 6 ,2 3 6 ,2 3 6 
control,38,235,1,1,Physician,0.0,Female,1,1 ,1 ,1 
control,39,330,1,1,Physician,0.0,Female,1,1 6 ,1 6 ,1 
control,39,763,3,3,Journalist,1.0,Male,3,3 ,3 ,3 
control,39,669,3,3,Journalist,1.0,Male,3,2 3 ,2 3 ,2 3 
control,39,1759,8,8,Painter,0.0,Female,8,8 ,8 ,8 
control,39,1157,5,5,Teacher,0.0,Female,5,1 5 0 ,5 0 ,5 0 
control,39,1277,6,6,Dentist,1.0,Male,6,6 ,6 ,6 7 
control,39,1373,6,6,Dentist,0.0,Female,6,6 ,6 ,6 
control,39,1327,7,6,Dentist,0.0,Female,6,1 6 7 ,1 6 ,1 6 
control,39,894,5,4,Psychologist,1.0,Male,4,4 ,4 ,4 0 
control,39,1294,6,6,Dentist,0.0,Female,6,6 ,6 ,6 
control,39,403,4,2,Photographer,1.0,Male,2,2 5 ,2 3 5 9 ,2 3 5 9 
control,39,1406,6,7,Surgeon,1.0,Male,7,1 6 7 ,1 6 7 0 ,1 6 7 0 
control,39,1149,5,5,Teacher,1.0,Male,5,5 ,5 ,5 9 
control,39,224,7,1,Physician,0.0,Female,1,1 6 ,1 6 ,1 6 
control,39,718,3,3,Journalist,1.0,Male,3,3 5 ,3 5 ,3 5 
control,39,229,7,1,Physician,0.0,Female,1,1 ,1 ,1 
control,39,1888,9,9,Model,0.0,Female,3,3 9 ,1 3 4 7 9 ,3 7 9 
control,39,1609,3,8,Painter,0.0,Female,8,8 ,8 0 ,8 
control,39,1505,3,7,Surgeon,1.0,Male,3,3 5 ,3 5 ,3 5 
control,39,1583,3,7,Surgeon,1.0,Male,3,3 7 ,3 7 ,3 7 
control,39,1941,9,9,Model,0.0,Female,9,9 ,9 ,9 
control,39,1976,9,9,Model,0.0,Female,3,3 5 9 ,2 3 5 9 ,3 5 9 
control,39,837,4,4,Psychologist,0.0,Female,4,4 ,4 ,4 
control,39,1657,8,8,Painter,1.0,Male,5,5 8 9 ,5 8 9 ,5 8 9 
control,39,665,3,3,Journalist,0.0,Female,3,3 ,3 ,3 
control,39,981,4,4,Psychologist,0.0,Female,3,2 3 5 ,2 3 ,2 3 
control,39,11,7,0,Professor,1.0,Male,0,1 0 ,1 0 ,1 0 
control,39,1297,6,6,Dentist,1.0,Male,6,6 ,6 ,6 
control,39,1949,9,9,Model,0.0,Female,9,3 9 ,3 9 ,3 9 
control,39,1110,5,5,Teacher,0.0,Female,5,3 5 ,3 5 ,5 
control,39,102,0,0,Professor,1.0,Male,0,4 0 ,4 0 ,4 0 
control,39,10,5,0,Professor,0.0,Female,0,0 ,0 ,0 
control,39,16,1,0,Professor,1.0,Male,5,5 ,5 ,5 
control,39,432,8,2,Photographer,1.0,Male,2,2 ,2 9 ,2 9 
control,39,1768,3,8,Painter,0.0,Female,5,2 3 5 ,2 3 5 8 ,2 3 5 
control,39,267,7,1,Physician,0.0,Female,1,1 6 ,1 6 ,1 
control,39,680,3,3,Journalist,0.0,Female,0,4 0 ,1 4 7 0 ,4 0 
control,39,543,2,2,Photographer,0.0,Female,2,2 9 ,2 3 4 9 ,2 4 9 
control,39,138,3,0,Professor,1.0,Male,3,3 0 ,3 5 0 ,3 4 5 0 
control,39,1590,9,7,Surgeon,1.0,Male,7,7 ,7 ,6 7 
control,39,972,0,4,Psychologist,1.0,Male,4,1 4 ,4 ,4 
control,39,833,4,4,Psychologist,1.0,Male,4,4 ,4 ,4 
control,39,507,8,2,Photographer,1.0,Male,2,2 ,2 ,2 
control,39,437,2,2,Photographer,0.0,Female,2,2 ,2 ,2 
control,39,255,7,1,Physician,0.0,Female,1,1 6 ,1 6 ,1 
control,39,1810,9,9,Model,0.0,Female,9,9 ,9 ,9 
control,39,1487,0,7,Surgeon,0.0,Female,0,0 ,4 0 ,4 0 
control,39,1792,5,8,Painter,1.0,Male,8,8 ,8 ,8 
control,39,1189,9,5,Teacher,0.0,Female,4,4 5 ,4 5 ,4 
control,39,1039,3,5,Teacher,1.0,Male,3,2 3 9 ,2 3 5 9 ,2 3 9 
control,40,1487,7,7,Surgeon,0.0,Female,0,0 ,4 0 ,4 0 
control,40,763,3,3,Journalist,1.0,Male,3,3 ,3 ,3 
control,40,254,7,1,Physician,0.0,Female,1,1 ,1 ,1 
control,40,1109,5,5,Teacher,0.0,Female,5,5 ,5 ,5 
control,40,103,7,0,Professor,1.0,Male,0,0 ,0 ,4 0 
control,40,1327,4,6,Dentist,0.0,Female,6,1 6 7 ,1 6 ,1 6 
control,40,833,4,4,Psychologist,1.0,Male,4,4 ,4 ,4 
control,40,1501,7,7,Surgeon,1.0,Male,7,1 6 7 ,1 6 7 ,1 6 7 
control,40,971,3,4,Psychologist,0.0,Female,0,0 ,0 ,0 
control,40,894,4,4,Psychologist,1.0,Male,4,4 ,4 ,4 0 
control,40,1949,5,9,Model,0.0,Female,9,3 9 ,3 9 ,3 9 
control,40,11,7,0,Professor,1.0,Male,0,1 0 ,1 0 ,1 0 
control,40,10,5,0,Professor,0.0,Female,0,0 ,0 ,0 
control,40,1148,5,5,Teacher,1.0,Male,2,2 8 ,2 8 ,2 8 
control,40,1777,7,8,Painter,0.0,Female,8,8 ,8 ,8 
control,40,1759,8,8,Painter,0.0,Female,8,8 ,8 ,8 
control,40,403,3,2,Photographer,1.0,Male,2,2 5 ,2 3 5 9 ,2 3 5 9 
control,40,267,7,1,Physician,0.0,Female,1,1 6 ,1 6 ,1 
control,40,669,1,3,Journalist,1.0,Male,3,2 3 ,2 3 ,2 3 
control,40,1277,4,6,Dentist,1.0,Male,6,6 ,6 ,6 7 
control,40,1405,4,7,Surgeon,1.0,Male,7,7 ,7 ,1 7 
control,40,1768,3,8,Painter,0.0,Female,5,2 3 5 ,2 3 5 8 ,2 3 5 
control,40,1038,5,5,Teacher,0.0,Female,5,5 ,5 ,5 
control,40,498,2,2,Photographer,1.0,Male,2,2 ,2 ,2 
control,40,1792,3,8,Painter,1.0,Male,8,8 ,8 ,8 
control,40,1590,4,7,Surgeon,1.0,Male,7,7 ,7 ,6 7 
control,40,976,4,4,Psychologist,0.0,Female,4,1 4 ,4 ,4 
control,40,631,4,3,Journalist,1.0,Male,3,3 ,3 ,2 3 
control,40,1658,8,8,Painter,1.0,Male,8,2 8 ,2 5 8 ,2 5 8 
control,40,224,7,1,Physician,0.0,Female,1,1 6 ,1 6 ,1 6 
control,40,432,8,2,Photographer,1.0,Male,2,2 ,2 9 ,2 9 
control,40,138,0,0,Professor,1.0,Male,3,3 0 ,3 5 0 ,3 4 5 0 
control,40,1373,7,6,Dentist,0.0,Female,6,6 ,6 ,6 
control,40,664,4,3,Journalist,1.0,Male,3,2 3 0 ,1 2 3 0 ,1 2 3 0 
control,40,1809,9,9,Model,0.0,Female,9,9 ,9 ,9 
control,40,437,2,2,Photographer,0.0,Female,2,2 ,2 ,2 
control,40,1157,5,5,Teacher,0.0,Female,5,1 5 0 ,5 0 ,5 0 
control,40,837,4,4,Psychologist,0.0,Female,4,4 ,4 ,4 
control,40,266,5,1,Physician,0.0,Female,1,1 6 ,1 ,1 
control,40,1229,1,6,Dentist,0.0,Female,6,6 7 ,6 7 ,6 7 
control,40,543,9,2,Photographer,0.0,Female,2,2 9 ,2 3 4 9 ,2 4 9 
control,40,643,0,3,Journalist,1.0,Male,3,3 ,3 ,3 
control,40,1153,9,5,Teacher,1.0,Male,2,2 3 ,2 3 5 ,2 3 5 
control,40,94,5,0,Professor,0.0,Female,0,2 5 0 ,2 5 0 ,5 0 
control,40,1941,9,9,Model,0.0,Female,9,9 ,9 ,9 
control,40,1505,3,7,Surgeon,1.0,Male,3,3 5 ,3 5 ,3 5 
control,40,330,5,1,Physician,0.0,Female,1,1 6 ,1 6 ,1 
control,40,1888,0,9,Model,0.0,Female,3,3 9 ,1 3 4 7 9 ,3 7 9 
control,40,1294,6,6,Dentist,0.0,Female,6,6 ,6 ,6 
control,40,1918,9,9,Model,1.0,Male,9,5 9 ,2 5 9 ,2 5 9 0 
control,41,507,2,2,Photographer,1.0,Male,2,2 ,2 ,2 
control,41,1294,6,6,Dentist,0.0,Female,6,6 ,6 ,6 
control,41,1810,9,9,Model,0.0,Female,9,9 ,9 ,9 
control,41,437,2,2,Photographer,0.0,Female,2,2 ,2 ,2 
control,41,1792,8,8,Painter,1.0,Male,8,8 ,8 ,8 
control,41,972,4,4,Psychologist,1.0,Male,4,1 4 ,4 ,4 
control,41,1297,6,6,Dentist,1.0,Male,6,6 ,6 ,6 
control,41,1157,5,5,Teacher,0.0,Female,5,1 5 0 ,5 0 ,5 0 
control,41,16,1,0,Professor,1.0,Male,5,5 ,5 ,5 
control,41,665,3,3,Journalist,0.0,Female,3,3 ,3 ,3 
control,41,1327,6,6,Dentist,0.0,Female,6,1 6 7 ,1 6 ,1 6 
control,41,837,4,4,Psychologist,0.0,Female,4,4 ,4 ,4 
control,41,1590,1,7,Surgeon,1.0,Male,7,7 ,7 ,6 7 
control,41,833,4,4,Psychologist,1.0,Male,4,4 ,4 ,4 
control,41,1888,0,9,Model,0.0,Female,3,3 9 ,1 3 4 7 9 ,3 7 9 
control,41,102,0,0,Professor,1.0,Male,0,4 0 ,4 0 ,4 0 
control,41,1609,3,8,Painter,0.0,Female,8,8 ,8 0 ,8 
control,41,1583,7,7,Surgeon,1.0,Male,3,3 7 ,3 7 ,3 7 
control,41,432,9,2,Photographer,1.0,Male,2,2 ,2 9 ,2 9 
control,41,1149,5,5,Teacher,1.0,Male,5,5 ,5 ,5 9 
control,41,1949,3,9,Model,0.0,Female,9,3 9 ,3 9 ,3 9 
control,41,224,7,1,Physician,0.0,Female,1,1 6 ,1 6 ,1 6 
control,41,330,7,1,Physician,0.0,Female,1,1 6 ,1 6 ,1 
control,41,1039,9,5,Teacher,1.0,Male,3,2 3 9 ,2 3 5 9 ,2 3 9 
control,41,267,1,1,Physician,0.0,Female,1,1 6 ,1 6 ,1 
control,41,255,7,1,Physician,0.0,Female,1,1 6 ,1 6 ,1 
control,41,1976,9,9,Model,0.0,Female,3,3 5 9 ,2 3 5 9 ,3 5 9 
control,41,981,4,4,Psychologist,0.0,Female,3,2 3 5 ,2 3 ,2 3 
control,41,1373,6,6,Dentist,0.0,Female,6,6 ,6 ,6 
control,41,1406,6,7,Surgeon,1.0,Male,7,1 6 7 ,1 6 7 0 ,1 6 7 0 
control,41,1110,5,5,Teacher,0.0,Female,5,3 5 ,3 5 ,5 
control,41,10,0,0,Professor,0.0,Female,0,0 ,0 ,0 
control,41,680,3,3,Journalist,0.0,Female,0,4 0 ,1 4 7 0 ,4 0 
control,41,1657,2,8,Painter,1.0,Male,5,5 8 9 ,5 8 9 ,5 8 9 
control,41,894,4,4,Psychologist,1.0,Male,4,4 ,4 ,4 0 
control,41,669,3,3,Journalist,1.0,Male,3,2 3 ,2 3 ,2 3 
control,41,1768,3,8,Painter,0.0,Female,5,2 3 5 ,2 3 5 8 ,2 3 5 
control,41,1487,0,7,Surgeon,0.0,Female,0,0 ,4 0 ,4 0 
control,41,763,3,3,Journalist,1.0,Male,3,3 ,3 ,3 
control,41,403,9,2,Photographer,1.0,Male,2,2 5 ,2 3 5 9 ,2 3 5 9 
control,41,543,2,2,Photographer,0.0,Female,2,2 9 ,2 3 4 9 ,2 4 9 
control,41,1941,9,9,Model,0.0,Female,9,9 ,9 ,9 
control,41,138,3,0,Professor,1.0,Male,3,3 0 ,3 5 0 ,3 4 5 0 
control,41,1189,4,5,Teacher,0.0,Female,4,4 5 ,4 5 ,4 
control,41,1759,8,8,Painter,0.0,Female,8,8 ,8 ,8 
control,41,11,7,0,Professor,1.0,Male,0,1 0 ,1 0 ,1 0 
control,41,1277,6,6,Dentist,1.0,Male,6,6 ,6 ,6 7 
control,41,718,3,3,Journalist,1.0,Male,3,3 5 ,3 5 ,3 5 
control,41,229,1,1,Physician,0.0,Female,1,1 ,1 ,1 
control,41,1505,3,7,Surgeon,1.0,Male,3,3 5 ,3 5 ,3 5 
control,42,1918,9,9,Model,1.0,Male,9,5 9 ,2 5 9 ,2 5 9 0 
control,42,543,4,2,Photographer,0.0,Female,2,2 9 ,2 3 4 9 ,2 4 9 
control,42,631,3,3,Journalist,1.0,Male,3,3 ,3 ,2 3 
control,42,1941,9,9,Model,0.0,Female,9,9 ,9 ,9 
control,42,833,4,4,Psychologist,1.0,Male,4,4 ,4 ,4 
control,42,1229,6,6,Dentist,0.0,Female,6,6 7 ,6 7 ,6 7 
control,42,267,1,1,Physician,0.0,Female,1,1 6 ,1 6 ,1 
control,42,94,5,0,Professor,0.0,Female,0,2 5 0 ,2 5 0 ,5 0 
control,42,1148,3,5,Teacher,1.0,Male,2,2 8 ,2 8 ,2 8 
control,42,1487,1,7,Surgeon,0.0,Female,0,0 ,4 0 ,4 0 
control,42,10,0,0,Professor,0.0,Female,0,0 ,0 ,0 
control,42,763,0,3,Journalist,1.0,Male,3,3 ,3 ,3 
control,42,1768,3,8,Painter,0.0,Female,5,2 3 5 ,2 3 5 8 ,2 3 5 
control,42,971,4,4,Psychologist,0.0,Female,0,0 ,0 ,0 
control,42,894,4,4,Psychologist,1.0,Male,4,4 ,4 ,4 0 
control,42,643,3,3,Journalist,1.0,Male,3,3 ,3 ,3 
control,42,11,1,0,Professor,1.0,Male,0,1 0 ,1 0 ,1 0 
control,42,669,3,3,Journalist,1.0,Male,3,2 3 ,2 3 ,2 3 
control,42,1590,1,7,Surgeon,1.0,Male,7,7 ,7 ,6 7 
control,42,1327,1,6,Dentist,0.0,Female,6,1 6 7 ,1 6 ,1 6 
control,42,432,2,2,Photographer,1.0,Male,2,2 ,2 9 ,2 9 
control,42,254,1,1,Physician,0.0,Female,1,1 ,1 ,1 
control,42,976,0,4,Psychologist,0.0,Female,4,1 4 ,4 ,4 
control,42,138,3,0,Professor,1.0,Male,3,3 0 ,3 5 0 ,3 4 5 0 
control,42,224,1,1,Physician,0.0,Female,1,1 6 ,1 6 ,1 6 
control,42,330,1,1,Physician,0.0,Female,1,1 6 ,1 6 ,1 
control,42,498,2,2,Photographer,1.0,Male,2,2 ,2 ,2 
control,42,266,1,1,Physician,0.0,Female,1,1 6 ,1 ,1 
control,42,1949,9,9,Model,0.0,Female,9,3 9 ,3 9 ,3 9 
control,42,1038,5,5,Teacher,0.0,Female,5,5 ,5 ,5 
control,42,1809,9,9,Model,0.0,Female,9,9 ,9 ,9 
control,42,1157,0,5,Teacher,0.0,Female,5,1 5 0 ,5 0 ,5 0 
control,42,1405,7,7,Surgeon,1.0,Male,7,7 ,7 ,1 7 
control,42,1294,6,6,Dentist,0.0,Female,6,6 ,6 ,6 
control,42,403,4,2,Photographer,1.0,Male,2,2 5 ,2 3 5 9 ,2 3 5 9 
control,42,1888,0,9,Model,0.0,Female,3,3 9 ,1 3 4 7 9 ,3 7 9 
control,42,1501,1,7,Surgeon,1.0,Male,7,1 6 7 ,1 6 7 ,1 6 7 
control,42,1759,8,8,Painter,0.0,Female,8,8 ,8 ,8 
control,42,1373,6,6,Dentist,0.0,Female,6,6 ,6 ,6 
control,42,437,2,2,Photographer,0.0,Female,2,2 ,2 ,2 
control,42,1792,8,8,Painter,1.0,Male,8,8 ,8 ,8 
control,42,1109,5,5,Teacher,0.0,Female,5,5 ,5 ,5 
control,42,837,1,4,Psychologist,0.0,Female,4,4 ,4 ,4 
control,42,1153,3,5,Teacher,1.0,Male,2,2 3 ,2 3 5 ,2 3 5 
control,42,1505,3,7,Surgeon,1.0,Male,3,3 5 ,3 5 ,3 5 
control,42,103,0,0,Professor,1.0,Male,0,0 ,0 ,4 0 
control,42,1658,8,8,Painter,1.0,Male,8,2 8 ,2 5 8 ,2 5 8 
control,42,1777,8,8,Painter,0.0,Female,8,8 ,8 ,8 
control,42,664,1,3,Journalist,1.0,Male,3,2 3 0 ,1 2 3 0 ,1 2 3 0 
control,42,1277,6,6,Dentist,1.0,Male,6,6 ,6 ,6 7 
control,43,719,3,3,Journalist,1.0,Male,5,5 9 ,5 9 ,5 9 
control,43,134,3,0,Professor,1.0,Male,0,0 ,0 ,3 0 
control,43,104,4,0,Professor,1.0,Male,0,0 ,0 ,0 
control,43,550,8,2,Photographer,1.0,Male,2,2 3 ,2 3 ,2 3 
control,43,895,0,4,Psychologist,0.0,Female,4,4 0 ,3 4 0 ,4 0 
control,43,413,8,2,Photographer,1.0,Male,8,8 ,8 ,2 8 
control,43,1673,8,8,Painter,1.0,Male,8,8 ,8 ,8 
control,43,1609,8,8,Painter,0.0,Female,8,8 ,8 0 ,8 
control,43,1965,8,9,Model,1.0,Male,3,3 6 ,2 3 6 ,2 3 6 
control,43,637,3,3,Journalist,0.0,Female,3,2 3 ,2 3 5 ,2 3 
control,43,1604,8,8,Painter,0.0,Female,8,8 ,8 ,8 
control,43,21,0,0,Professor,0.0,Female,0,0 ,0 ,0 
control,43,1273,0,6,Dentist,0.0,Female,6,6 ,6 ,6 
control,43,309,1,1,Physician,0.0,Female,1,1 6 ,1 ,1 
control,43,1957,9,9,Model,0.0,Female,9,9 ,2 9 ,9 
control,43,1216,6,6,Dentist,1.0,Male,6,6 ,6 ,1 6 
control,43,229,1,1,Physician,0.0,Female,1,1 ,1 ,1 
control,43,1185,5,5,Teacher,1.0,Male,5,5 7 ,5 7 ,5 7 
control,43,1008,5,5,Teacher,0.0,Female,5,3 5 ,3 5 8 ,3 5 8 
control,43,225,1,1,Physician,0.0,Female,1,1 ,1 ,1 
control,43,1278,6,6,Dentist,1.0,Male,6,6 7 ,6 7 ,6 7 
control,43,1976,9,9,Model,0.0,Female,3,3 5 9 ,2 3 5 9 ,3 5 9 
control,43,991,4,4,Psychologist,1.0,Male,5,3 5 ,2 3 4 5 ,2 3 4 5 
control,43,1110,5,5,Teacher,0.0,Female,5,3 5 ,3 5 ,5 
control,43,689,3,3,Journalist,1.0,Male,3,3 ,3 ,3 5 
control,43,765,1,3,Journalist,0.0,Female,3,3 ,3 ,3 
control,43,849,1,4,Psychologist,0.0,Female,4,4 0 ,4 0 ,4 
control,43,686,5,3,Journalist,0.0,Female,3,3 ,3 ,3 
control,43,1583,3,7,Surgeon,1.0,Male,3,3 7 ,3 7 ,3 7 
control,43,982,2,4,Psychologist,0.0,Female,4,4 ,4 ,4 
control,43,59,4,0,Professor,0.0,Female,0,0 ,0 ,0 
control,43,1560,3,7,Surgeon,0.0,Female,6,1 6 7 ,1 6 7 0 ,1 6 7 0 
control,43,1941,4,9,Model,0.0,Female,9,9 ,9 ,9 
control,43,509,3,2,Photographer,1.0,Male,2,2 ,2 ,2 
control,43,1401,0,7,Surgeon,1.0,Male,1,1 7 ,1 7 ,1 7 
control,43,1135,5,5,Teacher,0.0,Female,5,5 9 ,5 ,5 
control,43,1190,4,5,Teacher,1.0,Male,0,0 ,5 0 ,5 0 
control,43,1639,1,8,Painter,1.0,Male,2,2 8 ,2 8 ,2 8 
control,43,878,5,4,Psychologist,1.0,Male,0,4 0 ,4 6 0 ,4 6 0 
control,43,342,3,1,Physician,1.0,Male,0,1 0 ,0 ,1 0 
control,43,1417,5,7,Surgeon,1.0,Male,1,1 ,1 ,1 
control,43,1297,1,6,Dentist,1.0,Male,6,6 ,6 ,6 
control,43,437,2,2,Photographer,0.0,Female,2,2 ,2 ,2 
control,43,1504,1,7,Surgeon,1.0,Male,7,1 7 ,1 7 ,1 7 
control,43,1768,3,8,Painter,0.0,Female,5,2 3 5 ,2 3 5 8 ,2 3 5 
control,43,1399,6,6,Dentist,1.0,Male,6,6 ,6 ,6 7 
control,43,1995,9,9,Model,0.0,Female,9,9 ,9 ,9 
control,43,236,1,1,Physician,0.0,Female,1,1 6 ,1 ,1 
control,43,495,2,2,Photographer,0.0,Female,2,2 ,2 ,2 
control,43,17,2,0,Professor,1.0,Male,3,3 0 ,3 5 0 ,3 5 0 
control,44,1915,9,9,Model,0.0,Female,9,9 ,9 ,9 
control,44,616,3,3,Journalist,0.0,Female,3,3 ,3 ,3 
control,44,1756,8,8,Painter,0.0,Female,8,2 8 ,2 8 9 ,2 8 9 
control,44,135,3,0,Professor,1.0,Male,0,0 ,0 ,0 
control,44,1604,8,8,Painter,0.0,Female,8,8 ,8 ,8 
control,44,1417,7,7,Surgeon,1.0,Male,1,1 ,1 ,1 
control,44,414,2,2,Photographer,1.0,Male,2,2 ,2 ,2 
control,44,1956,9,9,Model,0.0,Female,2,2 ,2 ,2 
control,44,294,1,1,Physician,0.0,Female,1,1 ,1 ,1 
control,44,799,3,3,Journalist,0.0,Female,3,3 ,3 ,3 
control,44,79,1,0,Professor,0.0,Female,1,1 0 ,1 4 0 ,1 0 
control,44,289,1,1,Physician,0.0,Female,1,1 ,1 ,1 
control,44,383,1,1,Physician,1.0,Male,1,1 6 ,1 6 ,1 
control,44,449,2,2,Photographer,1.0,Male,2,2 ,2 ,2 
control,44,1053,5,5,Teacher,0.0,Female,5,2 3 5 9 ,2 5 9 ,2 5 9 
control,44,991,4,4,Psychologist,1.0,Male,5,3 5 ,2 3 4 5 ,2 3 4 5 
control,44,840,4,4,Psychologist,0.0,Female,4,4 ,4 ,4 
control,44,1730,8,8,Painter,1.0,Male,8,8 ,8 ,8 
control,44,110,1,0,Professor,0.0,Female,1,1 0 ,1 ,1 0 
control,44,873,4,4,Psychologist,1.0,Male,4,4 6 ,4 6 ,4 6 
control,44,641,2,3,Journalist,0.0,Female,3,3 ,3 ,3 
control,44,1249,6,6,Dentist,0.0,Female,6,6 ,6 7 ,6 
control,44,310,1,1,Physician,1.0,Male,1,1 7 ,1 6 7 ,1 7 
control,44,1845,9,9,Model,0.0,Female,9,9 ,3 9 ,9 
control,44,1586,7,7,Surgeon,1.0,Male,7,7 ,7 ,7 
control,44,312,1,1,Physician,1.0,Male,1,1 6 ,1 ,1 6 
control,44,1929,9,9,Model,0.0,Female,9,3 9 ,2 3 9 ,3 9 
control,44,86,3,0,Professor,0.0,Female,0,5 0 ,5 0 ,5 0 
control,44,1693,0,8,Painter,1.0,Male,8,2 3 5 8 ,2 3 5 8 ,2 3 5 8 
control,44,153,3,0,Professor,1.0,Male,0,3 0 ,3 5 0 ,3 5 0 
control,44,1268,6,6,Dentist,1.0,Male,6,6 ,6 ,6 7 
control,44,1444,7,7,Surgeon,0.0,Female,7,1 7 ,1 7 ,1 7 
control,44,591,2,2,Photographer,1.0,Male,2,2 8 ,2 4 8 0 ,2 8 0 
control,44,1140,0,5,Teacher,1.0,Male,0,0 ,0 ,0 
control,44,1851,0,9,Model,1.0,Male,9,3 6 9 ,2 3 6 9 ,2 3 6 9 
control,44,568,2,2,Photographer,1.0,Male,2,2 ,2 ,2 
control,44,1016,0,5,Teacher,1.0,Male,5,5 0 ,4 5 0 ,4 5 0 
control,44,1290,6,6,Dentist,1.0,Male,6,6 ,6 ,6 
control,44,1204,6,6,Dentist,1.0,Male,6,6 ,6 ,1 6 
control,44,409,5,2,Photographer,1.0,Male,2,2 ,2 ,2 3 
control,44,1174,1,5,Teacher,0.0,Female,3,3 5 ,3 5 0 ,3 5 0 
control,44,1476,1,7,Surgeon,1.0,Male,7,7 ,7 ,6 7 
control,44,1216,6,6,Dentist,1.0,Male,6,6 ,6 ,1 6 
control,44,633,3,3,Journalist,0.0,Female,3,3 ,3 ,3 
control,44,688,3,3,Journalist,1.0,Male,3,3 ,3 ,3 0 
control,44,1185,0,5,Teacher,1.0,Male,5,5 7 ,5 7 ,5 7 
control,44,1798,2,8,Painter,1.0,Male,8,2 8 ,2 8 ,2 8 
control,44,865,4,4,Psychologist,0.0,Female,5,3 5 ,3 4 5 ,3 4 5 
control,44,804,4,4,Psychologist,0.0,Female,4,4 ,4 ,4 
control,44,1540,1,7,Surgeon,0.0,Female,6,6 7 ,6 7 ,6 
control,45,1406,6,7,Surgeon,1.0,Male,7,1 6 7 ,1 6 7 0 ,1 6 7 0 
control,45,1294,6,6,Dentist,0.0,Female,6,6 ,6 ,6 
control,45,686,3,3,Journalist,0.0,Female,3,3 ,3 ,3 
control,45,1110,0,5,Teacher,0.0,Female,5,3 5 ,3 5 ,5 
control,45,1560,7,7,Surgeon,0.0,Female,6,1 6 7 ,1 6 7 0 ,1 6 7 0 
control,45,304,7,1,Physician,1.0,Male,1,1 6 7 ,1 7 ,1 
control,45,973,4,4,Psychologist,0.0,Female,4,4 ,4 6 ,4 
control,45,342,0,1,Physician,1.0,Male,0,1 0 ,0 ,1 0 
control,45,1583,0,7,Surgeon,1.0,Male,3,3 7 ,3 7 ,3 7 
control,45,1399,6,6,Dentist,1.0,Male,6,6 ,6 ,6 7 
control,45,1941,9,9,Model,0.0,Female,9,9 ,9 ,9 
control,45,719,9,3,Journalist,1.0,Male,5,5 9 ,5 9 ,5 9 
control,45,1278,6,6,Dentist,1.0,Male,6,6 7 ,6 7 ,6 7 
control,45,1673,8,8,Painter,1.0,Male,8,8 ,8 ,8 
control,45,225,1,1,Physician,0.0,Female,1,1 ,1 ,1 
control,45,982,4,4,Psychologist,0.0,Female,4,4 ,4 ,4 
control,45,229,1,1,Physician,0.0,Female,1,1 ,1 ,1 
control,45,59,0,0,Professor,0.0,Female,0,0 ,0 ,0 
control,45,849,4,4,Psychologist,0.0,Female,4,4 0 ,4 0 ,4 
control,45,1888,1,9,Model,0.0,Female,3,3 9 ,1 3 4 7 9 ,3 7 9 
control,45,1505,3,7,Surgeon,1.0,Male,3,3 5 ,3 5 ,3 5 
control,45,1639,0,8,Painter,1.0,Male,2,2 8 ,2 8 ,2 8 
control,45,895,4,4,Psychologist,0.0,Female,4,4 0 ,3 4 0 ,4 0 
control,45,1135,5,5,Teacher,0.0,Female,5,5 9 ,5 ,5 
control,45,494,8,2,Photographer,0.0,Female,2,2 9 ,2 9 ,2 9 
control,45,11,7,0,Professor,1.0,Male,0,1 0 ,1 0 ,1 0 
control,45,433,0,2,Photographer,0.0,Female,2,2 ,2 ,2 
control,45,437,2,2,Photographer,0.0,Female,2,2 ,2 ,2 
control,45,1401,1,7,Surgeon,1.0,Male,1,1 7 ,1 7 ,1 7 
control,45,1995,9,9,Model,0.0,Female,9,9 ,9 ,9 
control,45,1273,6,6,Dentist,0.0,Female,6,6 ,6 ,6 
control,45,1009,3,5,Teacher,1.0,Male,3,2 3 ,2 3 ,2 3 4 
control,45,765,1,3,Journalist,0.0,Female,3,3 ,3 ,3 
control,45,1768,3,8,Painter,0.0,Female,5,2 3 5 ,2 3 5 8 ,2 3 5 
control,45,235,1,1,Physician,0.0,Female,1,1 ,1 ,1 
control,45,16,1,0,Professor,1.0,Male,5,5 ,5 ,5 
control,45,1657,8,8,Painter,1.0,Male,5,5 8 9 ,5 8 9 ,5 8 9 
control,45,637,3,3,Journalist,0.0,Female,3,2 3 ,2 3 5 ,2 3 
control,45,508,2,2,Photographer,1.0,Male,2,2 ,2 ,2 
control,45,1039,0,5,Teacher,1.0,Male,3,2 3 9 ,2 3 5 9 ,2 3 9 
control,45,1976,3,9,Model,0.0,Female,3,3 5 9 ,2 3 5 9 ,3 5 9 
control,45,1609,3,8,Painter,0.0,Female,8,8 ,8 0 ,8 
control,45,1965,3,9,Model,1.0,Male,3,3 6 ,2 3 6 ,2 3 6 
control,45,1296,2,6,Dentist,1.0,Male,7,7 ,5 7 ,5 7 
control,45,669,3,3,Journalist,1.0,Male,3,2 3 ,2 3 ,2 3 
control,45,21,1,0,Professor,0.0,Female,0,0 ,0 ,0 
control,45,1190,1,5,Teacher,1.0,Male,0,0 ,5 0 ,5 0 
control,45,549,2,2,Photographer,1.0,Male,2,2 ,2 ,2 
control,45,103,0,0,Professor,1.0,Male,0,0 ,0 ,4 0 
control,45,877,0,4,Psychologist,0.0,Female,3,3 4 5 ,3 4 5 ,3 4 5 
control,46,894,4,4,Psychologist,1.0,Male,4,4 ,4 ,4 0 
control,46,229,1,1,Physician,0.0,Female,1,1 ,1 ,1 
control,46,1792,8,8,Painter,1.0,Male,8,8 ,8 ,8 
control,46,1487,1,7,Surgeon,0.0,Female,0,0 ,4 0 ,4 0 
control,46,11,1,0,Professor,1.0,Male,0,1 0 ,1 0 ,1 0 
control,46,1949,9,9,Model,0.0,Female,9,3 9 ,3 9 ,3 9 
control,46,1149,5,5,Teacher,1.0,Male,5,5 ,5 ,5 9 
control,46,1297,6,6,Dentist,1.0,Male,6,6 ,6 ,6 
control,46,665,3,3,Journalist,0.0,Female,3,3 ,3 ,3 
control,46,1941,9,9,Model,0.0,Female,9,9 ,9 ,9 
control,46,1157,5,5,Teacher,0.0,Female,5,1 5 0 ,5 0 ,5 0 
control,46,1976,3,9,Model,0.0,Female,3,3 5 9 ,2 3 5 9 ,3 5 9 
control,46,1583,1,7,Surgeon,1.0,Male,3,3 7 ,3 7 ,3 7 
control,46,1110,5,5,Teacher,0.0,Female,5,3 5 ,3 5 ,5 
control,46,972,4,4,Psychologist,1.0,Male,4,1 4 ,4 ,4 
control,46,1609,3,8,Painter,0.0,Female,8,8 ,8 0 ,8 
control,46,432,2,2,Photographer,1.0,Male,2,2 ,2 9 ,2 9 
control,46,1406,6,7,Surgeon,1.0,Male,7,1 6 7 ,1 6 7 0 ,1 6 7 0 
control,46,1768,8,8,Painter,0.0,Female,5,2 3 5 ,2 3 5 8 ,2 3 5 
control,46,833,4,4,Psychologist,1.0,Male,4,4 ,4 ,4 
control,46,1277,6,6,Dentist,1.0,Male,6,6 ,6 ,6 7 
control,46,1039,8,5,Teacher,1.0,Male,3,2 3 9 ,2 3 5 9 ,2 3 9 
control,46,267,7,1,Physician,0.0,Female,1,1 6 ,1 6 ,1 
control,46,837,4,4,Psychologist,0.0,Female,4,4 ,4 ,4 
control,46,102,0,0,Professor,1.0,Male,0,4 0 ,4 0 ,4 0 
control,46,718,3,3,Journalist,1.0,Male,3,3 5 ,3 5 ,3 5 
control,46,1657,5,8,Painter,1.0,Male,5,5 8 9 ,5 8 9 ,5 8 9 
control,46,680,3,3,Journalist,0.0,Female,0,4 0 ,1 4 7 0 ,4 0 
control,46,669,3,3,Journalist,1.0,Male,3,2 3 ,2 3 ,2 3 
control,46,1373,6,6,Dentist,0.0,Female,6,6 ,6 ,6 
control,46,10,0,0,Professor,0.0,Female,0,0 ,0 ,0 
control,46,437,2,2,Photographer,0.0,Female,2,2 ,2 ,2 
control,46,1888,0,9,Model,0.0,Female,3,3 9 ,1 3 4 7 9 ,3 7 9 
control,46,1327,6,6,Dentist,0.0,Female,6,1 6 7 ,1 6 ,1 6 
control,46,543,2,2,Photographer,0.0,Female,2,2 9 ,2 3 4 9 ,2 4 9 
control,46,1505,3,7,Surgeon,1.0,Male,3,3 5 ,3 5 ,3 5 
control,46,138,3,0,Professor,1.0,Male,3,3 0 ,3 5 0 ,3 4 5 0 
control,46,1294,6,6,Dentist,0.0,Female,6,6 ,6 ,6 
control,46,981,5,4,Psychologist,0.0,Female,3,2 3 5 ,2 3 ,2 3 
control,46,1590,9,7,Surgeon,1.0,Male,7,7 ,7 ,6 7 
control,46,330,1,1,Physician,0.0,Female,1,1 6 ,1 6 ,1 
control,46,224,1,1,Physician,0.0,Female,1,1 6 ,1 6 ,1 6 
control,46,763,3,3,Journalist,1.0,Male,3,3 ,3 ,3 
control,46,1810,9,9,Model,0.0,Female,9,9 ,9 ,9 
control,46,403,3,2,Photographer,1.0,Male,2,2 5 ,2 3 5 9 ,2 3 5 9 
control,46,16,4,0,Professor,1.0,Male,5,5 ,5 ,5 
control,46,1759,8,8,Painter,0.0,Female,8,8 ,8 ,8 
control,46,255,1,1,Physician,0.0,Female,1,1 6 ,1 6 ,1 
control,46,507,2,2,Photographer,1.0,Male,2,2 ,2 ,2 
control,46,1189,4,5,Teacher,0.0,Female,4,4 5 ,4 5 ,4 
control,47,1185,4,5,Teacher,1.0,Male,5,5 7 ,5 7 ,5 7 
control,47,153,0,0,Professor,1.0,Male,0,3 0 ,3 5 0 ,3 5 0 
control,47,1016,3,5,Teacher,1.0,Male,5,5 0 ,4 5 0 ,4 5 0 
control,47,1756,2,8,Painter,0.0,Female,8,2 8 ,2 8 9 ,2 8 9 
control,47,1929,9,9,Model,0.0,Female,9,3 9 ,2 3 9 ,3 9 
control,47,1915,9,9,Model,0.0,Female,9,9 ,9 ,9 
control,47,1476,7,7,Surgeon,1.0,Male,7,7 ,7 ,6 7 
control,47,616,9,3,Journalist,0.0,Female,3,3 ,3 ,3 
control,47,289,3,1,Physician,0.0,Female,1,1 ,1 ,1 
control,47,1290,6,6,Dentist,1.0,Male,6,6 ,6 ,6 
control,47,1956,9,9,Model,0.0,Female,2,2 ,2 ,2 
control,47,110,7,0,Professor,0.0,Female,1,1 0 ,1 ,1 0 
control,47,1053,4,5,Teacher,0.0,Female,5,2 3 5 9 ,2 5 9 ,2 5 9 
control,47,312,7,1,Physician,1.0,Male,1,1 6 ,1 ,1 6 
control,47,1586,7,7,Surgeon,1.0,Male,7,7 ,7 ,7 
control,47,804,1,4,Psychologist,0.0,Female,4,4 ,4 ,4 
control,47,1249,6,6,Dentist,0.0,Female,6,6 ,6 7 ,6 
control,47,991,4,4,Psychologist,1.0,Male,5,3 5 ,2 3 4 5 ,2 3 4 5 
control,47,865,1,4,Psychologist,0.0,Female,5,3 5 ,3 4 5 ,3 4 5 
control,47,688,0,3,Journalist,1.0,Male,3,3 ,3 ,3 0 
control,47,79,4,0,Professor,0.0,Female,1,1 0 ,1 4 0 ,1 0 
control,47,1851,3,9,Model,1.0,Male,9,3 6 9 ,2 3 6 9 ,2 3 6 9 
control,47,294,7,1,Physician,0.0,Female,1,1 ,1 ,1 
control,47,1268,6,6,Dentist,1.0,Male,6,6 ,6 ,6 7 
control,47,414,2,2,Photographer,1.0,Male,2,2 ,2 ,2 
control,47,409,2,2,Photographer,1.0,Male,2,2 ,2 ,2 3 
control,47,1216,6,6,Dentist,1.0,Male,6,6 ,6 ,1 6 
control,47,1140,7,5,Teacher,1.0,Male,0,0 ,0 ,0 
control,47,86,4,0,Professor,0.0,Female,0,5 0 ,5 0 ,5 0 
control,47,633,3,3,Journalist,0.0,Female,3,3 ,3 ,3 
control,47,840,1,4,Psychologist,0.0,Female,4,4 ,4 ,4 
control,47,1693,0,8,Painter,1.0,Male,8,2 3 5 8 ,2 3 5 8 ,2 3 5 8 
control,47,1444,7,7,Surgeon,0.0,Female,7,1 7 ,1 7 ,1 7 
control,47,1417,5,7,Surgeon,1.0,Male,1,1 ,1 ,1 
control,47,1798,2,8,Painter,1.0,Male,8,2 8 ,2 8 ,2 8 
control,47,873,7,4,Psychologist,1.0,Male,4,4 6 ,4 6 ,4 6 
control,47,1540,6,7,Surgeon,0.0,Female,6,6 7 ,6 7 ,6 
control,47,799,9,3,Journalist,0.0,Female,3,3 ,3 ,3 
control,47,1730,8,8,Painter,1.0,Male,8,8 ,8 ,8 
control,47,1174,3,5,Teacher,0.0,Female,3,3 5 ,3 5 0 ,3 5 0 
control,47,1604,3,8,Painter,0.0,Female,8,8 ,8 ,8 
control,47,449,2,2,Photographer,1.0,Male,2,2 ,2 ,2 
control,47,641,9,3,Journalist,0.0,Female,3,3 ,3 ,3 
control,47,568,2,2,Photographer,1.0,Male,2,2 ,2 ,2 
control,47,1845,9,9,Model,0.0,Female,9,9 ,3 9 ,9 
control,47,135,5,0,Professor,1.0,Male,0,0 ,0 ,0 
control,47,1204,7,6,Dentist,1.0,Male,6,6 ,6 ,1 6 
control,47,383,7,1,Physician,1.0,Male,1,1 6 ,1 6 ,1 
control,47,591,8,2,Photographer,1.0,Male,2,2 8 ,2 4 8 0 ,2 8 0 
control,47,310,7,1,Physician,1.0,Male,1,1 7 ,1 6 7 ,1 7 
control,48,1914,9,9,Model,0.0,Female,9,9 ,9 ,9 
control,48,1755,8,8,Painter,0.0,Female,8,8 ,8 ,8 
control,48,991,4,4,Psychologist,1.0,Male,5,3 5 ,2 3 4 5 ,2 3 4 5 
control,48,1604,8,8,Painter,0.0,Female,8,8 ,8 ,8 
control,48,1008,5,5,Teacher,0.0,Female,5,3 5 ,3 5 8 ,3 5 8 
control,48,1249,6,6,Dentist,0.0,Female,6,6 ,6 7 ,6 
control,48,1560,1,7,Surgeon,0.0,Female,6,1 6 7 ,1 6 7 0 ,1 6 7 0 
control,48,1965,9,9,Model,1.0,Male,3,3 6 ,2 3 6 ,2 3 6 
control,48,1673,8,8,Painter,1.0,Male,8,8 ,8 ,8 
control,48,343,1,1,Physician,0.0,Female,1,1 6 ,1 6 ,1 6 
control,48,840,4,4,Psychologist,0.0,Female,4,4 ,4 ,4 
control,48,1995,9,9,Model,0.0,Female,9,9 ,9 ,9 
control,48,1845,9,9,Model,0.0,Female,9,9 ,3 9 ,9 
control,48,85,8,0,Professor,1.0,Male,2,2 8 ,2 8 0 ,2 8 
control,48,591,2,2,Photographer,1.0,Male,2,2 8 ,2 4 8 0 ,2 8 0 
control,48,550,2,2,Photographer,1.0,Male,2,2 3 ,2 3 ,2 3 
control,48,414,2,2,Photographer,1.0,Male,2,2 ,2 ,2 
control,48,61,0,0,Professor,0.0,Female,0,0 ,0 ,0 
control,48,310,1,1,Physician,1.0,Male,1,1 7 ,1 6 7 ,1 7 
control,48,135,3,0,Professor,1.0,Male,0,0 ,0 ,0 
control,48,1216,6,6,Dentist,1.0,Male,6,6 ,6 ,1 6 
control,48,1956,9,9,Model,0.0,Female,2,2 ,2 ,2 
control,48,1204,6,6,Dentist,1.0,Male,6,6 ,6 ,1 6 
control,48,21,0,0,Professor,0.0,Female,0,0 ,0 ,0 
control,48,1273,6,6,Dentist,0.0,Female,6,6 ,6 ,6 
control,48,449,2,2,Photographer,1.0,Male,2,2 ,2 ,2 
control,48,688,3,3,Journalist,1.0,Male,3,3 ,3 ,3 0 
control,48,1135,5,5,Teacher,0.0,Female,5,5 9 ,5 ,5 
control,48,686,3,3,Journalist,0.0,Female,3,3 ,3 ,3 
control,48,313,1,1,Physician,0.0,Female,1,1 ,1 ,1 
control,48,1417,1,7,Surgeon,1.0,Male,1,1 ,1 ,1 
control,48,293,7,1,Physician,1.0,Male,1,1 0 ,1 7 0 ,1 7 0 
control,48,1399,6,6,Dentist,1.0,Male,6,6 ,6 ,6 7 
control,48,1639,2,8,Painter,1.0,Male,2,2 8 ,2 8 ,2 8 
control,48,633,3,3,Journalist,0.0,Female,3,3 ,3 ,3 
control,48,1174,0,5,Teacher,0.0,Female,3,3 5 ,3 5 0 ,3 5 0 
control,48,873,4,4,Psychologist,1.0,Male,4,4 6 ,4 6 ,4 6 
control,48,1401,1,7,Surgeon,1.0,Male,1,1 7 ,1 7 ,1 7 
control,48,1185,9,5,Teacher,1.0,Male,5,5 7 ,5 7 ,5 7 
control,48,1444,7,7,Surgeon,0.0,Female,7,1 7 ,1 7 ,1 7 
control,48,495,2,2,Photographer,0.0,Female,2,2 ,2 ,2 
control,48,799,2,3,Journalist,0.0,Female,3,3 ,3 ,3 
control,48,849,4,4,Psychologist,0.0,Female,4,4 0 ,4 0 ,4 
control,48,1477,7,7,Surgeon,1.0,Male,7,7 ,7 ,6 7 
control,48,638,4,3,Journalist,0.0,Female,4,4 5 ,4 5 0 ,4 5 
control,48,110,1,0,Professor,0.0,Female,1,1 0 ,1 ,1 0 
control,48,1016,2,5,Teacher,1.0,Male,5,5 0 ,4 5 0 ,4 5 0 
control,48,237,1,1,Physician,0.0,Female,1,1 ,1 ,1 
control,48,878,4,4,Psychologist,1.0,Male,0,4 0 ,4 6 0 ,4 6 0 
control,48,1798,2,8,Painter,1.0,Male,8,2 8 ,2 8 ,2 8 
control,49,1845,9,9,Model,0.0,Female,9,9 ,3 9 ,9 
control,49,135,2,0,Professor,1.0,Male,0,0 ,0 ,0 
control,49,991,3,4,Psychologist,1.0,Male,5,3 5 ,2 3 4 5 ,2 3 4 5 
control,49,688,3,3,Journalist,1.0,Male,3,3 ,3 ,3 0 
control,49,294,1,1,Physician,0.0,Female,1,1 ,1 ,1 
control,49,1290,6,6,Dentist,1.0,Male,6,6 ,6 ,6 
control,49,1016,0,5,Teacher,1.0,Male,5,5 0 ,4 5 0 ,4 5 0 
control,49,414,2,2,Photographer,1.0,Male,2,2 ,2 ,2 
control,49,1604,2,8,Painter,0.0,Female,8,8 ,8 ,8 
control,49,1249,6,6,Dentist,0.0,Female,6,6 ,6 7 ,6 
control,49,568,2,2,Photographer,1.0,Male,2,2 ,2 ,2 
control,49,1540,6,7,Surgeon,0.0,Female,6,6 7 ,6 7 ,6 
control,49,799,3,3,Journalist,0.0,Female,3,3 ,3 ,3 
control,49,865,4,4,Psychologist,0.0,Female,5,3 5 ,3 4 5 ,3 4 5 
control,49,633,3,3,Journalist,0.0,Female,3,3 ,3 ,3 
control,49,110,7,0,Professor,0.0,Female,1,1 0 ,1 ,1 0 
control,49,1444,7,7,Surgeon,0.0,Female,7,1 7 ,1 7 ,1 7 
control,49,1586,0,7,Surgeon,1.0,Male,7,7 ,7 ,7 
control,49,1185,5,5,Teacher,1.0,Male,5,5 7 ,5 7 ,5 7 
control,49,1174,9,5,Teacher,0.0,Female,3,3 5 ,3 5 0 ,3 5 0 
control,49,310,1,1,Physician,1.0,Male,1,1 7 ,1 6 7 ,1 7 
control,49,840,4,4,Psychologist,0.0,Female,4,4 ,4 ,4 
control,49,449,2,2,Photographer,1.0,Male,2,2 ,2 ,2 
control,49,79,1,0,Professor,0.0,Female,1,1 0 ,1 4 0 ,1 0 
control,49,312,7,1,Physician,1.0,Male,1,1 6 ,1 ,1 6 
control,49,804,1,4,Psychologist,0.0,Female,4,4 ,4 ,4 
control,49,1053,0,5,Teacher,0.0,Female,5,2 3 5 9 ,2 5 9 ,2 5 9 
control,49,86,0,0,Professor,0.0,Female,0,5 0 ,5 0 ,5 0 
control,49,873,4,4,Psychologist,1.0,Male,4,4 6 ,4 6 ,4 6 
control,49,1730,8,8,Painter,1.0,Male,8,8 ,8 ,8 
control,49,1216,6,6,Dentist,1.0,Male,6,6 ,6 ,1 6 
control,49,1915,9,9,Model,0.0,Female,9,9 ,9 ,9 
control,49,1204,6,6,Dentist,1.0,Male,6,6 ,6 ,1 6 
control,49,591,2,2,Photographer,1.0,Male,2,2 8 ,2 4 8 0 ,2 8 0 
control,49,1929,9,9,Model,0.0,Female,9,3 9 ,2 3 9 ,3 9 
control,49,1268,6,6,Dentist,1.0,Male,6,6 ,6 ,6 7 
control,49,1140,8,5,Teacher,1.0,Male,0,0 ,0 ,0 
control,49,289,1,1,Physician,0.0,Female,1,1 ,1 ,1 
control,49,1693,3,8,Painter,1.0,Male,8,2 3 5 8 ,2 3 5 8 ,2 3 5 8 
control,49,1417,7,7,Surgeon,1.0,Male,1,1 ,1 ,1 
control,49,1798,2,8,Painter,1.0,Male,8,2 8 ,2 8 ,2 8 
control,49,1756,2,8,Painter,0.0,Female,8,2 8 ,2 8 9 ,2 8 9 
control,49,153,2,0,Professor,1.0,Male,0,3 0 ,3 5 0 ,3 5 0 
control,49,1851,9,9,Model,1.0,Male,9,3 6 9 ,2 3 6 9 ,2 3 6 9 
control,49,1476,7,7,Surgeon,1.0,Male,7,7 ,7 ,6 7 
control,49,1956,9,9,Model,0.0,Female,2,2 ,2 ,2 
control,49,641,9,3,Journalist,0.0,Female,3,3 ,3 ,3 
control,49,616,3,3,Journalist,0.0,Female,3,3 ,3 ,3 
control,49,383,1,1,Physician,1.0,Male,1,1 6 ,1 6 ,1 
control,49,409,2,2,Photographer,1.0,Male,2,2 ,2 ,2 3 
avgk,50,235,1,1,Physician,0.0,Female,1,1 ,1 ,1 
avgk,50,1039,0,5,Teacher,1.0,Male,3,2 3 9 ,2 3 5 9 ,2 3 9 
avgk,50,494,2,2,Photographer,0.0,Female,2,2 9 ,2 9 ,2 9 
avgk,50,229,1,1,Physician,0.0,Female,1,1 ,1 ,1 
avgk,50,637,3,3,Journalist,0.0,Female,3,2 3 ,2 3 5 ,2 3 
avgk,50,433,2,2,Photographer,0.0,Female,2,2 ,2 ,2 
avgk,50,1294,1,6,Dentist,0.0,Female,6,6 ,6 ,6 
avgk,50,1401,1,7,Surgeon,1.0,Male,1,1 7 ,1 7 ,1 7 
avgk,50,11,1,0,Professor,1.0,Male,0,1 0 ,1 0 ,1 0 
avgk,50,1965,2,9,Model,1.0,Male,3,3 6 ,2 3 6 ,2 3 6 
avgk,50,59,0,0,Professor,0.0,Female,0,0 ,0 ,0 
avgk,50,973,4,4,Psychologist,0.0,Female,4,4 ,4 6 ,4 
avgk,50,686,3,3,Journalist,0.0,Female,3,3 ,3 ,3 
avgk,50,669,3,3,Journalist,1.0,Male,3,2 3 ,2 3 ,2 3 
avgk,50,765,3,3,Journalist,0.0,Female,3,3 ,3 ,3 
avgk,50,304,7,1,Physician,1.0,Male,1,1 6 7 ,1 7 ,1 
avgk,50,1406,6,7,Surgeon,1.0,Male,7,1 6 7 ,1 6 7 0 ,1 6 7 0 
avgk,50,342,0,1,Physician,1.0,Male,0,1 0 ,0 ,1 0 
avgk,50,1941,9,9,Model,0.0,Female,9,9 ,9 ,9 
avgk,50,877,3,4,Psychologist,0.0,Female,3,3 4 5 ,3 4 5 ,3 4 5 
avgk,50,849,4,4,Psychologist,0.0,Female,4,4 0 ,4 0 ,4 
avgk,50,1399,6,6,Dentist,1.0,Male,6,6 ,6 ,6 7 
avgk,50,1583,1,7,Surgeon,1.0,Male,3,3 7 ,3 7 ,3 7 
avgk,50,549,2,2,Photographer,1.0,Male,2,2 ,2 ,2 
avgk,50,1995,8,9,Model,0.0,Female,9,9 ,9 ,9 
avgk,50,982,4,4,Psychologist,0.0,Female,4,4 ,4 ,4 
avgk,50,1673,8,8,Painter,1.0,Male,8,8 ,8 ,8 
avgk,50,1135,5,5,Teacher,0.0,Female,5,5 9 ,5 ,5 
avgk,50,21,0,0,Professor,0.0,Female,0,0 ,0 ,0 
avgk,50,719,3,3,Journalist,1.0,Male,5,5 9 ,5 9 ,5 9 
avgk,50,1609,3,8,Painter,0.0,Female,8,8 ,8 0 ,8 
avgk,50,103,4,0,Professor,1.0,Male,0,0 ,0 ,4 0 
avgk,50,1560,7,7,Surgeon,0.0,Female,6,1 6 7 ,1 6 7 0 ,1 6 7 0 
avgk,50,1888,3,9,Model,0.0,Female,3,3 9 ,1 3 4 7 9 ,3 7 9 
avgk,50,508,2,2,Photographer,1.0,Male,2,2 ,2 ,2 
avgk,50,1296,5,6,Dentist,1.0,Male,7,7 ,5 7 ,5 7 
avgk,50,1110,5,5,Teacher,0.0,Female,5,3 5 ,3 5 ,5 
avgk,50,1505,3,7,Surgeon,1.0,Male,3,3 5 ,3 5 ,3 5 
avgk,50,437,2,2,Photographer,0.0,Female,2,2 ,2 ,2 
avgk,50,895,0,4,Psychologist,0.0,Female,4,4 0 ,3 4 0 ,4 0 
avgk,50,225,1,1,Physician,0.0,Female,1,1 ,1 ,1 
avgk,50,16,1,0,Professor,1.0,Male,5,5 ,5 ,5 
avgk,50,1657,5,8,Painter,1.0,Male,5,5 8 9 ,5 8 9 ,5 8 9 
avgk,50,1639,8,8,Painter,1.0,Male,2,2 8 ,2 8 ,2 8 
avgk,50,1278,6,6,Dentist,1.0,Male,6,6 7 ,6 7 ,6 7 
avgk,50,1976,9,9,Model,0.0,Female,3,3 5 9 ,2 3 5 9 ,3 5 9 
avgk,50,1190,5,5,Teacher,1.0,Male,0,0 ,5 0 ,5 0 
avgk,50,1768,3,8,Painter,0.0,Female,5,2 3 5 ,2 3 5 8 ,2 3 5 
avgk,50,1273,6,6,Dentist,0.0,Female,6,6 ,6 ,6 
avgk,50,1009,3,5,Teacher,1.0,Male,3,2 3 ,2 3 ,2 3 4 
avgk,51,643,3,3,Journalist,1.0,Male,3,3 ,3 ,3 
avgk,51,543,2,2,Photographer,0.0,Female,2,2 9 ,2 3 4 9 ,2 4 9 
avgk,51,266,1,1,Physician,0.0,Female,1,1 6 ,1 ,1 
avgk,51,1229,6,6,Dentist,0.0,Female,6,6 7 ,6 7 ,6 7 
avgk,51,437,2,2,Photographer,0.0,Female,2,2 ,2 ,2 
avgk,51,11,0,0,Professor,1.0,Male,0,1 0 ,1 0 ,1 0 
avgk,51,1505,3,7,Surgeon,1.0,Male,3,3 5 ,3 5 ,3 5 
avgk,51,1153,7,5,Teacher,1.0,Male,2,2 3 ,2 3 5 ,2 3 5 
avgk,51,1405,7,7,Surgeon,1.0,Male,7,7 ,7 ,1 7 
avgk,51,432,2,2,Photographer,1.0,Male,2,2 ,2 9 ,2 9 
avgk,51,1809,9,9,Model,0.0,Female,9,9 ,9 ,9 
avgk,51,1768,3,8,Painter,0.0,Female,5,2 3 5 ,2 3 5 8 ,2 3 5 
avgk,51,1109,5,5,Teacher,0.0,Female,5,5 ,5 ,5 
avgk,51,1487,0,7,Surgeon,0.0,Female,0,0 ,4 0 ,4 0 
avgk,51,669,3,3,Journalist,1.0,Male,3,2 3 ,2 3 ,2 3 
avgk,51,1501,1,7,Surgeon,1.0,Male,7,1 6 7 ,1 6 7 ,1 6 7 
avgk,51,138,3,0,Professor,1.0,Male,3,3 0 ,3 5 0 ,3 4 5 0 
avgk,51,1327,6,6,Dentist,0.0,Female,6,1 6 7 ,1 6 ,1 6 
avgk,51,254,1,1,Physician,0.0,Female,1,1 ,1 ,1 
avgk,51,894,4,4,Psychologist,1.0,Male,4,4 ,4 ,4 0 
avgk,51,1157,5,5,Teacher,0.0,Female,5,1 5 0 ,5 0 ,5 0 
avgk,51,1038,5,5,Teacher,0.0,Female,5,5 ,5 ,5 
avgk,51,1918,9,9,Model,1.0,Male,9,5 9 ,2 5 9 ,2 5 9 0 
avgk,51,330,1,1,Physician,0.0,Female,1,1 6 ,1 6 ,1 
avgk,51,1658,8,8,Painter,1.0,Male,8,2 8 ,2 5 8 ,2 5 8 
avgk,51,1949,9,9,Model,0.0,Female,9,3 9 ,3 9 ,3 9 
avgk,51,1759,8,8,Painter,0.0,Female,8,8 ,8 ,8 
avgk,51,1373,6,6,Dentist,0.0,Female,6,6 ,6 ,6 
avgk,51,763,0,3,Journalist,1.0,Male,3,3 ,3 ,3 
avgk,51,1148,2,5,Teacher,1.0,Male,2,2 8 ,2 8 ,2 8 
avgk,51,498,2,2,Photographer,1.0,Male,2,2 ,2 ,2 
avgk,51,976,4,4,Psychologist,0.0,Female,4,1 4 ,4 ,4 
avgk,51,224,7,1,Physician,0.0,Female,1,1 6 ,1 6 ,1 6 
avgk,51,837,4,4,Psychologist,0.0,Female,4,4 ,4 ,4 
avgk,51,403,3,2,Photographer,1.0,Male,2,2 5 ,2 3 5 9 ,2 3 5 9 
avgk,51,1277,6,6,Dentist,1.0,Male,6,6 ,6 ,6 7 
avgk,51,1294,6,6,Dentist,0.0,Female,6,6 ,6 ,6 
avgk,51,1941,9,9,Model,0.0,Female,9,9 ,9 ,9 
avgk,51,664,3,3,Journalist,1.0,Male,3,2 3 0 ,1 2 3 0 ,1 2 3 0 
avgk,51,1888,0,9,Model,0.0,Female,3,3 9 ,1 3 4 7 9 ,3 7 9 
avgk,51,1590,3,7,Surgeon,1.0,Male,7,7 ,7 ,6 7 
avgk,51,1777,8,8,Painter,0.0,Female,8,8 ,8 ,8 
avgk,51,631,3,3,Journalist,1.0,Male,3,3 ,3 ,2 3 
avgk,51,267,1,1,Physician,0.0,Female,1,1 6 ,1 6 ,1 
avgk,51,94,5,0,Professor,0.0,Female,0,2 5 0 ,2 5 0 ,5 0 
avgk,51,10,0,0,Professor,0.0,Female,0,0 ,0 ,0 
avgk,51,1792,8,8,Painter,1.0,Male,8,8 ,8 ,8 
avgk,51,833,4,4,Psychologist,1.0,Male,4,4 ,4 ,4 
avgk,51,103,0,0,Professor,1.0,Male,0,0 ,0 ,4 0 
avgk,51,971,0,4,Psychologist,0.0,Female,0,0 ,0 ,0 
avgk,52,1278,6,6,Dentist,1.0,Male,6,6 7 ,6 7 ,6 7 
avgk,52,433,2,2,Photographer,0.0,Female,2,2 ,2 ,2 
avgk,52,1976,9,9,Model,0.0,Female,3,3 5 9 ,2 3 5 9 ,3 5 9 
avgk,52,718,3,3,Journalist,1.0,Male,3,3 5 ,3 5 ,3 5 
avgk,52,1941,9,9,Model,0.0,Female,9,9 ,9 ,9 
avgk,52,982,4,4,Psychologist,0.0,Female,4,4 ,4 ,4 
avgk,52,1590,7,7,Surgeon,1.0,Male,7,7 ,7 ,6 7 
avgk,52,21,0,0,Professor,0.0,Female,0,0 ,0 ,0 
avgk,52,1327,6,6,Dentist,0.0,Female,6,1 6 7 ,1 6 ,1 6 
avgk,52,1406,6,7,Surgeon,1.0,Male,7,1 6 7 ,1 6 7 0 ,1 6 7 0 
avgk,52,255,7,1,Physician,0.0,Female,1,1 6 ,1 6 ,1 
avgk,52,1609,8,8,Painter,0.0,Female,8,8 ,8 0 ,8 
avgk,52,665,3,3,Journalist,0.0,Female,3,3 ,3 ,3 
avgk,52,877,3,4,Psychologist,0.0,Female,3,3 4 5 ,3 4 5 ,3 4 5 
avgk,52,1009,2,5,Teacher,1.0,Male,3,2 3 ,2 3 ,2 3 4 
avgk,52,895,4,4,Psychologist,0.0,Female,4,4 0 ,3 4 0 ,4 0 
avgk,52,1965,3,9,Model,1.0,Male,3,3 6 ,2 3 6 ,2 3 6 
avgk,52,837,4,4,Psychologist,0.0,Female,4,4 ,4 ,4 
avgk,52,1399,6,6,Dentist,1.0,Male,6,6 ,6 ,6 7 
avgk,52,494,2,2,Photographer,0.0,Female,2,2 9 ,2 9 ,2 9 
avgk,52,764,3,3,Journalist,1.0,Male,3,3 ,3 ,3 
avgk,52,1297,6,6,Dentist,1.0,Male,6,6 ,6 ,6 
avgk,52,229,1,1,Physician,0.0,Female,1,1 ,1 ,1 
avgk,52,16,5,0,Professor,1.0,Male,5,5 ,5 ,5 
avgk,52,1888,3,9,Model,0.0,Female,3,3 9 ,1 3 4 7 9 ,3 7 9 
avgk,52,1768,3,8,Painter,0.0,Female,5,2 3 5 ,2 3 5 8 ,2 3 5 
avgk,52,103,4,0,Professor,1.0,Male,0,0 ,0 ,4 0 
avgk,52,1809,9,9,Model,0.0,Female,9,9 ,9 ,9 
avgk,52,1149,5,5,Teacher,1.0,Male,5,5 ,5 ,5 9 
avgk,52,1639,2,8,Painter,1.0,Male,2,2 8 ,2 8 ,2 8 
avgk,52,507,2,2,Photographer,1.0,Male,2,2 ,2 ,2 
avgk,52,973,4,4,Psychologist,0.0,Female,4,4 ,4 6 ,4 
avgk,52,1583,7,7,Surgeon,1.0,Male,3,3 7 ,3 7 ,3 7 
avgk,52,267,1,1,Physician,0.0,Female,1,1 6 ,1 6 ,1 
avgk,52,235,1,1,Physician,0.0,Female,1,1 ,1 ,1 
avgk,52,1401,1,7,Surgeon,1.0,Male,1,1 7 ,1 7 ,1 7 
avgk,52,1658,8,8,Painter,1.0,Male,8,2 8 ,2 5 8 ,2 5 8 
avgk,52,1504,7,7,Surgeon,1.0,Male,7,1 7 ,1 7 ,1 7 
avgk,52,1792,8,8,Painter,1.0,Male,8,8 ,8 ,8 
avgk,52,544,2,2,Photographer,1.0,Male,2,2 ,2 ,2 
avgk,52,1039,3,5,Teacher,1.0,Male,3,2 3 9 ,2 3 5 9 ,2 3 9 
avgk,52,224,1,1,Physician,0.0,Female,1,1 6 ,1 6 ,1 6 
avgk,52,1294,6,6,Dentist,0.0,Female,6,6 ,6 ,6 
avgk,52,138,3,0,Professor,1.0,Male,3,3 0 ,3 5 0 ,3 4 5 0 
avgk,52,669,3,3,Journalist,1.0,Male,3,2 3 ,2 3 ,2 3 
avgk,52,1189,4,5,Teacher,0.0,Female,4,4 5 ,4 5 ,4 
avgk,52,11,0,0,Professor,1.0,Male,0,1 0 ,1 0 ,1 0 
avgk,52,437,2,2,Photographer,0.0,Female,2,2 ,2 ,2 
avgk,52,1110,0,5,Teacher,0.0,Female,5,3 5 ,3 5 ,5 
avgk,52,685,3,3,Journalist,0.0,Female,3,3 ,3 ,3 
avgk,53,1153,3,5,Teacher,1.0,Male,2,2 3 ,2 3 5 ,2 3 5 
avgk,53,1759,8,8,Painter,0.0,Female,8,8 ,8 ,8 
avgk,53,631,3,3,Journalist,1.0,Male,3,3 ,3 ,2 3 
avgk,53,224,7,1,Physician,0.0,Female,1,1 6 ,1 6 ,1 6 
avgk,53,1792,2,8,Painter,1.0,Male,8,8 ,8 ,8 
avgk,53,1038,5,5,Teacher,0.0,Female,5,5 ,5 ,5 
avgk,53,1941,9,9,Model,0.0,Female,9,9 ,9 ,9 
avgk,53,138,3,0,Professor,1.0,Male,3,3 0 ,3 5 0 ,3 4 5 0 
avgk,53,763,3,3,Journalist,1.0,Male,3,3 ,3 ,3 
avgk,53,837,4,4,Psychologist,0.0,Female,4,4 ,4 ,4 
avgk,53,543,2,2,Photographer,0.0,Female,2,2 9 ,2 3 4 9 ,2 4 9 
avgk,53,1327,6,6,Dentist,0.0,Female,6,1 6 7 ,1 6 ,1 6 
avgk,53,1487,0,7,Surgeon,0.0,Female,0,0 ,4 0 ,4 0 
avgk,53,437,2,2,Photographer,0.0,Female,2,2 ,2 ,2 
avgk,53,1148,2,5,Teacher,1.0,Male,2,2 8 ,2 8 ,2 8 
avgk,53,1918,9,9,Model,1.0,Male,9,5 9 ,2 5 9 ,2 5 9 0 
avgk,53,1294,6,6,Dentist,0.0,Female,6,6 ,6 ,6 
avgk,53,1505,3,7,Surgeon,1.0,Male,3,3 5 ,3 5 ,3 5 
avgk,53,254,1,1,Physician,0.0,Female,1,1 ,1 ,1 
avgk,53,498,3,2,Photographer,1.0,Male,2,2 ,2 ,2 
avgk,53,1590,1,7,Surgeon,1.0,Male,7,7 ,7 ,6 7 
avgk,53,643,7,3,Journalist,1.0,Male,3,3 ,3 ,3 
avgk,53,971,0,4,Psychologist,0.0,Female,0,0 ,0 ,0 
avgk,53,1277,6,6,Dentist,1.0,Male,6,6 ,6 ,6 7 
avgk,53,1501,1,7,Surgeon,1.0,Male,7,1 6 7 ,1 6 7 ,1 6 7 
avgk,53,1949,9,9,Model,0.0,Female,9,3 9 ,3 9 ,3 9 
avgk,53,1809,9,9,Model,0.0,Female,9,9 ,9 ,9 
avgk,53,1373,6,6,Dentist,0.0,Female,6,6 ,6 ,6 
avgk,53,894,4,4,Psychologist,1.0,Male,4,4 ,4 ,4 0 
avgk,53,10,0,0,Professor,0.0,Female,0,0 ,0 ,0 
avgk,53,1229,6,6,Dentist,0.0,Female,6,6 7 ,6 7 ,6 7 
avgk,53,11,0,0,Professor,1.0,Male,0,1 0 ,1 0 ,1 0 
avgk,53,432,2,2,Photographer,1.0,Male,2,2 ,2 9 ,2 9 
avgk,53,403,3,2,Photographer,1.0,Male,2,2 5 ,2 3 5 9 ,2 3 5 9 
avgk,53,833,4,4,Psychologist,1.0,Male,4,4 ,4 ,4 
avgk,53,1888,0,9,Model,0.0,Female,3,3 9 ,1 3 4 7 9 ,3 7 9 
avgk,53,1768,3,8,Painter,0.0,Female,5,2 3 5 ,2 3 5 8 ,2 3 5 
avgk,53,664,1,3,Journalist,1.0,Male,3,2 3 0 ,1 2 3 0 ,1 2 3 0 
avgk,53,1157,5,5,Teacher,0.0,Female,5,1 5 0 ,5 0 ,5 0 
avgk,53,976,4,4,Psychologist,0.0,Female,4,1 4 ,4 ,4 
avgk,53,330,1,1,Physician,0.0,Female,1,1 6 ,1 6 ,1 
avgk,53,1777,8,8,Painter,0.0,Female,8,8 ,8 ,8 
avgk,53,266,1,1,Physician,0.0,Female,1,1 6 ,1 ,1 
avgk,53,1405,7,7,Surgeon,1.0,Male,7,7 ,7 ,1 7 
avgk,53,1658,8,8,Painter,1.0,Male,8,2 8 ,2 5 8 ,2 5 8 
avgk,53,669,2,3,Journalist,1.0,Male,3,2 3 ,2 3 ,2 3 
avgk,53,267,1,1,Physician,0.0,Female,1,1 6 ,1 6 ,1 
avgk,53,94,0,0,Professor,0.0,Female,0,2 5 0 ,2 5 0 ,5 0 
avgk,53,103,0,0,Professor,1.0,Male,0,0 ,0 ,4 0 
avgk,53,1109,0,5,Teacher,0.0,Female,5,5 ,5 ,5 
avgk,54,330,1,1,Physician,0.0,Female,1,1 6 ,1 6 ,1 
avgk,54,1557,7,7,Surgeon,1.0,Male,7,7 ,7 ,1 7 
avgk,54,1405,7,7,Surgeon,1.0,Male,7,7 ,7 ,1 7 
avgk,54,1372,6,6,Dentist,0.0,Female,6,6 ,6 ,6 
avgk,54,1326,6,6,Dentist,0.0,Female,6,6 ,6 ,6 
avgk,54,971,0,4,Psychologist,0.0,Female,0,0 ,0 ,0 
avgk,54,669,3,3,Journalist,1.0,Male,3,2 3 ,2 3 ,2 3 
avgk,54,1734,8,8,Painter,1.0,Male,8,8 ,8 ,8 
avgk,54,1833,9,9,Model,0.0,Female,2,2 3 5 9 ,2 3 5 9 ,2 3 9 
avgk,54,1038,5,5,Teacher,0.0,Female,5,5 ,5 ,5 
avgk,54,1658,8,8,Painter,1.0,Male,8,2 8 ,2 5 8 ,2 5 8 
avgk,54,1147,5,5,Teacher,0.0,Female,5,5 ,5 ,5 
avgk,54,1888,1,9,Model,0.0,Female,3,3 9 ,1 3 4 7 9 ,3 7 9 
avgk,54,664,3,3,Journalist,1.0,Male,3,2 3 0 ,1 2 3 0 ,1 2 3 0 
avgk,54,432,2,2,Photographer,1.0,Male,2,2 ,2 9 ,2 9 
avgk,54,1501,7,7,Surgeon,1.0,Male,7,1 6 7 ,1 6 7 ,1 6 7 
avgk,54,1810,9,9,Model,0.0,Female,9,9 ,9 ,9 
avgk,54,138,3,0,Professor,1.0,Male,3,3 0 ,3 5 0 ,3 4 5 0 
avgk,54,403,2,2,Photographer,1.0,Male,2,2 5 ,2 3 5 9 ,2 3 5 9 
avgk,54,1104,5,5,Teacher,0.0,Female,5,5 ,5 ,5 
avgk,54,542,2,2,Photographer,0.0,Female,2,2 ,2 ,2 
avgk,54,1229,6,6,Dentist,0.0,Female,6,6 7 ,6 7 ,6 7 
avgk,54,267,1,1,Physician,0.0,Female,1,1 6 ,1 6 ,1 
avgk,54,10,0,0,Professor,0.0,Female,0,0 ,0 ,0 
avgk,54,402,2,2,Photographer,1.0,Male,2,2 ,2 ,2 
avgk,54,1590,7,7,Surgeon,1.0,Male,7,7 ,7 ,6 7 
avgk,54,867,4,4,Psychologist,0.0,Female,4,4 ,4 ,4 
avgk,54,837,4,4,Psychologist,0.0,Female,4,4 ,4 ,4 
avgk,54,1153,3,5,Teacher,1.0,Male,2,2 3 ,2 3 5 ,2 3 5 
avgk,54,1759,8,8,Painter,0.0,Female,8,8 ,8 ,8 
avgk,54,1157,0,5,Teacher,0.0,Female,5,1 5 0 ,5 0 ,5 0 
avgk,54,266,1,1,Physician,0.0,Female,1,1 6 ,1 ,1 
avgk,54,43,0,0,Professor,0.0,Female,0,0 ,0 ,4 0 
avgk,54,95,0,0,Professor,0.0,Female,0,0 ,0 ,0 
avgk,54,262,6,1,Physician,0.0,Female,1,1 ,1 6 ,1 6 
avgk,54,1646,8,8,Painter,0.0,Female,2,2 ,2 5 8 ,2 8 
avgk,54,706,3,3,Journalist,1.0,Male,3,3 ,3 ,3 
avgk,54,1225,6,6,Dentist,1.0,Male,6,6 7 ,6 7 ,6 7 
avgk,54,1777,8,8,Painter,0.0,Female,8,8 ,8 ,8 
avgk,54,951,4,4,Psychologist,1.0,Male,4,4 ,4 ,4 
avgk,54,1949,3,9,Model,0.0,Female,9,3 9 ,3 9 ,3 9 
avgk,54,1918,9,9,Model,1.0,Male,9,5 9 ,2 5 9 ,2 5 9 0 
avgk,54,832,4,4,Psychologist,1.0,Male,4,4 ,4 ,4 
avgk,54,498,2,2,Photographer,1.0,Male,2,2 ,2 ,2 
avgk,54,631,3,3,Journalist,1.0,Male,3,3 ,3 ,2 3 
avgk,54,1293,6,6,Dentist,1.0,Male,6,6 ,6 ,6 
avgk,54,643,3,3,Journalist,1.0,Male,3,3 ,3 ,3 
avgk,54,11,1,0,Professor,1.0,Male,0,1 0 ,1 0 ,1 0 
avgk,54,255,1,1,Physician,0.0,Female,1,1 6 ,1 6 ,1 
avgk,54,1487,4,7,Surgeon,0.0,Female,0,0 ,4 0 ,4 0 
avgk,55,1008,5,5,Teacher,0.0,Female,5,3 5 ,3 5 8 ,3 5 8 
avgk,55,1604,8,8,Painter,0.0,Female,8,8 ,8 ,8 
avgk,55,1583,7,7,Surgeon,1.0,Male,3,3 7 ,3 7 ,3 7 
avgk,55,1941,9,9,Model,0.0,Female,9,9 ,9 ,9 
avgk,55,1560,1,7,Surgeon,0.0,Female,6,1 6 7 ,1 6 7 0 ,1 6 7 0 
avgk,55,21,0,0,Professor,0.0,Female,0,0 ,0 ,0 
avgk,55,342,0,1,Physician,1.0,Male,0,1 0 ,0 ,1 0 
avgk,55,849,4,4,Psychologist,0.0,Female,4,4 0 ,4 0 ,4 
avgk,55,550,2,2,Photographer,1.0,Male,2,2 3 ,2 3 ,2 3 
avgk,55,17,0,0,Professor,1.0,Male,3,3 0 ,3 5 0 ,3 5 0 
avgk,55,236,1,1,Physician,0.0,Female,1,1 6 ,1 ,1 
avgk,55,719,3,3,Journalist,1.0,Male,5,5 9 ,5 9 ,5 9 
avgk,55,1110,0,5,Teacher,0.0,Female,5,3 5 ,3 5 ,5 
avgk,55,1995,9,9,Model,0.0,Female,9,9 ,9 ,9 
avgk,55,1401,1,7,Surgeon,1.0,Male,1,1 7 ,1 7 ,1 7 
avgk,55,59,0,0,Professor,0.0,Female,0,0 ,0 ,0 
avgk,55,1216,6,6,Dentist,1.0,Male,6,6 ,6 ,1 6 
avgk,55,1639,8,8,Painter,1.0,Male,2,2 8 ,2 8 ,2 8 
avgk,55,437,2,2,Photographer,0.0,Female,2,2 ,2 ,2 
avgk,55,689,3,3,Journalist,1.0,Male,3,3 ,3 ,3 5 
avgk,55,895,0,4,Psychologist,0.0,Female,4,4 0 ,3 4 0 ,4 0 
avgk,55,134,0,0,Professor,1.0,Male,0,0 ,0 ,3 0 
avgk,55,495,2,2,Photographer,0.0,Female,2,2 ,2 ,2 
avgk,55,229,1,1,Physician,0.0,Female,1,1 ,1 ,1 
avgk,55,413,2,2,Photographer,1.0,Male,8,8 ,8 ,2 8 
avgk,55,104,0,0,Professor,1.0,Male,0,0 ,0 ,0 
avgk,55,509,2,2,Photographer,1.0,Male,2,2 ,2 ,2 
avgk,55,1965,2,9,Model,1.0,Male,3,3 6 ,2 3 6 ,2 3 6 
avgk,55,1957,9,9,Model,0.0,Female,9,9 ,2 9 ,9 
avgk,55,1278,6,6,Dentist,1.0,Male,6,6 7 ,6 7 ,6 7 
avgk,55,309,1,1,Physician,0.0,Female,1,1 6 ,1 ,1 
avgk,55,1768,3,8,Painter,0.0,Female,5,2 3 5 ,2 3 5 8 ,2 3 5 
avgk,55,225,1,1,Physician,0.0,Female,1,1 ,1 ,1 
avgk,55,1976,9,9,Model,0.0,Female,3,3 5 9 ,2 3 5 9 ,3 5 9 
avgk,55,1417,1,7,Surgeon,1.0,Male,1,1 ,1 ,1 
avgk,55,1504,1,7,Surgeon,1.0,Male,7,1 7 ,1 7 ,1 7 
avgk,55,1190,0,5,Teacher,1.0,Male,0,0 ,5 0 ,5 0 
avgk,55,991,4,4,Psychologist,1.0,Male,5,3 5 ,2 3 4 5 ,2 3 4 5 
avgk,55,878,4,4,Psychologist,1.0,Male,0,4 0 ,4 6 0 ,4 6 0 
avgk,55,1135,5,5,Teacher,0.0,Female,5,5 9 ,5 ,5 
avgk,55,1609,8,8,Painter,0.0,Female,8,8 ,8 0 ,8 
avgk,55,1185,5,5,Teacher,1.0,Male,5,5 7 ,5 7 ,5 7 
avgk,55,1297,9,6,Dentist,1.0,Male,6,6 ,6 ,6 
avgk,55,1273,6,6,Dentist,0.0,Female,6,6 ,6 ,6 
avgk,55,982,4,4,Psychologist,0.0,Female,4,4 ,4 ,4 
avgk,55,765,3,3,Journalist,0.0,Female,3,3 ,3 ,3 
avgk,55,1673,8,8,Painter,1.0,Male,8,8 ,8 ,8 
avgk,55,686,3,3,Journalist,0.0,Female,3,3 ,3 ,3 
avgk,55,1399,6,6,Dentist,1.0,Male,6,6 ,6 ,6 7 
avgk,55,637,3,3,Journalist,0.0,Female,3,2 3 ,2 3 5 ,2 3 
avgk,56,1216,6,6,Dentist,1.0,Male,6,6 ,6 ,1 6 
avgk,56,1693,3,8,Painter,1.0,Male,8,2 3 5 8 ,2 3 5 8 ,2 3 5 8 
avgk,56,310,7,1,Physician,1.0,Male,1,1 7 ,1 6 7 ,1 7 
avgk,56,1185,5,5,Teacher,1.0,Male,5,5 7 ,5 7 ,5 7 
avgk,56,591,2,2,Photographer,1.0,Male,2,2 8 ,2 4 8 0 ,2 8 0 
avgk,56,1798,2,8,Painter,1.0,Male,8,2 8 ,2 8 ,2 8 
avgk,56,799,3,3,Journalist,0.0,Female,3,3 ,3 ,3 
avgk,56,1845,9,9,Model,0.0,Female,9,9 ,3 9 ,9 
avgk,56,135,3,0,Professor,1.0,Male,0,0 ,0 ,0 
avgk,56,1476,7,7,Surgeon,1.0,Male,7,7 ,7 ,6 7 
avgk,56,616,3,3,Journalist,0.0,Female,3,3 ,3 ,3 
avgk,56,110,1,0,Professor,0.0,Female,1,1 0 ,1 ,1 0 
avgk,56,343,1,1,Physician,0.0,Female,1,1 6 ,1 6 ,1 6 
avgk,56,1417,7,7,Surgeon,1.0,Male,1,1 ,1 ,1 
avgk,56,294,1,1,Physician,0.0,Female,1,1 ,1 ,1 
avgk,56,1135,5,5,Teacher,0.0,Female,5,5 9 ,5 ,5 
avgk,56,991,4,4,Psychologist,1.0,Male,5,3 5 ,2 3 4 5 ,2 3 4 5 
avgk,56,550,2,2,Photographer,1.0,Male,2,2 3 ,2 3 ,2 3 
avgk,56,383,1,1,Physician,1.0,Male,1,1 6 ,1 6 ,1 
avgk,56,1016,0,5,Teacher,1.0,Male,5,5 0 ,4 5 0 ,4 5 0 
avgk,56,414,2,2,Photographer,1.0,Male,2,2 ,2 ,2 
avgk,56,1174,0,5,Teacher,0.0,Female,3,3 5 ,3 5 0 ,3 5 0 
avgk,56,313,1,1,Physician,0.0,Female,1,1 ,1 ,1 
avgk,56,1269,6,6,Dentist,1.0,Male,6,6 ,6 ,6 7 
avgk,56,633,3,3,Journalist,0.0,Female,3,3 ,3 ,3 
avgk,56,689,3,3,Journalist,1.0,Male,3,3 ,3 ,3 5 
avgk,56,1995,9,9,Model,0.0,Female,9,9 ,9 ,9 
avgk,56,1604,8,8,Painter,0.0,Female,8,8 ,8 ,8 
avgk,56,840,4,4,Psychologist,0.0,Female,4,4 ,4 ,4 
avgk,56,1444,7,7,Surgeon,0.0,Female,7,1 7 ,1 7 ,1 7 
avgk,56,448,3,2,Photographer,1.0,Male,3,3 5 ,3 5 ,3 5 
avgk,56,61,0,0,Professor,0.0,Female,0,0 ,0 ,0 
avgk,56,1204,6,6,Dentist,1.0,Male,6,6 ,6 ,1 6 
avgk,56,1673,8,8,Painter,1.0,Male,8,8 ,8 ,8 
avgk,56,85,8,0,Professor,1.0,Male,2,2 8 ,2 8 0 ,2 8 
avgk,56,409,2,2,Photographer,1.0,Male,2,2 ,2 ,2 3 
avgk,56,1915,9,9,Model,0.0,Female,9,9 ,9 ,9 
avgk,56,1956,2,9,Model,0.0,Female,2,2 ,2 ,2 
avgk,56,1273,6,6,Dentist,0.0,Female,6,6 ,6 ,6 
avgk,56,1755,8,8,Painter,0.0,Female,8,8 ,8 ,8 
avgk,56,1249,6,6,Dentist,0.0,Female,6,6 ,6 7 ,6 
avgk,56,1560,1,7,Surgeon,0.0,Female,6,1 6 7 ,1 6 7 0 ,1 6 7 0 
avgk,56,153,0,0,Professor,1.0,Male,0,3 0 ,3 5 0 ,3 5 0 
avgk,56,1586,7,7,Surgeon,1.0,Male,7,7 ,7 ,7 
avgk,56,865,4,4,Psychologist,0.0,Female,5,3 5 ,3 4 5 ,3 4 5 
avgk,56,848,4,4,Psychologist,0.0,Female,4,4 ,4 ,4 
avgk,56,873,4,4,Psychologist,1.0,Male,4,4 6 ,4 6 ,4 6 
avgk,56,1140,0,5,Teacher,1.0,Male,0,0 ,0 ,0 
avgk,56,1930,9,9,Model,0.0,Female,9,9 ,9 ,9 
avgk,56,638,4,3,Journalist,0.0,Female,4,4 5 ,4 5 0 ,4 5 
avgk,57,1110,5,5,Teacher,0.0,Female,5,3 5 ,3 5 ,5 
avgk,57,665,3,3,Journalist,0.0,Female,3,3 ,3 ,3 
avgk,57,255,1,1,Physician,0.0,Female,1,1 6 ,1 6 ,1 
avgk,57,1487,1,7,Surgeon,0.0,Female,0,0 ,4 0 ,4 0 
avgk,57,763,3,3,Journalist,1.0,Male,3,3 ,3 ,3 
avgk,57,1810,9,9,Model,0.0,Female,9,9 ,9 ,9 
avgk,57,1157,5,5,Teacher,0.0,Female,5,1 5 0 ,5 0 ,5 0 
avgk,57,972,4,4,Psychologist,1.0,Male,4,1 4 ,4 ,4 
avgk,57,16,1,0,Professor,1.0,Male,5,5 ,5 ,5 
avgk,57,432,2,2,Photographer,1.0,Male,2,2 ,2 9 ,2 9 
avgk,57,1609,3,8,Painter,0.0,Female,8,8 ,8 0 ,8 
avgk,57,1505,3,7,Surgeon,1.0,Male,3,3 5 ,3 5 ,3 5 
avgk,57,330,1,1,Physician,0.0,Female,1,1 6 ,1 6 ,1 
avgk,57,1406,6,7,Surgeon,1.0,Male,7,1 6 7 ,1 6 7 0 ,1 6 7 0 
avgk,57,1149,5,5,Teacher,1.0,Male,5,5 ,5 ,5 9 
avgk,57,718,3,3,Journalist,1.0,Male,3,3 5 ,3 5 ,3 5 
avgk,57,833,4,4,Psychologist,1.0,Male,4,4 ,4 ,4 
avgk,57,1759,8,8,Painter,0.0,Female,8,8 ,8 ,8 
avgk,57,224,7,1,Physician,0.0,Female,1,1 6 ,1 6 ,1 6 
avgk,57,1373,6,6,Dentist,0.0,Female,6,6 ,6 ,6 
avgk,57,1327,6,6,Dentist,0.0,Female,6,1 6 7 ,1 6 ,1 6 
avgk,57,1792,8,8,Painter,1.0,Male,8,8 ,8 ,8 
avgk,57,1294,6,6,Dentist,0.0,Female,6,6 ,6 ,6 
avgk,57,894,4,4,Psychologist,1.0,Male,4,4 ,4 ,4 0 
avgk,57,981,4,4,Psychologist,0.0,Female,3,2 3 5 ,2 3 ,2 3 
avgk,57,138,3,0,Professor,1.0,Male,3,3 0 ,3 5 0 ,3 4 5 0 
avgk,57,1976,3,9,Model,0.0,Female,3,3 5 9 ,2 3 5 9 ,3 5 9 
avgk,57,837,4,4,Psychologist,0.0,Female,4,4 ,4 ,4 
avgk,57,680,3,3,Journalist,0.0,Female,0,4 0 ,1 4 7 0 ,4 0 
avgk,57,543,2,2,Photographer,0.0,Female,2,2 9 ,2 3 4 9 ,2 4 9 
avgk,57,1039,8,5,Teacher,1.0,Male,3,2 3 9 ,2 3 5 9 ,2 3 9 
avgk,57,1277,6,6,Dentist,1.0,Male,6,6 ,6 ,6 7 
avgk,57,102,0,0,Professor,1.0,Male,0,4 0 ,4 0 ,4 0 
avgk,57,1583,1,7,Surgeon,1.0,Male,3,3 7 ,3 7 ,3 7 
avgk,57,1888,0,9,Model,0.0,Female,3,3 9 ,1 3 4 7 9 ,3 7 9 
avgk,57,1949,9,9,Model,0.0,Female,9,3 9 ,3 9 ,3 9 
avgk,57,403,0,2,Photographer,1.0,Male,2,2 5 ,2 3 5 9 ,2 3 5 9 
avgk,57,507,2,2,Photographer,1.0,Male,2,2 ,2 ,2 
avgk,57,1768,3,8,Painter,0.0,Female,5,2 3 5 ,2 3 5 8 ,2 3 5 
avgk,57,1657,8,8,Painter,1.0,Male,5,5 8 9 ,5 8 9 ,5 8 9 
avgk,57,1941,9,9,Model,0.0,Female,9,9 ,9 ,9 
avgk,57,1590,5,7,Surgeon,1.0,Male,7,7 ,7 ,6 7 
avgk,57,267,7,1,Physician,0.0,Female,1,1 6 ,1 6 ,1 
avgk,57,1297,6,6,Dentist,1.0,Male,6,6 ,6 ,6 
avgk,57,669,3,3,Journalist,1.0,Male,3,2 3 ,2 3 ,2 3 
avgk,57,437,2,2,Photographer,0.0,Female,2,2 ,2 ,2 
avgk,57,11,1,0,Professor,1.0,Male,0,1 0 ,1 0 ,1 0 
avgk,57,10,0,0,Professor,0.0,Female,0,0 ,0 ,0 
avgk,57,229,1,1,Physician,0.0,Female,1,1 ,1 ,1 
avgk,57,1189,4,5,Teacher,0.0,Female,4,4 5 ,4 5 ,4 
avgk,58,1399,6,6,Dentist,1.0,Male,6,6 ,6 ,6 7 
avgk,58,509,2,2,Photographer,1.0,Male,2,2 ,2 ,2 
avgk,58,342,1,1,Physician,1.0,Male,0,1 0 ,0 ,1 0 
avgk,58,1965,2,9,Model,1.0,Male,3,3 6 ,2 3 6 ,2 3 6 
avgk,58,637,3,3,Journalist,0.0,Female,3,2 3 ,2 3 5 ,2 3 
avgk,58,1185,5,5,Teacher,1.0,Male,5,5 7 ,5 7 ,5 7 
avgk,58,413,8,2,Photographer,1.0,Male,8,8 ,8 ,2 8 
avgk,58,1976,9,9,Model,0.0,Female,3,3 5 9 ,2 3 5 9 ,3 5 9 
avgk,58,1604,8,8,Painter,0.0,Female,8,8 ,8 ,8 
avgk,58,309,1,1,Physician,0.0,Female,1,1 6 ,1 ,1 
avgk,58,1609,8,8,Painter,0.0,Female,8,8 ,8 0 ,8 
avgk,58,1941,9,9,Model,0.0,Female,9,9 ,9 ,9 
avgk,58,225,1,1,Physician,0.0,Female,1,1 ,1 ,1 
avgk,58,1190,5,5,Teacher,1.0,Male,0,0 ,5 0 ,5 0 
avgk,58,686,3,3,Journalist,0.0,Female,3,3 ,3 ,3 
avgk,58,104,4,0,Professor,1.0,Male,0,0 ,0 ,0 
avgk,58,991,4,4,Psychologist,1.0,Male,5,3 5 ,2 3 4 5 ,2 3 4 5 
avgk,58,437,2,2,Photographer,0.0,Female,2,2 ,2 ,2 
avgk,58,1135,5,5,Teacher,0.0,Female,5,5 9 ,5 ,5 
avgk,58,229,1,1,Physician,0.0,Female,1,1 ,1 ,1 
avgk,58,550,2,2,Photographer,1.0,Male,2,2 3 ,2 3 ,2 3 
avgk,58,134,3,0,Professor,1.0,Male,0,0 ,0 ,3 0 
avgk,58,982,4,4,Psychologist,0.0,Female,4,4 ,4 ,4 
avgk,58,1560,1,7,Surgeon,0.0,Female,6,1 6 7 ,1 6 7 0 ,1 6 7 0 
avgk,58,878,4,4,Psychologist,1.0,Male,0,4 0 ,4 6 0 ,4 6 0 
avgk,58,1273,6,6,Dentist,0.0,Female,6,6 ,6 ,6 
avgk,58,1768,2,8,Painter,0.0,Female,5,2 3 5 ,2 3 5 8 ,2 3 5 
avgk,58,1673,8,8,Painter,1.0,Male,8,8 ,8 ,8 
avgk,58,1401,7,7,Surgeon,1.0,Male,1,1 7 ,1 7 ,1 7 
avgk,58,689,3,3,Journalist,1.0,Male,3,3 ,3 ,3 5 
avgk,58,895,0,4,Psychologist,0.0,Female,4,4 0 ,3 4 0 ,4 0 
avgk,58,1583,7,7,Surgeon,1.0,Male,3,3 7 ,3 7 ,3 7 
avgk,58,1278,6,6,Dentist,1.0,Male,6,6 7 ,6 7 ,6 7 
avgk,58,1957,9,9,Model,0.0,Female,9,9 ,2 9 ,9 
avgk,58,849,4,4,Psychologist,0.0,Female,4,4 0 ,4 0 ,4 
avgk,58,21,0,0,Professor,0.0,Female,0,0 ,0 ,0 
avgk,58,1995,9,9,Model,0.0,Female,9,9 ,9 ,9 
avgk,58,17,3,0,Professor,1.0,Male,3,3 0 ,3 5 0 ,3 5 0 
avgk,58,1639,2,8,Painter,1.0,Male,2,2 8 ,2 8 ,2 8 
avgk,58,236,1,1,Physician,0.0,Female,1,1 6 ,1 ,1 
avgk,58,765,3,3,Journalist,0.0,Female,3,3 ,3 ,3 
avgk,58,719,9,3,Journalist,1.0,Male,5,5 9 ,5 9 ,5 9 
avgk,58,1417,1,7,Surgeon,1.0,Male,1,1 ,1 ,1 
avgk,58,1110,5,5,Teacher,0.0,Female,5,3 5 ,3 5 ,5 
avgk,58,59,0,0,Professor,0.0,Female,0,0 ,0 ,0 
avgk,58,1297,6,6,Dentist,1.0,Male,6,6 ,6 ,6 
avgk,58,1008,5,5,Teacher,0.0,Female,5,3 5 ,3 5 8 ,3 5 8 
avgk,58,1504,7,7,Surgeon,1.0,Male,7,1 7 ,1 7 ,1 7 
avgk,58,495,2,2,Photographer,0.0,Female,2,2 ,2 ,2 
avgk,58,1216,6,6,Dentist,1.0,Male,6,6 ,6 ,1 6 
avgk,59,110,1,0,Professor,0.0,Female,1,1 0 ,1 ,1 0 
avgk,59,153,3,0,Professor,1.0,Male,0,3 0 ,3 5 0 ,3 5 0 
avgk,59,1956,2,9,Model,0.0,Female,2,2 ,2 ,2 
avgk,59,1995,9,9,Model,0.0,Female,9,9 ,9 ,9 
avgk,59,848,4,4,Psychologist,0.0,Female,4,4 ,4 ,4 
avgk,59,313,1,1,Physician,0.0,Female,1,1 ,1 ,1 
avgk,59,1845,9,9,Model,0.0,Female,9,9 ,3 9 ,9 
avgk,59,343,1,1,Physician,0.0,Female,1,1 6 ,1 6 ,1 6 
avgk,59,1204,1,6,Dentist,1.0,Male,6,6 ,6 ,1 6 
avgk,59,1755,9,8,Painter,0.0,Female,8,8 ,8 ,8 
avgk,59,1135,5,5,Teacher,0.0,Female,5,5 9 ,5 ,5 
avgk,59,1185,5,5,Teacher,1.0,Male,5,5 7 ,5 7 ,5 7 
avgk,59,591,3,2,Photographer,1.0,Male,2,2 8 ,2 4 8 0 ,2 8 0 
avgk,59,1444,7,7,Surgeon,0.0,Female,7,1 7 ,1 7 ,1 7 
avgk,59,85,8,0,Professor,1.0,Male,2,2 8 ,2 8 0 ,2 8 
avgk,59,1269,6,6,Dentist,1.0,Male,6,6 ,6 ,6 7 
avgk,59,414,2,2,Photographer,1.0,Male,2,2 ,2 ,2 
avgk,59,383,1,1,Physician,1.0,Male,1,1 6 ,1 6 ,1 
avgk,59,1560,7,7,Surgeon,0.0,Female,6,1 6 7 ,1 6 7 0 ,1 6 7 0 
avgk,59,1174,5,5,Teacher,0.0,Female,3,3 5 ,3 5 0 ,3 5 0 
avgk,59,1273,1,6,Dentist,0.0,Female,6,6 ,6 ,6 
avgk,59,1798,2,8,Painter,1.0,Male,8,2 8 ,2 8 ,2 8 
avgk,59,1016,3,5,Teacher,1.0,Male,5,5 0 ,4 5 0 ,4 5 0 
avgk,59,1673,8,8,Painter,1.0,Male,8,8 ,8 ,8 
avgk,59,633,3,3,Journalist,0.0,Female,3,3 ,3 ,3 
avgk,59,310,1,1,Physician,1.0,Male,1,1 7 ,1 6 7 ,1 7 
avgk,59,294,1,1,Physician,0.0,Female,1,1 ,1 ,1 
avgk,59,638,3,3,Journalist,0.0,Female,4,4 5 ,4 5 0 ,4 5 
avgk,59,873,1,4,Psychologist,1.0,Male,4,4 6 ,4 6 ,4 6 
avgk,59,61,5,0,Professor,0.0,Female,0,0 ,0 ,0 
avgk,59,616,3,3,Journalist,0.0,Female,3,3 ,3 ,3 
avgk,59,1140,0,5,Teacher,1.0,Male,0,0 ,0 ,0 
avgk,59,1930,9,9,Model,0.0,Female,9,9 ,9 ,9 
avgk,59,991,4,4,Psychologist,1.0,Male,5,3 5 ,2 3 4 5 ,2 3 4 5 
avgk,59,865,1,4,Psychologist,0.0,Female,5,3 5 ,3 4 5 ,3 4 5 
avgk,59,135,3,0,Professor,1.0,Male,0,0 ,0 ,0 
avgk,59,1586,7,7,Surgeon,1.0,Male,7,7 ,7 ,7 
avgk,59,689,3,3,Journalist,1.0,Male,3,3 ,3 ,3 5 
avgk,59,1693,3,8,Painter,1.0,Male,8,2 3 5 8 ,2 3 5 8 ,2 3 5 8 
avgk,59,550,1,2,Photographer,1.0,Male,2,2 3 ,2 3 ,2 3 
avgk,59,448,3,2,Photographer,1.0,Male,3,3 5 ,3 5 ,3 5 
avgk,59,1216,6,6,Dentist,1.0,Male,6,6 ,6 ,1 6 
avgk,59,1604,8,8,Painter,0.0,Female,8,8 ,8 ,8 
avgk,59,409,2,2,Photographer,1.0,Male,2,2 ,2 ,2 3 
avgk,59,799,3,3,Journalist,0.0,Female,3,3 ,3 ,3 
avgk,59,1476,7,7,Surgeon,1.0,Male,7,7 ,7 ,6 7 
avgk,59,840,4,4,Psychologist,0.0,Female,4,4 ,4 ,4 
avgk,59,1249,4,6,Dentist,0.0,Female,6,6 ,6 7 ,6 
avgk,59,1915,9,9,Model,0.0,Female,9,9 ,9 ,9 
avgk,59,1417,1,7,Surgeon,1.0,Male,1,1 ,1 ,1 
avgk,60,543,2,2,Photographer,0.0,Female,2,2 9 ,2 3 4 9 ,2 4 9 
avgk,60,1768,3,8,Painter,0.0,Female,5,2 3 5 ,2 3 5 8 ,2 3 5 
avgk,60,507,2,2,Photographer,1.0,Male,2,2 ,2 ,2 
avgk,60,981,0,4,Psychologist,0.0,Female,3,2 3 5 ,2 3 ,2 3 
avgk,60,665,3,3,Journalist,0.0,Female,3,3 ,3 ,3 
avgk,60,669,3,3,Journalist,1.0,Male,3,2 3 ,2 3 ,2 3 
avgk,60,894,4,4,Psychologist,1.0,Male,4,4 ,4 ,4 0 
avgk,60,267,1,1,Physician,0.0,Female,1,1 6 ,1 6 ,1 
avgk,60,11,3,0,Professor,1.0,Male,0,1 0 ,1 0 ,1 0 
avgk,60,1792,8,8,Painter,1.0,Male,8,8 ,8 ,8 
avgk,60,1941,9,9,Model,0.0,Female,9,9 ,9 ,9 
avgk,60,1810,9,9,Model,0.0,Female,9,9 ,9 ,9 
avgk,60,1039,9,5,Teacher,1.0,Male,3,2 3 9 ,2 3 5 9 ,2 3 9 
avgk,60,10,0,0,Professor,0.0,Female,0,0 ,0 ,0 
avgk,60,1406,7,7,Surgeon,1.0,Male,7,1 6 7 ,1 6 7 0 ,1 6 7 0 
avgk,60,432,2,2,Photographer,1.0,Male,2,2 ,2 9 ,2 9 
avgk,60,1759,8,8,Painter,0.0,Female,8,8 ,8 ,8 
avgk,60,1487,0,7,Surgeon,0.0,Female,0,0 ,4 0 ,4 0 
avgk,60,1373,6,6,Dentist,0.0,Female,6,6 ,6 ,6 
avgk,60,138,3,0,Professor,1.0,Male,3,3 0 ,3 5 0 ,3 4 5 0 
avgk,60,1949,9,9,Model,0.0,Female,9,3 9 ,3 9 ,3 9 
avgk,60,1297,6,6,Dentist,1.0,Male,6,6 ,6 ,6 
avgk,60,1583,7,7,Surgeon,1.0,Male,3,3 7 ,3 7 ,3 7 
avgk,60,1189,4,5,Teacher,0.0,Female,4,4 5 ,4 5 ,4 
avgk,60,437,2,2,Photographer,0.0,Female,2,2 ,2 ,2 
avgk,60,1327,6,6,Dentist,0.0,Female,6,1 6 7 ,1 6 ,1 6 
avgk,60,255,7,1,Physician,0.0,Female,1,1 6 ,1 6 ,1 
avgk,60,763,3,3,Journalist,1.0,Male,3,3 ,3 ,3 
avgk,60,1590,7,7,Surgeon,1.0,Male,7,7 ,7 ,6 7 
avgk,60,102,0,0,Professor,1.0,Male,0,4 0 ,4 0 ,4 0 
avgk,60,1110,5,5,Teacher,0.0,Female,5,3 5 ,3 5 ,5 
avgk,60,330,1,1,Physician,0.0,Female,1,1 6 ,1 6 ,1 
avgk,60,1505,3,7,Surgeon,1.0,Male,3,3 5 ,3 5 ,3 5 
avgk,60,1157,5,5,Teacher,0.0,Female,5,1 5 0 ,5 0 ,5 0 
avgk,60,972,4,4,Psychologist,1.0,Male,4,1 4 ,4 ,4 
avgk,60,1277,6,6,Dentist,1.0,Male,6,6 ,6 ,6 7 
avgk,60,1149,5,5,Teacher,1.0,Male,5,5 ,5 ,5 9 
avgk,60,224,1,1,Physician,0.0,Female,1,1 6 ,1 6 ,1 6 
avgk,60,1888,0,9,Model,0.0,Female,3,3 9 ,1 3 4 7 9 ,3 7 9 
avgk,60,833,4,4,Psychologist,1.0,Male,4,4 ,4 ,4 
avgk,60,718,3,3,Journalist,1.0,Male,3,3 5 ,3 5 ,3 5 
avgk,60,1976,9,9,Model,0.0,Female,3,3 5 9 ,2 3 5 9 ,3 5 9 
avgk,60,680,3,3,Journalist,0.0,Female,0,4 0 ,1 4 7 0 ,4 0 
avgk,60,1609,3,8,Painter,0.0,Female,8,8 ,8 0 ,8 
avgk,60,16,5,0,Professor,1.0,Male,5,5 ,5 ,5 
avgk,60,229,1,1,Physician,0.0,Female,1,1 ,1 ,1 
avgk,60,1294,6,6,Dentist,0.0,Female,6,6 ,6 ,6 
avgk,60,403,3,2,Photographer,1.0,Male,2,2 5 ,2 3 5 9 ,2 3 5 9 
avgk,60,1657,0,8,Painter,1.0,Male,5,5 8 9 ,5 8 9 ,5 8 9 
avgk,60,837,4,4,Psychologist,0.0,Female,4,4 ,4 ,4 
avgk,61,432,9,2,Photographer,1.0,Male,2,2 ,2 9 ,2 9 
avgk,61,498,2,2,Photographer,1.0,Male,2,2 ,2 ,2 
avgk,61,94,5,0,Professor,0.0,Female,0,2 5 0 ,2 5 0 ,5 0 
avgk,61,11,1,0,Professor,1.0,Male,0,1 0 ,1 0 ,1 0 
avgk,61,1768,3,8,Painter,0.0,Female,5,2 3 5 ,2 3 5 8 ,2 3 5 
avgk,61,1294,6,6,Dentist,0.0,Female,6,6 ,6 ,6 
avgk,61,1590,7,7,Surgeon,1.0,Male,7,7 ,7 ,6 7 
avgk,61,267,1,1,Physician,0.0,Female,1,1 6 ,1 6 ,1 
avgk,61,1918,9,9,Model,1.0,Male,9,5 9 ,2 5 9 ,2 5 9 0 
avgk,61,643,3,3,Journalist,1.0,Male,3,3 ,3 ,3 
avgk,61,1949,3,9,Model,0.0,Female,9,3 9 ,3 9 ,3 9 
avgk,61,833,4,4,Psychologist,1.0,Male,4,4 ,4 ,4 
avgk,61,1658,5,8,Painter,1.0,Male,8,2 8 ,2 5 8 ,2 5 8 
avgk,61,1501,7,7,Surgeon,1.0,Male,7,1 6 7 ,1 6 7 ,1 6 7 
avgk,61,1505,3,7,Surgeon,1.0,Male,3,3 5 ,3 5 ,3 5 
avgk,61,437,2,2,Photographer,0.0,Female,2,2 ,2 ,2 
avgk,61,1777,8,8,Painter,0.0,Female,8,8 ,8 ,8 
avgk,61,1327,6,6,Dentist,0.0,Female,6,1 6 7 ,1 6 ,1 6 
avgk,61,254,1,1,Physician,0.0,Female,1,1 ,1 ,1 
avgk,61,1809,9,9,Model,0.0,Female,9,9 ,9 ,9 
avgk,61,894,4,4,Psychologist,1.0,Male,4,4 ,4 ,4 0 
avgk,61,631,3,3,Journalist,1.0,Male,3,3 ,3 ,2 3 
avgk,61,1148,8,5,Teacher,1.0,Male,2,2 8 ,2 8 ,2 8 
avgk,61,1792,8,8,Painter,1.0,Male,8,8 ,8 ,8 
avgk,61,763,3,3,Journalist,1.0,Male,3,3 ,3 ,3 
avgk,61,543,9,2,Photographer,0.0,Female,2,2 9 ,2 3 4 9 ,2 4 9 
avgk,61,403,3,2,Photographer,1.0,Male,2,2 5 ,2 3 5 9 ,2 3 5 9 
avgk,61,664,1,3,Journalist,1.0,Male,3,2 3 0 ,1 2 3 0 ,1 2 3 0 
avgk,61,1487,0,7,Surgeon,0.0,Female,0,0 ,4 0 ,4 0 
avgk,61,1038,5,5,Teacher,0.0,Female,5,5 ,5 ,5 
avgk,61,1277,7,6,Dentist,1.0,Male,6,6 ,6 ,6 7 
avgk,61,224,1,1,Physician,0.0,Female,1,1 6 ,1 6 ,1 6 
avgk,61,1229,7,6,Dentist,0.0,Female,6,6 7 ,6 7 ,6 7 
avgk,61,971,0,4,Psychologist,0.0,Female,0,0 ,0 ,0 
avgk,61,330,1,1,Physician,0.0,Female,1,1 6 ,1 6 ,1 
avgk,61,1888,9,9,Model,0.0,Female,3,3 9 ,1 3 4 7 9 ,3 7 9 
avgk,61,1153,2,5,Teacher,1.0,Male,2,2 3 ,2 3 5 ,2 3 5 
avgk,61,266,1,1,Physician,0.0,Female,1,1 6 ,1 ,1 
avgk,61,1157,0,5,Teacher,0.0,Female,5,1 5 0 ,5 0 ,5 0 
avgk,61,1405,1,7,Surgeon,1.0,Male,7,7 ,7 ,1 7 
avgk,61,837,4,4,Psychologist,0.0,Female,4,4 ,4 ,4 
avgk,61,10,0,0,Professor,0.0,Female,0,0 ,0 ,0 
avgk,61,669,3,3,Journalist,1.0,Male,3,2 3 ,2 3 ,2 3 
avgk,61,103,4,0,Professor,1.0,Male,0,0 ,0 ,4 0 
avgk,61,1373,6,6,Dentist,0.0,Female,6,6 ,6 ,6 
avgk,61,976,4,4,Psychologist,0.0,Female,4,1 4 ,4 ,4 
avgk,61,1759,8,8,Painter,0.0,Female,8,8 ,8 ,8 
avgk,61,1941,9,9,Model,0.0,Female,9,9 ,9 ,9 
avgk,61,138,4,0,Professor,1.0,Male,3,3 0 ,3 5 0 ,3 4 5 0 
avgk,61,1109,5,5,Teacher,0.0,Female,5,5 ,5 ,5 
avgk,62,103,0,0,Professor,1.0,Male,0,0 ,0 ,4 0 
avgk,62,11,4,0,Professor,1.0,Male,0,1 0 ,1 0 ,1 0 
avgk,62,1976,9,9,Model,0.0,Female,3,3 5 9 ,2 3 5 9 ,3 5 9 
avgk,62,304,1,1,Physician,1.0,Male,1,1 6 7 ,1 7 ,1 
avgk,62,235,1,1,Physician,0.0,Female,1,1 ,1 ,1 
avgk,62,225,1,1,Physician,0.0,Female,1,1 ,1 ,1 
avgk,62,229,1,1,Physician,0.0,Female,1,1 ,1 ,1 
avgk,62,765,3,3,Journalist,0.0,Female,3,3 ,3 ,3 
avgk,62,437,2,2,Photographer,0.0,Female,2,2 ,2 ,2 
avgk,62,669,3,3,Journalist,1.0,Male,3,2 3 ,2 3 ,2 3 
avgk,62,877,3,4,Psychologist,0.0,Female,3,3 4 5 ,3 4 5 ,3 4 5 
avgk,62,1505,3,7,Surgeon,1.0,Male,3,3 5 ,3 5 ,3 5 
avgk,62,1609,8,8,Painter,0.0,Female,8,8 ,8 0 ,8 
avgk,62,895,0,4,Psychologist,0.0,Female,4,4 0 ,3 4 0 ,4 0 
avgk,62,1278,6,6,Dentist,1.0,Male,6,6 7 ,6 7 ,6 7 
avgk,62,1768,5,8,Painter,0.0,Female,5,2 3 5 ,2 3 5 8 ,2 3 5 
avgk,62,637,3,3,Journalist,0.0,Female,3,2 3 ,2 3 5 ,2 3 
avgk,62,1296,5,6,Dentist,1.0,Male,7,7 ,5 7 ,5 7 
avgk,62,1995,9,9,Model,0.0,Female,9,9 ,9 ,9 
avgk,62,719,9,3,Journalist,1.0,Male,5,5 9 ,5 9 ,5 9 
avgk,62,1965,3,9,Model,1.0,Male,3,3 6 ,2 3 6 ,2 3 6 
avgk,62,342,0,1,Physician,1.0,Male,0,1 0 ,0 ,1 0 
avgk,62,973,4,4,Psychologist,0.0,Female,4,4 ,4 6 ,4 
avgk,62,1639,2,8,Painter,1.0,Male,2,2 8 ,2 8 ,2 8 
avgk,62,1560,7,7,Surgeon,0.0,Female,6,1 6 7 ,1 6 7 0 ,1 6 7 0 
avgk,62,686,3,3,Journalist,0.0,Female,3,3 ,3 ,3 
avgk,62,1399,6,6,Dentist,1.0,Male,6,6 ,6 ,6 7 
avgk,62,1273,6,6,Dentist,0.0,Female,6,6 ,6 ,6 
avgk,62,1039,2,5,Teacher,1.0,Male,3,2 3 9 ,2 3 5 9 ,2 3 9 
avgk,62,549,2,2,Photographer,1.0,Male,2,2 ,2 ,2 
avgk,62,1009,3,5,Teacher,1.0,Male,3,2 3 ,2 3 ,2 3 4 
avgk,62,494,2,2,Photographer,0.0,Female,2,2 9 ,2 9 ,2 9 
avgk,62,1888,7,9,Model,0.0,Female,3,3 9 ,1 3 4 7 9 ,3 7 9 
avgk,62,1190,0,5,Teacher,1.0,Male,0,0 ,5 0 ,5 0 
avgk,62,982,4,4,Psychologist,0.0,Female,4,4 ,4 ,4 
avgk,62,1673,8,8,Painter,1.0,Male,8,8 ,8 ,8 
avgk,62,1657,8,8,Painter,1.0,Male,5,5 8 9 ,5 8 9 ,5 8 9 
avgk,62,508,2,2,Photographer,1.0,Male,2,2 ,2 ,2 
avgk,62,21,0,0,Professor,0.0,Female,0,0 ,0 ,0 
avgk,62,1135,5,5,Teacher,0.0,Female,5,5 9 ,5 ,5 
avgk,62,1941,9,9,Model,0.0,Female,9,9 ,9 ,9 
avgk,62,1583,7,7,Surgeon,1.0,Male,3,3 7 ,3 7 ,3 7 
avgk,62,1110,5,5,Teacher,0.0,Female,5,3 5 ,3 5 ,5 
avgk,62,16,5,0,Professor,1.0,Male,5,5 ,5 ,5 
avgk,62,1406,0,7,Surgeon,1.0,Male,7,1 6 7 ,1 6 7 0 ,1 6 7 0 
avgk,62,1401,7,7,Surgeon,1.0,Male,1,1 7 ,1 7 ,1 7 
avgk,62,849,4,4,Psychologist,0.0,Female,4,4 0 ,4 0 ,4 
avgk,62,433,2,2,Photographer,0.0,Female,2,2 ,2 ,2 
avgk,62,59,0,0,Professor,0.0,Female,0,0 ,0 ,0 
avgk,62,1294,6,6,Dentist,0.0,Female,6,6 ,6 ,6 
avgk,63,85,8,0,Professor,1.0,Male,2,2 8 ,2 8 0 ,2 8 
avgk,63,1185,5,5,Teacher,1.0,Male,5,5 7 ,5 7 ,5 7 
avgk,63,237,1,1,Physician,0.0,Female,1,1 ,1 ,1 
avgk,63,1135,5,5,Teacher,0.0,Female,5,5 9 ,5 ,5 
avgk,63,449,2,2,Photographer,1.0,Male,2,2 ,2 ,2 
avgk,63,991,3,4,Psychologist,1.0,Male,5,3 5 ,2 3 4 5 ,2 3 4 5 
avgk,63,343,1,1,Physician,0.0,Female,1,1 6 ,1 6 ,1 6 
avgk,63,686,3,3,Journalist,0.0,Female,3,3 ,3 ,3 
avgk,63,414,2,2,Photographer,1.0,Male,2,2 ,2 ,2 
avgk,63,495,2,2,Photographer,0.0,Female,2,2 ,2 ,2 
avgk,63,1956,2,9,Model,0.0,Female,2,2 ,2 ,2 
avgk,63,799,3,3,Journalist,0.0,Female,3,3 ,3 ,3 
avgk,63,310,1,1,Physician,1.0,Male,1,1 7 ,1 6 7 ,1 7 
avgk,63,293,0,1,Physician,1.0,Male,1,1 0 ,1 7 0 ,1 7 0 
avgk,63,1995,9,9,Model,0.0,Female,9,9 ,9 ,9 
avgk,63,1273,6,6,Dentist,0.0,Female,6,6 ,6 ,6 
avgk,63,61,0,0,Professor,0.0,Female,0,0 ,0 ,0 
avgk,63,840,4,4,Psychologist,0.0,Female,4,4 ,4 ,4 
avgk,63,1639,2,8,Painter,1.0,Male,2,2 8 ,2 8 ,2 8 
avgk,63,1016,3,5,Teacher,1.0,Male,5,5 0 ,4 5 0 ,4 5 0 
avgk,63,1755,8,8,Painter,0.0,Female,8,8 ,8 ,8 
avgk,63,1477,7,7,Surgeon,1.0,Male,7,7 ,7 ,6 7 
avgk,63,1204,6,6,Dentist,1.0,Male,6,6 ,6 ,1 6 
avgk,63,135,0,0,Professor,1.0,Male,0,0 ,0 ,0 
avgk,63,1914,9,9,Model,0.0,Female,9,9 ,9 ,9 
avgk,63,1560,7,7,Surgeon,0.0,Female,6,1 6 7 ,1 6 7 0 ,1 6 7 0 
avgk,63,688,3,3,Journalist,1.0,Male,3,3 ,3 ,3 0 
avgk,63,21,0,0,Professor,0.0,Female,0,0 ,0 ,0 
avgk,63,1604,8,8,Painter,0.0,Female,8,8 ,8 ,8 
avgk,63,1174,0,5,Teacher,0.0,Female,3,3 5 ,3 5 0 ,3 5 0 
avgk,63,1673,8,8,Painter,1.0,Male,8,8 ,8 ,8 
avgk,63,849,4,4,Psychologist,0.0,Female,4,4 0 ,4 0 ,4 
avgk,63,633,3,3,Journalist,0.0,Female,3,3 ,3 ,3 
avgk,63,1008,5,5,Teacher,0.0,Female,5,3 5 ,3 5 8 ,3 5 8 
avgk,63,1399,6,6,Dentist,1.0,Male,6,6 ,6 ,6 7 
avgk,63,638,4,3,Journalist,0.0,Female,4,4 5 ,4 5 0 ,4 5 
avgk,63,110,1,0,Professor,0.0,Female,1,1 0 ,1 ,1 0 
avgk,63,1845,9,9,Model,0.0,Female,9,9 ,3 9 ,9 
avgk,63,878,0,4,Psychologist,1.0,Male,0,4 0 ,4 6 0 ,4 6 0 
avgk,63,1444,7,7,Surgeon,0.0,Female,7,1 7 ,1 7 ,1 7 
avgk,63,873,4,4,Psychologist,1.0,Male,4,4 6 ,4 6 ,4 6 
avgk,63,550,2,2,Photographer,1.0,Male,2,2 3 ,2 3 ,2 3 
avgk,63,1417,1,7,Surgeon,1.0,Male,1,1 ,1 ,1 
avgk,63,1798,2,8,Painter,1.0,Male,8,2 8 ,2 8 ,2 8 
avgk,63,1216,6,6,Dentist,1.0,Male,6,6 ,6 ,1 6 
avgk,63,1401,7,7,Surgeon,1.0,Male,1,1 7 ,1 7 ,1 7 
avgk,63,1965,3,9,Model,1.0,Male,3,3 6 ,2 3 6 ,2 3 6 
avgk,63,591,0,2,Photographer,1.0,Male,2,2 8 ,2 4 8 0 ,2 8 0 
avgk,63,1249,6,6,Dentist,0.0,Female,6,6 ,6 7 ,6 
avgk,63,313,1,1,Physician,0.0,Female,1,1 ,1 ,1 
avgk,64,1759,8,8,Painter,0.0,Female,8,8 ,8 ,8 
avgk,64,833,4,4,Psychologist,1.0,Male,4,4 ,4 ,4 
avgk,64,1110,5,5,Teacher,0.0,Female,5,3 5 ,3 5 ,5 
avgk,64,981,3,4,Psychologist,0.0,Female,3,2 3 5 ,2 3 ,2 3 
avgk,64,543,2,2,Photographer,0.0,Female,2,2 9 ,2 3 4 9 ,2 4 9 
avgk,64,224,7,1,Physician,0.0,Female,1,1 6 ,1 6 ,1 6 
avgk,64,1039,3,5,Teacher,1.0,Male,3,2 3 9 ,2 3 5 9 ,2 3 9 
avgk,64,1373,6,6,Dentist,0.0,Female,6,6 ,6 ,6 
avgk,64,1768,3,8,Painter,0.0,Female,5,2 3 5 ,2 3 5 8 ,2 3 5 
avgk,64,1406,6,7,Surgeon,1.0,Male,7,1 6 7 ,1 6 7 0 ,1 6 7 0 
avgk,64,330,1,1,Physician,0.0,Female,1,1 6 ,1 6 ,1 
avgk,64,972,4,4,Psychologist,1.0,Male,4,1 4 ,4 ,4 
avgk,64,763,3,3,Journalist,1.0,Male,3,3 ,3 ,3 
avgk,64,255,7,1,Physician,0.0,Female,1,1 6 ,1 6 ,1 
avgk,64,1297,6,6,Dentist,1.0,Male,6,6 ,6 ,6 
avgk,64,669,3,3,Journalist,1.0,Male,3,2 3 ,2 3 ,2 3 
avgk,64,138,3,0,Professor,1.0,Male,3,3 0 ,3 5 0 ,3 4 5 0 
avgk,64,1149,5,5,Teacher,1.0,Male,5,5 ,5 ,5 9 
avgk,64,1609,8,8,Painter,0.0,Female,8,8 ,8 0 ,8 
avgk,64,403,3,2,Photographer,1.0,Male,2,2 5 ,2 3 5 9 ,2 3 5 9 
avgk,64,11,1,0,Professor,1.0,Male,0,1 0 ,1 0 ,1 0 
avgk,64,1487,4,7,Surgeon,0.0,Female,0,0 ,4 0 ,4 0 
avgk,64,718,3,3,Journalist,1.0,Male,3,3 5 ,3 5 ,3 5 
avgk,64,1888,3,9,Model,0.0,Female,3,3 9 ,1 3 4 7 9 ,3 7 9 
avgk,64,1976,9,9,Model,0.0,Female,3,3 5 9 ,2 3 5 9 ,3 5 9 
avgk,64,432,2,2,Photographer,1.0,Male,2,2 ,2 9 ,2 9 
avgk,64,837,4,4,Psychologist,0.0,Female,4,4 ,4 ,4 
avgk,64,894,4,4,Psychologist,1.0,Male,4,4 ,4 ,4 0 
avgk,64,665,3,3,Journalist,0.0,Female,3,3 ,3 ,3 
avgk,64,10,0,0,Professor,0.0,Female,0,0 ,0 ,0 
avgk,64,1583,3,7,Surgeon,1.0,Male,3,3 7 ,3 7 ,3 7 
avgk,64,680,0,3,Journalist,0.0,Female,0,4 0 ,1 4 7 0 ,4 0 
avgk,64,267,1,1,Physician,0.0,Female,1,1 6 ,1 6 ,1 
avgk,64,16,5,0,Professor,1.0,Male,5,5 ,5 ,5 
avgk,64,1294,6,6,Dentist,0.0,Female,6,6 ,6 ,6 
avgk,64,1590,6,7,Surgeon,1.0,Male,7,7 ,7 ,6 7 
avgk,64,1949,9,9,Model,0.0,Female,9,3 9 ,3 9 ,3 9 
avgk,64,1505,3,7,Surgeon,1.0,Male,3,3 5 ,3 5 ,3 5 
avgk,64,437,2,2,Photographer,0.0,Female,2,2 ,2 ,2 
avgk,64,1792,8,8,Painter,1.0,Male,8,8 ,8 ,8 
avgk,64,1157,0,5,Teacher,0.0,Female,5,1 5 0 ,5 0 ,5 0 
avgk,64,1810,9,9,Model,0.0,Female,9,9 ,9 ,9 
avgk,64,1941,9,9,Model,0.0,Female,9,9 ,9 ,9 
avgk,64,229,1,1,Physician,0.0,Female,1,1 ,1 ,1 
avgk,64,1327,6,6,Dentist,0.0,Female,6,1 6 7 ,1 6 ,1 6 
avgk,64,1657,8,8,Painter,1.0,Male,5,5 8 9 ,5 8 9 ,5 8 9 
avgk,64,1189,5,5,Teacher,0.0,Female,4,4 5 ,4 5 ,4 
avgk,64,507,2,2,Photographer,1.0,Male,2,2 ,2 ,2 
avgk,64,1277,6,6,Dentist,1.0,Male,6,6 ,6 ,6 7 
avgk,64,102,0,0,Professor,1.0,Male,0,4 0 ,4 0 ,4 0 
avgk,65,1038,5,5,Teacher,0.0,Female,5,5 ,5 ,5 
avgk,65,266,1,1,Physician,0.0,Female,1,1 6 ,1 ,1 
avgk,65,10,3,0,Professor,0.0,Female,0,0 ,0 ,0 
avgk,65,1501,1,7,Surgeon,1.0,Male,7,1 6 7 ,1 6 7 ,1 6 7 
avgk,65,951,4,4,Psychologist,1.0,Male,4,4 ,4 ,4 
avgk,65,971,4,4,Psychologist,0.0,Female,0,0 ,0 ,0 
avgk,65,1734,8,8,Painter,1.0,Male,8,8 ,8 ,8 
avgk,65,267,1,1,Physician,0.0,Female,1,1 6 ,1 6 ,1 
avgk,65,1949,3,9,Model,0.0,Female,9,3 9 ,3 9 ,3 9 
avgk,65,1157,5,5,Teacher,0.0,Female,5,1 5 0 ,5 0 ,5 0 
avgk,65,706,3,3,Journalist,1.0,Male,3,3 ,3 ,3 
avgk,65,867,4,4,Psychologist,0.0,Female,4,4 ,4 ,4 
avgk,65,1557,1,7,Surgeon,1.0,Male,7,7 ,7 ,1 7 
avgk,65,1810,9,9,Model,0.0,Female,9,9 ,9 ,9 
avgk,65,832,4,4,Psychologist,1.0,Male,4,4 ,4 ,4 
avgk,65,11,1,0,Professor,1.0,Male,0,1 0 ,1 0 ,1 0 
avgk,65,1405,7,7,Surgeon,1.0,Male,7,7 ,7 ,1 7 
avgk,65,95,0,0,Professor,0.0,Female,0,0 ,0 ,0 
avgk,65,643,3,3,Journalist,1.0,Male,3,3 ,3 ,3 
avgk,65,542,2,2,Photographer,0.0,Female,2,2 ,2 ,2 
avgk,65,402,2,2,Photographer,1.0,Male,2,2 ,2 ,2 
avgk,65,262,1,1,Physician,0.0,Female,1,1 ,1 6 ,1 6 
avgk,65,1293,6,6,Dentist,1.0,Male,6,6 ,6 ,6 
avgk,65,1918,9,9,Model,1.0,Male,9,5 9 ,2 5 9 ,2 5 9 0 
avgk,65,1646,8,8,Painter,0.0,Female,2,2 ,2 5 8 ,2 8 
avgk,65,1888,3,9,Model,0.0,Female,3,3 9 ,1 3 4 7 9 ,3 7 9 
avgk,65,1153,3,5,Teacher,1.0,Male,2,2 3 ,2 3 5 ,2 3 5 
avgk,65,1759,8,8,Painter,0.0,Female,8,8 ,8 ,8 
avgk,65,1590,7,7,Surgeon,1.0,Male,7,7 ,7 ,6 7 
avgk,65,138,3,0,Professor,1.0,Male,3,3 0 ,3 5 0 ,3 4 5 0 
avgk,65,255,1,1,Physician,0.0,Female,1,1 6 ,1 6 ,1 
avgk,65,1229,6,6,Dentist,0.0,Female,6,6 7 ,6 7 ,6 7 
avgk,65,631,3,3,Journalist,1.0,Male,3,3 ,3 ,2 3 
avgk,65,664,3,3,Journalist,1.0,Male,3,2 3 0 ,1 2 3 0 ,1 2 3 0 
avgk,65,1147,5,5,Teacher,0.0,Female,5,5 ,5 ,5 
avgk,65,330,1,1,Physician,0.0,Female,1,1 6 ,1 6 ,1 
avgk,65,1777,8,8,Painter,0.0,Female,8,8 ,8 ,8 
avgk,65,1658,8,8,Painter,1.0,Male,8,2 8 ,2 5 8 ,2 5 8 
avgk,65,432,2,2,Photographer,1.0,Male,2,2 ,2 9 ,2 9 
avgk,65,1326,6,6,Dentist,0.0,Female,6,6 ,6 ,6 
avgk,65,43,0,0,Professor,0.0,Female,0,0 ,0 ,4 0 
avgk,65,403,5,2,Photographer,1.0,Male,2,2 5 ,2 3 5 9 ,2 3 5 9 
avgk,65,837,4,4,Psychologist,0.0,Female,4,4 ,4 ,4 
avgk,65,1225,6,6,Dentist,1.0,Male,6,6 7 ,6 7 ,6 7 
avgk,65,1487,4,7,Surgeon,0.0,Female,0,0 ,4 0 ,4 0 
avgk,65,1833,9,9,Model,0.0,Female,2,2 3 5 9 ,2 3 5 9 ,2 3 9 
avgk,65,1372,6,6,Dentist,0.0,Female,6,6 ,6 ,6 
avgk,65,1104,5,5,Teacher,0.0,Female,5,5 ,5 ,5 
avgk,65,498,2,2,Photographer,1.0,Male,2,2 ,2 ,2 
avgk,65,669,2,3,Journalist,1.0,Male,3,2 3 ,2 3 ,2 3 
avgk,66,1008,5,5,Teacher,0.0,Female,5,3 5 ,3 5 8 ,3 5 8 
avgk,66,237,1,1,Physician,0.0,Female,1,1 ,1 ,1 
avgk,66,686,3,3,Journalist,0.0,Female,3,3 ,3 ,3 
avgk,66,135,0,0,Professor,1.0,Male,0,0 ,0 ,0 
avgk,66,310,7,1,Physician,1.0,Male,1,1 7 ,1 6 7 ,1 7 
avgk,66,1755,8,8,Painter,0.0,Female,8,8 ,8 ,8 
avgk,66,633,3,3,Journalist,0.0,Female,3,3 ,3 ,3 
avgk,66,1016,4,5,Teacher,1.0,Male,5,5 0 ,4 5 0 ,4 5 0 
avgk,66,591,2,2,Photographer,1.0,Male,2,2 8 ,2 4 8 0 ,2 8 0 
avgk,66,1249,5,6,Dentist,0.0,Female,6,6 ,6 7 ,6 
avgk,66,1204,6,6,Dentist,1.0,Male,6,6 ,6 ,1 6 
avgk,66,688,3,3,Journalist,1.0,Male,3,3 ,3 ,3 0 
avgk,66,840,4,4,Psychologist,0.0,Female,4,4 ,4 ,4 
avgk,66,1444,7,7,Surgeon,0.0,Female,7,1 7 ,1 7 ,1 7 
avgk,66,1956,2,9,Model,0.0,Female,2,2 ,2 ,2 
avgk,66,849,0,4,Psychologist,0.0,Female,4,4 0 ,4 0 ,4 
avgk,66,343,1,1,Physician,0.0,Female,1,1 6 ,1 6 ,1 6 
avgk,66,414,2,2,Photographer,1.0,Male,2,2 ,2 ,2 
avgk,66,1639,8,8,Painter,1.0,Male,2,2 8 ,2 8 ,2 8 
avgk,66,1401,1,7,Surgeon,1.0,Male,1,1 7 ,1 7 ,1 7 
avgk,66,1914,9,9,Model,0.0,Female,9,9 ,9 ,9 
avgk,66,1965,2,9,Model,1.0,Male,3,3 6 ,2 3 6 ,2 3 6 
avgk,66,85,8,0,Professor,1.0,Male,2,2 8 ,2 8 0 ,2 8 
avgk,66,638,4,3,Journalist,0.0,Female,4,4 5 ,4 5 0 ,4 5 
avgk,66,1135,5,5,Teacher,0.0,Female,5,5 9 ,5 ,5 
avgk,66,1185,5,5,Teacher,1.0,Male,5,5 7 ,5 7 ,5 7 
avgk,66,873,4,4,Psychologist,1.0,Male,4,4 6 ,4 6 ,4 6 
avgk,66,991,3,4,Psychologist,1.0,Male,5,3 5 ,2 3 4 5 ,2 3 4 5 
avgk,66,449,2,2,Photographer,1.0,Male,2,2 ,2 ,2 
avgk,66,21,0,0,Professor,0.0,Female,0,0 ,0 ,0 
avgk,66,1417,1,7,Surgeon,1.0,Male,1,1 ,1 ,1 
avgk,66,1560,7,7,Surgeon,0.0,Female,6,1 6 7 ,1 6 7 0 ,1 6 7 0 
avgk,66,293,0,1,Physician,1.0,Male,1,1 0 ,1 7 0 ,1 7 0 
avgk,66,550,3,2,Photographer,1.0,Male,2,2 3 ,2 3 ,2 3 
avgk,66,1273,6,6,Dentist,0.0,Female,6,6 ,6 ,6 
avgk,66,1798,2,8,Painter,1.0,Male,8,2 8 ,2 8 ,2 8 
avgk,66,1673,8,8,Painter,1.0,Male,8,8 ,8 ,8 
avgk,66,61,0,0,Professor,0.0,Female,0,0 ,0 ,0 
avgk,66,1995,9,9,Model,0.0,Female,9,9 ,9 ,9 
avgk,66,313,1,1,Physician,0.0,Female,1,1 ,1 ,1 
avgk,66,1399,6,6,Dentist,1.0,Male,6,6 ,6 ,6 7 
avgk,66,1845,9,9,Model,0.0,Female,9,9 ,3 9 ,9 
avgk,66,878,4,4,Psychologist,1.0,Male,0,4 0 ,4 6 0 ,4 6 0 
avgk,66,799,3,3,Journalist,0.0,Female,3,3 ,3 ,3 
avgk,66,1604,8,8,Painter,0.0,Female,8,8 ,8 ,8 
avgk,66,495,2,2,Photographer,0.0,Female,2,2 ,2 ,2 
avgk,66,1174,3,5,Teacher,0.0,Female,3,3 5 ,3 5 0 ,3 5 0 
avgk,66,1216,6,6,Dentist,1.0,Male,6,6 ,6 ,1 6 
avgk,66,110,1,0,Professor,0.0,Female,1,1 0 ,1 ,1 0 
avgk,66,1477,7,7,Surgeon,1.0,Male,7,7 ,7 ,6 7 
avgk,67,1216,6,6,Dentist,1.0,Male,6,6 ,6 ,1 6 
avgk,67,991,3,4,Psychologist,1.0,Male,5,3 5 ,2 3 4 5 ,2 3 4 5 
avgk,67,1693,2,8,Painter,1.0,Male,8,2 3 5 8 ,2 3 5 8 ,2 3 5 8 
avgk,67,1798,2,8,Painter,1.0,Male,8,2 8 ,2 8 ,2 8 
avgk,67,310,7,1,Physician,1.0,Male,1,1 7 ,1 6 7 ,1 7 
avgk,67,1135,5,5,Teacher,0.0,Female,5,5 9 ,5 ,5 
avgk,67,1673,8,8,Painter,1.0,Male,8,8 ,8 ,8 
avgk,67,1273,6,6,Dentist,0.0,Female,6,6 ,6 ,6 
avgk,67,135,0,0,Professor,1.0,Male,0,0 ,0 ,0 
avgk,67,409,2,2,Photographer,1.0,Male,2,2 ,2 ,2 3 
avgk,67,85,8,0,Professor,1.0,Male,2,2 8 ,2 8 0 ,2 8 
avgk,67,1444,7,7,Surgeon,0.0,Female,7,1 7 ,1 7 ,1 7 
avgk,67,865,4,4,Psychologist,0.0,Female,5,3 5 ,3 4 5 ,3 4 5 
avgk,67,1016,0,5,Teacher,1.0,Male,5,5 0 ,4 5 0 ,4 5 0 
avgk,67,1755,8,8,Painter,0.0,Female,8,8 ,8 ,8 
avgk,67,110,1,0,Professor,0.0,Female,1,1 0 ,1 ,1 0 
avgk,67,414,2,2,Photographer,1.0,Male,2,2 ,2 ,2 
avgk,67,638,4,3,Journalist,0.0,Female,4,4 5 ,4 5 0 ,4 5 
avgk,67,1417,1,7,Surgeon,1.0,Male,1,1 ,1 ,1 
avgk,67,1586,7,7,Surgeon,1.0,Male,7,7 ,7 ,7 
avgk,67,1269,6,6,Dentist,1.0,Male,6,6 ,6 ,6 7 
avgk,67,448,3,2,Photographer,1.0,Male,3,3 5 ,3 5 ,3 5 
avgk,67,873,4,4,Psychologist,1.0,Male,4,4 6 ,4 6 ,4 6 
avgk,67,799,3,3,Journalist,0.0,Female,3,3 ,3 ,3 
avgk,67,1560,1,7,Surgeon,0.0,Female,6,1 6 7 ,1 6 7 0 ,1 6 7 0 
avgk,67,1604,8,8,Painter,0.0,Female,8,8 ,8 ,8 
avgk,67,1915,9,9,Model,0.0,Female,9,9 ,9 ,9 
avgk,67,153,0,0,Professor,1.0,Male,0,3 0 ,3 5 0 ,3 5 0 
avgk,67,1476,7,7,Surgeon,1.0,Male,7,7 ,7 ,6 7 
avgk,67,1140,0,5,Teacher,1.0,Male,0,0 ,0 ,0 
avgk,67,848,4,4,Psychologist,0.0,Female,4,4 ,4 ,4 
avgk,67,1185,5,5,Teacher,1.0,Male,5,5 7 ,5 7 ,5 7 
avgk,67,1930,9,9,Model,0.0,Female,9,9 ,9 ,9 
avgk,67,1845,9,9,Model,0.0,Female,9,9 ,3 9 ,9 
avgk,67,1174,0,5,Teacher,0.0,Female,3,3 5 ,3 5 0 ,3 5 0 
avgk,67,633,3,3,Journalist,0.0,Female,3,3 ,3 ,3 
avgk,67,591,2,2,Photographer,1.0,Male,2,2 8 ,2 4 8 0 ,2 8 0 
avgk,67,343,1,1,Physician,0.0,Female,1,1 6 ,1 6 ,1 6 
avgk,67,1995,9,9,Model,0.0,Female,9,9 ,9 ,9 
avgk,67,1204,6,6,Dentist,1.0,Male,6,6 ,6 ,1 6 
avgk,67,313,1,1,Physician,0.0,Female,1,1 ,1 ,1 
avgk,67,840,4,4,Psychologist,0.0,Female,4,4 ,4 ,4 
avgk,67,689,3,3,Journalist,1.0,Male,3,3 ,3 ,3 5 
avgk,67,383,1,1,Physician,1.0,Male,1,1 6 ,1 6 ,1 
avgk,67,294,1,1,Physician,0.0,Female,1,1 ,1 ,1 
avgk,67,1249,6,6,Dentist,0.0,Female,6,6 ,6 7 ,6 
avgk,67,1956,9,9,Model,0.0,Female,2,2 ,2 ,2 
avgk,67,61,0,0,Professor,0.0,Female,0,0 ,0 ,0 
avgk,67,616,3,3,Journalist,0.0,Female,3,3 ,3 ,3 
avgk,67,550,2,2,Photographer,1.0,Male,2,2 3 ,2 3 ,2 3 
avgk,68,877,3,4,Psychologist,0.0,Female,3,3 4 5 ,3 4 5 ,3 4 5 
avgk,68,1965,3,9,Model,1.0,Male,3,3 6 ,2 3 6 ,2 3 6 
avgk,68,1639,8,8,Painter,1.0,Male,2,2 8 ,2 8 ,2 8 
avgk,68,16,5,0,Professor,1.0,Male,5,5 ,5 ,5 
avgk,68,982,4,4,Psychologist,0.0,Female,4,4 ,4 ,4 
avgk,68,544,2,2,Photographer,1.0,Male,2,2 ,2 ,2 
avgk,68,1590,7,7,Surgeon,1.0,Male,7,7 ,7 ,6 7 
avgk,68,669,3,3,Journalist,1.0,Male,3,2 3 ,2 3 ,2 3 
avgk,68,1149,5,5,Teacher,1.0,Male,5,5 ,5 ,5 9 
avgk,68,229,1,1,Physician,0.0,Female,1,1 ,1 ,1 
avgk,68,1941,9,9,Model,0.0,Female,9,9 ,9 ,9 
avgk,68,138,3,0,Professor,1.0,Male,3,3 0 ,3 5 0 ,3 4 5 0 
avgk,68,1976,3,9,Model,0.0,Female,3,3 5 9 ,2 3 5 9 ,3 5 9 
avgk,68,11,1,0,Professor,1.0,Male,0,1 0 ,1 0 ,1 0 
avgk,68,1792,8,8,Painter,1.0,Male,8,8 ,8 ,8 
avgk,68,1327,6,6,Dentist,0.0,Female,6,1 6 7 ,1 6 ,1 6 
avgk,68,224,1,1,Physician,0.0,Female,1,1 6 ,1 6 ,1 6 
avgk,68,1768,3,8,Painter,0.0,Female,5,2 3 5 ,2 3 5 8 ,2 3 5 
avgk,68,1189,4,5,Teacher,0.0,Female,4,4 5 ,4 5 ,4 
avgk,68,1009,3,5,Teacher,1.0,Male,3,2 3 ,2 3 ,2 3 4 
avgk,68,21,0,0,Professor,0.0,Female,0,0 ,0 ,0 
avgk,68,1504,7,7,Surgeon,1.0,Male,7,1 7 ,1 7 ,1 7 
avgk,68,437,2,2,Photographer,0.0,Female,2,2 ,2 ,2 
avgk,68,1278,6,6,Dentist,1.0,Male,6,6 7 ,6 7 ,6 7 
avgk,68,1609,8,8,Painter,0.0,Female,8,8 ,8 0 ,8 
avgk,68,1399,6,6,Dentist,1.0,Male,6,6 ,6 ,6 7 
avgk,68,1401,1,7,Surgeon,1.0,Male,1,1 7 ,1 7 ,1 7 
avgk,68,895,0,4,Psychologist,0.0,Female,4,4 0 ,3 4 0 ,4 0 
avgk,68,1658,8,8,Painter,1.0,Male,8,2 8 ,2 5 8 ,2 5 8 
avgk,68,1888,5,9,Model,0.0,Female,3,3 9 ,1 3 4 7 9 ,3 7 9 
avgk,68,973,4,4,Psychologist,0.0,Female,4,4 ,4 6 ,4 
avgk,68,1039,2,5,Teacher,1.0,Male,3,2 3 9 ,2 3 5 9 ,2 3 9 
avgk,68,1809,9,9,Model,0.0,Female,9,9 ,9 ,9 
avgk,68,665,3,3,Journalist,0.0,Female,3,3 ,3 ,3 
avgk,68,685,3,3,Journalist,0.0,Female,3,3 ,3 ,3 
avgk,68,267,1,1,Physician,0.0,Female,1,1 6 ,1 6 ,1 
avgk,68,103,0,0,Professor,1.0,Male,0,0 ,0 ,4 0 
avgk,68,1294,6,6,Dentist,0.0,Female,6,6 ,6 ,6 
avgk,68,1297,6,6,Dentist,1.0,Male,6,6 ,6 ,6 
avgk,68,764,3,3,Journalist,1.0,Male,3,3 ,3 ,3 
avgk,68,1583,7,7,Surgeon,1.0,Male,3,3 7 ,3 7 ,3 7 
avgk,68,718,3,3,Journalist,1.0,Male,3,3 5 ,3 5 ,3 5 
avgk,68,1110,5,5,Teacher,0.0,Female,5,3 5 ,3 5 ,5 
avgk,68,433,2,2,Photographer,0.0,Female,2,2 ,2 ,2 
avgk,68,235,1,1,Physician,0.0,Female,1,1 ,1 ,1 
avgk,68,494,2,2,Photographer,0.0,Female,2,2 9 ,2 9 ,2 9 
avgk,68,507,2,2,Photographer,1.0,Male,2,2 ,2 ,2 
avgk,68,255,1,1,Physician,0.0,Female,1,1 6 ,1 6 ,1 
avgk,68,1406,6,7,Surgeon,1.0,Male,7,1 6 7 ,1 6 7 0 ,1 6 7 0 
avgk,68,837,4,4,Psychologist,0.0,Female,4,4 ,4 ,4 
avgk,69,1560,7,7,Surgeon,0.0,Female,6,1 6 7 ,1 6 7 0 ,1 6 7 0 
avgk,69,1140,0,5,Teacher,1.0,Male,0,0 ,0 ,0 
avgk,69,135,0,0,Professor,1.0,Male,0,0 ,0 ,0 
avgk,69,991,4,4,Psychologist,1.0,Male,5,3 5 ,2 3 4 5 ,2 3 4 5 
avgk,69,448,3,2,Photographer,1.0,Male,3,3 5 ,3 5 ,3 5 
avgk,69,633,3,3,Journalist,0.0,Female,3,3 ,3 ,3 
avgk,69,1476,7,7,Surgeon,1.0,Male,7,7 ,7 ,6 7 
avgk,69,1216,6,6,Dentist,1.0,Male,6,6 ,6 ,1 6 
avgk,69,1444,7,7,Surgeon,0.0,Female,7,1 7 ,1 7 ,1 7 
avgk,69,1673,8,8,Painter,1.0,Male,8,8 ,8 ,8 
avgk,69,1586,7,7,Surgeon,1.0,Male,7,7 ,7 ,7 
avgk,69,799,3,3,Journalist,0.0,Female,3,3 ,3 ,3 
avgk,69,61,0,0,Professor,0.0,Female,0,0 ,0 ,0 
avgk,69,85,8,0,Professor,1.0,Male,2,2 8 ,2 8 0 ,2 8 
avgk,69,1755,8,8,Painter,0.0,Female,8,8 ,8 ,8 
avgk,69,1273,6,6,Dentist,0.0,Female,6,6 ,6 ,6 
avgk,69,1930,9,9,Model,0.0,Female,9,9 ,9 ,9 
avgk,69,1915,9,9,Model,0.0,Female,9,9 ,9 ,9 
avgk,69,689,3,3,Journalist,1.0,Male,3,3 ,3 ,3 5 
avgk,69,1174,0,5,Teacher,0.0,Female,3,3 5 ,3 5 0 ,3 5 0 
avgk,69,591,8,2,Photographer,1.0,Male,2,2 8 ,2 4 8 0 ,2 8 0 
avgk,69,1185,5,5,Teacher,1.0,Male,5,5 7 ,5 7 ,5 7 
avgk,69,1798,2,8,Painter,1.0,Male,8,2 8 ,2 8 ,2 8 
avgk,69,414,2,2,Photographer,1.0,Male,2,2 ,2 ,2 
avgk,69,110,1,0,Professor,0.0,Female,1,1 0 ,1 ,1 0 
avgk,69,616,3,3,Journalist,0.0,Female,3,3 ,3 ,3 
avgk,69,294,1,1,Physician,0.0,Female,1,1 ,1 ,1 
avgk,69,1417,1,7,Surgeon,1.0,Male,1,1 ,1 ,1 
avgk,69,343,1,1,Physician,0.0,Female,1,1 6 ,1 6 ,1 6 
avgk,69,638,3,3,Journalist,0.0,Female,4,4 5 ,4 5 0 ,4 5 
avgk,69,310,7,1,Physician,1.0,Male,1,1 7 ,1 6 7 ,1 7 
avgk,69,848,4,4,Psychologist,0.0,Female,4,4 ,4 ,4 
avgk,69,873,4,4,Psychologist,1.0,Male,4,4 6 ,4 6 ,4 6 
avgk,69,840,4,4,Psychologist,0.0,Female,4,4 ,4 ,4 
avgk,69,383,1,1,Physician,1.0,Male,1,1 6 ,1 6 ,1 
avgk,69,153,3,0,Professor,1.0,Male,0,3 0 ,3 5 0 ,3 5 0 
avgk,69,409,2,2,Photographer,1.0,Male,2,2 ,2 ,2 3 
avgk,69,1956,2,9,Model,0.0,Female,2,2 ,2 ,2 
avgk,69,1604,8,8,Painter,0.0,Female,8,8 ,8 ,8 
avgk,69,1269,6,6,Dentist,1.0,Male,6,6 ,6 ,6 7 
avgk,69,1016,0,5,Teacher,1.0,Male,5,5 0 ,4 5 0 ,4 5 0 
avgk,69,865,4,4,Psychologist,0.0,Female,5,3 5 ,3 4 5 ,3 4 5 
avgk,69,1135,5,5,Teacher,0.0,Female,5,5 9 ,5 ,5 
avgk,69,550,9,2,Photographer,1.0,Male,2,2 3 ,2 3 ,2 3 
avgk,69,1249,6,6,Dentist,0.0,Female,6,6 ,6 7 ,6 
avgk,69,1845,9,9,Model,0.0,Female,9,9 ,3 9 ,9 
avgk,69,1204,6,6,Dentist,1.0,Male,6,6 ,6 ,1 6 
avgk,69,1693,8,8,Painter,1.0,Male,8,2 3 5 8 ,2 3 5 8 ,2 3 5 8 
avgk,69,1995,9,9,Model,0.0,Female,9,9 ,9 ,9 
avgk,69,313,1,1,Physician,0.0,Female,1,1 ,1 ,1 
avgk,70,11,1,0,Professor,1.0,Male,0,1 0 ,1 0 ,1 0 
avgk,70,403,3,2,Photographer,1.0,Male,2,2 5 ,2 3 5 9 ,2 3 5 9 
avgk,70,718,3,3,Journalist,1.0,Male,3,3 5 ,3 5 ,3 5 
avgk,70,437,2,2,Photographer,0.0,Female,2,2 ,2 ,2 
avgk,70,1039,0,5,Teacher,1.0,Male,3,2 3 9 ,2 3 5 9 ,2 3 9 
avgk,70,1487,4,7,Surgeon,0.0,Female,0,0 ,4 0 ,4 0 
avgk,70,669,3,3,Journalist,1.0,Male,3,2 3 ,2 3 ,2 3 
avgk,70,1157,5,5,Teacher,0.0,Female,5,1 5 0 ,5 0 ,5 0 
avgk,70,543,2,2,Photographer,0.0,Female,2,2 9 ,2 3 4 9 ,2 4 9 
avgk,70,1327,6,6,Dentist,0.0,Female,6,1 6 7 ,1 6 ,1 6 
avgk,70,267,7,1,Physician,0.0,Female,1,1 6 ,1 6 ,1 
avgk,70,1406,6,7,Surgeon,1.0,Male,7,1 6 7 ,1 6 7 0 ,1 6 7 0 
avgk,70,1505,3,7,Surgeon,1.0,Male,3,3 5 ,3 5 ,3 5 
avgk,70,229,1,1,Physician,0.0,Female,1,1 ,1 ,1 
avgk,70,1590,8,7,Surgeon,1.0,Male,7,7 ,7 ,6 7 
avgk,70,894,4,4,Psychologist,1.0,Male,4,4 ,4 ,4 0 
avgk,70,507,2,2,Photographer,1.0,Male,2,2 ,2 ,2 
avgk,70,1768,3,8,Painter,0.0,Female,5,2 3 5 ,2 3 5 8 ,2 3 5 
avgk,70,1941,9,9,Model,0.0,Female,9,9 ,9 ,9 
avgk,70,1609,2,8,Painter,0.0,Female,8,8 ,8 0 ,8 
avgk,70,1110,5,5,Teacher,0.0,Female,5,3 5 ,3 5 ,5 
avgk,70,16,5,0,Professor,1.0,Male,5,5 ,5 ,5 
avgk,70,1373,6,6,Dentist,0.0,Female,6,6 ,6 ,6 
avgk,70,981,4,4,Psychologist,0.0,Female,3,2 3 5 ,2 3 ,2 3 
avgk,70,102,0,0,Professor,1.0,Male,0,4 0 ,4 0 ,4 0 
avgk,70,1810,9,9,Model,0.0,Female,9,9 ,9 ,9 
avgk,70,1189,4,5,Teacher,0.0,Female,4,4 5 ,4 5 ,4 
avgk,70,1657,5,8,Painter,1.0,Male,5,5 8 9 ,5 8 9 ,5 8 9 
avgk,70,1949,3,9,Model,0.0,Female,9,3 9 ,3 9 ,3 9 
avgk,70,763,3,3,Journalist,1.0,Male,3,3 ,3 ,3 
avgk,70,680,1,3,Journalist,0.0,Female,0,4 0 ,1 4 7 0 ,4 0 
avgk,70,1976,3,9,Model,0.0,Female,3,3 5 9 ,2 3 5 9 ,3 5 9 
avgk,70,972,4,4,Psychologist,1.0,Male,4,1 4 ,4 ,4 
avgk,70,1583,7,7,Surgeon,1.0,Male,3,3 7 ,3 7 ,3 7 
avgk,70,1149,5,5,Teacher,1.0,Male,5,5 ,5 ,5 9 
avgk,70,1759,8,8,Painter,0.0,Female,8,8 ,8 ,8 
avgk,70,1888,7,9,Model,0.0,Female,3,3 9 ,1 3 4 7 9 ,3 7 9 
avgk,70,432,2,2,Photographer,1.0,Male,2,2 ,2 9 ,2 9 
avgk,70,833,4,4,Psychologist,1.0,Male,4,4 ,4 ,4 
avgk,70,837,4,4,Psychologist,0.0,Female,4,4 ,4 ,4 
avgk,70,138,3,0,Professor,1.0,Male,3,3 0 ,3 5 0 ,3 4 5 0 
avgk,70,330,1,1,Physician,0.0,Female,1,1 6 ,1 6 ,1 
avgk,70,665,3,3,Journalist,0.0,Female,3,3 ,3 ,3 
avgk,70,1294,6,6,Dentist,0.0,Female,6,6 ,6 ,6 
avgk,70,1297,6,6,Dentist,1.0,Male,6,6 ,6 ,6 
avgk,70,255,1,1,Physician,0.0,Female,1,1 6 ,1 6 ,1 
avgk,70,10,0,0,Professor,0.0,Female,0,0 ,0 ,0 
avgk,70,1277,6,6,Dentist,1.0,Male,6,6 ,6 ,6 7 
avgk,70,1792,8,8,Painter,1.0,Male,8,8 ,8 ,8 
avgk,70,224,1,1,Physician,0.0,Female,1,1 6 ,1 6 ,1 6 
avgk,71,1965,3,9,Model,1.0,Male,3,3 6 ,2 3 6 ,2 3 6 
avgk,71,509,2,2,Photographer,1.0,Male,2,2 ,2 ,2 
avgk,71,1008,5,5,Teacher,0.0,Female,5,3 5 ,3 5 8 ,3 5 8 
avgk,71,437,2,2,Photographer,0.0,Female,2,2 ,2 ,2 
avgk,71,225,1,1,Physician,0.0,Female,1,1 ,1 ,1 
avgk,71,637,3,3,Journalist,0.0,Female,3,2 3 ,2 3 5 ,2 3 
avgk,71,1135,5,5,Teacher,0.0,Female,5,5 9 ,5 ,5 
avgk,71,1560,7,7,Surgeon,0.0,Female,6,1 6 7 ,1 6 7 0 ,1 6 7 0 
avgk,71,1673,8,8,Painter,1.0,Male,8,8 ,8 ,8 
avgk,71,1639,2,8,Painter,1.0,Male,2,2 8 ,2 8 ,2 8 
avgk,71,1609,8,8,Painter,0.0,Female,8,8 ,8 0 ,8 
avgk,71,229,1,1,Physician,0.0,Female,1,1 ,1 ,1 
avgk,71,342,0,1,Physician,1.0,Male,0,1 0 ,0 ,1 0 
avgk,71,104,0,0,Professor,1.0,Male,0,0 ,0 ,0 
avgk,71,550,2,2,Photographer,1.0,Male,2,2 3 ,2 3 ,2 3 
avgk,71,1768,3,8,Painter,0.0,Female,5,2 3 5 ,2 3 5 8 ,2 3 5 
avgk,71,765,1,3,Journalist,0.0,Female,3,3 ,3 ,3 
avgk,71,1185,8,5,Teacher,1.0,Male,5,5 7 ,5 7 ,5 7 
avgk,71,686,3,3,Journalist,0.0,Female,3,3 ,3 ,3 
avgk,71,17,3,0,Professor,1.0,Male,3,3 0 ,3 5 0 ,3 5 0 
avgk,71,309,1,1,Physician,0.0,Female,1,1 6 ,1 ,1 
avgk,71,1278,6,6,Dentist,1.0,Male,6,6 7 ,6 7 ,6 7 
avgk,71,495,2,2,Photographer,0.0,Female,2,2 ,2 ,2 
avgk,71,21,0,0,Professor,0.0,Female,0,0 ,0 ,0 
avgk,71,1216,6,6,Dentist,1.0,Male,6,6 ,6 ,1 6 
avgk,71,1273,6,6,Dentist,0.0,Female,6,6 ,6 ,6 
avgk,71,59,0,0,Professor,0.0,Female,0,0 ,0 ,0 
avgk,71,1976,9,9,Model,0.0,Female,3,3 5 9 ,2 3 5 9 ,3 5 9 
avgk,71,1110,5,5,Teacher,0.0,Female,5,3 5 ,3 5 ,5 
avgk,71,982,4,4,Psychologist,0.0,Female,4,4 ,4 ,4 
avgk,71,1504,7,7,Surgeon,1.0,Male,7,1 7 ,1 7 ,1 7 
avgk,71,1417,1,7,Surgeon,1.0,Male,1,1 ,1 ,1 
avgk,71,1399,6,6,Dentist,1.0,Male,6,6 ,6 ,6 7 
avgk,71,878,4,4,Psychologist,1.0,Male,0,4 0 ,4 6 0 ,4 6 0 
avgk,71,849,4,4,Psychologist,0.0,Female,4,4 0 ,4 0 ,4 
avgk,71,991,3,4,Psychologist,1.0,Male,5,3 5 ,2 3 4 5 ,2 3 4 5 
avgk,71,1957,9,9,Model,0.0,Female,9,9 ,2 9 ,9 
avgk,71,236,1,1,Physician,0.0,Female,1,1 6 ,1 ,1 
avgk,71,413,8,2,Photographer,1.0,Male,8,8 ,8 ,2 8 
avgk,71,1941,9,9,Model,0.0,Female,9,9 ,9 ,9 
avgk,71,689,3,3,Journalist,1.0,Male,3,3 ,3 ,3 5 
avgk,71,1190,5,5,Teacher,1.0,Male,0,0 ,5 0 ,5 0 
avgk,71,719,3,3,Journalist,1.0,Male,5,5 9 ,5 9 ,5 9 
avgk,71,1401,1,7,Surgeon,1.0,Male,1,1 7 ,1 7 ,1 7 
avgk,71,895,0,4,Psychologist,0.0,Female,4,4 0 ,3 4 0 ,4 0 
avgk,71,134,0,0,Professor,1.0,Male,0,0 ,0 ,3 0 
avgk,71,1604,8,8,Painter,0.0,Female,8,8 ,8 ,8 
avgk,71,1995,9,9,Model,0.0,Female,9,9 ,9 ,9 
avgk,71,1583,7,7,Surgeon,1.0,Male,3,3 7 ,3 7 ,3 7 
avgk,71,1297,6,6,Dentist,1.0,Male,6,6 ,6 ,6 
avgk,72,95,0,0,Professor,0.0,Female,0,0 ,0 ,0 
avgk,72,951,4,4,Psychologist,1.0,Male,4,4 ,4 ,4 
avgk,72,1501,1,7,Surgeon,1.0,Male,7,1 6 7 ,1 6 7 ,1 6 7 
avgk,72,867,4,4,Psychologist,0.0,Female,4,4 ,4 ,4 
avgk,72,1225,6,6,Dentist,1.0,Male,6,6 7 ,6 7 ,6 7 
avgk,72,432,2,2,Photographer,1.0,Male,2,2 ,2 9 ,2 9 
avgk,72,1918,0,9,Model,1.0,Male,9,5 9 ,2 5 9 ,2 5 9 0 
avgk,72,1949,9,9,Model,0.0,Female,9,3 9 ,3 9 ,3 9 
avgk,72,1293,6,6,Dentist,1.0,Male,6,6 ,6 ,6 
avgk,72,1646,8,8,Painter,0.0,Female,2,2 ,2 5 8 ,2 8 
avgk,72,1590,7,7,Surgeon,1.0,Male,7,7 ,7 ,6 7 
avgk,72,971,4,4,Psychologist,0.0,Female,0,0 ,0 ,0 
avgk,72,1833,9,9,Model,0.0,Female,2,2 3 5 9 ,2 3 5 9 ,2 3 9 
avgk,72,1487,0,7,Surgeon,0.0,Female,0,0 ,4 0 ,4 0 
avgk,72,664,3,3,Journalist,1.0,Male,3,2 3 0 ,1 2 3 0 ,1 2 3 0 
avgk,72,10,0,0,Professor,0.0,Female,0,0 ,0 ,0 
avgk,72,1104,5,5,Teacher,0.0,Female,5,5 ,5 ,5 
avgk,72,267,7,1,Physician,0.0,Female,1,1 6 ,1 6 ,1 
avgk,72,1153,2,5,Teacher,1.0,Male,2,2 3 ,2 3 5 ,2 3 5 
avgk,72,43,0,0,Professor,0.0,Female,0,0 ,0 ,4 0 
avgk,72,643,3,3,Journalist,1.0,Male,3,3 ,3 ,3 
avgk,72,11,7,0,Professor,1.0,Male,0,1 0 ,1 0 ,1 0 
avgk,72,266,1,1,Physician,0.0,Female,1,1 6 ,1 ,1 
avgk,72,1147,5,5,Teacher,0.0,Female,5,5 ,5 ,5 
avgk,72,706,3,3,Journalist,1.0,Male,3,3 ,3 ,3 
avgk,72,1759,8,8,Painter,0.0,Female,8,8 ,8 ,8 
avgk,72,255,7,1,Physician,0.0,Female,1,1 6 ,1 6 ,1 
avgk,72,262,6,1,Physician,0.0,Female,1,1 ,1 6 ,1 6 
avgk,72,542,2,2,Photographer,0.0,Female,2,2 ,2 ,2 
avgk,72,1734,8,8,Painter,1.0,Male,8,8 ,8 ,8 
avgk,72,1157,5,5,Teacher,0.0,Female,5,1 5 0 ,5 0 ,5 0 
avgk,72,138,3,0,Professor,1.0,Male,3,3 0 ,3 5 0 ,3 4 5 0 
avgk,72,1372,6,6,Dentist,0.0,Female,6,6 ,6 ,6 
avgk,72,832,4,4,Psychologist,1.0,Male,4,4 ,4 ,4 
avgk,72,669,3,3,Journalist,1.0,Male,3,2 3 ,2 3 ,2 3 
avgk,72,1888,3,9,Model,0.0,Female,3,3 9 ,1 3 4 7 9 ,3 7 9 
avgk,72,837,4,4,Psychologist,0.0,Female,4,4 ,4 ,4 
avgk,72,631,3,3,Journalist,1.0,Male,3,3 ,3 ,2 3 
avgk,72,1326,6,6,Dentist,0.0,Female,6,6 ,6 ,6 
avgk,72,1810,9,9,Model,0.0,Female,9,9 ,9 ,9 
avgk,72,1557,7,7,Surgeon,1.0,Male,7,7 ,7 ,1 7 
avgk,72,1777,8,8,Painter,0.0,Female,8,8 ,8 ,8 
avgk,72,1658,8,8,Painter,1.0,Male,8,2 8 ,2 5 8 ,2 5 8 
avgk,72,498,2,2,Photographer,1.0,Male,2,2 ,2 ,2 
avgk,72,1038,5,5,Teacher,0.0,Female,5,5 ,5 ,5 
avgk,72,330,1,1,Physician,0.0,Female,1,1 6 ,1 6 ,1 
avgk,72,1405,7,7,Surgeon,1.0,Male,7,7 ,7 ,1 7 
avgk,72,403,3,2,Photographer,1.0,Male,2,2 5 ,2 3 5 9 ,2 3 5 9 
avgk,72,1229,6,6,Dentist,0.0,Female,6,6 7 ,6 7 ,6 7 
avgk,72,402,2,2,Photographer,1.0,Male,2,2 ,2 ,2 
avgk,73,849,4,4,Psychologist,0.0,Female,4,4 0 ,4 0 ,4 
avgk,73,982,4,4,Psychologist,0.0,Female,4,4 ,4 ,4 
avgk,73,59,0,0,Professor,0.0,Female,0,0 ,0 ,0 
avgk,73,236,1,1,Physician,0.0,Female,1,1 6 ,1 ,1 
avgk,73,309,1,1,Physician,0.0,Female,1,1 6 ,1 ,1 
avgk,73,229,1,1,Physician,0.0,Female,1,1 ,1 ,1 
avgk,73,1639,2,8,Painter,1.0,Male,2,2 8 ,2 8 ,2 8 
avgk,73,437,2,2,Photographer,0.0,Female,2,2 ,2 ,2 
avgk,73,689,3,3,Journalist,1.0,Male,3,3 ,3 ,3 5 
avgk,73,342,0,1,Physician,1.0,Male,0,1 0 ,0 ,1 0 
avgk,73,1976,9,9,Model,0.0,Female,3,3 5 9 ,2 3 5 9 ,3 5 9 
avgk,73,1583,7,7,Surgeon,1.0,Male,3,3 7 ,3 7 ,3 7 
avgk,73,1995,9,9,Model,0.0,Female,9,9 ,9 ,9 
avgk,73,21,0,0,Professor,0.0,Female,0,0 ,0 ,0 
avgk,73,1297,6,6,Dentist,1.0,Male,6,6 ,6 ,6 
avgk,73,17,3,0,Professor,1.0,Male,3,3 0 ,3 5 0 ,3 5 0 
avgk,73,1399,6,6,Dentist,1.0,Male,6,6 ,6 ,6 7 
avgk,73,1216,6,6,Dentist,1.0,Male,6,6 ,6 ,1 6 
avgk,73,1941,9,9,Model,0.0,Female,9,9 ,9 ,9 
avgk,73,1185,5,5,Teacher,1.0,Male,5,5 7 ,5 7 ,5 7 
avgk,73,1604,8,8,Painter,0.0,Female,8,8 ,8 ,8 
avgk,73,1609,8,8,Painter,0.0,Female,8,8 ,8 0 ,8 
avgk,73,895,4,4,Psychologist,0.0,Female,4,4 0 ,3 4 0 ,4 0 
avgk,73,550,2,2,Photographer,1.0,Male,2,2 3 ,2 3 ,2 3 
avgk,73,1768,3,8,Painter,0.0,Female,5,2 3 5 ,2 3 5 8 ,2 3 5 
avgk,73,104,0,0,Professor,1.0,Male,0,0 ,0 ,0 
avgk,73,1278,6,6,Dentist,1.0,Male,6,6 7 ,6 7 ,6 7 
avgk,73,765,3,3,Journalist,0.0,Female,3,3 ,3 ,3 
avgk,73,1190,0,5,Teacher,1.0,Male,0,0 ,5 0 ,5 0 
avgk,73,1110,5,5,Teacher,0.0,Female,5,3 5 ,3 5 ,5 
avgk,73,509,2,2,Photographer,1.0,Male,2,2 ,2 ,2 
avgk,73,225,1,1,Physician,0.0,Female,1,1 ,1 ,1 
avgk,73,1560,1,7,Surgeon,0.0,Female,6,1 6 7 ,1 6 7 0 ,1 6 7 0 
avgk,73,134,0,0,Professor,1.0,Male,0,0 ,0 ,3 0 
avgk,73,495,2,2,Photographer,0.0,Female,2,2 ,2 ,2 
avgk,73,1965,3,9,Model,1.0,Male,3,3 6 ,2 3 6 ,2 3 6 
avgk,73,1273,6,6,Dentist,0.0,Female,6,6 ,6 ,6 
avgk,73,878,4,4,Psychologist,1.0,Male,0,4 0 ,4 6 0 ,4 6 0 
avgk,73,1673,8,8,Painter,1.0,Male,8,8 ,8 ,8 
avgk,73,991,4,4,Psychologist,1.0,Male,5,3 5 ,2 3 4 5 ,2 3 4 5 
avgk,73,1504,7,7,Surgeon,1.0,Male,7,1 7 ,1 7 ,1 7 
avgk,73,1401,1,7,Surgeon,1.0,Male,1,1 7 ,1 7 ,1 7 
avgk,73,1008,3,5,Teacher,0.0,Female,5,3 5 ,3 5 8 ,3 5 8 
avgk,73,1957,9,9,Model,0.0,Female,9,9 ,2 9 ,9 
avgk,73,637,2,3,Journalist,0.0,Female,3,2 3 ,2 3 5 ,2 3 
avgk,73,686,3,3,Journalist,0.0,Female,3,3 ,3 ,3 
avgk,73,1135,5,5,Teacher,0.0,Female,5,5 9 ,5 ,5 
avgk,73,1417,1,7,Surgeon,1.0,Male,1,1 ,1 ,1 
avgk,73,413,2,2,Photographer,1.0,Male,8,8 ,8 ,2 8 
avgk,73,719,9,3,Journalist,1.0,Male,5,5 9 ,5 9 ,5 9 
avgk,74,878,4,4,Psychologist,1.0,Male,0,4 0 ,4 6 0 ,4 6 0 
avgk,74,1995,9,9,Model,0.0,Female,9,9 ,9 ,9 
avgk,74,765,1,3,Journalist,0.0,Female,3,3 ,3 ,3 
avgk,74,495,2,2,Photographer,0.0,Female,2,2 ,2 ,2 
avgk,74,895,4,4,Psychologist,0.0,Female,4,4 0 ,3 4 0 ,4 0 
avgk,74,719,9,3,Journalist,1.0,Male,5,5 9 ,5 9 ,5 9 
avgk,74,104,0,0,Professor,1.0,Male,0,0 ,0 ,0 
avgk,74,1673,8,8,Painter,1.0,Male,8,8 ,8 ,8 
avgk,74,1278,6,6,Dentist,1.0,Male,6,6 7 ,6 7 ,6 7 
avgk,74,1583,7,7,Surgeon,1.0,Male,3,3 7 ,3 7 ,3 7 
avgk,74,1609,8,8,Painter,0.0,Female,8,8 ,8 0 ,8 
avgk,74,1965,0,9,Model,1.0,Male,3,3 6 ,2 3 6 ,2 3 6 
avgk,74,849,4,4,Psychologist,0.0,Female,4,4 0 ,4 0 ,4 
avgk,74,1604,8,8,Painter,0.0,Female,8,8 ,8 ,8 
avgk,74,637,3,3,Journalist,0.0,Female,3,2 3 ,2 3 5 ,2 3 
avgk,74,1976,9,9,Model,0.0,Female,3,3 5 9 ,2 3 5 9 ,3 5 9 
avgk,74,134,3,0,Professor,1.0,Male,0,0 ,0 ,3 0 
avgk,74,550,2,2,Photographer,1.0,Male,2,2 3 ,2 3 ,2 3 
avgk,74,1008,5,5,Teacher,0.0,Female,5,3 5 ,3 5 8 ,3 5 8 
avgk,74,1560,7,7,Surgeon,0.0,Female,6,1 6 7 ,1 6 7 0 ,1 6 7 0 
avgk,74,1417,1,7,Surgeon,1.0,Male,1,1 ,1 ,1 
avgk,74,1216,6,6,Dentist,1.0,Male,6,6 ,6 ,1 6 
avgk,74,1185,5,5,Teacher,1.0,Male,5,5 7 ,5 7 ,5 7 
avgk,74,342,0,1,Physician,1.0,Male,0,1 0 ,0 ,1 0 
avgk,74,59,0,0,Professor,0.0,Female,0,0 ,0 ,0 
avgk,74,413,2,2,Photographer,1.0,Male,8,8 ,8 ,2 8 
avgk,74,21,0,0,Professor,0.0,Female,0,0 ,0 ,0 
avgk,74,1273,6,6,Dentist,0.0,Female,6,6 ,6 ,6 
avgk,74,982,4,4,Psychologist,0.0,Female,4,4 ,4 ,4 
avgk,74,309,1,1,Physician,0.0,Female,1,1 6 ,1 ,1 
avgk,74,1941,9,9,Model,0.0,Female,9,9 ,9 ,9 
avgk,74,1297,6,6,Dentist,1.0,Male,6,6 ,6 ,6 
avgk,74,1504,1,7,Surgeon,1.0,Male,7,1 7 ,1 7 ,1 7 
avgk,74,1957,9,9,Model,0.0,Female,9,9 ,2 9 ,9 
avgk,74,1768,8,8,Painter,0.0,Female,5,2 3 5 ,2 3 5 8 ,2 3 5 
avgk,74,17,3,0,Professor,1.0,Male,3,3 0 ,3 5 0 ,3 5 0 
avgk,74,509,2,2,Photographer,1.0,Male,2,2 ,2 ,2 
avgk,74,1401,1,7,Surgeon,1.0,Male,1,1 7 ,1 7 ,1 7 
avgk,74,437,2,2,Photographer,0.0,Female,2,2 ,2 ,2 
avgk,74,225,1,1,Physician,0.0,Female,1,1 ,1 ,1 
avgk,74,1190,0,5,Teacher,1.0,Male,0,0 ,5 0 ,5 0 
avgk,74,689,3,3,Journalist,1.0,Male,3,3 ,3 ,3 5 
avgk,74,1135,5,5,Teacher,0.0,Female,5,5 9 ,5 ,5 
avgk,74,1110,5,5,Teacher,0.0,Female,5,3 5 ,3 5 ,5 
avgk,74,1639,2,8,Painter,1.0,Male,2,2 8 ,2 8 ,2 8 
avgk,74,991,2,4,Psychologist,1.0,Male,5,3 5 ,2 3 4 5 ,2 3 4 5 
avgk,74,229,1,1,Physician,0.0,Female,1,1 ,1 ,1 
avgk,74,1399,6,6,Dentist,1.0,Male,6,6 ,6 ,6 7 
avgk,74,686,3,3,Journalist,0.0,Female,3,3 ,3 ,3 
avgk,74,236,1,1,Physician,0.0,Female,1,1 6 ,1 ,1 
avgk,75,1157,5,5,Teacher,0.0,Female,5,1 5 0 ,5 0 ,5 0 
avgk,75,1792,8,8,Painter,1.0,Male,8,8 ,8 ,8 
avgk,75,138,3,0,Professor,1.0,Male,3,3 0 ,3 5 0 ,3 4 5 0 
avgk,75,1327,6,6,Dentist,0.0,Female,6,1 6 7 ,1 6 ,1 6 
avgk,75,1583,1,7,Surgeon,1.0,Male,3,3 7 ,3 7 ,3 7 
avgk,75,1505,3,7,Surgeon,1.0,Male,3,3 5 ,3 5 ,3 5 
avgk,75,1487,0,7,Surgeon,0.0,Female,0,0 ,4 0 ,4 0 
avgk,75,403,7,2,Photographer,1.0,Male,2,2 5 ,2 3 5 9 ,2 3 5 9 
avgk,75,669,3,3,Journalist,1.0,Male,3,2 3 ,2 3 ,2 3 
avgk,75,1888,0,9,Model,0.0,Female,3,3 9 ,1 3 4 7 9 ,3 7 9 
avgk,75,981,3,4,Psychologist,0.0,Female,3,2 3 5 ,2 3 ,2 3 
avgk,75,837,4,4,Psychologist,0.0,Female,4,4 ,4 ,4 
avgk,75,102,0,0,Professor,1.0,Male,0,4 0 ,4 0 ,4 0 
avgk,75,1609,0,8,Painter,0.0,Female,8,8 ,8 0 ,8 
avgk,75,1039,8,5,Teacher,1.0,Male,3,2 3 9 ,2 3 5 9 ,2 3 9 
avgk,75,507,2,2,Photographer,1.0,Male,2,2 ,2 ,2 
avgk,75,1149,5,5,Teacher,1.0,Male,5,5 ,5 ,5 9 
avgk,75,1949,9,9,Model,0.0,Female,9,3 9 ,3 9 ,3 9 
avgk,75,1277,6,6,Dentist,1.0,Male,6,6 ,6 ,6 7 
avgk,75,680,0,3,Journalist,0.0,Female,0,4 0 ,1 4 7 0 ,4 0 
avgk,75,1110,5,5,Teacher,0.0,Female,5,3 5 ,3 5 ,5 
avgk,75,1189,4,5,Teacher,0.0,Female,4,4 5 ,4 5 ,4 
avgk,75,10,0,0,Professor,0.0,Female,0,0 ,0 ,0 
avgk,75,16,5,0,Professor,1.0,Male,5,5 ,5 ,5 
avgk,75,1976,3,9,Model,0.0,Female,3,3 5 9 ,2 3 5 9 ,3 5 9 
avgk,75,255,7,1,Physician,0.0,Female,1,1 6 ,1 6 ,1 
avgk,75,1657,8,8,Painter,1.0,Male,5,5 8 9 ,5 8 9 ,5 8 9 
avgk,75,1294,6,6,Dentist,0.0,Female,6,6 ,6 ,6 
avgk,75,1768,3,8,Painter,0.0,Female,5,2 3 5 ,2 3 5 8 ,2 3 5 
avgk,75,1941,9,9,Model,0.0,Female,9,9 ,9 ,9 
avgk,75,1373,6,6,Dentist,0.0,Female,6,6 ,6 ,6 
avgk,75,763,3,3,Journalist,1.0,Male,3,3 ,3 ,3 
avgk,75,894,4,4,Psychologist,1.0,Male,4,4 ,4 ,4 0 
avgk,75,224,1,1,Physician,0.0,Female,1,1 6 ,1 6 ,1 6 
avgk,75,833,4,4,Psychologist,1.0,Male,4,4 ,4 ,4 
avgk,75,229,1,1,Physician,0.0,Female,1,1 ,1 ,1 
avgk,75,437,2,2,Photographer,0.0,Female,2,2 ,2 ,2 
avgk,75,543,2,2,Photographer,0.0,Female,2,2 9 ,2 3 4 9 ,2 4 9 
avgk,75,1590,3,7,Surgeon,1.0,Male,7,7 ,7 ,6 7 
avgk,75,432,8,2,Photographer,1.0,Male,2,2 ,2 9 ,2 9 
avgk,75,1759,8,8,Painter,0.0,Female,8,8 ,8 ,8 
avgk,75,267,1,1,Physician,0.0,Female,1,1 6 ,1 6 ,1 
avgk,75,718,3,3,Journalist,1.0,Male,3,3 5 ,3 5 ,3 5 
avgk,75,11,1,0,Professor,1.0,Male,0,1 0 ,1 0 ,1 0 
avgk,75,1406,1,7,Surgeon,1.0,Male,7,1 6 7 ,1 6 7 0 ,1 6 7 0 
avgk,75,1297,6,6,Dentist,1.0,Male,6,6 ,6 ,6 
avgk,75,972,4,4,Psychologist,1.0,Male,4,1 4 ,4 ,4 
avgk,75,330,1,1,Physician,0.0,Female,1,1 6 ,1 6 ,1 
avgk,75,665,3,3,Journalist,0.0,Female,3,3 ,3 ,3 
avgk,75,1810,9,9,Model,0.0,Female,9,9 ,9 ,9 
avgk,76,1976,9,9,Model,0.0,Female,3,3 5 9 ,2 3 5 9 ,3 5 9 
avgk,76,669,3,3,Journalist,1.0,Male,3,2 3 ,2 3 ,2 3 
avgk,76,1294,6,6,Dentist,0.0,Female,6,6 ,6 ,6 
avgk,76,1809,9,9,Model,0.0,Female,9,9 ,9 ,9 
avgk,76,437,2,2,Photographer,0.0,Female,2,2 ,2 ,2 
avgk,76,11,1,0,Professor,1.0,Male,0,1 0 ,1 0 ,1 0 
avgk,76,138,3,0,Professor,1.0,Male,3,3 0 ,3 5 0 ,3 4 5 0 
avgk,76,224,1,1,Physician,0.0,Female,1,1 6 ,1 6 ,1 6 
avgk,76,235,1,1,Physician,0.0,Female,1,1 ,1 ,1 
avgk,76,21,0,0,Professor,0.0,Female,0,0 ,0 ,0 
avgk,76,982,1,4,Psychologist,0.0,Female,4,4 ,4 ,4 
avgk,76,764,3,3,Journalist,1.0,Male,3,3 ,3 ,3 
avgk,76,877,4,4,Psychologist,0.0,Female,3,3 4 5 ,3 4 5 ,3 4 5 
avgk,76,1888,9,9,Model,0.0,Female,3,3 9 ,1 3 4 7 9 ,3 7 9 
avgk,76,1399,6,6,Dentist,1.0,Male,6,6 ,6 ,6 7 
avgk,76,685,3,3,Journalist,0.0,Female,3,3 ,3 ,3 
avgk,76,973,4,4,Psychologist,0.0,Female,4,4 ,4 6 ,4 
avgk,76,1039,2,5,Teacher,1.0,Male,3,2 3 9 ,2 3 5 9 ,2 3 9 
avgk,76,1110,5,5,Teacher,0.0,Female,5,3 5 ,3 5 ,5 
avgk,76,1965,3,9,Model,1.0,Male,3,3 6 ,2 3 6 ,2 3 6 
avgk,76,229,1,1,Physician,0.0,Female,1,1 ,1 ,1 
avgk,76,255,7,1,Physician,0.0,Female,1,1 6 ,1 6 ,1 
avgk,76,267,7,1,Physician,0.0,Female,1,1 6 ,1 6 ,1 
avgk,76,1658,8,8,Painter,1.0,Male,8,2 8 ,2 5 8 ,2 5 8 
avgk,76,1401,1,7,Surgeon,1.0,Male,1,1 7 ,1 7 ,1 7 
avgk,76,103,0,0,Professor,1.0,Male,0,0 ,0 ,4 0 
avgk,76,544,2,2,Photographer,1.0,Male,2,2 ,2 ,2 
avgk,76,1406,6,7,Surgeon,1.0,Male,7,1 6 7 ,1 6 7 0 ,1 6 7 0 
avgk,76,1768,3,8,Painter,0.0,Female,5,2 3 5 ,2 3 5 8 ,2 3 5 
avgk,76,1149,5,5,Teacher,1.0,Male,5,5 ,5 ,5 9 
avgk,76,494,2,2,Photographer,0.0,Female,2,2 9 ,2 9 ,2 9 
avgk,76,1941,9,9,Model,0.0,Female,9,9 ,9 ,9 
avgk,76,1792,8,8,Painter,1.0,Male,8,8 ,8 ,8 
avgk,76,1590,7,7,Surgeon,1.0,Male,7,7 ,7 ,6 7 
avgk,76,665,3,3,Journalist,0.0,Female,3,3 ,3 ,3 
avgk,76,895,0,4,Psychologist,0.0,Female,4,4 0 ,3 4 0 ,4 0 
avgk,76,1278,6,6,Dentist,1.0,Male,6,6 7 ,6 7 ,6 7 
avgk,76,507,2,2,Photographer,1.0,Male,2,2 ,2 ,2 
avgk,76,1639,2,8,Painter,1.0,Male,2,2 8 ,2 8 ,2 8 
avgk,76,1504,1,7,Surgeon,1.0,Male,7,1 7 ,1 7 ,1 7 
avgk,76,1583,1,7,Surgeon,1.0,Male,3,3 7 ,3 7 ,3 7 
avgk,76,1189,4,5,Teacher,0.0,Female,4,4 5 ,4 5 ,4 
avgk,76,837,4,4,Psychologist,0.0,Female,4,4 ,4 ,4 
avgk,76,1327,6,6,Dentist,0.0,Female,6,1 6 7 ,1 6 ,1 6 
avgk,76,1609,8,8,Painter,0.0,Female,8,8 ,8 0 ,8 
avgk,76,16,5,0,Professor,1.0,Male,5,5 ,5 ,5 
avgk,76,433,2,2,Photographer,0.0,Female,2,2 ,2 ,2 
avgk,76,1009,3,5,Teacher,1.0,Male,3,2 3 ,2 3 ,2 3 4 
avgk,76,1297,6,6,Dentist,1.0,Male,6,6 ,6 ,6 
avgk,76,718,3,3,Journalist,1.0,Male,3,3 5 ,3 5 ,3 5 
avgk,77,1557,7,7,Surgeon,1.0,Male,7,7 ,7 ,1 7 
avgk,77,267,7,1,Physician,0.0,Female,1,1 6 ,1 6 ,1 
avgk,77,1326,6,6,Dentist,0.0,Female,6,6 ,6 ,6 
avgk,77,1104,5,5,Teacher,0.0,Female,5,5 ,5 ,5 
avgk,77,255,7,1,Physician,0.0,Female,1,1 6 ,1 6 ,1 
avgk,77,43,0,0,Professor,0.0,Female,0,0 ,0 ,4 0 
avgk,77,402,2,2,Photographer,1.0,Male,2,2 ,2 ,2 
avgk,77,1590,8,7,Surgeon,1.0,Male,7,7 ,7 ,6 7 
avgk,77,95,0,0,Professor,0.0,Female,0,0 ,0 ,0 
avgk,77,664,1,3,Journalist,1.0,Male,3,2 3 0 ,1 2 3 0 ,1 2 3 0 
avgk,77,138,3,0,Professor,1.0,Male,3,3 0 ,3 5 0 ,3 4 5 0 
avgk,77,1372,6,6,Dentist,0.0,Female,6,6 ,6 ,6 
avgk,77,1759,8,8,Painter,0.0,Female,8,8 ,8 ,8 
avgk,77,1646,8,8,Painter,0.0,Female,2,2 ,2 5 8 ,2 8 
avgk,77,1734,8,8,Painter,1.0,Male,8,8 ,8 ,8 
avgk,77,262,1,1,Physician,0.0,Female,1,1 ,1 6 ,1 6 
avgk,77,1157,5,5,Teacher,0.0,Female,5,1 5 0 ,5 0 ,5 0 
avgk,77,1658,8,8,Painter,1.0,Male,8,2 8 ,2 5 8 ,2 5 8 
avgk,77,971,4,4,Psychologist,0.0,Female,0,0 ,0 ,0 
avgk,77,542,2,2,Photographer,0.0,Female,2,2 ,2 ,2 
avgk,77,432,2,2,Photographer,1.0,Male,2,2 ,2 9 ,2 9 
avgk,77,1153,2,5,Teacher,1.0,Male,2,2 3 ,2 3 5 ,2 3 5 
avgk,77,643,3,3,Journalist,1.0,Male,3,3 ,3 ,3 
avgk,77,706,2,3,Journalist,1.0,Male,3,3 ,3 ,3 
avgk,77,1501,1,7,Surgeon,1.0,Male,7,1 6 7 ,1 6 7 ,1 6 7 
avgk,77,10,5,0,Professor,0.0,Female,0,0 ,0 ,0 
avgk,77,403,3,2,Photographer,1.0,Male,2,2 5 ,2 3 5 9 ,2 3 5 9 
avgk,77,1888,9,9,Model,0.0,Female,3,3 9 ,1 3 4 7 9 ,3 7 9 
avgk,77,1777,8,8,Painter,0.0,Female,8,8 ,8 ,8 
avgk,77,1833,9,9,Model,0.0,Female,2,2 3 5 9 ,2 3 5 9 ,2 3 9 
avgk,77,1225,1,6,Dentist,1.0,Male,6,6 7 ,6 7 ,6 7 
avgk,77,1949,9,9,Model,0.0,Female,9,3 9 ,3 9 ,3 9 
avgk,77,1038,5,5,Teacher,0.0,Female,5,5 ,5 ,5 
avgk,77,1487,0,7,Surgeon,0.0,Female,0,0 ,4 0 ,4 0 
avgk,77,1405,7,7,Surgeon,1.0,Male,7,7 ,7 ,1 7 
avgk,77,11,1,0,Professor,1.0,Male,0,1 0 ,1 0 ,1 0 
avgk,77,1918,9,9,Model,1.0,Male,9,5 9 ,2 5 9 ,2 5 9 0 
avgk,77,1229,6,6,Dentist,0.0,Female,6,6 7 ,6 7 ,6 7 
avgk,77,832,4,4,Psychologist,1.0,Male,4,4 ,4 ,4 
avgk,77,669,3,3,Journalist,1.0,Male,3,2 3 ,2 3 ,2 3 
avgk,77,1810,9,9,Model,0.0,Female,9,9 ,9 ,9 
avgk,77,867,4,4,Psychologist,0.0,Female,4,4 ,4 ,4 
avgk,77,1293,6,6,Dentist,1.0,Male,6,6 ,6 ,6 
avgk,77,1147,5,5,Teacher,0.0,Female,5,5 ,5 ,5 
avgk,77,951,4,4,Psychologist,1.0,Male,4,4 ,4 ,4 
avgk,77,266,1,1,Physician,0.0,Female,1,1 6 ,1 ,1 
avgk,77,837,4,4,Psychologist,0.0,Female,4,4 ,4 ,4 
avgk,77,330,1,1,Physician,0.0,Female,1,1 6 ,1 6 ,1 
avgk,77,631,3,3,Journalist,1.0,Male,3,3 ,3 ,2 3 
avgk,77,498,2,2,Photographer,1.0,Male,2,2 ,2 ,2 
avgk,78,543,2,2,Photographer,0.0,Female,2,2 9 ,2 3 4 9 ,2 4 9 
avgk,78,1110,3,5,Teacher,0.0,Female,5,3 5 ,3 5 ,5 
avgk,78,138,1,0,Professor,1.0,Male,3,3 0 ,3 5 0 ,3 4 5 0 
avgk,78,1657,8,8,Painter,1.0,Male,5,5 8 9 ,5 8 9 ,5 8 9 
avgk,78,1039,2,5,Teacher,1.0,Male,3,2 3 9 ,2 3 5 9 ,2 3 9 
avgk,78,1768,3,8,Painter,0.0,Female,5,2 3 5 ,2 3 5 8 ,2 3 5 
avgk,78,1949,3,9,Model,0.0,Female,9,3 9 ,3 9 ,3 9 
avgk,78,1327,6,6,Dentist,0.0,Female,6,1 6 7 ,1 6 ,1 6 
avgk,78,102,0,0,Professor,1.0,Male,0,4 0 ,4 0 ,4 0 
avgk,78,11,0,0,Professor,1.0,Male,0,1 0 ,1 0 ,1 0 
avgk,78,1277,6,6,Dentist,1.0,Male,6,6 ,6 ,6 7 
avgk,78,1297,6,6,Dentist,1.0,Male,6,6 ,6 ,6 
avgk,78,507,2,2,Photographer,1.0,Male,2,2 ,2 ,2 
avgk,78,1609,8,8,Painter,0.0,Female,8,8 ,8 0 ,8 
avgk,78,1759,8,8,Painter,0.0,Female,8,8 ,8 ,8 
avgk,78,680,4,3,Journalist,0.0,Female,0,4 0 ,1 4 7 0 ,4 0 
avgk,78,1406,6,7,Surgeon,1.0,Male,7,1 6 7 ,1 6 7 0 ,1 6 7 0 
avgk,78,669,3,3,Journalist,1.0,Male,3,2 3 ,2 3 ,2 3 
avgk,78,255,1,1,Physician,0.0,Female,1,1 6 ,1 6 ,1 
avgk,78,224,6,1,Physician,0.0,Female,1,1 6 ,1 6 ,1 6 
avgk,78,432,9,2,Photographer,1.0,Male,2,2 ,2 9 ,2 9 
avgk,78,763,3,3,Journalist,1.0,Male,3,3 ,3 ,3 
avgk,78,1888,3,9,Model,0.0,Female,3,3 9 ,1 3 4 7 9 ,3 7 9 
avgk,78,833,4,4,Psychologist,1.0,Male,4,4 ,4 ,4 
avgk,78,330,1,1,Physician,0.0,Female,1,1 6 ,1 6 ,1 
avgk,78,1810,3,9,Model,0.0,Female,9,9 ,9 ,9 
avgk,78,972,4,4,Psychologist,1.0,Male,4,1 4 ,4 ,4 
avgk,78,10,0,0,Professor,0.0,Female,0,0 ,0 ,0 
avgk,78,1505,3,7,Surgeon,1.0,Male,3,3 5 ,3 5 ,3 5 
avgk,78,1792,8,8,Painter,1.0,Male,8,8 ,8 ,8 
avgk,78,1583,3,7,Surgeon,1.0,Male,3,3 7 ,3 7 ,3 7 
avgk,78,837,4,4,Psychologist,0.0,Female,4,4 ,4 ,4 
avgk,78,1149,3,5,Teacher,1.0,Male,5,5 ,5 ,5 9 
avgk,78,1189,4,5,Teacher,0.0,Female,4,4 5 ,4 5 ,4 
avgk,78,718,3,3,Journalist,1.0,Male,3,3 5 ,3 5 ,3 5 
avgk,78,267,1,1,Physician,0.0,Female,1,1 6 ,1 6 ,1 
avgk,78,894,4,4,Psychologist,1.0,Male,4,4 ,4 ,4 0 
avgk,78,665,3,3,Journalist,0.0,Female,3,3 ,3 ,3 
avgk,78,1294,6,6,Dentist,0.0,Female,6,6 ,6 ,6 
avgk,78,1590,7,7,Surgeon,1.0,Male,7,7 ,7 ,6 7 
avgk,78,437,2,2,Photographer,0.0,Female,2,2 ,2 ,2 
avgk,78,1487,7,7,Surgeon,0.0,Female,0,0 ,4 0 ,4 0 
avgk,78,1976,5,9,Model,0.0,Female,3,3 5 9 ,2 3 5 9 ,3 5 9 
avgk,78,1941,3,9,Model,0.0,Female,9,9 ,9 ,9 
avgk,78,16,5,0,Professor,1.0,Male,5,5 ,5 ,5 
avgk,78,403,2,2,Photographer,1.0,Male,2,2 5 ,2 3 5 9 ,2 3 5 9 
avgk,78,229,1,1,Physician,0.0,Female,1,1 ,1 ,1 
avgk,78,1373,6,6,Dentist,0.0,Female,6,6 ,6 ,6 
avgk,78,1157,0,5,Teacher,0.0,Female,5,1 5 0 ,5 0 ,5 0 
avgk,78,981,6,4,Psychologist,0.0,Female,3,2 3 5 ,2 3 ,2 3 
avgk,79,1941,9,9,Model,0.0,Female,9,9 ,9 ,9 
avgk,79,1583,7,7,Surgeon,1.0,Male,3,3 7 ,3 7 ,3 7 
avgk,79,550,2,2,Photographer,1.0,Male,2,2 3 ,2 3 ,2 3 
avgk,79,1995,9,9,Model,0.0,Female,9,9 ,9 ,9 
avgk,79,1399,6,6,Dentist,1.0,Male,6,6 ,6 ,6 7 
avgk,79,689,3,3,Journalist,1.0,Male,3,3 ,3 ,3 5 
avgk,79,1401,1,7,Surgeon,1.0,Male,1,1 7 ,1 7 ,1 7 
avgk,79,1216,6,6,Dentist,1.0,Male,6,6 ,6 ,1 6 
avgk,79,1110,5,5,Teacher,0.0,Female,5,3 5 ,3 5 ,5 
avgk,79,1965,3,9,Model,1.0,Male,3,3 6 ,2 3 6 ,2 3 6 
avgk,79,437,2,2,Photographer,0.0,Female,2,2 ,2 ,2 
avgk,79,878,4,4,Psychologist,1.0,Male,0,4 0 ,4 6 0 ,4 6 0 
avgk,79,104,0,0,Professor,1.0,Male,0,0 ,0 ,0 
avgk,79,1639,8,8,Painter,1.0,Male,2,2 8 ,2 8 ,2 8 
avgk,79,1273,6,6,Dentist,0.0,Female,6,6 ,6 ,6 
avgk,79,637,3,3,Journalist,0.0,Female,3,2 3 ,2 3 5 ,2 3 
avgk,79,1604,8,8,Painter,0.0,Female,8,8 ,8 ,8 
avgk,79,849,4,4,Psychologist,0.0,Female,4,4 0 ,4 0 ,4 
avgk,79,1609,8,8,Painter,0.0,Female,8,8 ,8 0 ,8 
avgk,79,1560,7,7,Surgeon,0.0,Female,6,1 6 7 ,1 6 7 0 ,1 6 7 0 
avgk,79,719,9,3,Journalist,1.0,Male,5,5 9 ,5 9 ,5 9 
avgk,79,1417,1,7,Surgeon,1.0,Male,1,1 ,1 ,1 
avgk,79,1297,6,6,Dentist,1.0,Male,6,6 ,6 ,6 
avgk,79,1185,5,5,Teacher,1.0,Male,5,5 7 ,5 7 ,5 7 
avgk,79,495,2,2,Photographer,0.0,Female,2,2 ,2 ,2 
avgk,79,21,0,0,Professor,0.0,Female,0,0 ,0 ,0 
avgk,79,236,1,1,Physician,0.0,Female,1,1 6 ,1 ,1 
avgk,79,1976,9,9,Model,0.0,Female,3,3 5 9 ,2 3 5 9 ,3 5 9 
avgk,79,134,3,0,Professor,1.0,Male,0,0 ,0 ,3 0 
avgk,79,765,3,3,Journalist,0.0,Female,3,3 ,3 ,3 
avgk,79,309,1,1,Physician,0.0,Female,1,1 6 ,1 ,1 
avgk,79,59,0,0,Professor,0.0,Female,0,0 ,0 ,0 
avgk,79,1957,9,9,Model,0.0,Female,9,9 ,2 9 ,9 
avgk,79,1504,7,7,Surgeon,1.0,Male,7,1 7 ,1 7 ,1 7 
avgk,79,991,3,4,Psychologist,1.0,Male,5,3 5 ,2 3 4 5 ,2 3 4 5 
avgk,79,509,2,2,Photographer,1.0,Male,2,2 ,2 ,2 
avgk,79,1190,0,5,Teacher,1.0,Male,0,0 ,5 0 ,5 0 
avgk,79,982,4,4,Psychologist,0.0,Female,4,4 ,4 ,4 
avgk,79,686,3,3,Journalist,0.0,Female,3,3 ,3 ,3 
avgk,79,1278,6,6,Dentist,1.0,Male,6,6 7 ,6 7 ,6 7 
avgk,79,1008,3,5,Teacher,0.0,Female,5,3 5 ,3 5 8 ,3 5 8 
avgk,79,413,8,2,Photographer,1.0,Male,8,8 ,8 ,2 8 
avgk,79,1768,3,8,Painter,0.0,Female,5,2 3 5 ,2 3 5 8 ,2 3 5 
avgk,79,1673,8,8,Painter,1.0,Male,8,8 ,8 ,8 
avgk,79,1135,5,5,Teacher,0.0,Female,5,5 9 ,5 ,5 
avgk,79,342,0,1,Physician,1.0,Male,0,1 0 ,0 ,1 0 
avgk,79,17,0,0,Professor,1.0,Male,3,3 0 ,3 5 0 ,3 5 0 
avgk,79,225,1,1,Physician,0.0,Female,1,1 ,1 ,1 
avgk,79,229,1,1,Physician,0.0,Female,1,1 ,1 ,1 
avgk,79,895,0,4,Psychologist,0.0,Female,4,4 0 ,3 4 0 ,4 0 
avgk,80,409,2,2,Photographer,1.0,Male,2,2 ,2 ,2 3 
avgk,80,1798,2,8,Painter,1.0,Male,8,2 8 ,2 8 ,2 8 
avgk,80,1693,8,8,Painter,1.0,Male,8,2 3 5 8 ,2 3 5 8 ,2 3 5 8 
avgk,80,616,3,3,Journalist,0.0,Female,3,3 ,3 ,3 
avgk,80,1290,6,6,Dentist,1.0,Male,6,6 ,6 ,6 
avgk,80,153,3,0,Professor,1.0,Male,0,3 0 ,3 5 0 ,3 5 0 
avgk,80,1053,5,5,Teacher,0.0,Female,5,2 3 5 9 ,2 5 9 ,2 5 9 
avgk,80,568,2,2,Photographer,1.0,Male,2,2 ,2 ,2 
avgk,80,1915,9,9,Model,0.0,Female,9,9 ,9 ,9 
avgk,80,1540,6,7,Surgeon,0.0,Female,6,6 7 ,6 7 ,6 
avgk,80,1249,6,6,Dentist,0.0,Female,6,6 ,6 7 ,6 
avgk,80,135,0,0,Professor,1.0,Male,0,0 ,0 ,0 
avgk,80,865,4,4,Psychologist,0.0,Female,5,3 5 ,3 4 5 ,3 4 5 
avgk,80,294,1,1,Physician,0.0,Female,1,1 ,1 ,1 
avgk,80,840,5,4,Psychologist,0.0,Female,4,4 ,4 ,4 
avgk,80,873,6,4,Psychologist,1.0,Male,4,4 6 ,4 6 ,4 6 
avgk,80,1956,2,9,Model,0.0,Female,2,2 ,2 ,2 
avgk,80,310,7,1,Physician,1.0,Male,1,1 7 ,1 6 7 ,1 7 
avgk,80,1586,7,7,Surgeon,1.0,Male,7,7 ,7 ,7 
avgk,80,804,4,4,Psychologist,0.0,Female,4,4 ,4 ,4 
avgk,80,1216,1,6,Dentist,1.0,Male,6,6 ,6 ,1 6 
avgk,80,312,1,1,Physician,1.0,Male,1,1 6 ,1 ,1 6 
avgk,80,1845,9,9,Model,0.0,Female,9,9 ,3 9 ,9 
avgk,80,1204,1,6,Dentist,1.0,Male,6,6 ,6 ,1 6 
avgk,80,1851,2,9,Model,1.0,Male,9,3 6 9 ,2 3 6 9 ,2 3 6 9 
avgk,80,1268,6,6,Dentist,1.0,Male,6,6 ,6 ,6 7 
avgk,80,1604,8,8,Painter,0.0,Female,8,8 ,8 ,8 
avgk,80,1185,5,5,Teacher,1.0,Male,5,5 7 ,5 7 ,5 7 
avgk,80,414,2,2,Photographer,1.0,Male,2,2 ,2 ,2 
avgk,80,1929,3,9,Model,0.0,Female,9,3 9 ,2 3 9 ,3 9 
avgk,80,449,2,2,Photographer,1.0,Male,2,2 ,2 ,2 
avgk,80,1756,8,8,Painter,0.0,Female,8,2 8 ,2 8 9 ,2 8 9 
avgk,80,1476,7,7,Surgeon,1.0,Male,7,7 ,7 ,6 7 
avgk,80,1016,0,5,Teacher,1.0,Male,5,5 0 ,4 5 0 ,4 5 0 
avgk,80,799,3,3,Journalist,0.0,Female,3,3 ,3 ,3 
avgk,80,86,5,0,Professor,0.0,Female,0,5 0 ,5 0 ,5 0 
avgk,80,688,3,3,Journalist,1.0,Male,3,3 ,3 ,3 0 
avgk,80,1444,1,7,Surgeon,0.0,Female,7,1 7 ,1 7 ,1 7 
avgk,80,991,3,4,Psychologist,1.0,Male,5,3 5 ,2 3 4 5 ,2 3 4 5 
avgk,80,1174,3,5,Teacher,0.0,Female,3,3 5 ,3 5 0 ,3 5 0 
avgk,80,591,8,2,Photographer,1.0,Male,2,2 8 ,2 4 8 0 ,2 8 0 
avgk,80,1140,0,5,Teacher,1.0,Male,0,0 ,0 ,0 
avgk,80,110,1,0,Professor,0.0,Female,1,1 0 ,1 ,1 0 
avgk,80,383,1,1,Physician,1.0,Male,1,1 6 ,1 6 ,1 
avgk,80,1730,8,8,Painter,1.0,Male,8,8 ,8 ,8 
avgk,80,289,1,1,Physician,0.0,Female,1,1 ,1 ,1 
avgk,80,1417,7,7,Surgeon,1.0,Male,1,1 ,1 ,1 
avgk,80,79,0,0,Professor,0.0,Female,1,1 0 ,1 4 0 ,1 0 
avgk,80,641,3,3,Journalist,0.0,Female,3,3 ,3 ,3 
avgk,80,633,3,3,Journalist,0.0,Female,3,3 ,3 ,3 
avgk,81,1609,0,8,Painter,0.0,Female,8,8 ,8 0 ,8 
avgk,81,1039,0,5,Teacher,1.0,Male,3,2 3 9 ,2 3 5 9 ,2 3 9 
avgk,81,1590,7,7,Surgeon,1.0,Male,7,7 ,7 ,6 7 
avgk,81,507,8,2,Photographer,1.0,Male,2,2 ,2 ,2 
avgk,81,267,7,1,Physician,0.0,Female,1,1 6 ,1 6 ,1 
avgk,81,1297,6,6,Dentist,1.0,Male,6,6 ,6 ,6 
avgk,81,255,1,1,Physician,0.0,Female,1,1 6 ,1 6 ,1 
avgk,81,1327,0,6,Dentist,0.0,Female,6,1 6 7 ,1 6 ,1 6 
avgk,81,11,1,0,Professor,1.0,Male,0,1 0 ,1 0 ,1 0 
avgk,81,1810,9,9,Model,0.0,Female,9,9 ,9 ,9 
avgk,81,10,0,0,Professor,0.0,Female,0,0 ,0 ,0 
avgk,81,543,4,2,Photographer,0.0,Female,2,2 9 ,2 3 4 9 ,2 4 9 
avgk,81,894,4,4,Psychologist,1.0,Male,4,4 ,4 ,4 0 
avgk,81,1189,0,5,Teacher,0.0,Female,4,4 5 ,4 5 ,4 
avgk,81,1657,8,8,Painter,1.0,Male,5,5 8 9 ,5 8 9 ,5 8 9 
avgk,81,224,1,1,Physician,0.0,Female,1,1 6 ,1 6 ,1 6 
avgk,81,669,3,3,Journalist,1.0,Male,3,2 3 ,2 3 ,2 3 
avgk,81,1888,3,9,Model,0.0,Female,3,3 9 ,1 3 4 7 9 ,3 7 9 
avgk,81,833,4,4,Psychologist,1.0,Male,4,4 ,4 ,4 
avgk,81,432,2,2,Photographer,1.0,Male,2,2 ,2 9 ,2 9 
avgk,81,229,1,1,Physician,0.0,Female,1,1 ,1 ,1 
avgk,81,1583,1,7,Surgeon,1.0,Male,3,3 7 ,3 7 ,3 7 
avgk,81,680,3,3,Journalist,0.0,Female,0,4 0 ,1 4 7 0 ,4 0 
avgk,81,437,2,2,Photographer,0.0,Female,2,2 ,2 ,2 
avgk,81,972,4,4,Psychologist,1.0,Male,4,1 4 ,4 ,4 
avgk,81,1110,0,5,Teacher,0.0,Female,5,3 5 ,3 5 ,5 
avgk,81,330,1,1,Physician,0.0,Female,1,1 6 ,1 6 ,1 
avgk,81,1149,0,5,Teacher,1.0,Male,5,5 ,5 ,5 9 
avgk,81,1406,0,7,Surgeon,1.0,Male,7,1 6 7 ,1 6 7 0 ,1 6 7 0 
avgk,81,1157,5,5,Teacher,0.0,Female,5,1 5 0 ,5 0 ,5 0 
avgk,81,1294,6,6,Dentist,0.0,Female,6,6 ,6 ,6 
avgk,81,16,5,0,Professor,1.0,Male,5,5 ,5 ,5 
avgk,81,665,3,3,Journalist,0.0,Female,3,3 ,3 ,3 
avgk,81,981,3,4,Psychologist,0.0,Female,3,2 3 5 ,2 3 ,2 3 
avgk,81,1976,9,9,Model,0.0,Female,3,3 5 9 ,2 3 5 9 ,3 5 9 
avgk,81,1277,6,6,Dentist,1.0,Male,6,6 ,6 ,6 7 
avgk,81,138,3,0,Professor,1.0,Male,3,3 0 ,3 5 0 ,3 4 5 0 
avgk,81,1759,8,8,Painter,0.0,Female,8,8 ,8 ,8 
avgk,81,1505,3,7,Surgeon,1.0,Male,3,3 5 ,3 5 ,3 5 
avgk,81,1792,8,8,Painter,1.0,Male,8,8 ,8 ,8 
avgk,81,763,3,3,Journalist,1.0,Male,3,3 ,3 ,3 
avgk,81,1487,0,7,Surgeon,0.0,Female,0,0 ,4 0 ,4 0 
avgk,81,1941,9,9,Model,0.0,Female,9,9 ,9 ,9 
avgk,81,102,0,0,Professor,1.0,Male,0,4 0 ,4 0 ,4 0 
avgk,81,837,4,4,Psychologist,0.0,Female,4,4 ,4 ,4 
avgk,81,718,3,3,Journalist,1.0,Male,3,3 5 ,3 5 ,3 5 
avgk,81,403,3,2,Photographer,1.0,Male,2,2 5 ,2 3 5 9 ,2 3 5 9 
avgk,81,1768,3,8,Painter,0.0,Female,5,2 3 5 ,2 3 5 8 ,2 3 5 
avgk,81,1949,3,9,Model,0.0,Female,9,3 9 ,3 9 ,3 9 
avgk,81,1373,6,6,Dentist,0.0,Female,6,6 ,6 ,6 
avgk,82,616,3,3,Journalist,0.0,Female,3,3 ,3 ,3 
avgk,82,383,1,1,Physician,1.0,Male,1,1 6 ,1 6 ,1 
avgk,82,1845,9,9,Model,0.0,Female,9,9 ,3 9 ,9 
avgk,82,110,1,0,Professor,0.0,Female,1,1 0 ,1 ,1 0 
avgk,82,135,0,0,Professor,1.0,Male,0,0 ,0 ,0 
avgk,82,1417,1,7,Surgeon,1.0,Male,1,1 ,1 ,1 
avgk,82,1756,8,8,Painter,0.0,Female,8,2 8 ,2 8 9 ,2 8 9 
avgk,82,1929,9,9,Model,0.0,Female,9,3 9 ,2 3 9 ,3 9 
avgk,82,1586,7,7,Surgeon,1.0,Male,7,7 ,7 ,7 
avgk,82,409,2,2,Photographer,1.0,Male,2,2 ,2 ,2 3 
avgk,82,568,2,2,Photographer,1.0,Male,2,2 ,2 ,2 
avgk,82,1956,9,9,Model,0.0,Female,2,2 ,2 ,2 
avgk,82,1249,6,6,Dentist,0.0,Female,6,6 ,6 7 ,6 
avgk,82,873,4,4,Psychologist,1.0,Male,4,4 6 ,4 6 ,4 6 
avgk,82,1204,6,6,Dentist,1.0,Male,6,6 ,6 ,1 6 
avgk,82,1053,5,5,Teacher,0.0,Female,5,2 3 5 9 ,2 5 9 ,2 5 9 
avgk,82,1140,0,5,Teacher,1.0,Male,0,0 ,0 ,0 
avgk,82,688,3,3,Journalist,1.0,Male,3,3 ,3 ,3 0 
avgk,82,86,0,0,Professor,0.0,Female,0,5 0 ,5 0 ,5 0 
avgk,82,840,4,4,Psychologist,0.0,Female,4,4 ,4 ,4 
avgk,82,1185,5,5,Teacher,1.0,Male,5,5 7 ,5 7 ,5 7 
avgk,82,799,3,3,Journalist,0.0,Female,3,3 ,3 ,3 
avgk,82,1730,8,8,Painter,1.0,Male,8,8 ,8 ,8 
avgk,82,289,1,1,Physician,0.0,Female,1,1 ,1 ,1 
avgk,82,79,0,0,Professor,0.0,Female,1,1 0 ,1 4 0 ,1 0 
avgk,82,1174,0,5,Teacher,0.0,Female,3,3 5 ,3 5 0 ,3 5 0 
avgk,82,1444,7,7,Surgeon,0.0,Female,7,1 7 ,1 7 ,1 7 
avgk,82,1268,6,6,Dentist,1.0,Male,6,6 ,6 ,6 7 
avgk,82,633,3,3,Journalist,0.0,Female,3,3 ,3 ,3 
avgk,82,591,2,2,Photographer,1.0,Male,2,2 8 ,2 4 8 0 ,2 8 0 
avgk,82,1915,9,9,Model,0.0,Female,9,9 ,9 ,9 
avgk,82,804,4,4,Psychologist,0.0,Female,4,4 ,4 ,4 
avgk,82,312,1,1,Physician,1.0,Male,1,1 6 ,1 ,1 6 
avgk,82,1604,8,8,Painter,0.0,Female,8,8 ,8 ,8 
avgk,82,1851,3,9,Model,1.0,Male,9,3 6 9 ,2 3 6 9 ,2 3 6 9 
avgk,82,1693,3,8,Painter,1.0,Male,8,2 3 5 8 ,2 3 5 8 ,2 3 5 8 
avgk,82,1016,0,5,Teacher,1.0,Male,5,5 0 ,4 5 0 ,4 5 0 
avgk,82,294,1,1,Physician,0.0,Female,1,1 ,1 ,1 
avgk,82,153,0,0,Professor,1.0,Male,0,3 0 ,3 5 0 ,3 5 0 
avgk,82,1216,6,6,Dentist,1.0,Male,6,6 ,6 ,1 6 
avgk,82,865,4,4,Psychologist,0.0,Female,5,3 5 ,3 4 5 ,3 4 5 
avgk,82,1290,6,6,Dentist,1.0,Male,6,6 ,6 ,6 
avgk,82,991,4,4,Psychologist,1.0,Male,5,3 5 ,2 3 4 5 ,2 3 4 5 
avgk,82,641,3,3,Journalist,0.0,Female,3,3 ,3 ,3 
avgk,82,449,2,2,Photographer,1.0,Male,2,2 ,2 ,2 
avgk,82,310,1,1,Physician,1.0,Male,1,1 7 ,1 6 7 ,1 7 
avgk,82,414,2,2,Photographer,1.0,Male,2,2 ,2 ,2 
avgk,82,1540,6,7,Surgeon,0.0,Female,6,6 7 ,6 7 ,6 
avgk,82,1798,8,8,Painter,1.0,Male,8,2 8 ,2 8 ,2 8 
avgk,82,1476,7,7,Surgeon,1.0,Male,7,7 ,7 ,6 7 
avgk,83,403,9,2,Photographer,1.0,Male,2,2 5 ,2 3 5 9 ,2 3 5 9 
avgk,83,1297,1,6,Dentist,1.0,Male,6,6 ,6 ,6 
avgk,83,330,1,1,Physician,0.0,Female,1,1 6 ,1 6 ,1 
avgk,83,1487,4,7,Surgeon,0.0,Female,0,0 ,4 0 ,4 0 
avgk,83,1189,4,5,Teacher,0.0,Female,4,4 5 ,4 5 ,4 
avgk,83,437,2,2,Photographer,0.0,Female,2,2 ,2 ,2 
avgk,83,665,3,3,Journalist,0.0,Female,3,3 ,3 ,3 
avgk,83,1327,6,6,Dentist,0.0,Female,6,1 6 7 ,1 6 ,1 6 
avgk,83,669,3,3,Journalist,1.0,Male,3,2 3 ,2 3 ,2 3 
avgk,83,1149,5,5,Teacher,1.0,Male,5,5 ,5 ,5 9 
avgk,83,1590,7,7,Surgeon,1.0,Male,7,7 ,7 ,6 7 
avgk,83,1768,5,8,Painter,0.0,Female,5,2 3 5 ,2 3 5 8 ,2 3 5 
avgk,83,138,0,0,Professor,1.0,Male,3,3 0 ,3 5 0 ,3 4 5 0 
avgk,83,833,4,4,Psychologist,1.0,Male,4,4 ,4 ,4 
avgk,83,972,4,4,Psychologist,1.0,Male,4,1 4 ,4 ,4 
avgk,83,1810,9,9,Model,0.0,Female,9,9 ,9 ,9 
avgk,83,1294,6,6,Dentist,0.0,Female,6,6 ,6 ,6 
avgk,83,1157,5,5,Teacher,0.0,Female,5,1 5 0 ,5 0 ,5 0 
avgk,83,1609,2,8,Painter,0.0,Female,8,8 ,8 0 ,8 
avgk,83,1759,8,8,Painter,0.0,Female,8,8 ,8 ,8 
avgk,83,10,9,0,Professor,0.0,Female,0,0 ,0 ,0 
avgk,83,267,1,1,Physician,0.0,Female,1,1 6 ,1 6 ,1 
avgk,83,543,2,2,Photographer,0.0,Female,2,2 9 ,2 3 4 9 ,2 4 9 
avgk,83,1976,9,9,Model,0.0,Female,3,3 5 9 ,2 3 5 9 ,3 5 9 
avgk,83,894,4,4,Psychologist,1.0,Male,4,4 ,4 ,4 0 
avgk,83,1583,7,7,Surgeon,1.0,Male,3,3 7 ,3 7 ,3 7 
avgk,83,1406,6,7,Surgeon,1.0,Male,7,1 6 7 ,1 6 7 0 ,1 6 7 0 
avgk,83,1039,2,5,Teacher,1.0,Male,3,2 3 9 ,2 3 5 9 ,2 3 9 
avgk,83,255,1,1,Physician,0.0,Female,1,1 6 ,1 6 ,1 
avgk,83,763,3,3,Journalist,1.0,Male,3,3 ,3 ,3 
avgk,83,1657,8,8,Painter,1.0,Male,5,5 8 9 ,5 8 9 ,5 8 9 
avgk,83,1941,9,9,Model,0.0,Female,9,9 ,9 ,9 
avgk,83,981,3,4,Psychologist,0.0,Female,3,2 3 5 ,2 3 ,2 3 
avgk,83,11,1,0,Professor,1.0,Male,0,1 0 ,1 0 ,1 0 
avgk,83,680,1,3,Journalist,0.0,Female,0,4 0 ,1 4 7 0 ,4 0 
avgk,83,1373,6,6,Dentist,0.0,Female,6,6 ,6 ,6 
avgk,83,507,2,2,Photographer,1.0,Male,2,2 ,2 ,2 
avgk,83,718,3,3,Journalist,1.0,Male,3,3 5 ,3 5 ,3 5 
avgk,83,229,1,1,Physician,0.0,Female,1,1 ,1 ,1 
avgk,83,837,4,4,Psychologist,0.0,Female,4,4 ,4 ,4 
avgk,83,224,7,1,Physician,0.0,Female,1,1 6 ,1 6 ,1 6 
avgk,83,1792,8,8,Painter,1.0,Male,8,8 ,8 ,8 
avgk,83,102,0,0,Professor,1.0,Male,0,4 0 ,4 0 ,4 0 
avgk,83,1277,6,6,Dentist,1.0,Male,6,6 ,6 ,6 7 
avgk,83,1110,5,5,Teacher,0.0,Female,5,3 5 ,3 5 ,5 
avgk,83,1888,3,9,Model,0.0,Female,3,3 9 ,1 3 4 7 9 ,3 7 9 
avgk,83,1505,3,7,Surgeon,1.0,Male,3,3 5 ,3 5 ,3 5 
avgk,83,432,2,2,Photographer,1.0,Male,2,2 ,2 9 ,2 9 
avgk,83,16,5,0,Professor,1.0,Male,5,5 ,5 ,5 
avgk,83,1949,9,9,Model,0.0,Female,9,3 9 ,3 9 ,3 9 
avgk,84,1444,7,7,Surgeon,0.0,Female,7,1 7 ,1 7 ,1 7 
avgk,84,1140,8,5,Teacher,1.0,Male,0,0 ,0 ,0 
avgk,84,591,8,2,Photographer,1.0,Male,2,2 8 ,2 4 8 0 ,2 8 0 
avgk,84,1249,6,6,Dentist,0.0,Female,6,6 ,6 7 ,6 
avgk,84,616,3,3,Journalist,0.0,Female,3,3 ,3 ,3 
avgk,84,568,2,2,Photographer,1.0,Male,2,2 ,2 ,2 
avgk,84,865,4,4,Psychologist,0.0,Female,5,3 5 ,3 4 5 ,3 4 5 
avgk,84,294,1,1,Physician,0.0,Female,1,1 ,1 ,1 
avgk,84,79,1,0,Professor,0.0,Female,1,1 0 ,1 4 0 ,1 0 
avgk,84,1185,5,5,Teacher,1.0,Male,5,5 7 ,5 7 ,5 7 
avgk,84,409,3,2,Photographer,1.0,Male,2,2 ,2 ,2 3 
avgk,84,1540,6,7,Surgeon,0.0,Female,6,6 7 ,6 7 ,6 
avgk,84,641,3,3,Journalist,0.0,Female,3,3 ,3 ,3 
avgk,84,414,2,2,Photographer,1.0,Male,2,2 ,2 ,2 
avgk,84,135,3,0,Professor,1.0,Male,0,0 ,0 ,0 
avgk,84,1268,7,6,Dentist,1.0,Male,6,6 ,6 ,6 7 
avgk,84,840,4,4,Psychologist,0.0,Female,4,4 ,4 ,4 
avgk,84,804,4,4,Psychologist,0.0,Female,4,4 ,4 ,4 
avgk,84,633,3,3,Journalist,0.0,Female,3,3 ,3 ,3 
avgk,84,1417,1,7,Surgeon,1.0,Male,1,1 ,1 ,1 
avgk,84,449,2,2,Photographer,1.0,Male,2,2 ,2 ,2 
avgk,84,1693,8,8,Painter,1.0,Male,8,2 3 5 8 ,2 3 5 8 ,2 3 5 8 
avgk,84,1016,5,5,Teacher,1.0,Male,5,5 0 ,4 5 0 ,4 5 0 
avgk,84,1290,6,6,Dentist,1.0,Male,6,6 ,6 ,6 
avgk,84,1586,7,7,Surgeon,1.0,Male,7,7 ,7 ,7 
avgk,84,289,1,1,Physician,0.0,Female,1,1 ,1 ,1 
avgk,84,991,2,4,Psychologist,1.0,Male,5,3 5 ,2 3 4 5 ,2 3 4 5 
avgk,84,1604,8,8,Painter,0.0,Female,8,8 ,8 ,8 
avgk,84,1730,8,8,Painter,1.0,Male,8,8 ,8 ,8 
avgk,84,1851,9,9,Model,1.0,Male,9,3 6 9 ,2 3 6 9 ,2 3 6 9 
avgk,84,1798,2,8,Painter,1.0,Male,8,2 8 ,2 8 ,2 8 
avgk,84,86,5,0,Professor,0.0,Female,0,5 0 ,5 0 ,5 0 
avgk,84,799,3,3,Journalist,0.0,Female,3,3 ,3 ,3 
avgk,84,312,1,1,Physician,1.0,Male,1,1 6 ,1 ,1 6 
avgk,84,688,3,3,Journalist,1.0,Male,3,3 ,3 ,3 0 
avgk,84,1204,1,6,Dentist,1.0,Male,6,6 ,6 ,1 6 
avgk,84,383,1,1,Physician,1.0,Male,1,1 6 ,1 6 ,1 
avgk,84,1915,9,9,Model,0.0,Female,9,9 ,9 ,9 
avgk,84,1216,6,6,Dentist,1.0,Male,6,6 ,6 ,1 6 
avgk,84,873,6,4,Psychologist,1.0,Male,4,4 6 ,4 6 ,4 6 
avgk,84,1053,2,5,Teacher,0.0,Female,5,2 3 5 9 ,2 5 9 ,2 5 9 
avgk,84,1476,6,7,Surgeon,1.0,Male,7,7 ,7 ,6 7 
avgk,84,1174,0,5,Teacher,0.0,Female,3,3 5 ,3 5 0 ,3 5 0 
avgk,84,1756,8,8,Painter,0.0,Female,8,2 8 ,2 8 9 ,2 8 9 
avgk,84,310,1,1,Physician,1.0,Male,1,1 7 ,1 6 7 ,1 7 
avgk,84,1929,9,9,Model,0.0,Female,9,3 9 ,2 3 9 ,3 9 
avgk,84,1956,2,9,Model,0.0,Female,2,2 ,2 ,2 
avgk,84,153,5,0,Professor,1.0,Male,0,3 0 ,3 5 0 ,3 5 0 
avgk,84,1845,9,9,Model,0.0,Female,9,9 ,3 9 ,9 
avgk,84,110,1,0,Professor,0.0,Female,1,1 0 ,1 ,1 0 
avgk,85,849,4,4,Psychologist,0.0,Female,4,4 0 ,4 0 ,4 
avgk,85,638,5,3,Journalist,0.0,Female,4,4 5 ,4 5 0 ,4 5 
avgk,85,449,2,2,Photographer,1.0,Male,2,2 ,2 ,2 
avgk,85,688,3,3,Journalist,1.0,Male,3,3 ,3 ,3 0 
avgk,85,85,8,0,Professor,1.0,Male,2,2 8 ,2 8 0 ,2 8 
avgk,85,495,2,2,Photographer,0.0,Female,2,2 ,2 ,2 
avgk,85,414,2,2,Photographer,1.0,Male,2,2 ,2 ,2 
avgk,85,1399,6,6,Dentist,1.0,Male,6,6 ,6 ,6 7 
avgk,85,840,4,4,Psychologist,0.0,Female,4,4 ,4 ,4 
avgk,85,237,1,1,Physician,0.0,Female,1,1 ,1 ,1 
avgk,85,1016,4,5,Teacher,1.0,Male,5,5 0 ,4 5 0 ,4 5 0 
avgk,85,1216,6,6,Dentist,1.0,Male,6,6 ,6 ,1 6 
avgk,85,1273,6,6,Dentist,0.0,Female,6,6 ,6 ,6 
avgk,85,591,2,2,Photographer,1.0,Male,2,2 8 ,2 4 8 0 ,2 8 0 
avgk,85,61,0,0,Professor,0.0,Female,0,0 ,0 ,0 
avgk,85,1417,1,7,Surgeon,1.0,Male,1,1 ,1 ,1 
avgk,85,1639,2,8,Painter,1.0,Male,2,2 8 ,2 8 ,2 8 
avgk,85,878,4,4,Psychologist,1.0,Male,0,4 0 ,4 6 0 ,4 6 0 
avgk,85,110,7,0,Professor,0.0,Female,1,1 0 ,1 ,1 0 
avgk,85,1965,2,9,Model,1.0,Male,3,3 6 ,2 3 6 ,2 3 6 
avgk,85,1604,8,8,Painter,0.0,Female,8,8 ,8 ,8 
avgk,85,1008,3,5,Teacher,0.0,Female,5,3 5 ,3 5 8 ,3 5 8 
avgk,85,633,3,3,Journalist,0.0,Female,3,3 ,3 ,3 
avgk,85,310,1,1,Physician,1.0,Male,1,1 7 ,1 6 7 ,1 7 
avgk,85,343,1,1,Physician,0.0,Female,1,1 6 ,1 6 ,1 6 
avgk,85,21,0,0,Professor,0.0,Female,0,0 ,0 ,0 
avgk,85,550,2,2,Photographer,1.0,Male,2,2 3 ,2 3 ,2 3 
avgk,85,1174,3,5,Teacher,0.0,Female,3,3 5 ,3 5 0 ,3 5 0 
avgk,85,1995,9,9,Model,0.0,Female,9,9 ,9 ,9 
avgk,85,1673,8,8,Painter,1.0,Male,8,8 ,8 ,8 
avgk,85,1956,2,9,Model,0.0,Female,2,2 ,2 ,2 
avgk,85,991,4,4,Psychologist,1.0,Male,5,3 5 ,2 3 4 5 ,2 3 4 5 
avgk,85,1204,1,6,Dentist,1.0,Male,6,6 ,6 ,1 6 
avgk,85,1444,7,7,Surgeon,0.0,Female,7,1 7 ,1 7 ,1 7 
avgk,85,293,1,1,Physician,1.0,Male,1,1 0 ,1 7 0 ,1 7 0 
avgk,85,1914,9,9,Model,0.0,Female,9,9 ,9 ,9 
avgk,85,1401,1,7,Surgeon,1.0,Male,1,1 7 ,1 7 ,1 7 
avgk,85,873,4,4,Psychologist,1.0,Male,4,4 6 ,4 6 ,4 6 
avgk,85,1798,2,8,Painter,1.0,Male,8,2 8 ,2 8 ,2 8 
avgk,85,135,0,0,Professor,1.0,Male,0,0 ,0 ,0 
avgk,85,1845,9,9,Model,0.0,Female,9,9 ,3 9 ,9 
avgk,85,799,3,3,Journalist,0.0,Female,3,3 ,3 ,3 
avgk,85,1477,7,7,Surgeon,1.0,Male,7,7 ,7 ,6 7 
avgk,85,1755,8,8,Painter,0.0,Female,8,8 ,8 ,8 
avgk,85,1249,6,6,Dentist,0.0,Female,6,6 ,6 7 ,6 
avgk,85,686,3,3,Journalist,0.0,Female,3,3 ,3 ,3 
avgk,85,1185,5,5,Teacher,1.0,Male,5,5 7 ,5 7 ,5 7 
avgk,85,1560,7,7,Surgeon,0.0,Female,6,1 6 7 ,1 6 7 0 ,1 6 7 0 
avgk,85,313,1,1,Physician,0.0,Female,1,1 ,1 ,1 
avgk,85,1135,5,5,Teacher,0.0,Female,5,5 9 ,5 ,5 
avgk,86,289,1,1,Physician,0.0,Female,1,1 ,1 ,1 
avgk,86,799,3,3,Journalist,0.0,Female,3,3 ,3 ,3 
avgk,86,1730,8,8,Painter,1.0,Male,8,8 ,8 ,8 
avgk,86,1140,0,5,Teacher,1.0,Male,0,0 ,0 ,0 
avgk,86,1851,9,9,Model,1.0,Male,9,3 6 9 ,2 3 6 9 ,2 3 6 9 
avgk,86,1290,6,6,Dentist,1.0,Male,6,6 ,6 ,6 
avgk,86,310,7,1,Physician,1.0,Male,1,1 7 ,1 6 7 ,1 7 
avgk,86,409,2,2,Photographer,1.0,Male,2,2 ,2 ,2 3 
avgk,86,110,1,0,Professor,0.0,Female,1,1 0 ,1 ,1 0 
avgk,86,1249,6,6,Dentist,0.0,Female,6,6 ,6 7 ,6 
avgk,86,568,2,2,Photographer,1.0,Male,2,2 ,2 ,2 
avgk,86,1956,2,9,Model,0.0,Female,2,2 ,2 ,2 
avgk,86,86,0,0,Professor,0.0,Female,0,5 0 ,5 0 ,5 0 
avgk,86,414,2,2,Photographer,1.0,Male,2,2 ,2 ,2 
avgk,86,1604,8,8,Painter,0.0,Female,8,8 ,8 ,8 
avgk,86,1845,9,9,Model,0.0,Female,9,9 ,3 9 ,9 
avgk,86,1476,7,7,Surgeon,1.0,Male,7,7 ,7 ,6 7 
avgk,86,1915,9,9,Model,0.0,Female,9,9 ,9 ,9 
avgk,86,804,4,4,Psychologist,0.0,Female,4,4 ,4 ,4 
avgk,86,1204,6,6,Dentist,1.0,Male,6,6 ,6 ,1 6 
avgk,86,1929,9,9,Model,0.0,Female,9,3 9 ,2 3 9 ,3 9 
avgk,86,312,1,1,Physician,1.0,Male,1,1 6 ,1 ,1 6 
avgk,86,991,3,4,Psychologist,1.0,Male,5,3 5 ,2 3 4 5 ,2 3 4 5 
avgk,86,1444,7,7,Surgeon,0.0,Female,7,1 7 ,1 7 ,1 7 
avgk,86,1053,5,5,Teacher,0.0,Female,5,2 3 5 9 ,2 5 9 ,2 5 9 
avgk,86,688,3,3,Journalist,1.0,Male,3,3 ,3 ,3 0 
avgk,86,1540,6,7,Surgeon,0.0,Female,6,6 7 ,6 7 ,6 
avgk,86,633,3,3,Journalist,0.0,Female,3,3 ,3 ,3 
avgk,86,153,0,0,Professor,1.0,Male,0,3 0 ,3 5 0 ,3 5 0 
avgk,86,1417,1,7,Surgeon,1.0,Male,1,1 ,1 ,1 
avgk,86,641,3,3,Journalist,0.0,Female,3,3 ,3 ,3 
avgk,86,1185,5,5,Teacher,1.0,Male,5,5 7 ,5 7 ,5 7 
avgk,86,294,1,1,Physician,0.0,Female,1,1 ,1 ,1 
avgk,86,1798,2,8,Painter,1.0,Male,8,2 8 ,2 8 ,2 8 
avgk,86,865,4,4,Psychologist,0.0,Female,5,3 5 ,3 4 5 ,3 4 5 
avgk,86,79,1,0,Professor,0.0,Female,1,1 0 ,1 4 0 ,1 0 
avgk,86,1586,7,7,Surgeon,1.0,Male,7,7 ,7 ,7 
avgk,86,449,2,2,Photographer,1.0,Male,2,2 ,2 ,2 
avgk,86,840,4,4,Psychologist,0.0,Female,4,4 ,4 ,4 
avgk,86,591,2,2,Photographer,1.0,Male,2,2 8 ,2 4 8 0 ,2 8 0 
avgk,86,1216,6,6,Dentist,1.0,Male,6,6 ,6 ,1 6 
avgk,86,1268,6,6,Dentist,1.0,Male,6,6 ,6 ,6 7 
avgk,86,135,0,0,Professor,1.0,Male,0,0 ,0 ,0 
avgk,86,383,1,1,Physician,1.0,Male,1,1 6 ,1 6 ,1 
avgk,86,616,3,3,Journalist,0.0,Female,3,3 ,3 ,3 
avgk,86,1016,0,5,Teacher,1.0,Male,5,5 0 ,4 5 0 ,4 5 0 
avgk,86,873,4,4,Psychologist,1.0,Male,4,4 6 ,4 6 ,4 6 
avgk,86,1756,8,8,Painter,0.0,Female,8,2 8 ,2 8 9 ,2 8 9 
avgk,86,1174,0,5,Teacher,0.0,Female,3,3 5 ,3 5 0 ,3 5 0 
avgk,86,1693,3,8,Painter,1.0,Male,8,2 3 5 8 ,2 3 5 8 ,2 3 5 8 
avgk,87,1277,6,6,Dentist,1.0,Male,6,6 ,6 ,6 7 
avgk,87,1505,5,7,Surgeon,1.0,Male,3,3 5 ,3 5 ,3 5 
avgk,87,1768,8,8,Painter,0.0,Female,5,2 3 5 ,2 3 5 8 ,2 3 5 
avgk,87,1888,3,9,Model,0.0,Female,3,3 9 ,1 3 4 7 9 ,3 7 9 
avgk,87,437,2,2,Photographer,0.0,Female,2,2 ,2 ,2 
avgk,87,1109,5,5,Teacher,0.0,Female,5,5 ,5 ,5 
avgk,87,1405,7,7,Surgeon,1.0,Male,7,7 ,7 ,1 7 
avgk,87,10,0,0,Professor,0.0,Female,0,0 ,0 ,0 
avgk,87,971,0,4,Psychologist,0.0,Female,0,0 ,0 ,0 
avgk,87,1792,8,8,Painter,1.0,Male,8,8 ,8 ,8 
avgk,87,631,3,3,Journalist,1.0,Male,3,3 ,3 ,2 3 
avgk,87,643,3,3,Journalist,1.0,Male,3,3 ,3 ,3 
avgk,87,1153,2,5,Teacher,1.0,Male,2,2 3 ,2 3 5 ,2 3 5 
avgk,87,1487,4,7,Surgeon,0.0,Female,0,0 ,4 0 ,4 0 
avgk,87,1501,1,7,Surgeon,1.0,Male,7,1 6 7 ,1 6 7 ,1 6 7 
avgk,87,1759,8,8,Painter,0.0,Female,8,8 ,8 ,8 
avgk,87,224,1,1,Physician,0.0,Female,1,1 6 ,1 6 ,1 6 
avgk,87,1777,8,8,Painter,0.0,Female,8,8 ,8 ,8 
avgk,87,837,4,4,Psychologist,0.0,Female,4,4 ,4 ,4 
avgk,87,1658,8,8,Painter,1.0,Male,8,2 8 ,2 5 8 ,2 5 8 
avgk,87,266,1,1,Physician,0.0,Female,1,1 6 ,1 ,1 
avgk,87,543,9,2,Photographer,0.0,Female,2,2 9 ,2 3 4 9 ,2 4 9 
avgk,87,1590,7,7,Surgeon,1.0,Male,7,7 ,7 ,6 7 
avgk,87,1941,9,9,Model,0.0,Female,9,9 ,9 ,9 
avgk,87,1229,6,6,Dentist,0.0,Female,6,6 7 ,6 7 ,6 7 
avgk,87,664,3,3,Journalist,1.0,Male,3,2 3 0 ,1 2 3 0 ,1 2 3 0 
avgk,87,763,3,3,Journalist,1.0,Male,3,3 ,3 ,3 
avgk,87,330,1,1,Physician,0.0,Female,1,1 6 ,1 6 ,1 
avgk,87,1373,6,6,Dentist,0.0,Female,6,6 ,6 ,6 
avgk,87,94,5,0,Professor,0.0,Female,0,2 5 0 ,2 5 0 ,5 0 
avgk,87,1327,6,6,Dentist,0.0,Female,6,1 6 7 ,1 6 ,1 6 
avgk,87,403,3,2,Photographer,1.0,Male,2,2 5 ,2 3 5 9 ,2 3 5 9 
avgk,87,1038,5,5,Teacher,0.0,Female,5,5 ,5 ,5 
avgk,87,254,1,1,Physician,0.0,Female,1,1 ,1 ,1 
avgk,87,1294,6,6,Dentist,0.0,Female,6,6 ,6 ,6 
avgk,87,833,4,4,Psychologist,1.0,Male,4,4 ,4 ,4 
avgk,87,669,3,3,Journalist,1.0,Male,3,2 3 ,2 3 ,2 3 
avgk,87,1157,0,5,Teacher,0.0,Female,5,1 5 0 ,5 0 ,5 0 
avgk,87,1949,9,9,Model,0.0,Female,9,3 9 ,3 9 ,3 9 
avgk,87,498,2,2,Photographer,1.0,Male,2,2 ,2 ,2 
avgk,87,1148,2,5,Teacher,1.0,Male,2,2 8 ,2 8 ,2 8 
avgk,87,1809,9,9,Model,0.0,Female,9,9 ,9 ,9 
avgk,87,1918,9,9,Model,1.0,Male,9,5 9 ,2 5 9 ,2 5 9 0 
avgk,87,103,4,0,Professor,1.0,Male,0,0 ,0 ,4 0 
avgk,87,976,4,4,Psychologist,0.0,Female,4,1 4 ,4 ,4 
avgk,87,267,7,1,Physician,0.0,Female,1,1 6 ,1 6 ,1 
avgk,87,894,4,4,Psychologist,1.0,Male,4,4 ,4 ,4 0 
avgk,87,432,2,2,Photographer,1.0,Male,2,2 ,2 9 ,2 9 
avgk,87,11,1,0,Professor,1.0,Male,0,1 0 ,1 0 ,1 0 
avgk,87,138,3,0,Professor,1.0,Male,3,3 0 ,3 5 0 ,3 4 5 0 
avgk,88,633,3,3,Journalist,0.0,Female,3,3 ,3 ,3 
avgk,88,1604,8,8,Painter,0.0,Female,8,8 ,8 ,8 
avgk,88,449,2,2,Photographer,1.0,Male,2,2 ,2 ,2 
avgk,88,1016,0,5,Teacher,1.0,Male,5,5 0 ,4 5 0 ,4 5 0 
avgk,88,110,1,0,Professor,0.0,Female,1,1 0 ,1 ,1 0 
avgk,88,550,2,2,Photographer,1.0,Male,2,2 3 ,2 3 ,2 3 
avgk,88,1798,2,8,Painter,1.0,Male,8,2 8 ,2 8 ,2 8 
avgk,88,1401,1,7,Surgeon,1.0,Male,1,1 7 ,1 7 ,1 7 
avgk,88,840,4,4,Psychologist,0.0,Female,4,4 ,4 ,4 
avgk,88,1914,9,9,Model,0.0,Female,9,9 ,9 ,9 
avgk,88,849,0,4,Psychologist,0.0,Female,4,4 0 ,4 0 ,4 
avgk,88,638,5,3,Journalist,0.0,Female,4,4 5 ,4 5 0 ,4 5 
avgk,88,1174,0,5,Teacher,0.0,Female,3,3 5 ,3 5 0 ,3 5 0 
avgk,88,1417,1,7,Surgeon,1.0,Male,1,1 ,1 ,1 
avgk,88,85,8,0,Professor,1.0,Male,2,2 8 ,2 8 0 ,2 8 
avgk,88,1204,1,6,Dentist,1.0,Male,6,6 ,6 ,1 6 
avgk,88,591,2,2,Photographer,1.0,Male,2,2 8 ,2 4 8 0 ,2 8 0 
avgk,88,1135,5,5,Teacher,0.0,Female,5,5 9 ,5 ,5 
avgk,88,1560,7,7,Surgeon,0.0,Female,6,1 6 7 ,1 6 7 0 ,1 6 7 0 
avgk,88,799,3,3,Journalist,0.0,Female,3,3 ,3 ,3 
avgk,88,1995,9,9,Model,0.0,Female,9,9 ,9 ,9 
avgk,88,414,2,2,Photographer,1.0,Male,2,2 ,2 ,2 
avgk,88,686,3,3,Journalist,0.0,Female,3,3 ,3 ,3 
avgk,88,1216,6,6,Dentist,1.0,Male,6,6 ,6 ,1 6 
avgk,88,1639,2,8,Painter,1.0,Male,2,2 8 ,2 8 ,2 8 
avgk,88,1965,3,9,Model,1.0,Male,3,3 6 ,2 3 6 ,2 3 6 
avgk,88,1444,7,7,Surgeon,0.0,Female,7,1 7 ,1 7 ,1 7 
avgk,88,1956,9,9,Model,0.0,Female,2,2 ,2 ,2 
avgk,88,1845,9,9,Model,0.0,Female,9,9 ,3 9 ,9 
avgk,88,1755,8,8,Painter,0.0,Female,8,8 ,8 ,8 
avgk,88,495,8,2,Photographer,0.0,Female,2,2 ,2 ,2 
avgk,88,313,1,1,Physician,0.0,Female,1,1 ,1 ,1 
avgk,88,878,4,4,Psychologist,1.0,Male,0,4 0 ,4 6 0 ,4 6 0 
avgk,88,61,0,0,Professor,0.0,Female,0,0 ,0 ,0 
avgk,88,1185,0,5,Teacher,1.0,Male,5,5 7 ,5 7 ,5 7 
avgk,88,237,7,1,Physician,0.0,Female,1,1 ,1 ,1 
avgk,88,135,3,0,Professor,1.0,Male,0,0 ,0 ,0 
avgk,88,1399,6,6,Dentist,1.0,Male,6,6 ,6 ,6 7 
avgk,88,1477,7,7,Surgeon,1.0,Male,7,7 ,7 ,6 7 
avgk,88,21,0,0,Professor,0.0,Female,0,0 ,0 ,0 
avgk,88,1273,6,6,Dentist,0.0,Female,6,6 ,6 ,6 
avgk,88,1249,6,6,Dentist,0.0,Female,6,6 ,6 7 ,6 
avgk,88,991,3,4,Psychologist,1.0,Male,5,3 5 ,2 3 4 5 ,2 3 4 5 
avgk,88,343,1,1,Physician,0.0,Female,1,1 6 ,1 6 ,1 6 
avgk,88,1008,5,5,Teacher,0.0,Female,5,3 5 ,3 5 8 ,3 5 8 
avgk,88,310,1,1,Physician,1.0,Male,1,1 7 ,1 6 7 ,1 7 
avgk,88,1673,8,8,Painter,1.0,Male,8,8 ,8 ,8 
avgk,88,688,3,3,Journalist,1.0,Male,3,3 ,3 ,3 0 
avgk,88,873,4,4,Psychologist,1.0,Male,4,4 6 ,4 6 ,4 6 
avgk,88,293,0,1,Physician,1.0,Male,1,1 0 ,1 7 0 ,1 7 0 
avgk,89,1799,8,8,Painter,0.0,Female,8,2 8 ,8 ,8 
avgk,89,1249,6,6,Dentist,0.0,Female,6,6 ,6 7 ,6 
avgk,89,1995,9,9,Model,0.0,Female,9,9 ,9 ,9 
avgk,89,343,1,1,Physician,0.0,Female,1,1 6 ,1 6 ,1 6 
avgk,89,848,4,4,Psychologist,0.0,Female,4,4 ,4 ,4 
avgk,89,1401,1,7,Surgeon,1.0,Male,1,1 7 ,1 7 ,1 7 
avgk,89,1965,2,9,Model,1.0,Male,3,3 6 ,2 3 6 ,2 3 6 
avgk,89,109,4,0,Professor,1.0,Male,4,4 7 ,4 7 ,1 4 7 
avgk,89,1417,1,7,Surgeon,1.0,Male,1,1 ,1 ,1 
avgk,89,1444,1,7,Surgeon,0.0,Female,7,1 7 ,1 7 ,1 7 
avgk,89,1273,6,6,Dentist,0.0,Female,6,6 ,6 ,6 
avgk,89,1639,2,8,Painter,1.0,Male,2,2 8 ,2 8 ,2 8 
avgk,89,1914,9,9,Model,0.0,Female,9,9 ,9 ,9 
avgk,89,495,2,2,Photographer,0.0,Female,2,2 ,2 ,2 
avgk,89,1583,1,7,Surgeon,1.0,Male,3,3 7 ,3 7 ,3 7 
avgk,89,686,3,3,Journalist,0.0,Female,3,3 ,3 ,3 
avgk,89,229,1,1,Physician,0.0,Female,1,1 ,1 ,1 
avgk,89,878,0,4,Psychologist,1.0,Male,0,4 0 ,4 6 0 ,4 6 0 
avgk,89,1604,8,8,Painter,0.0,Female,8,8 ,8 ,8 
avgk,89,413,8,2,Photographer,1.0,Male,8,8 ,8 ,2 8 
avgk,89,689,3,3,Journalist,1.0,Male,3,3 ,3 ,3 5 
avgk,89,638,4,3,Journalist,0.0,Female,4,4 5 ,4 5 0 ,4 5 
avgk,89,982,4,4,Psychologist,0.0,Female,4,4 ,4 ,4 
avgk,89,873,4,4,Psychologist,1.0,Male,4,4 6 ,4 6 ,4 6 
avgk,89,1016,4,5,Teacher,1.0,Male,5,5 0 ,4 5 0 ,4 5 0 
avgk,89,799,3,3,Journalist,0.0,Female,3,3 ,3 ,3 
avgk,89,310,1,1,Physician,1.0,Male,1,1 7 ,1 6 7 ,1 7 
avgk,89,991,4,4,Psychologist,1.0,Male,5,3 5 ,2 3 4 5 ,2 3 4 5 
avgk,89,550,2,2,Photographer,1.0,Male,2,2 3 ,2 3 ,2 3 
avgk,89,719,3,3,Journalist,1.0,Male,5,5 9 ,5 9 ,5 9 
avgk,89,1673,8,8,Painter,1.0,Male,8,8 ,8 ,8 
avgk,89,1296,7,6,Dentist,1.0,Male,7,7 ,5 7 ,5 7 
avgk,89,1009,3,5,Teacher,1.0,Male,3,2 3 ,2 3 ,2 3 4 
avgk,89,1956,9,9,Model,0.0,Female,2,2 ,2 ,2 
avgk,89,134,3,0,Professor,1.0,Male,0,0 ,0 ,3 0 
avgk,89,449,2,2,Photographer,1.0,Male,2,2 ,2 ,2 
avgk,89,17,0,0,Professor,1.0,Male,3,3 0 ,3 5 0 ,3 5 0 
avgk,89,21,0,0,Professor,0.0,Female,0,0 ,0 ,0 
avgk,89,1216,6,6,Dentist,1.0,Male,6,6 ,6 ,1 6 
avgk,89,1609,8,8,Painter,0.0,Female,8,8 ,8 0 ,8 
avgk,89,1185,5,5,Teacher,1.0,Male,5,5 7 ,5 7 ,5 7 
avgk,89,1399,6,6,Dentist,1.0,Male,6,6 ,6 ,6 7 
avgk,89,60,0,0,Professor,1.0,Male,0,0 ,0 ,0 
avgk,89,1135,5,5,Teacher,0.0,Female,5,5 9 ,5 ,5 
avgk,89,237,1,1,Physician,0.0,Female,1,1 ,1 ,1 
avgk,89,1560,7,7,Surgeon,0.0,Female,6,1 6 7 ,1 6 7 0 ,1 6 7 0 
avgk,89,1190,0,5,Teacher,1.0,Male,0,0 ,5 0 ,5 0 
avgk,89,1976,9,9,Model,0.0,Female,3,3 5 9 ,2 3 5 9 ,3 5 9 
avgk,89,509,2,2,Photographer,1.0,Male,2,2 ,2 ,2 
avgk,89,293,1,1,Physician,1.0,Male,1,1 0 ,1 7 0 ,1 7 0 
avgk,90,1269,6,6,Dentist,1.0,Male,6,6 ,6 ,6 7 
avgk,90,1586,7,7,Surgeon,1.0,Male,7,7 ,7 ,7 
avgk,90,1604,8,8,Painter,0.0,Female,8,8 ,8 ,8 
avgk,90,1956,9,9,Model,0.0,Female,2,2 ,2 ,2 
avgk,90,310,7,1,Physician,1.0,Male,1,1 7 ,1 6 7 ,1 7 
avgk,90,294,1,1,Physician,0.0,Female,1,1 ,1 ,1 
avgk,90,1476,7,7,Surgeon,1.0,Male,7,7 ,7 ,6 7 
avgk,90,414,2,2,Photographer,1.0,Male,2,2 ,2 ,2 
avgk,90,1673,8,8,Painter,1.0,Male,8,8 ,8 ,8 
avgk,90,1174,3,5,Teacher,0.0,Female,3,3 5 ,3 5 0 ,3 5 0 
avgk,90,1216,6,6,Dentist,1.0,Male,6,6 ,6 ,1 6 
avgk,90,991,4,4,Psychologist,1.0,Male,5,3 5 ,2 3 4 5 ,2 3 4 5 
avgk,90,1798,2,8,Painter,1.0,Male,8,2 8 ,2 8 ,2 8 
avgk,90,638,4,3,Journalist,0.0,Female,4,4 5 ,4 5 0 ,4 5 
avgk,90,448,0,2,Photographer,1.0,Male,3,3 5 ,3 5 ,3 5 
avgk,90,1560,7,7,Surgeon,0.0,Female,6,1 6 7 ,1 6 7 0 ,1 6 7 0 
avgk,90,689,3,3,Journalist,1.0,Male,3,3 ,3 ,3 5 
avgk,90,1249,6,6,Dentist,0.0,Female,6,6 ,6 7 ,6 
avgk,90,343,1,1,Physician,0.0,Female,1,1 6 ,1 6 ,1 6 
avgk,90,1693,3,8,Painter,1.0,Male,8,2 3 5 8 ,2 3 5 8 ,2 3 5 8 
avgk,90,135,0,0,Professor,1.0,Male,0,0 ,0 ,0 
avgk,90,313,1,1,Physician,0.0,Female,1,1 ,1 ,1 
avgk,90,1930,9,9,Model,0.0,Female,9,9 ,9 ,9 
avgk,90,848,4,4,Psychologist,0.0,Female,4,4 ,4 ,4 
avgk,90,85,8,0,Professor,1.0,Male,2,2 8 ,2 8 0 ,2 8 
avgk,90,1995,9,9,Model,0.0,Female,9,9 ,9 ,9 
avgk,90,1185,5,5,Teacher,1.0,Male,5,5 7 ,5 7 ,5 7 
avgk,90,840,4,4,Psychologist,0.0,Female,4,4 ,4 ,4 
avgk,90,1204,6,6,Dentist,1.0,Male,6,6 ,6 ,1 6 
avgk,90,1417,1,7,Surgeon,1.0,Male,1,1 ,1 ,1 
avgk,90,591,2,2,Photographer,1.0,Male,2,2 8 ,2 4 8 0 ,2 8 0 
avgk,90,1135,5,5,Teacher,0.0,Female,5,5 9 ,5 ,5 
avgk,90,1915,9,9,Model,0.0,Female,9,9 ,9 ,9 
avgk,90,383,1,1,Physician,1.0,Male,1,1 6 ,1 6 ,1 
avgk,90,1845,9,9,Model,0.0,Female,9,9 ,3 9 ,9 
avgk,90,61,0,0,Professor,0.0,Female,0,0 ,0 ,0 
avgk,90,1755,8,8,Painter,0.0,Female,8,8 ,8 ,8 
avgk,90,409,2,2,Photographer,1.0,Male,2,2 ,2 ,2 3 
avgk,90,633,3,3,Journalist,0.0,Female,3,3 ,3 ,3 
avgk,90,1444,7,7,Surgeon,0.0,Female,7,1 7 ,1 7 ,1 7 
avgk,90,550,2,2,Photographer,1.0,Male,2,2 3 ,2 3 ,2 3 
avgk,90,1016,8,5,Teacher,1.0,Male,5,5 0 ,4 5 0 ,4 5 0 
avgk,90,799,3,3,Journalist,0.0,Female,3,3 ,3 ,3 
avgk,90,1273,6,6,Dentist,0.0,Female,6,6 ,6 ,6 
avgk,90,616,3,3,Journalist,0.0,Female,3,3 ,3 ,3 
avgk,90,865,4,4,Psychologist,0.0,Female,5,3 5 ,3 4 5 ,3 4 5 
avgk,90,153,3,0,Professor,1.0,Male,0,3 0 ,3 5 0 ,3 5 0 
avgk,90,1140,0,5,Teacher,1.0,Male,0,0 ,0 ,0 
avgk,90,873,4,4,Psychologist,1.0,Male,4,4 6 ,4 6 ,4 6 
avgk,90,110,1,0,Professor,0.0,Female,1,1 0 ,1 ,1 0 
avgk,91,641,3,3,Journalist,0.0,Female,3,3 ,3 ,3 
avgk,91,991,4,4,Psychologist,1.0,Male,5,3 5 ,2 3 4 5 ,2 3 4 5 
avgk,91,1216,6,6,Dentist,1.0,Male,6,6 ,6 ,1 6 
avgk,91,153,0,0,Professor,1.0,Male,0,3 0 ,3 5 0 ,3 5 0 
avgk,91,1185,7,5,Teacher,1.0,Male,5,5 7 ,5 7 ,5 7 
avgk,91,289,1,1,Physician,0.0,Female,1,1 ,1 ,1 
avgk,91,135,0,0,Professor,1.0,Male,0,0 ,0 ,0 
avgk,91,633,3,3,Journalist,0.0,Female,3,3 ,3 ,3 
avgk,91,1929,9,9,Model,0.0,Female,9,3 9 ,2 3 9 ,3 9 
avgk,91,1016,0,5,Teacher,1.0,Male,5,5 0 ,4 5 0 ,4 5 0 
avgk,91,110,1,0,Professor,0.0,Female,1,1 0 ,1 ,1 0 
avgk,91,873,6,4,Psychologist,1.0,Male,4,4 6 ,4 6 ,4 6 
avgk,91,1845,9,9,Model,0.0,Female,9,9 ,3 9 ,9 
avgk,91,294,1,1,Physician,0.0,Female,1,1 ,1 ,1 
avgk,91,86,5,0,Professor,0.0,Female,0,5 0 ,5 0 ,5 0 
avgk,91,1693,5,8,Painter,1.0,Male,8,2 3 5 8 ,2 3 5 8 ,2 3 5 8 
avgk,91,1956,2,9,Model,0.0,Female,2,2 ,2 ,2 
avgk,91,1604,8,8,Painter,0.0,Female,8,8 ,8 ,8 
avgk,91,312,1,1,Physician,1.0,Male,1,1 6 ,1 ,1 6 
avgk,91,688,3,3,Journalist,1.0,Male,3,3 ,3 ,3 0 
avgk,91,1851,9,9,Model,1.0,Male,9,3 6 9 ,2 3 6 9 ,2 3 6 9 
avgk,91,79,1,0,Professor,0.0,Female,1,1 0 ,1 4 0 ,1 0 
avgk,91,1798,2,8,Painter,1.0,Male,8,2 8 ,2 8 ,2 8 
avgk,91,1204,6,6,Dentist,1.0,Male,6,6 ,6 ,1 6 
avgk,91,1730,8,8,Painter,1.0,Male,8,8 ,8 ,8 
avgk,91,409,2,2,Photographer,1.0,Male,2,2 ,2 ,2 3 
avgk,91,310,7,1,Physician,1.0,Male,1,1 7 ,1 6 7 ,1 7 
avgk,91,1053,5,5,Teacher,0.0,Female,5,2 3 5 9 ,2 5 9 ,2 5 9 
avgk,91,1586,7,7,Surgeon,1.0,Male,7,7 ,7 ,7 
avgk,91,1756,8,8,Painter,0.0,Female,8,2 8 ,2 8 9 ,2 8 9 
avgk,91,616,3,3,Journalist,0.0,Female,3,3 ,3 ,3 
avgk,91,799,3,3,Journalist,0.0,Female,3,3 ,3 ,3 
avgk,91,1174,0,5,Teacher,0.0,Female,3,3 5 ,3 5 0 ,3 5 0 
avgk,91,804,4,4,Psychologist,0.0,Female,4,4 ,4 ,4 
avgk,91,840,4,4,Psychologist,0.0,Female,4,4 ,4 ,4 
avgk,91,1476,7,7,Surgeon,1.0,Male,7,7 ,7 ,6 7 
avgk,91,1290,6,6,Dentist,1.0,Male,6,6 ,6 ,6 
avgk,91,1140,0,5,Teacher,1.0,Male,0,0 ,0 ,0 
avgk,91,1249,6,6,Dentist,0.0,Female,6,6 ,6 7 ,6 
avgk,91,1417,1,7,Surgeon,1.0,Male,1,1 ,1 ,1 
avgk,91,1915,9,9,Model,0.0,Female,9,9 ,9 ,9 
avgk,91,865,4,4,Psychologist,0.0,Female,5,3 5 ,3 4 5 ,3 4 5 
avgk,91,568,2,2,Photographer,1.0,Male,2,2 ,2 ,2 
avgk,91,1268,6,6,Dentist,1.0,Male,6,6 ,6 ,6 7 
avgk,91,1444,7,7,Surgeon,0.0,Female,7,1 7 ,1 7 ,1 7 
avgk,91,1540,6,7,Surgeon,0.0,Female,6,6 7 ,6 7 ,6 
avgk,91,383,1,1,Physician,1.0,Male,1,1 6 ,1 6 ,1 
avgk,91,449,2,2,Photographer,1.0,Male,2,2 ,2 ,2 
avgk,91,591,8,2,Photographer,1.0,Male,2,2 8 ,2 4 8 0 ,2 8 0 
avgk,91,414,2,2,Photographer,1.0,Male,2,2 ,2 ,2 
avgk,92,95,0,0,Professor,0.0,Female,0,0 ,0 ,0 
avgk,92,267,1,1,Physician,0.0,Female,1,1 6 ,1 6 ,1 
avgk,92,262,1,1,Physician,0.0,Female,1,1 ,1 6 ,1 6 
avgk,92,1487,0,7,Surgeon,0.0,Female,0,0 ,4 0 ,4 0 
avgk,92,432,2,2,Photographer,1.0,Male,2,2 ,2 9 ,2 9 
avgk,92,1405,7,7,Surgeon,1.0,Male,7,7 ,7 ,1 7 
avgk,92,1326,6,6,Dentist,0.0,Female,6,6 ,6 ,6 
avgk,92,138,0,0,Professor,1.0,Male,3,3 0 ,3 5 0 ,3 4 5 0 
avgk,92,1646,8,8,Painter,0.0,Female,2,2 ,2 5 8 ,2 8 
avgk,92,1734,8,8,Painter,1.0,Male,8,8 ,8 ,8 
avgk,92,10,0,0,Professor,0.0,Female,0,0 ,0 ,0 
avgk,92,1888,3,9,Model,0.0,Female,3,3 9 ,1 3 4 7 9 ,3 7 9 
avgk,92,1147,5,5,Teacher,0.0,Female,5,5 ,5 ,5 
avgk,92,1777,8,8,Painter,0.0,Female,8,8 ,8 ,8 
avgk,92,1759,8,8,Painter,0.0,Female,8,8 ,8 ,8 
avgk,92,403,4,2,Photographer,1.0,Male,2,2 5 ,2 3 5 9 ,2 3 5 9 
avgk,92,664,1,3,Journalist,1.0,Male,3,2 3 0 ,1 2 3 0 ,1 2 3 0 
avgk,92,832,4,4,Psychologist,1.0,Male,4,4 ,4 ,4 
avgk,92,1225,6,6,Dentist,1.0,Male,6,6 7 ,6 7 ,6 7 
avgk,92,330,1,1,Physician,0.0,Female,1,1 6 ,1 6 ,1 
avgk,92,498,2,2,Photographer,1.0,Male,2,2 ,2 ,2 
avgk,92,43,0,0,Professor,0.0,Female,0,0 ,0 ,4 0 
avgk,92,11,0,0,Professor,1.0,Male,0,1 0 ,1 0 ,1 0 
avgk,92,266,1,1,Physician,0.0,Female,1,1 6 ,1 ,1 
avgk,92,669,3,3,Journalist,1.0,Male,3,2 3 ,2 3 ,2 3 
avgk,92,951,4,4,Psychologist,1.0,Male,4,4 ,4 ,4 
avgk,92,643,3,3,Journalist,1.0,Male,3,3 ,3 ,3 
avgk,92,1038,5,5,Teacher,0.0,Female,5,5 ,5 ,5 
avgk,92,631,3,3,Journalist,1.0,Male,3,3 ,3 ,2 3 
avgk,92,1833,9,9,Model,0.0,Female,2,2 3 5 9 ,2 3 5 9 ,2 3 9 
avgk,92,837,4,4,Psychologist,0.0,Female,4,4 ,4 ,4 
avgk,92,255,1,1,Physician,0.0,Female,1,1 6 ,1 6 ,1 
avgk,92,1104,5,5,Teacher,0.0,Female,5,5 ,5 ,5 
avgk,92,1557,7,7,Surgeon,1.0,Male,7,7 ,7 ,1 7 
avgk,92,542,2,2,Photographer,0.0,Female,2,2 ,2 ,2 
avgk,92,1157,0,5,Teacher,0.0,Female,5,1 5 0 ,5 0 ,5 0 
avgk,92,1810,9,9,Model,0.0,Female,9,9 ,9 ,9 
avgk,92,1229,6,6,Dentist,0.0,Female,6,6 7 ,6 7 ,6 7 
avgk,92,971,0,4,Psychologist,0.0,Female,0,0 ,0 ,0 
avgk,92,867,4,4,Psychologist,0.0,Female,4,4 ,4 ,4 
avgk,92,1590,7,7,Surgeon,1.0,Male,7,7 ,7 ,6 7 
avgk,92,1501,1,7,Surgeon,1.0,Male,7,1 6 7 ,1 6 7 ,1 6 7 
avgk,92,1153,3,5,Teacher,1.0,Male,2,2 3 ,2 3 5 ,2 3 5 
avgk,92,402,2,2,Photographer,1.0,Male,2,2 ,2 ,2 
avgk,92,1372,6,6,Dentist,0.0,Female,6,6 ,6 ,6 
avgk,92,1658,8,8,Painter,1.0,Male,8,2 8 ,2 5 8 ,2 5 8 
avgk,92,706,3,3,Journalist,1.0,Male,3,3 ,3 ,3 
avgk,92,1293,6,6,Dentist,1.0,Male,6,6 ,6 ,6 
avgk,92,1949,9,9,Model,0.0,Female,9,3 9 ,3 9 ,3 9 
avgk,92,1918,9,9,Model,1.0,Male,9,5 9 ,2 5 9 ,2 5 9 0 
avgk,93,1110,5,5,Teacher,0.0,Female,5,3 5 ,3 5 ,5 
avgk,93,437,2,2,Photographer,0.0,Female,2,2 ,2 ,2 
avgk,93,1401,1,7,Surgeon,1.0,Male,1,1 7 ,1 7 ,1 7 
avgk,93,1190,5,5,Teacher,1.0,Male,0,0 ,5 0 ,5 0 
avgk,93,686,3,3,Journalist,0.0,Female,3,3 ,3 ,3 
avgk,93,669,1,3,Journalist,1.0,Male,3,2 3 ,2 3 ,2 3 
avgk,93,895,4,4,Psychologist,0.0,Female,4,4 0 ,3 4 0 ,4 0 
avgk,93,59,2,0,Professor,0.0,Female,0,0 ,0 ,0 
avgk,93,494,2,2,Photographer,0.0,Female,2,2 9 ,2 9 ,2 9 
avgk,93,225,1,1,Physician,0.0,Female,1,1 ,1 ,1 
avgk,93,973,4,4,Psychologist,0.0,Female,4,4 ,4 6 ,4 
avgk,93,16,1,0,Professor,1.0,Male,5,5 ,5 ,5 
avgk,93,433,2,2,Photographer,0.0,Female,2,2 ,2 ,2 
avgk,93,765,1,3,Journalist,0.0,Female,3,3 ,3 ,3 
avgk,93,1406,6,7,Surgeon,1.0,Male,7,1 6 7 ,1 6 7 0 ,1 6 7 0 
avgk,93,1294,6,6,Dentist,0.0,Female,6,6 ,6 ,6 
avgk,93,1399,6,6,Dentist,1.0,Male,6,6 ,6 ,6 7 
avgk,93,1995,9,9,Model,0.0,Female,9,9 ,9 ,9 
avgk,93,1673,2,8,Painter,1.0,Male,8,8 ,8 ,8 
avgk,93,304,7,1,Physician,1.0,Male,1,1 6 7 ,1 7 ,1 
avgk,93,1888,7,9,Model,0.0,Female,3,3 9 ,1 3 4 7 9 ,3 7 9 
avgk,93,719,5,3,Journalist,1.0,Male,5,5 9 ,5 9 ,5 9 
avgk,93,11,1,0,Professor,1.0,Male,0,1 0 ,1 0 ,1 0 
avgk,93,1639,2,8,Painter,1.0,Male,2,2 8 ,2 8 ,2 8 
avgk,93,637,3,3,Journalist,0.0,Female,3,2 3 ,2 3 5 ,2 3 
avgk,93,235,1,1,Physician,0.0,Female,1,1 ,1 ,1 
avgk,93,982,1,4,Psychologist,0.0,Female,4,4 ,4 ,4 
avgk,93,1560,7,7,Surgeon,0.0,Female,6,1 6 7 ,1 6 7 0 ,1 6 7 0 
avgk,93,549,2,2,Photographer,1.0,Male,2,2 ,2 ,2 
avgk,93,1609,2,8,Painter,0.0,Female,8,8 ,8 0 ,8 
avgk,93,1583,7,7,Surgeon,1.0,Male,3,3 7 ,3 7 ,3 7 
avgk,93,21,0,0,Professor,0.0,Female,0,0 ,0 ,0 
avgk,93,1273,6,6,Dentist,0.0,Female,6,6 ,6 ,6 
avgk,93,229,1,1,Physician,0.0,Female,1,1 ,1 ,1 
avgk,93,849,0,4,Psychologist,0.0,Female,4,4 0 ,4 0 ,4 
avgk,93,1009,3,5,Teacher,1.0,Male,3,2 3 ,2 3 ,2 3 4 
avgk,93,1505,3,7,Surgeon,1.0,Male,3,3 5 ,3 5 ,3 5 
avgk,93,103,0,0,Professor,1.0,Male,0,0 ,0 ,4 0 
avgk,93,1039,0,5,Teacher,1.0,Male,3,2 3 9 ,2 3 5 9 ,2 3 9 
avgk,93,1278,6,6,Dentist,1.0,Male,6,6 7 ,6 7 ,6 7 
avgk,93,1965,3,9,Model,1.0,Male,3,3 6 ,2 3 6 ,2 3 6 
avgk,93,1657,5,8,Painter,1.0,Male,5,5 8 9 ,5 8 9 ,5 8 9 
avgk,93,508,3,2,Photographer,1.0,Male,2,2 ,2 ,2 
avgk,93,342,0,1,Physician,1.0,Male,0,1 0 ,0 ,1 0 
avgk,93,1941,3,9,Model,0.0,Female,9,9 ,9 ,9 
avgk,93,1296,5,6,Dentist,1.0,Male,7,7 ,5 7 ,5 7 
avgk,93,877,3,4,Psychologist,0.0,Female,3,3 4 5 ,3 4 5 ,3 4 5 
avgk,93,1768,8,8,Painter,0.0,Female,5,2 3 5 ,2 3 5 8 ,2 3 5 
avgk,93,1135,5,5,Teacher,0.0,Female,5,5 9 ,5 ,5 
avgk,93,1976,3,9,Model,0.0,Female,3,3 5 9 ,2 3 5 9 ,3 5 9 
avgk,94,1658,8,8,Painter,1.0,Male,8,2 8 ,2 5 8 ,2 5 8 
avgk,94,1229,6,6,Dentist,0.0,Female,6,6 7 ,6 7 ,6 7 
avgk,94,403,3,2,Photographer,1.0,Male,2,2 5 ,2 3 5 9 ,2 3 5 9 
avgk,94,951,0,4,Psychologist,1.0,Male,4,4 ,4 ,4 
avgk,94,1405,7,7,Surgeon,1.0,Male,7,7 ,7 ,1 7 
avgk,94,1918,9,9,Model,1.0,Male,9,5 9 ,2 5 9 ,2 5 9 0 
avgk,94,706,3,3,Journalist,1.0,Male,3,3 ,3 ,3 
avgk,94,1557,1,7,Surgeon,1.0,Male,7,7 ,7 ,1 7 
avgk,94,1734,8,8,Painter,1.0,Male,8,8 ,8 ,8 
avgk,94,1888,3,9,Model,0.0,Female,3,3 9 ,1 3 4 7 9 ,3 7 9 
avgk,94,669,2,3,Journalist,1.0,Male,3,2 3 ,2 3 ,2 3 
avgk,94,43,4,0,Professor,0.0,Female,0,0 ,0 ,4 0 
avgk,94,631,2,3,Journalist,1.0,Male,3,3 ,3 ,2 3 
avgk,94,255,7,1,Physician,0.0,Female,1,1 6 ,1 6 ,1 
avgk,94,1833,9,9,Model,0.0,Female,2,2 3 5 9 ,2 3 5 9 ,2 3 9 
avgk,94,1104,4,5,Teacher,0.0,Female,5,5 ,5 ,5 
avgk,94,266,1,1,Physician,0.0,Female,1,1 6 ,1 ,1 
avgk,94,837,4,4,Psychologist,0.0,Female,4,4 ,4 ,4 
avgk,94,1501,1,7,Surgeon,1.0,Male,7,1 6 7 ,1 6 7 ,1 6 7 
avgk,94,95,0,0,Professor,0.0,Female,0,0 ,0 ,0 
avgk,94,1153,2,5,Teacher,1.0,Male,2,2 3 ,2 3 5 ,2 3 5 
avgk,94,542,8,2,Photographer,0.0,Female,2,2 ,2 ,2 
avgk,94,1646,8,8,Painter,0.0,Female,2,2 ,2 5 8 ,2 8 
avgk,94,1326,6,6,Dentist,0.0,Female,6,6 ,6 ,6 
avgk,94,1810,9,9,Model,0.0,Female,9,9 ,9 ,9 
avgk,94,1157,5,5,Teacher,0.0,Female,5,1 5 0 ,5 0 ,5 0 
avgk,94,402,2,2,Photographer,1.0,Male,2,2 ,2 ,2 
avgk,94,1038,5,5,Teacher,0.0,Female,5,5 ,5 ,5 
avgk,94,971,0,4,Psychologist,0.0,Female,0,0 ,0 ,0 
avgk,94,1487,4,7,Surgeon,0.0,Female,0,0 ,4 0 ,4 0 
avgk,94,1293,6,6,Dentist,1.0,Male,6,6 ,6 ,6 
avgk,94,1225,6,6,Dentist,1.0,Male,6,6 7 ,6 7 ,6 7 
avgk,94,11,1,0,Professor,1.0,Male,0,1 0 ,1 0 ,1 0 
avgk,94,1949,3,9,Model,0.0,Female,9,3 9 ,3 9 ,3 9 
avgk,94,664,0,3,Journalist,1.0,Male,3,2 3 0 ,1 2 3 0 ,1 2 3 0 
avgk,94,10,0,0,Professor,0.0,Female,0,0 ,0 ,0 
avgk,94,1590,3,7,Surgeon,1.0,Male,7,7 ,7 ,6 7 
avgk,94,1147,5,5,Teacher,0.0,Female,5,5 ,5 ,5 
avgk,94,1777,8,8,Painter,0.0,Female,8,8 ,8 ,8 
avgk,94,138,3,0,Professor,1.0,Male,3,3 0 ,3 5 0 ,3 4 5 0 
avgk,94,498,2,2,Photographer,1.0,Male,2,2 ,2 ,2 
avgk,94,867,4,4,Psychologist,0.0,Female,4,4 ,4 ,4 
avgk,94,262,1,1,Physician,0.0,Female,1,1 ,1 6 ,1 6 
avgk,94,432,2,2,Photographer,1.0,Male,2,2 ,2 9 ,2 9 
avgk,94,330,1,1,Physician,0.0,Female,1,1 6 ,1 6 ,1 
avgk,94,832,4,4,Psychologist,1.0,Male,4,4 ,4 ,4 
avgk,94,1759,8,8,Painter,0.0,Female,8,8 ,8 ,8 
avgk,94,643,3,3,Journalist,1.0,Male,3,3 ,3 ,3 
avgk,94,1372,6,6,Dentist,0.0,Female,6,6 ,6 ,6 
avgk,94,267,7,1,Physician,0.0,Female,1,1 6 ,1 6 ,1 
avgk,95,432,2,2,Photographer,1.0,Male,2,2 ,2 9 ,2 9 
avgk,95,498,2,2,Photographer,1.0,Male,2,2 ,2 ,2 
avgk,95,1373,6,6,Dentist,0.0,Female,6,6 ,6 ,6 
avgk,95,631,3,3,Journalist,1.0,Male,3,3 ,3 ,2 3 
avgk,95,664,3,3,Journalist,1.0,Male,3,2 3 0 ,1 2 3 0 ,1 2 3 0 
avgk,95,267,1,1,Physician,0.0,Female,1,1 6 ,1 6 ,1 
avgk,95,1277,6,6,Dentist,1.0,Male,6,6 ,6 ,6 7 
avgk,95,1109,5,5,Teacher,0.0,Female,5,5 ,5 ,5 
avgk,95,1941,9,9,Model,0.0,Female,9,9 ,9 ,9 
avgk,95,543,2,2,Photographer,0.0,Female,2,2 9 ,2 3 4 9 ,2 4 9 
avgk,95,1487,4,7,Surgeon,0.0,Female,0,0 ,4 0 ,4 0 
avgk,95,1501,7,7,Surgeon,1.0,Male,7,1 6 7 ,1 6 7 ,1 6 7 
avgk,95,1777,1,8,Painter,0.0,Female,8,8 ,8 ,8 
avgk,95,1148,2,5,Teacher,1.0,Male,2,2 8 ,2 8 ,2 8 
avgk,95,403,3,2,Photographer,1.0,Male,2,2 5 ,2 3 5 9 ,2 3 5 9 
avgk,95,1590,7,7,Surgeon,1.0,Male,7,7 ,7 ,6 7 
avgk,95,1809,9,9,Model,0.0,Female,9,9 ,9 ,9 
avgk,95,1888,7,9,Model,0.0,Female,3,3 9 ,1 3 4 7 9 ,3 7 9 
avgk,95,976,4,4,Psychologist,0.0,Female,4,1 4 ,4 ,4 
avgk,95,1405,7,7,Surgeon,1.0,Male,7,7 ,7 ,1 7 
avgk,95,1759,8,8,Painter,0.0,Female,8,8 ,8 ,8 
avgk,95,224,1,1,Physician,0.0,Female,1,1 6 ,1 6 ,1 6 
avgk,95,1658,8,8,Painter,1.0,Male,8,2 8 ,2 5 8 ,2 5 8 
avgk,95,1153,2,5,Teacher,1.0,Male,2,2 3 ,2 3 5 ,2 3 5 
avgk,95,138,3,0,Professor,1.0,Male,3,3 0 ,3 5 0 ,3 4 5 0 
avgk,95,11,1,0,Professor,1.0,Male,0,1 0 ,1 0 ,1 0 
avgk,95,669,3,3,Journalist,1.0,Male,3,2 3 ,2 3 ,2 3 
avgk,95,437,2,2,Photographer,0.0,Female,2,2 ,2 ,2 
avgk,95,1327,6,6,Dentist,0.0,Female,6,1 6 7 ,1 6 ,1 6 
avgk,95,254,1,1,Physician,0.0,Female,1,1 ,1 ,1 
avgk,95,103,0,0,Professor,1.0,Male,0,0 ,0 ,4 0 
avgk,95,837,4,4,Psychologist,0.0,Female,4,4 ,4 ,4 
avgk,95,266,1,1,Physician,0.0,Female,1,1 6 ,1 ,1 
avgk,95,1949,3,9,Model,0.0,Female,9,3 9 ,3 9 ,3 9 
avgk,95,894,4,4,Psychologist,1.0,Male,4,4 ,4 ,4 0 
avgk,95,833,4,4,Psychologist,1.0,Male,4,4 ,4 ,4 
avgk,95,10,0,0,Professor,0.0,Female,0,0 ,0 ,0 
avgk,95,971,0,4,Psychologist,0.0,Female,0,0 ,0 ,0 
avgk,95,1157,5,5,Teacher,0.0,Female,5,1 5 0 ,5 0 ,5 0 
avgk,95,643,3,3,Journalist,1.0,Male,3,3 ,3 ,3 
avgk,95,1294,6,6,Dentist,0.0,Female,6,6 ,6 ,6 
avgk,95,1918,9,9,Model,1.0,Male,9,5 9 ,2 5 9 ,2 5 9 0 
avgk,95,1505,3,7,Surgeon,1.0,Male,3,3 5 ,3 5 ,3 5 
avgk,95,763,3,3,Journalist,1.0,Male,3,3 ,3 ,3 
avgk,95,1229,6,6,Dentist,0.0,Female,6,6 7 ,6 7 ,6 7 
avgk,95,1038,5,5,Teacher,0.0,Female,5,5 ,5 ,5 
avgk,95,1792,8,8,Painter,1.0,Male,8,8 ,8 ,8 
avgk,95,1768,3,8,Painter,0.0,Female,5,2 3 5 ,2 3 5 8 ,2 3 5 
avgk,95,94,0,0,Professor,0.0,Female,0,2 5 0 ,2 5 0 ,5 0 
avgk,95,330,1,1,Physician,0.0,Female,1,1 6 ,1 6 ,1 
avgk,96,1249,6,6,Dentist,0.0,Female,6,6 ,6 7 ,6 
avgk,96,343,1,1,Physician,0.0,Female,1,1 6 ,1 6 ,1 6 
avgk,96,1995,9,9,Model,0.0,Female,9,9 ,9 ,9 
avgk,96,719,3,3,Journalist,1.0,Male,5,5 9 ,5 9 ,5 9 
avgk,96,689,3,3,Journalist,1.0,Male,3,3 ,3 ,3 5 
avgk,96,878,4,4,Psychologist,1.0,Male,0,4 0 ,4 6 0 ,4 6 0 
avgk,96,237,7,1,Physician,0.0,Female,1,1 ,1 ,1 
avgk,96,1914,9,9,Model,0.0,Female,9,9 ,9 ,9 
avgk,96,1604,8,8,Painter,0.0,Female,8,8 ,8 ,8 
avgk,96,848,4,4,Psychologist,0.0,Female,4,4 ,4 ,4 
avgk,96,1583,1,7,Surgeon,1.0,Male,3,3 7 ,3 7 ,3 7 
avgk,96,982,4,4,Psychologist,0.0,Female,4,4 ,4 ,4 
avgk,96,1009,2,5,Teacher,1.0,Male,3,2 3 ,2 3 ,2 3 4 
avgk,96,686,3,3,Journalist,0.0,Female,3,3 ,3 ,3 
avgk,96,550,2,2,Photographer,1.0,Male,2,2 3 ,2 3 ,2 3 
avgk,96,1016,0,5,Teacher,1.0,Male,5,5 0 ,4 5 0 ,4 5 0 
avgk,96,1673,8,8,Painter,1.0,Male,8,8 ,8 ,8 
avgk,96,1417,1,7,Surgeon,1.0,Male,1,1 ,1 ,1 
avgk,96,1976,9,9,Model,0.0,Female,3,3 5 9 ,2 3 5 9 ,3 5 9 
avgk,96,1444,7,7,Surgeon,0.0,Female,7,1 7 ,1 7 ,1 7 
avgk,96,1560,7,7,Surgeon,0.0,Female,6,1 6 7 ,1 6 7 0 ,1 6 7 0 
avgk,96,1639,2,8,Painter,1.0,Male,2,2 8 ,2 8 ,2 8 
avgk,96,1296,7,6,Dentist,1.0,Male,7,7 ,5 7 ,5 7 
avgk,96,1956,9,9,Model,0.0,Female,2,2 ,2 ,2 
avgk,96,21,0,0,Professor,0.0,Female,0,0 ,0 ,0 
avgk,96,109,1,0,Professor,1.0,Male,4,4 7 ,4 7 ,1 4 7 
avgk,96,1185,5,5,Teacher,1.0,Male,5,5 7 ,5 7 ,5 7 
avgk,96,1190,5,5,Teacher,1.0,Male,0,0 ,5 0 ,5 0 
avgk,96,991,4,4,Psychologist,1.0,Male,5,3 5 ,2 3 4 5 ,2 3 4 5 
avgk,96,638,4,3,Journalist,0.0,Female,4,4 5 ,4 5 0 ,4 5 
avgk,96,1135,5,5,Teacher,0.0,Female,5,5 9 ,5 ,5 
avgk,96,873,4,4,Psychologist,1.0,Male,4,4 6 ,4 6 ,4 6 
avgk,96,495,2,2,Photographer,0.0,Female,2,2 ,2 ,2 
avgk,96,413,2,2,Photographer,1.0,Male,8,8 ,8 ,2 8 
avgk,96,1799,2,8,Painter,0.0,Female,8,2 8 ,8 ,8 
avgk,96,1273,6,6,Dentist,0.0,Female,6,6 ,6 ,6 
avgk,96,1216,6,6,Dentist,1.0,Male,6,6 ,6 ,1 6 
avgk,96,17,0,0,Professor,1.0,Male,3,3 0 ,3 5 0 ,3 5 0 
avgk,96,1401,1,7,Surgeon,1.0,Male,1,1 7 ,1 7 ,1 7 
avgk,96,799,3,3,Journalist,0.0,Female,3,3 ,3 ,3 
avgk,96,134,0,0,Professor,1.0,Male,0,0 ,0 ,3 0 
avgk,96,60,0,0,Professor,1.0,Male,0,0 ,0 ,0 
avgk,96,509,2,2,Photographer,1.0,Male,2,2 ,2 ,2 
avgk,96,293,1,1,Physician,1.0,Male,1,1 0 ,1 7 0 ,1 7 0 
avgk,96,229,1,1,Physician,0.0,Female,1,1 ,1 ,1 
avgk,96,310,7,1,Physician,1.0,Male,1,1 7 ,1 6 7 ,1 7 
avgk,96,1609,8,8,Painter,0.0,Female,8,8 ,8 0 ,8 
avgk,96,1965,9,9,Model,1.0,Male,3,3 6 ,2 3 6 ,2 3 6 
avgk,96,1399,6,6,Dentist,1.0,Male,6,6 ,6 ,6 7 
avgk,96,449,2,2,Photographer,1.0,Male,2,2 ,2 ,2 
avgk,97,1268,6,6,Dentist,1.0,Male,6,6 ,6 ,6 7 
avgk,97,991,5,4,Psychologist,1.0,Male,5,3 5 ,2 3 4 5 ,2 3 4 5 
avgk,97,1476,7,7,Surgeon,1.0,Male,7,7 ,7 ,6 7 
avgk,97,1845,9,9,Model,0.0,Female,9,9 ,3 9 ,9 
avgk,97,641,3,3,Journalist,0.0,Female,3,3 ,3 ,3 
avgk,97,79,1,0,Professor,0.0,Female,1,1 0 ,1 4 0 ,1 0 
avgk,97,873,4,4,Psychologist,1.0,Male,4,4 6 ,4 6 ,4 6 
avgk,97,449,2,2,Photographer,1.0,Male,2,2 ,2 ,2 
avgk,97,633,3,3,Journalist,0.0,Female,3,3 ,3 ,3 
avgk,97,616,3,3,Journalist,0.0,Female,3,3 ,3 ,3 
avgk,97,1185,5,5,Teacher,1.0,Male,5,5 7 ,5 7 ,5 7 
avgk,97,1604,8,8,Painter,0.0,Female,8,8 ,8 ,8 
avgk,97,312,1,1,Physician,1.0,Male,1,1 6 ,1 ,1 6 
avgk,97,383,1,1,Physician,1.0,Male,1,1 6 ,1 6 ,1 
avgk,97,294,1,1,Physician,0.0,Female,1,1 ,1 ,1 
avgk,97,1540,6,7,Surgeon,0.0,Female,6,6 7 ,6 7 ,6 
avgk,97,1204,6,6,Dentist,1.0,Male,6,6 ,6 ,1 6 
avgk,97,1798,2,8,Painter,1.0,Male,8,2 8 ,2 8 ,2 8 
avgk,97,110,1,0,Professor,0.0,Female,1,1 0 ,1 ,1 0 
avgk,97,1140,0,5,Teacher,1.0,Male,0,0 ,0 ,0 
avgk,97,1956,9,9,Model,0.0,Female,2,2 ,2 ,2 
avgk,97,409,2,2,Photographer,1.0,Male,2,2 ,2 ,2 3 
avgk,97,865,4,4,Psychologist,0.0,Female,5,3 5 ,3 4 5 ,3 4 5 
avgk,97,804,1,4,Psychologist,0.0,Female,4,4 ,4 ,4 
avgk,97,688,3,3,Journalist,1.0,Male,3,3 ,3 ,3 0 
avgk,97,86,5,0,Professor,0.0,Female,0,5 0 ,5 0 ,5 0 
avgk,97,591,2,2,Photographer,1.0,Male,2,2 8 ,2 4 8 0 ,2 8 0 
avgk,97,1174,5,5,Teacher,0.0,Female,3,3 5 ,3 5 0 ,3 5 0 
avgk,97,1016,0,5,Teacher,1.0,Male,5,5 0 ,4 5 0 ,4 5 0 
avgk,97,1053,5,5,Teacher,0.0,Female,5,2 3 5 9 ,2 5 9 ,2 5 9 
avgk,97,1586,7,7,Surgeon,1.0,Male,7,7 ,7 ,7 
avgk,97,289,1,1,Physician,0.0,Female,1,1 ,1 ,1 
avgk,97,1756,8,8,Painter,0.0,Female,8,2 8 ,2 8 9 ,2 8 9 
avgk,97,1693,3,8,Painter,1.0,Male,8,2 3 5 8 ,2 3 5 8 ,2 3 5 8 
avgk,97,1417,1,7,Surgeon,1.0,Male,1,1 ,1 ,1 
avgk,97,1929,9,9,Model,0.0,Female,9,3 9 ,2 3 9 ,3 9 
avgk,97,840,4,4,Psychologist,0.0,Female,4,4 ,4 ,4 
avgk,97,310,7,1,Physician,1.0,Male,1,1 7 ,1 6 7 ,1 7 
avgk,97,1444,7,7,Surgeon,0.0,Female,7,1 7 ,1 7 ,1 7 
avgk,97,1915,9,9,Model,0.0,Female,9,9 ,9 ,9 
avgk,97,135,0,0,Professor,1.0,Male,0,0 ,0 ,0 
avgk,97,799,3,3,Journalist,0.0,Female,3,3 ,3 ,3 
avgk,97,568,2,2,Photographer,1.0,Male,2,2 ,2 ,2 
avgk,97,1249,6,6,Dentist,0.0,Female,6,6 ,6 7 ,6 
avgk,97,153,3,0,Professor,1.0,Male,0,3 0 ,3 5 0 ,3 5 0 
avgk,97,1290,6,6,Dentist,1.0,Male,6,6 ,6 ,6 
avgk,97,1730,8,8,Painter,1.0,Male,8,8 ,8 ,8 
avgk,97,1851,3,9,Model,1.0,Male,9,3 6 9 ,2 3 6 9 ,2 3 6 9 
avgk,97,1216,6,6,Dentist,1.0,Male,6,6 ,6 ,1 6 
avgk,97,414,2,2,Photographer,1.0,Male,2,2 ,2 ,2 
avgk,98,1845,9,9,Model,0.0,Female,9,9 ,3 9 ,9 
avgk,98,1204,6,6,Dentist,1.0,Male,6,6 ,6 ,1 6 
avgk,98,1586,7,7,Surgeon,1.0,Male,7,7 ,7 ,7 
avgk,98,1053,5,5,Teacher,0.0,Female,5,2 3 5 9 ,2 5 9 ,2 5 9 
avgk,98,840,4,4,Psychologist,0.0,Female,4,4 ,4 ,4 
avgk,98,86,0,0,Professor,0.0,Female,0,5 0 ,5 0 ,5 0 
avgk,98,310,7,1,Physician,1.0,Male,1,1 7 ,1 6 7 ,1 7 
avgk,98,1915,9,9,Model,0.0,Female,9,9 ,9 ,9 
avgk,98,568,2,2,Photographer,1.0,Male,2,2 ,2 ,2 
avgk,98,1290,6,6,Dentist,1.0,Male,6,6 ,6 ,6 
avgk,98,110,1,0,Professor,0.0,Female,1,1 0 ,1 ,1 0 
avgk,98,616,3,3,Journalist,0.0,Female,3,3 ,3 ,3 
avgk,98,1604,8,8,Painter,0.0,Female,8,8 ,8 ,8 
avgk,98,383,1,1,Physician,1.0,Male,1,1 6 ,1 6 ,1 
avgk,98,1185,0,5,Teacher,1.0,Male,5,5 7 ,5 7 ,5 7 
avgk,98,873,4,4,Psychologist,1.0,Male,4,4 6 ,4 6 ,4 6 
avgk,98,1851,9,9,Model,1.0,Male,9,3 6 9 ,2 3 6 9 ,2 3 6 9 
avgk,98,1929,9,9,Model,0.0,Female,9,3 9 ,2 3 9 ,3 9 
avgk,98,1016,0,5,Teacher,1.0,Male,5,5 0 ,4 5 0 ,4 5 0 
avgk,98,1216,6,6,Dentist,1.0,Male,6,6 ,6 ,1 6 
avgk,98,1730,8,8,Painter,1.0,Male,8,8 ,8 ,8 
avgk,98,1249,6,6,Dentist,0.0,Female,6,6 ,6 7 ,6 
avgk,98,312,1,1,Physician,1.0,Male,1,1 6 ,1 ,1 6 
avgk,98,449,2,2,Photographer,1.0,Male,2,2 ,2 ,2 
avgk,98,1798,2,8,Painter,1.0,Male,8,2 8 ,2 8 ,2 8 
avgk,98,1444,7,7,Surgeon,0.0,Female,7,1 7 ,1 7 ,1 7 
avgk,98,688,3,3,Journalist,1.0,Male,3,3 ,3 ,3 0 
avgk,98,1540,6,7,Surgeon,0.0,Female,6,6 7 ,6 7 ,6 
avgk,98,409,2,2,Photographer,1.0,Male,2,2 ,2 ,2 3 
avgk,98,1756,2,8,Painter,0.0,Female,8,2 8 ,2 8 9 ,2 8 9 
avgk,98,79,1,0,Professor,0.0,Female,1,1 0 ,1 4 0 ,1 0 
avgk,98,1140,0,5,Teacher,1.0,Male,0,0 ,0 ,0 
avgk,98,804,4,4,Psychologist,0.0,Female,4,4 ,4 ,4 
avgk,98,1268,6,6,Dentist,1.0,Male,6,6 ,6 ,6 7 
avgk,98,991,3,4,Psychologist,1.0,Male,5,3 5 ,2 3 4 5 ,2 3 4 5 
avgk,98,294,1,1,Physician,0.0,Female,1,1 ,1 ,1 
avgk,98,641,3,3,Journalist,0.0,Female,3,3 ,3 ,3 
avgk,98,1693,3,8,Painter,1.0,Male,8,2 3 5 8 ,2 3 5 8 ,2 3 5 8 
avgk,98,865,4,4,Psychologist,0.0,Female,5,3 5 ,3 4 5 ,3 4 5 
avgk,98,289,1,1,Physician,0.0,Female,1,1 ,1 ,1 
avgk,98,135,0,0,Professor,1.0,Male,0,0 ,0 ,0 
avgk,98,1174,5,5,Teacher,0.0,Female,3,3 5 ,3 5 0 ,3 5 0 
avgk,98,1417,1,7,Surgeon,1.0,Male,1,1 ,1 ,1 
avgk,98,633,3,3,Journalist,0.0,Female,3,3 ,3 ,3 
avgk,98,591,2,2,Photographer,1.0,Male,2,2 8 ,2 4 8 0 ,2 8 0 
avgk,98,799,3,3,Journalist,0.0,Female,3,3 ,3 ,3 
avgk,98,414,2,2,Photographer,1.0,Male,2,2 ,2 ,2 
avgk,98,1956,9,9,Model,0.0,Female,2,2 ,2 ,2 
avgk,98,1476,7,7,Surgeon,1.0,Male,7,7 ,7 ,6 7 
avgk,98,153,3,0,Professor,1.0,Male,0,3 0 ,3 5 0 ,3 5 0 
avgk,99,631,3,3,Journalist,1.0,Male,3,3 ,3 ,2 3 
avgk,99,1809,9,9,Model,0.0,Female,9,9 ,9 ,9 
avgk,99,1294,6,6,Dentist,0.0,Female,6,6 ,6 ,6 
avgk,99,1505,0,7,Surgeon,1.0,Male,3,3 5 ,3 5 ,3 5 
avgk,99,669,3,3,Journalist,1.0,Male,3,2 3 ,2 3 ,2 3 
avgk,99,403,3,2,Photographer,1.0,Male,2,2 5 ,2 3 5 9 ,2 3 5 9 
avgk,99,267,1,1,Physician,0.0,Female,1,1 6 ,1 6 ,1 
avgk,99,837,4,4,Psychologist,0.0,Female,4,4 ,4 ,4 
avgk,99,1590,7,7,Surgeon,1.0,Male,7,7 ,7 ,6 7 
avgk,99,266,1,1,Physician,0.0,Female,1,1 6 ,1 ,1 
avgk,99,1501,1,7,Surgeon,1.0,Male,7,1 6 7 ,1 6 7 ,1 6 7 
avgk,99,1949,9,9,Model,0.0,Female,9,3 9 ,3 9 ,3 9 
avgk,99,1277,6,6,Dentist,1.0,Male,6,6 ,6 ,6 7 
avgk,99,1229,6,6,Dentist,0.0,Female,6,6 7 ,6 7 ,6 7 
avgk,99,1768,5,8,Painter,0.0,Female,5,2 3 5 ,2 3 5 8 ,2 3 5 
avgk,99,1148,2,5,Teacher,1.0,Male,2,2 8 ,2 8 ,2 8 
avgk,99,498,2,2,Photographer,1.0,Male,2,2 ,2 ,2 
avgk,99,1759,8,8,Painter,0.0,Female,8,8 ,8 ,8 
avgk,99,1038,5,5,Teacher,0.0,Female,5,5 ,5 ,5 
avgk,99,543,2,2,Photographer,0.0,Female,2,2 9 ,2 3 4 9 ,2 4 9 
avgk,99,1658,8,8,Painter,1.0,Male,8,2 8 ,2 5 8 ,2 5 8 
avgk,99,94,5,0,Professor,0.0,Female,0,2 5 0 ,2 5 0 ,5 0 
avgk,99,664,3,3,Journalist,1.0,Male,3,2 3 0 ,1 2 3 0 ,1 2 3 0 
avgk,99,1157,5,5,Teacher,0.0,Female,5,1 5 0 ,5 0 ,5 0 
avgk,99,254,1,1,Physician,0.0,Female,1,1 ,1 ,1 
avgk,99,1918,9,9,Model,1.0,Male,9,5 9 ,2 5 9 ,2 5 9 0 
avgk,99,432,2,2,Photographer,1.0,Male,2,2 ,2 9 ,2 9 
avgk,99,1327,6,6,Dentist,0.0,Female,6,1 6 7 ,1 6 ,1 6 
avgk,99,1777,8,8,Painter,0.0,Female,8,8 ,8 ,8 
avgk,99,1109,5,5,Teacher,0.0,Female,5,5 ,5 ,5 
avgk,99,224,1,1,Physician,0.0,Female,1,1 6 ,1 6 ,1 6 
avgk,99,643,3,3,Journalist,1.0,Male,3,3 ,3 ,3 
avgk,99,330,1,1,Physician,0.0,Female,1,1 6 ,1 6 ,1 
avgk,99,1792,8,8,Painter,1.0,Male,8,8 ,8 ,8 
avgk,99,894,4,4,Psychologist,1.0,Male,4,4 ,4 ,4 0 
avgk,99,1373,6,6,Dentist,0.0,Female,6,6 ,6 ,6 
avgk,99,763,3,3,Journalist,1.0,Male,3,3 ,3 ,3 
avgk,99,976,4,4,Psychologist,0.0,Female,4,1 4 ,4 ,4 
avgk,99,10,0,0,Professor,0.0,Female,0,0 ,0 ,0 
avgk,99,138,3,0,Professor,1.0,Male,3,3 0 ,3 5 0 ,3 4 5 0 
avgk,99,971,0,4,Psychologist,0.0,Female,0,0 ,0 ,0 
avgk,99,1153,5,5,Teacher,1.0,Male,2,2 3 ,2 3 5 ,2 3 5 
avgk,99,11,0,0,Professor,1.0,Male,0,1 0 ,1 0 ,1 0 
avgk,99,1941,9,9,Model,0.0,Female,9,9 ,9 ,9 
avgk,99,833,4,4,Psychologist,1.0,Male,4,4 ,4 ,4 
avgk,99,103,4,0,Professor,1.0,Male,0,0 ,0 ,4 0 
avgk,99,1405,7,7,Surgeon,1.0,Male,7,7 ,7 ,1 7 
avgk,99,1888,3,9,Model,0.0,Female,3,3 9 ,1 3 4 7 9 ,3 7 9 
avgk,99,1487,0,7,Surgeon,0.0,Female,0,0 ,4 0 ,4 0 
avgk,99,437,2,2,Photographer,0.0,Female,2,2 ,2 ,2 
marginal,100,1798,2,8,Painter,1.0,Male,8,2 8 ,2 8 ,2 8 
marginal,100,1008,5,5,Teacher,0.0,Female,5,3 5 ,3 5 8 ,3 5 8 
marginal,100,1477,7,7,Surgeon,1.0,Male,7,7 ,7 ,6 7 
marginal,100,991,4,4,Psychologist,1.0,Male,5,3 5 ,2 3 4 5 ,2 3 4 5 
marginal,100,1016,0,5,Teacher,1.0,Male,5,5 0 ,4 5 0 ,4 5 0 
marginal,100,414,2,2,Photographer,1.0,Male,2,2 ,2 ,2 
marginal,100,85,8,0,Professor,1.0,Male,2,2 8 ,2 8 0 ,2 8 
marginal,100,873,4,4,Psychologist,1.0,Male,4,4 6 ,4 6 ,4 6 
marginal,100,343,1,1,Physician,0.0,Female,1,1 6 ,1 6 ,1 6 
marginal,100,686,3,3,Journalist,0.0,Female,3,3 ,3 ,3 
marginal,100,313,1,1,Physician,0.0,Female,1,1 ,1 ,1 
marginal,100,293,1,1,Physician,1.0,Male,1,1 0 ,1 7 0 ,1 7 0 
marginal,100,1560,7,7,Surgeon,0.0,Female,6,1 6 7 ,1 6 7 0 ,1 6 7 0 
marginal,100,1673,2,8,Painter,1.0,Male,8,8 ,8 ,8 
marginal,100,1174,3,5,Teacher,0.0,Female,3,3 5 ,3 5 0 ,3 5 0 
marginal,100,878,4,4,Psychologist,1.0,Male,0,4 0 ,4 6 0 ,4 6 0 
marginal,100,1639,8,8,Painter,1.0,Male,2,2 8 ,2 8 ,2 8 
marginal,100,638,4,3,Journalist,0.0,Female,4,4 5 ,4 5 0 ,4 5 
marginal,100,449,2,2,Photographer,1.0,Male,2,2 ,2 ,2 
marginal,100,310,7,1,Physician,1.0,Male,1,1 7 ,1 6 7 ,1 7 
marginal,100,840,4,4,Psychologist,0.0,Female,4,4 ,4 ,4 
marginal,100,1995,9,9,Model,0.0,Female,9,9 ,9 ,9 
marginal,100,799,3,3,Journalist,0.0,Female,3,3 ,3 ,3 
marginal,100,633,3,3,Journalist,0.0,Female,3,3 ,3 ,3 
marginal,100,1417,1,7,Surgeon,1.0,Male,1,1 ,1 ,1 
marginal,100,1845,9,9,Model,0.0,Female,9,9 ,3 9 ,9 
marginal,100,1204,6,6,Dentist,1.0,Male,6,6 ,6 ,1 6 
marginal,100,110,1,0,Professor,0.0,Female,1,1 0 ,1 ,1 0 
marginal,100,21,0,0,Professor,0.0,Female,0,0 ,0 ,0 
marginal,100,237,1,1,Physician,0.0,Female,1,1 ,1 ,1 
marginal,100,1273,6,6,Dentist,0.0,Female,6,6 ,6 ,6 
marginal,100,1604,8,8,Painter,0.0,Female,8,8 ,8 ,8 
marginal,100,1755,8,8,Painter,0.0,Female,8,8 ,8 ,8 
marginal,100,1914,9,9,Model,0.0,Female,9,9 ,9 ,9 
marginal,100,1956,9,9,Model,0.0,Female,2,2 ,2 ,2 
marginal,100,135,0,0,Professor,1.0,Male,0,0 ,0 ,0 
marginal,100,688,3,3,Journalist,1.0,Male,3,3 ,3 ,3 0 
marginal,100,1399,6,6,Dentist,1.0,Male,6,6 ,6 ,6 7 
marginal,100,1965,2,9,Model,1.0,Male,3,3 6 ,2 3 6 ,2 3 6 
marginal,100,1401,1,7,Surgeon,1.0,Male,1,1 7 ,1 7 ,1 7 
marginal,100,1185,5,5,Teacher,1.0,Male,5,5 7 ,5 7 ,5 7 
marginal,100,61,0,0,Professor,0.0,Female,0,0 ,0 ,0 
marginal,100,591,2,2,Photographer,1.0,Male,2,2 8 ,2 4 8 0 ,2 8 0 
marginal,100,1249,6,6,Dentist,0.0,Female,6,6 ,6 7 ,6 
marginal,100,1444,7,7,Surgeon,0.0,Female,7,1 7 ,1 7 ,1 7 
marginal,100,1216,6,6,Dentist,1.0,Male,6,6 ,6 ,1 6 
marginal,100,849,5,4,Psychologist,0.0,Female,4,4 0 ,4 0 ,4 
marginal,100,550,2,2,Photographer,1.0,Male,2,2 3 ,2 3 ,2 3 
marginal,100,1135,5,5,Teacher,0.0,Female,5,5 9 ,5 ,5 
marginal,100,495,2,2,Photographer,0.0,Female,2,2 ,2 ,2 
marginal,101,1216,6,6,Dentist,1.0,Male,6,6 ,6 ,1 6 
marginal,101,1444,7,7,Surgeon,0.0,Female,7,1 7 ,1 7 ,1 7 
marginal,101,1693,8,8,Painter,1.0,Male,8,2 3 5 8 ,2 3 5 8 ,2 3 5 8 
marginal,101,1249,6,6,Dentist,0.0,Female,6,6 ,6 7 ,6 
marginal,101,1845,9,9,Model,0.0,Female,9,9 ,3 9 ,9 
marginal,101,1756,2,8,Painter,0.0,Female,8,2 8 ,2 8 9 ,2 8 9 
marginal,101,383,1,1,Physician,1.0,Male,1,1 6 ,1 6 ,1 
marginal,101,1798,2,8,Painter,1.0,Male,8,2 8 ,2 8 ,2 8 
marginal,101,1417,3,7,Surgeon,1.0,Male,1,1 ,1 ,1 
marginal,101,153,0,0,Professor,1.0,Male,0,3 0 ,3 5 0 ,3 5 0 
marginal,101,1915,9,9,Model,0.0,Female,9,9 ,9 ,9 
marginal,101,799,3,3,Journalist,0.0,Female,3,3 ,3 ,3 
marginal,101,312,1,1,Physician,1.0,Male,1,1 6 ,1 ,1 6 
marginal,101,641,3,3,Journalist,0.0,Female,3,3 ,3 ,3 
marginal,101,1730,8,8,Painter,1.0,Male,8,8 ,8 ,8 
marginal,101,1204,6,6,Dentist,1.0,Male,6,6 ,6 ,1 6 
marginal,101,1140,0,5,Teacher,1.0,Male,0,0 ,0 ,0 
marginal,101,568,2,2,Photographer,1.0,Male,2,2 ,2 ,2 
marginal,101,409,2,2,Photographer,1.0,Male,2,2 ,2 ,2 3 
marginal,101,1290,6,6,Dentist,1.0,Male,6,6 ,6 ,6 
marginal,101,840,4,4,Psychologist,0.0,Female,4,4 ,4 ,4 
marginal,101,449,2,2,Photographer,1.0,Male,2,2 ,2 ,2 
marginal,101,294,1,1,Physician,0.0,Female,1,1 ,1 ,1 
marginal,101,1540,6,7,Surgeon,0.0,Female,6,6 7 ,6 7 ,6 
marginal,101,1929,9,9,Model,0.0,Female,9,3 9 ,2 3 9 ,3 9 
marginal,101,110,1,0,Professor,0.0,Female,1,1 0 ,1 ,1 0 
marginal,101,1956,2,9,Model,0.0,Female,2,2 ,2 ,2 
marginal,101,135,0,0,Professor,1.0,Male,0,0 ,0 ,0 
marginal,101,1185,5,5,Teacher,1.0,Male,5,5 7 ,5 7 ,5 7 
marginal,101,414,2,2,Photographer,1.0,Male,2,2 ,2 ,2 
marginal,101,1851,3,9,Model,1.0,Male,9,3 6 9 ,2 3 6 9 ,2 3 6 9 
marginal,101,633,3,3,Journalist,0.0,Female,3,3 ,3 ,3 
marginal,101,310,7,1,Physician,1.0,Male,1,1 7 ,1 6 7 ,1 7 
marginal,101,1586,7,7,Surgeon,1.0,Male,7,7 ,7 ,7 
marginal,101,1174,3,5,Teacher,0.0,Female,3,3 5 ,3 5 0 ,3 5 0 
marginal,101,1016,0,5,Teacher,1.0,Male,5,5 0 ,4 5 0 ,4 5 0 
marginal,101,1604,8,8,Painter,0.0,Female,8,8 ,8 ,8 
marginal,101,804,4,4,Psychologist,0.0,Female,4,4 ,4 ,4 
marginal,101,688,3,3,Journalist,1.0,Male,3,3 ,3 ,3 0 
marginal,101,79,1,0,Professor,0.0,Female,1,1 0 ,1 4 0 ,1 0 
marginal,101,616,3,3,Journalist,0.0,Female,3,3 ,3 ,3 
marginal,101,991,4,4,Psychologist,1.0,Male,5,3 5 ,2 3 4 5 ,2 3 4 5 
marginal,101,591,2,2,Photographer,1.0,Male,2,2 8 ,2 4 8 0 ,2 8 0 
marginal,101,86,0,0,Professor,0.0,Female,0,5 0 ,5 0 ,5 0 
marginal,101,1268,6,6,Dentist,1.0,Male,6,6 ,6 ,6 7 
marginal,101,289,1,1,Physician,0.0,Female,1,1 ,1 ,1 
marginal,101,1053,5,5,Teacher,0.0,Female,5,2 3 5 9 ,2 5 9 ,2 5 9 
marginal,101,1476,7,7,Surgeon,1.0,Male,7,7 ,7 ,6 7 
marginal,101,873,4,4,Psychologist,1.0,Male,4,4 6 ,4 6 ,4 6 
marginal,101,865,4,4,Psychologist,0.0,Female,5,3 5 ,3 4 5 ,3 4 5 
marginal,102,669,3,3,Journalist,1.0,Male,3,2 3 ,2 3 ,2 3 
marginal,102,229,1,1,Physician,0.0,Female,1,1 ,1 ,1 
marginal,102,665,3,3,Journalist,0.0,Female,3,3 ,3 ,3 
marginal,102,1327,6,6,Dentist,0.0,Female,6,1 6 7 ,1 6 ,1 6 
marginal,102,1297,6,6,Dentist,1.0,Male,6,6 ,6 ,6 
marginal,102,437,2,2,Photographer,0.0,Female,2,2 ,2 ,2 
marginal,102,1039,3,5,Teacher,1.0,Male,3,2 3 9 ,2 3 5 9 ,2 3 9 
marginal,102,1809,9,9,Model,0.0,Female,9,9 ,9 ,9 
marginal,102,1399,6,6,Dentist,1.0,Male,6,6 ,6 ,6 7 
marginal,102,837,4,4,Psychologist,0.0,Female,4,4 ,4 ,4 
marginal,102,138,3,0,Professor,1.0,Male,3,3 0 ,3 5 0 ,3 4 5 0 
marginal,102,235,1,1,Physician,0.0,Female,1,1 ,1 ,1 
marginal,102,494,2,2,Photographer,0.0,Female,2,2 9 ,2 9 ,2 9 
marginal,102,1768,5,8,Painter,0.0,Female,5,2 3 5 ,2 3 5 8 ,2 3 5 
marginal,102,718,3,3,Journalist,1.0,Male,3,3 5 ,3 5 ,3 5 
marginal,102,1009,3,5,Teacher,1.0,Male,3,2 3 ,2 3 ,2 3 4 
marginal,102,1401,7,7,Surgeon,1.0,Male,1,1 7 ,1 7 ,1 7 
marginal,102,1976,9,9,Model,0.0,Female,3,3 5 9 ,2 3 5 9 ,3 5 9 
marginal,102,433,2,2,Photographer,0.0,Female,2,2 ,2 ,2 
marginal,102,21,0,0,Professor,0.0,Female,0,0 ,0 ,0 
marginal,102,1149,8,5,Teacher,1.0,Male,5,5 ,5 ,5 9 
marginal,102,1406,6,7,Surgeon,1.0,Male,7,1 6 7 ,1 6 7 0 ,1 6 7 0 
marginal,102,982,4,4,Psychologist,0.0,Female,4,4 ,4 ,4 
marginal,102,1792,8,8,Painter,1.0,Male,8,8 ,8 ,8 
marginal,102,877,3,4,Psychologist,0.0,Female,3,3 4 5 ,3 4 5 ,3 4 5 
marginal,102,16,5,0,Professor,1.0,Male,5,5 ,5 ,5 
marginal,102,764,3,3,Journalist,1.0,Male,3,3 ,3 ,3 
marginal,102,1965,3,9,Model,1.0,Male,3,3 6 ,2 3 6 ,2 3 6 
marginal,102,103,0,0,Professor,1.0,Male,0,0 ,0 ,4 0 
marginal,102,1278,6,6,Dentist,1.0,Male,6,6 7 ,6 7 ,6 7 
marginal,102,895,4,4,Psychologist,0.0,Female,4,4 0 ,3 4 0 ,4 0 
marginal,102,11,0,0,Professor,1.0,Male,0,1 0 ,1 0 ,1 0 
marginal,102,267,1,1,Physician,0.0,Female,1,1 6 ,1 6 ,1 
marginal,102,1294,6,6,Dentist,0.0,Female,6,6 ,6 ,6 
marginal,102,685,3,3,Journalist,0.0,Female,3,3 ,3 ,3 
marginal,102,1941,9,9,Model,0.0,Female,9,9 ,9 ,9 
marginal,102,544,2,2,Photographer,1.0,Male,2,2 ,2 ,2 
marginal,102,1504,7,7,Surgeon,1.0,Male,7,1 7 ,1 7 ,1 7 
marginal,102,507,8,2,Photographer,1.0,Male,2,2 ,2 ,2 
marginal,102,1583,3,7,Surgeon,1.0,Male,3,3 7 ,3 7 ,3 7 
marginal,102,1888,9,9,Model,0.0,Female,3,3 9 ,1 3 4 7 9 ,3 7 9 
marginal,102,224,1,1,Physician,0.0,Female,1,1 6 ,1 6 ,1 6 
marginal,102,1658,8,8,Painter,1.0,Male,8,2 8 ,2 5 8 ,2 5 8 
marginal,102,1639,2,8,Painter,1.0,Male,2,2 8 ,2 8 ,2 8 
marginal,102,1609,8,8,Painter,0.0,Female,8,8 ,8 0 ,8 
marginal,102,1189,4,5,Teacher,0.0,Female,4,4 5 ,4 5 ,4 
marginal,102,973,4,4,Psychologist,0.0,Female,4,4 ,4 6 ,4 
marginal,102,1110,3,5,Teacher,0.0,Female,5,3 5 ,3 5 ,5 
marginal,102,1590,7,7,Surgeon,1.0,Male,7,7 ,7 ,6 7 
marginal,102,255,7,1,Physician,0.0,Female,1,1 6 ,1 6 ,1 
marginal,103,1888,0,9,Model,0.0,Female,3,3 9 ,1 3 4 7 9 ,3 7 9 
marginal,103,1038,5,5,Teacher,0.0,Female,5,5 ,5 ,5 
marginal,103,10,5,0,Professor,0.0,Female,0,0 ,0 ,0 
marginal,103,1372,6,6,Dentist,0.0,Female,6,6 ,6 ,6 
marginal,103,1759,8,8,Painter,0.0,Female,8,8 ,8 ,8 
marginal,103,631,3,3,Journalist,1.0,Male,3,3 ,3 ,2 3 
marginal,103,95,0,0,Professor,0.0,Female,0,0 ,0 ,0 
marginal,103,43,0,0,Professor,0.0,Female,0,0 ,0 ,4 0 
marginal,103,1810,9,9,Model,0.0,Female,9,9 ,9 ,9 
marginal,103,832,4,4,Psychologist,1.0,Male,4,4 ,4 ,4 
marginal,103,498,2,2,Photographer,1.0,Male,2,2 ,2 ,2 
marginal,103,669,3,3,Journalist,1.0,Male,3,2 3 ,2 3 ,2 3 
marginal,103,402,2,2,Photographer,1.0,Male,2,2 ,2 ,2 
marginal,103,11,1,0,Professor,1.0,Male,0,1 0 ,1 0 ,1 0 
marginal,103,971,0,4,Psychologist,0.0,Female,0,0 ,0 ,0 
marginal,103,1590,7,7,Surgeon,1.0,Male,7,7 ,7 ,6 7 
marginal,103,1487,4,7,Surgeon,0.0,Female,0,0 ,4 0 ,4 0 
marginal,103,267,1,1,Physician,0.0,Female,1,1 6 ,1 6 ,1 
marginal,103,706,3,3,Journalist,1.0,Male,3,3 ,3 ,3 
marginal,103,1229,6,6,Dentist,0.0,Female,6,6 7 ,6 7 ,6 7 
marginal,103,837,4,4,Psychologist,0.0,Female,4,4 ,4 ,4 
marginal,103,1104,5,5,Teacher,0.0,Female,5,5 ,5 ,5 
marginal,103,1949,3,9,Model,0.0,Female,9,3 9 ,3 9 ,3 9 
marginal,103,1777,8,8,Painter,0.0,Female,8,8 ,8 ,8 
marginal,103,138,0,0,Professor,1.0,Male,3,3 0 ,3 5 0 ,3 4 5 0 
marginal,103,330,1,1,Physician,0.0,Female,1,1 6 ,1 6 ,1 
marginal,103,262,1,1,Physician,0.0,Female,1,1 ,1 6 ,1 6 
marginal,103,1405,7,7,Surgeon,1.0,Male,7,7 ,7 ,1 7 
marginal,103,1658,8,8,Painter,1.0,Male,8,2 8 ,2 5 8 ,2 5 8 
marginal,103,1734,8,8,Painter,1.0,Male,8,8 ,8 ,8 
marginal,103,664,3,3,Journalist,1.0,Male,3,2 3 0 ,1 2 3 0 ,1 2 3 0 
marginal,103,1326,6,6,Dentist,0.0,Female,6,6 ,6 ,6 
marginal,103,951,4,4,Psychologist,1.0,Male,4,4 ,4 ,4 
marginal,103,266,1,1,Physician,0.0,Female,1,1 6 ,1 ,1 
marginal,103,403,5,2,Photographer,1.0,Male,2,2 5 ,2 3 5 9 ,2 3 5 9 
marginal,103,643,3,3,Journalist,1.0,Male,3,3 ,3 ,3 
marginal,103,1557,7,7,Surgeon,1.0,Male,7,7 ,7 ,1 7 
marginal,103,1918,9,9,Model,1.0,Male,9,5 9 ,2 5 9 ,2 5 9 0 
marginal,103,867,4,4,Psychologist,0.0,Female,4,4 ,4 ,4 
marginal,103,255,1,1,Physician,0.0,Female,1,1 6 ,1 6 ,1 
marginal,103,1225,6,6,Dentist,1.0,Male,6,6 7 ,6 7 ,6 7 
marginal,103,432,9,2,Photographer,1.0,Male,2,2 ,2 9 ,2 9 
marginal,103,1501,1,7,Surgeon,1.0,Male,7,1 6 7 ,1 6 7 ,1 6 7 
marginal,103,1646,8,8,Painter,0.0,Female,2,2 ,2 5 8 ,2 8 
marginal,103,1833,9,9,Model,0.0,Female,2,2 3 5 9 ,2 3 5 9 ,2 3 9 
marginal,103,542,2,2,Photographer,0.0,Female,2,2 ,2 ,2 
marginal,103,1293,6,6,Dentist,1.0,Male,6,6 ,6 ,6 
marginal,103,1147,5,5,Teacher,0.0,Female,5,5 ,5 ,5 
marginal,103,1157,5,5,Teacher,0.0,Female,5,1 5 0 ,5 0 ,5 0 
marginal,103,1153,2,5,Teacher,1.0,Male,2,2 3 ,2 3 5 ,2 3 5 
marginal,104,1505,3,7,Surgeon,1.0,Male,3,3 5 ,3 5 ,3 5 
marginal,104,1941,9,9,Model,0.0,Female,9,9 ,9 ,9 
marginal,104,981,1,4,Psychologist,0.0,Female,3,2 3 5 ,2 3 ,2 3 
marginal,104,1297,6,6,Dentist,1.0,Male,6,6 ,6 ,6 
marginal,104,229,7,1,Physician,0.0,Female,1,1 ,1 ,1 
marginal,104,16,5,0,Professor,1.0,Male,5,5 ,5 ,5 
marginal,104,1888,0,9,Model,0.0,Female,3,3 9 ,1 3 4 7 9 ,3 7 9 
marginal,104,1792,8,8,Painter,1.0,Male,8,8 ,8 ,8 
marginal,104,1039,0,5,Teacher,1.0,Male,3,2 3 9 ,2 3 5 9 ,2 3 9 
marginal,104,763,3,3,Journalist,1.0,Male,3,3 ,3 ,3 
marginal,104,1609,8,8,Painter,0.0,Female,8,8 ,8 0 ,8 
marginal,104,507,2,2,Photographer,1.0,Male,2,2 ,2 ,2 
marginal,104,1976,9,9,Model,0.0,Female,3,3 5 9 ,2 3 5 9 ,3 5 9 
marginal,104,1810,9,9,Model,0.0,Female,9,9 ,9 ,9 
marginal,104,1487,4,7,Surgeon,0.0,Female,0,0 ,4 0 ,4 0 
marginal,104,665,3,3,Journalist,0.0,Female,3,3 ,3 ,3 
marginal,104,11,7,0,Professor,1.0,Male,0,1 0 ,1 0 ,1 0 
marginal,104,837,4,4,Psychologist,0.0,Female,4,4 ,4 ,4 
marginal,104,1294,6,6,Dentist,0.0,Female,6,6 ,6 ,6 
marginal,104,267,7,1,Physician,0.0,Female,1,1 6 ,1 6 ,1 
marginal,104,1949,9,9,Model,0.0,Female,9,3 9 ,3 9 ,3 9 
marginal,104,10,0,0,Professor,0.0,Female,0,0 ,0 ,0 
marginal,104,1768,3,8,Painter,0.0,Female,5,2 3 5 ,2 3 5 8 ,2 3 5 
marginal,104,972,4,4,Psychologist,1.0,Male,4,1 4 ,4 ,4 
marginal,104,1327,1,6,Dentist,0.0,Female,6,1 6 7 ,1 6 ,1 6 
marginal,104,432,2,2,Photographer,1.0,Male,2,2 ,2 9 ,2 9 
marginal,104,1277,6,6,Dentist,1.0,Male,6,6 ,6 ,6 7 
marginal,104,1406,1,7,Surgeon,1.0,Male,7,1 6 7 ,1 6 7 0 ,1 6 7 0 
marginal,104,1189,5,5,Teacher,0.0,Female,4,4 5 ,4 5 ,4 
marginal,104,1373,6,6,Dentist,0.0,Female,6,6 ,6 ,6 
marginal,104,1759,8,8,Painter,0.0,Female,8,8 ,8 ,8 
marginal,104,1157,5,5,Teacher,0.0,Female,5,1 5 0 ,5 0 ,5 0 
marginal,104,894,4,4,Psychologist,1.0,Male,4,4 ,4 ,4 0 
marginal,104,718,3,3,Journalist,1.0,Male,3,3 5 ,3 5 ,3 5 
marginal,104,1583,7,7,Surgeon,1.0,Male,3,3 7 ,3 7 ,3 7 
marginal,104,403,3,2,Photographer,1.0,Male,2,2 5 ,2 3 5 9 ,2 3 5 9 
marginal,104,833,4,4,Psychologist,1.0,Male,4,4 ,4 ,4 
marginal,104,1590,0,7,Surgeon,1.0,Male,7,7 ,7 ,6 7 
marginal,104,255,0,1,Physician,0.0,Female,1,1 6 ,1 6 ,1 
marginal,104,330,1,1,Physician,0.0,Female,1,1 6 ,1 6 ,1 
marginal,104,1110,3,5,Teacher,0.0,Female,5,3 5 ,3 5 ,5 
marginal,104,224,1,1,Physician,0.0,Female,1,1 6 ,1 6 ,1 6 
marginal,104,680,1,3,Journalist,0.0,Female,0,4 0 ,1 4 7 0 ,4 0 
marginal,104,669,2,3,Journalist,1.0,Male,3,2 3 ,2 3 ,2 3 
marginal,104,138,3,0,Professor,1.0,Male,3,3 0 ,3 5 0 ,3 4 5 0 
marginal,104,102,4,0,Professor,1.0,Male,0,4 0 ,4 0 ,4 0 
marginal,104,1149,5,5,Teacher,1.0,Male,5,5 ,5 ,5 9 
marginal,104,1657,5,8,Painter,1.0,Male,5,5 8 9 ,5 8 9 ,5 8 9 
marginal,104,543,2,2,Photographer,0.0,Female,2,2 9 ,2 3 4 9 ,2 4 9 
marginal,104,437,2,2,Photographer,0.0,Female,2,2 ,2 ,2 
marginal,105,1444,7,7,Surgeon,0.0,Female,7,1 7 ,1 7 ,1 7 
marginal,105,1956,9,9,Model,0.0,Female,2,2 ,2 ,2 
marginal,105,1204,6,6,Dentist,1.0,Male,6,6 ,6 ,1 6 
marginal,105,1673,8,8,Painter,1.0,Male,8,8 ,8 ,8 
marginal,105,1399,6,6,Dentist,1.0,Male,6,6 ,6 ,6 7 
marginal,105,591,8,2,Photographer,1.0,Male,2,2 8 ,2 4 8 0 ,2 8 0 
marginal,105,1273,6,6,Dentist,0.0,Female,6,6 ,6 ,6 
marginal,105,110,1,0,Professor,0.0,Female,1,1 0 ,1 ,1 0 
marginal,105,688,3,3,Journalist,1.0,Male,3,3 ,3 ,3 0 
marginal,105,1604,8,8,Painter,0.0,Female,8,8 ,8 ,8 
marginal,105,633,3,3,Journalist,0.0,Female,3,3 ,3 ,3 
marginal,105,135,0,0,Professor,1.0,Male,0,0 ,0 ,0 
marginal,105,799,3,3,Journalist,0.0,Female,3,3 ,3 ,3 
marginal,105,1560,7,7,Surgeon,0.0,Female,6,1 6 7 ,1 6 7 0 ,1 6 7 0 
marginal,105,686,3,3,Journalist,0.0,Female,3,3 ,3 ,3 
marginal,105,310,7,1,Physician,1.0,Male,1,1 7 ,1 6 7 ,1 7 
marginal,105,237,1,1,Physician,0.0,Female,1,1 ,1 ,1 
marginal,105,1798,8,8,Painter,1.0,Male,8,2 8 ,2 8 ,2 8 
marginal,105,414,2,2,Photographer,1.0,Male,2,2 ,2 ,2 
marginal,105,1477,7,7,Surgeon,1.0,Male,7,7 ,7 ,6 7 
marginal,105,343,1,1,Physician,0.0,Female,1,1 6 ,1 6 ,1 6 
marginal,105,495,2,2,Photographer,0.0,Female,2,2 ,2 ,2 
marginal,105,1417,7,7,Surgeon,1.0,Male,1,1 ,1 ,1 
marginal,105,840,4,4,Psychologist,0.0,Female,4,4 ,4 ,4 
marginal,105,1016,5,5,Teacher,1.0,Male,5,5 0 ,4 5 0 ,4 5 0 
marginal,105,1174,3,5,Teacher,0.0,Female,3,3 5 ,3 5 0 ,3 5 0 
marginal,105,1914,9,9,Model,0.0,Female,9,9 ,9 ,9 
marginal,105,1755,8,8,Painter,0.0,Female,8,8 ,8 ,8 
marginal,105,1216,6,6,Dentist,1.0,Male,6,6 ,6 ,1 6 
marginal,105,293,1,1,Physician,1.0,Male,1,1 0 ,1 7 0 ,1 7 0 
marginal,105,1401,1,7,Surgeon,1.0,Male,1,1 7 ,1 7 ,1 7 
marginal,105,991,3,4,Psychologist,1.0,Male,5,3 5 ,2 3 4 5 ,2 3 4 5 
marginal,105,1845,9,9,Model,0.0,Female,9,9 ,3 9 ,9 
marginal,105,1008,5,5,Teacher,0.0,Female,5,3 5 ,3 5 8 ,3 5 8 
marginal,105,1639,2,8,Painter,1.0,Male,2,2 8 ,2 8 ,2 8 
marginal,105,550,3,2,Photographer,1.0,Male,2,2 3 ,2 3 ,2 3 
marginal,105,638,4,3,Journalist,0.0,Female,4,4 5 ,4 5 0 ,4 5 
marginal,105,873,4,4,Psychologist,1.0,Male,4,4 6 ,4 6 ,4 6 
marginal,105,1249,6,6,Dentist,0.0,Female,6,6 ,6 7 ,6 
marginal,105,878,4,4,Psychologist,1.0,Male,0,4 0 ,4 6 0 ,4 6 0 
marginal,105,21,0,0,Professor,0.0,Female,0,0 ,0 ,0 
marginal,105,61,0,0,Professor,0.0,Female,0,0 ,0 ,0 
marginal,105,1135,5,5,Teacher,0.0,Female,5,5 9 ,5 ,5 
marginal,105,85,8,0,Professor,1.0,Male,2,2 8 ,2 8 0 ,2 8 
marginal,105,1185,5,5,Teacher,1.0,Male,5,5 7 ,5 7 ,5 7 
marginal,105,849,4,4,Psychologist,0.0,Female,4,4 0 ,4 0 ,4 
marginal,105,313,1,1,Physician,0.0,Female,1,1 ,1 ,1 
marginal,105,1965,3,9,Model,1.0,Male,3,3 6 ,2 3 6 ,2 3 6 
marginal,105,1995,9,9,Model,0.0,Female,9,9 ,9 ,9 
marginal,105,449,2,2,Photographer,1.0,Male,2,2 ,2 ,2 
marginal,106,689,3,3,Journalist,1.0,Male,3,3 ,3 ,3 5 
marginal,106,59,0,0,Professor,0.0,Female,0,0 ,0 ,0 
marginal,106,1976,9,9,Model,0.0,Female,3,3 5 9 ,2 3 5 9 ,3 5 9 
marginal,106,686,3,3,Journalist,0.0,Female,3,3 ,3 ,3 
marginal,106,229,1,1,Physician,0.0,Female,1,1 ,1 ,1 
marginal,106,1583,7,7,Surgeon,1.0,Male,3,3 7 ,3 7 ,3 7 
marginal,106,104,0,0,Professor,1.0,Male,0,0 ,0 ,0 
marginal,106,1216,6,6,Dentist,1.0,Male,6,6 ,6 ,1 6 
marginal,106,637,3,3,Journalist,0.0,Female,3,2 3 ,2 3 5 ,2 3 
marginal,106,1504,7,7,Surgeon,1.0,Male,7,1 7 ,1 7 ,1 7 
marginal,106,1560,7,7,Surgeon,0.0,Female,6,1 6 7 ,1 6 7 0 ,1 6 7 0 
marginal,106,1673,8,8,Painter,1.0,Male,8,8 ,8 ,8 
marginal,106,1768,3,8,Painter,0.0,Female,5,2 3 5 ,2 3 5 8 ,2 3 5 
marginal,106,1941,9,9,Model,0.0,Female,9,9 ,9 ,9 
marginal,106,225,1,1,Physician,0.0,Female,1,1 ,1 ,1 
marginal,106,878,4,4,Psychologist,1.0,Male,0,4 0 ,4 6 0 ,4 6 0 
marginal,106,1957,9,9,Model,0.0,Female,9,9 ,2 9 ,9 
marginal,106,719,9,3,Journalist,1.0,Male,5,5 9 ,5 9 ,5 9 
marginal,106,1008,5,5,Teacher,0.0,Female,5,3 5 ,3 5 8 ,3 5 8 
marginal,106,413,8,2,Photographer,1.0,Male,8,8 ,8 ,2 8 
marginal,106,1278,6,6,Dentist,1.0,Male,6,6 7 ,6 7 ,6 7 
marginal,106,1995,9,9,Model,0.0,Female,9,9 ,9 ,9 
marginal,106,991,3,4,Psychologist,1.0,Male,5,3 5 ,2 3 4 5 ,2 3 4 5 
marginal,106,21,4,0,Professor,0.0,Female,0,0 ,0 ,0 
marginal,106,1110,5,5,Teacher,0.0,Female,5,3 5 ,3 5 ,5 
marginal,106,1965,9,9,Model,1.0,Male,3,3 6 ,2 3 6 ,2 3 6 
marginal,106,1609,8,8,Painter,0.0,Female,8,8 ,8 0 ,8 
marginal,106,550,2,2,Photographer,1.0,Male,2,2 3 ,2 3 ,2 3 
marginal,106,342,0,1,Physician,1.0,Male,0,1 0 ,0 ,1 0 
marginal,106,1417,1,7,Surgeon,1.0,Male,1,1 ,1 ,1 
marginal,106,765,3,3,Journalist,0.0,Female,3,3 ,3 ,3 
marginal,106,1639,2,8,Painter,1.0,Male,2,2 8 ,2 8 ,2 8 
marginal,106,1273,6,6,Dentist,0.0,Female,6,6 ,6 ,6 
marginal,106,134,0,0,Professor,1.0,Male,0,0 ,0 ,3 0 
marginal,106,895,3,4,Psychologist,0.0,Female,4,4 0 ,3 4 0 ,4 0 
marginal,106,1401,1,7,Surgeon,1.0,Male,1,1 7 ,1 7 ,1 7 
marginal,106,1604,8,8,Painter,0.0,Female,8,8 ,8 ,8 
marginal,106,309,1,1,Physician,0.0,Female,1,1 6 ,1 ,1 
marginal,106,236,1,1,Physician,0.0,Female,1,1 6 ,1 ,1 
marginal,106,982,4,4,Psychologist,0.0,Female,4,4 ,4 ,4 
marginal,106,495,2,2,Photographer,0.0,Female,2,2 ,2 ,2 
marginal,106,1185,5,5,Teacher,1.0,Male,5,5 7 ,5 7 ,5 7 
marginal,106,509,2,2,Photographer,1.0,Male,2,2 ,2 ,2 
marginal,106,1399,6,6,Dentist,1.0,Male,6,6 ,6 ,6 7 
marginal,106,1135,5,5,Teacher,0.0,Female,5,5 9 ,5 ,5 
marginal,106,1190,5,5,Teacher,1.0,Male,0,0 ,5 0 ,5 0 
marginal,106,17,3,0,Professor,1.0,Male,3,3 0 ,3 5 0 ,3 5 0 
marginal,106,1297,6,6,Dentist,1.0,Male,6,6 ,6 ,6 
marginal,106,437,2,2,Photographer,0.0,Female,2,2 ,2 ,2 
marginal,106,849,4,4,Psychologist,0.0,Female,4,4 0 ,4 0 ,4 
marginal,107,104,0,0,Professor,1.0,Male,0,0 ,0 ,0 
marginal,107,686,3,3,Journalist,0.0,Female,3,3 ,3 ,3 
marginal,107,1639,8,8,Painter,1.0,Male,2,2 8 ,2 8 ,2 8 
marginal,107,1135,5,5,Teacher,0.0,Female,5,5 9 ,5 ,5 
marginal,107,413,8,2,Photographer,1.0,Male,8,8 ,8 ,2 8 
marginal,107,59,0,0,Professor,0.0,Female,0,0 ,0 ,0 
marginal,107,849,0,4,Psychologist,0.0,Female,4,4 0 ,4 0 ,4 
marginal,107,1957,9,9,Model,0.0,Female,9,9 ,2 9 ,9 
marginal,107,236,1,1,Physician,0.0,Female,1,1 6 ,1 ,1 
marginal,107,309,1,1,Physician,0.0,Female,1,1 6 ,1 ,1 
marginal,107,509,2,2,Photographer,1.0,Male,2,2 ,2 ,2 
marginal,107,689,3,3,Journalist,1.0,Male,3,3 ,3 ,3 5 
marginal,107,1401,7,7,Surgeon,1.0,Male,1,1 7 ,1 7 ,1 7 
marginal,107,1604,8,8,Painter,0.0,Female,8,8 ,8 ,8 
marginal,107,437,2,2,Photographer,0.0,Female,2,2 ,2 ,2 
marginal,107,495,2,2,Photographer,0.0,Female,2,2 ,2 ,2 
marginal,107,342,0,1,Physician,1.0,Male,0,1 0 ,0 ,1 0 
marginal,107,1273,6,6,Dentist,0.0,Female,6,6 ,6 ,6 
marginal,107,134,0,0,Professor,1.0,Male,0,0 ,0 ,3 0 
marginal,107,1190,0,5,Teacher,1.0,Male,0,0 ,5 0 ,5 0 
marginal,107,225,1,1,Physician,0.0,Female,1,1 ,1 ,1 
marginal,107,895,4,4,Psychologist,0.0,Female,4,4 0 ,3 4 0 ,4 0 
marginal,107,1583,7,7,Surgeon,1.0,Male,3,3 7 ,3 7 ,3 7 
marginal,107,1768,3,8,Painter,0.0,Female,5,2 3 5 ,2 3 5 8 ,2 3 5 
marginal,107,21,0,0,Professor,0.0,Female,0,0 ,0 ,0 
marginal,107,991,4,4,Psychologist,1.0,Male,5,3 5 ,2 3 4 5 ,2 3 4 5 
marginal,107,1560,7,7,Surgeon,0.0,Female,6,1 6 7 ,1 6 7 0 ,1 6 7 0 
marginal,107,1995,9,9,Model,0.0,Female,9,9 ,9 ,9 
marginal,107,1504,7,7,Surgeon,1.0,Male,7,1 7 ,1 7 ,1 7 
marginal,107,1976,9,9,Model,0.0,Female,3,3 5 9 ,2 3 5 9 ,3 5 9 
marginal,107,1399,6,6,Dentist,1.0,Male,6,6 ,6 ,6 7 
marginal,107,878,6,4,Psychologist,1.0,Male,0,4 0 ,4 6 0 ,4 6 0 
marginal,107,765,6,3,Journalist,0.0,Female,3,3 ,3 ,3 
marginal,107,1216,6,6,Dentist,1.0,Male,6,6 ,6 ,1 6 
marginal,107,1941,9,9,Model,0.0,Female,9,9 ,9 ,9 
marginal,107,1110,3,5,Teacher,0.0,Female,5,3 5 ,3 5 ,5 
marginal,107,229,1,1,Physician,0.0,Female,1,1 ,1 ,1 
marginal,107,719,9,3,Journalist,1.0,Male,5,5 9 ,5 9 ,5 9 
marginal,107,1008,5,5,Teacher,0.0,Female,5,3 5 ,3 5 8 ,3 5 8 
marginal,107,1673,8,8,Painter,1.0,Male,8,8 ,8 ,8 
marginal,107,1965,2,9,Model,1.0,Male,3,3 6 ,2 3 6 ,2 3 6 
marginal,107,637,3,3,Journalist,0.0,Female,3,2 3 ,2 3 5 ,2 3 
marginal,107,1417,1,7,Surgeon,1.0,Male,1,1 ,1 ,1 
marginal,107,982,4,4,Psychologist,0.0,Female,4,4 ,4 ,4 
marginal,107,1609,8,8,Painter,0.0,Female,8,8 ,8 0 ,8 
marginal,107,1297,6,6,Dentist,1.0,Male,6,6 ,6 ,6 
marginal,107,17,2,0,Professor,1.0,Male,3,3 0 ,3 5 0 ,3 5 0 
marginal,107,1278,6,6,Dentist,1.0,Male,6,6 7 ,6 7 ,6 7 
marginal,107,1185,7,5,Teacher,1.0,Male,5,5 7 ,5 7 ,5 7 
marginal,107,550,2,2,Photographer,1.0,Male,2,2 3 ,2 3 ,2 3 
marginal,108,1888,3,9,Model,0.0,Female,3,3 9 ,1 3 4 7 9 ,3 7 9 
marginal,108,224,7,1,Physician,0.0,Female,1,1 6 ,1 6 ,1 6 
marginal,108,1405,7,7,Surgeon,1.0,Male,7,7 ,7 ,1 7 
marginal,108,1294,6,6,Dentist,0.0,Female,6,6 ,6 ,6 
marginal,108,330,1,1,Physician,0.0,Female,1,1 6 ,1 6 ,1 
marginal,108,1153,2,5,Teacher,1.0,Male,2,2 3 ,2 3 5 ,2 3 5 
marginal,108,1777,8,8,Painter,0.0,Female,8,8 ,8 ,8 
marginal,108,631,3,3,Journalist,1.0,Male,3,3 ,3 ,2 3 
marginal,108,894,4,4,Psychologist,1.0,Male,4,4 ,4 ,4 0 
marginal,108,976,4,4,Psychologist,0.0,Female,4,1 4 ,4 ,4 
marginal,108,837,4,4,Psychologist,0.0,Female,4,4 ,4 ,4 
marginal,108,1487,0,7,Surgeon,0.0,Female,0,0 ,4 0 ,4 0 
marginal,108,1373,6,6,Dentist,0.0,Female,6,6 ,6 ,6 
marginal,108,403,4,2,Photographer,1.0,Male,2,2 5 ,2 3 5 9 ,2 3 5 9 
marginal,108,11,7,0,Professor,1.0,Male,0,1 0 ,1 0 ,1 0 
marginal,108,266,1,1,Physician,0.0,Female,1,1 6 ,1 ,1 
marginal,108,1658,8,8,Painter,1.0,Male,8,2 8 ,2 5 8 ,2 5 8 
marginal,108,1038,5,5,Teacher,0.0,Female,5,5 ,5 ,5 
marginal,108,1809,9,9,Model,0.0,Female,9,9 ,9 ,9 
marginal,108,10,0,0,Professor,0.0,Female,0,0 ,0 ,0 
marginal,108,1918,9,9,Model,1.0,Male,9,5 9 ,2 5 9 ,2 5 9 0 
marginal,108,432,2,2,Photographer,1.0,Male,2,2 ,2 9 ,2 9 
marginal,108,1759,8,8,Painter,0.0,Female,8,8 ,8 ,8 
marginal,108,138,3,0,Professor,1.0,Male,3,3 0 ,3 5 0 ,3 4 5 0 
marginal,108,437,2,2,Photographer,0.0,Female,2,2 ,2 ,2 
marginal,108,1792,8,8,Painter,1.0,Male,8,8 ,8 ,8 
marginal,108,1229,6,6,Dentist,0.0,Female,6,6 7 ,6 7 ,6 7 
marginal,108,1148,2,5,Teacher,1.0,Male,2,2 8 ,2 8 ,2 8 
marginal,108,833,4,4,Psychologist,1.0,Male,4,4 ,4 ,4 
marginal,108,1501,7,7,Surgeon,1.0,Male,7,1 6 7 ,1 6 7 ,1 6 7 
marginal,108,1277,6,6,Dentist,1.0,Male,6,6 ,6 ,6 7 
marginal,108,1109,5,5,Teacher,0.0,Female,5,5 ,5 ,5 
marginal,108,1768,8,8,Painter,0.0,Female,5,2 3 5 ,2 3 5 8 ,2 3 5 
marginal,108,1590,7,7,Surgeon,1.0,Male,7,7 ,7 ,6 7 
marginal,108,267,7,1,Physician,0.0,Female,1,1 6 ,1 6 ,1 
marginal,108,94,5,0,Professor,0.0,Female,0,2 5 0 ,2 5 0 ,5 0 
marginal,108,971,0,4,Psychologist,0.0,Female,0,0 ,0 ,0 
marginal,108,1157,5,5,Teacher,0.0,Female,5,1 5 0 ,5 0 ,5 0 
marginal,108,103,0,0,Professor,1.0,Male,0,0 ,0 ,4 0 
marginal,108,498,2,2,Photographer,1.0,Male,2,2 ,2 ,2 
marginal,108,1949,3,9,Model,0.0,Female,9,3 9 ,3 9 ,3 9 
marginal,108,763,3,3,Journalist,1.0,Male,3,3 ,3 ,3 
marginal,108,664,1,3,Journalist,1.0,Male,3,2 3 0 ,1 2 3 0 ,1 2 3 0 
marginal,108,669,3,3,Journalist,1.0,Male,3,2 3 ,2 3 ,2 3 
marginal,108,254,1,1,Physician,0.0,Female,1,1 ,1 ,1 
marginal,108,1327,6,6,Dentist,0.0,Female,6,1 6 7 ,1 6 ,1 6 
marginal,108,1941,9,9,Model,0.0,Female,9,9 ,9 ,9 
marginal,108,643,3,3,Journalist,1.0,Male,3,3 ,3 ,3 
marginal,108,543,2,2,Photographer,0.0,Female,2,2 9 ,2 3 4 9 ,2 4 9 
marginal,108,1505,5,7,Surgeon,1.0,Male,3,3 5 ,3 5 ,3 5 
marginal,109,294,1,1,Physician,0.0,Female,1,1 ,1 ,1 
marginal,109,153,3,0,Professor,1.0,Male,0,3 0 ,3 5 0 ,3 5 0 
marginal,109,799,3,3,Journalist,0.0,Female,3,3 ,3 ,3 
marginal,109,873,4,4,Psychologist,1.0,Male,4,4 6 ,4 6 ,4 6 
marginal,109,1756,2,8,Painter,0.0,Female,8,2 8 ,2 8 9 ,2 8 9 
marginal,109,1174,3,5,Teacher,0.0,Female,3,3 5 ,3 5 0 ,3 5 0 
marginal,109,1798,2,8,Painter,1.0,Male,8,2 8 ,2 8 ,2 8 
marginal,109,289,1,1,Physician,0.0,Female,1,1 ,1 ,1 
marginal,109,1290,6,6,Dentist,1.0,Male,6,6 ,6 ,6 
marginal,109,1915,9,9,Model,0.0,Female,9,9 ,9 ,9 
marginal,109,449,2,2,Photographer,1.0,Male,2,2 ,2 ,2 
marginal,109,633,3,3,Journalist,0.0,Female,3,3 ,3 ,3 
marginal,109,568,2,2,Photographer,1.0,Male,2,2 ,2 ,2 
marginal,109,840,4,4,Psychologist,0.0,Female,4,4 ,4 ,4 
marginal,109,1249,6,6,Dentist,0.0,Female,6,6 ,6 7 ,6 
marginal,109,312,1,1,Physician,1.0,Male,1,1 6 ,1 ,1 6 
marginal,109,409,2,2,Photographer,1.0,Male,2,2 ,2 ,2 3 
marginal,109,1140,0,5,Teacher,1.0,Male,0,0 ,0 ,0 
marginal,109,86,0,0,Professor,0.0,Female,0,5 0 ,5 0 ,5 0 
marginal,109,383,1,1,Physician,1.0,Male,1,1 6 ,1 6 ,1 
marginal,109,688,3,3,Journalist,1.0,Male,3,3 ,3 ,3 0 
marginal,109,1417,1,7,Surgeon,1.0,Male,1,1 ,1 ,1 
marginal,109,1204,6,6,Dentist,1.0,Male,6,6 ,6 ,1 6 
marginal,109,1016,5,5,Teacher,1.0,Male,5,5 0 ,4 5 0 ,4 5 0 
marginal,109,1604,8,8,Painter,0.0,Female,8,8 ,8 ,8 
marginal,109,991,4,4,Psychologist,1.0,Male,5,3 5 ,2 3 4 5 ,2 3 4 5 
marginal,109,1730,8,8,Painter,1.0,Male,8,8 ,8 ,8 
marginal,109,1845,9,9,Model,0.0,Female,9,9 ,3 9 ,9 
marginal,109,804,5,4,Psychologist,0.0,Female,4,4 ,4 ,4 
marginal,109,1444,7,7,Surgeon,0.0,Female,7,1 7 ,1 7 ,1 7 
marginal,109,1540,6,7,Surgeon,0.0,Female,6,6 7 ,6 7 ,6 
marginal,109,1185,5,5,Teacher,1.0,Male,5,5 7 ,5 7 ,5 7 
marginal,109,414,2,2,Photographer,1.0,Male,2,2 ,2 ,2 
marginal,109,1053,5,5,Teacher,0.0,Female,5,2 3 5 9 ,2 5 9 ,2 5 9 
marginal,109,616,3,3,Journalist,0.0,Female,3,3 ,3 ,3 
marginal,109,1956,2,9,Model,0.0,Female,2,2 ,2 ,2 
marginal,109,591,2,2,Photographer,1.0,Male,2,2 8 ,2 4 8 0 ,2 8 0 
marginal,109,1476,7,7,Surgeon,1.0,Male,7,7 ,7 ,6 7 
marginal,109,865,5,4,Psychologist,0.0,Female,5,3 5 ,3 4 5 ,3 4 5 
marginal,109,641,3,3,Journalist,0.0,Female,3,3 ,3 ,3 
marginal,109,1929,2,9,Model,0.0,Female,9,3 9 ,2 3 9 ,3 9 
marginal,109,135,0,0,Professor,1.0,Male,0,0 ,0 ,0 
marginal,109,79,1,0,Professor,0.0,Female,1,1 0 ,1 4 0 ,1 0 
marginal,109,310,6,1,Physician,1.0,Male,1,1 7 ,1 6 7 ,1 7 
marginal,109,1693,8,8,Painter,1.0,Male,8,2 3 5 8 ,2 3 5 8 ,2 3 5 8 
marginal,109,1268,6,6,Dentist,1.0,Male,6,6 ,6 ,6 7 
marginal,109,1586,7,7,Surgeon,1.0,Male,7,7 ,7 ,7 
marginal,109,1216,6,6,Dentist,1.0,Male,6,6 ,6 ,1 6 
marginal,109,110,1,0,Professor,0.0,Female,1,1 0 ,1 ,1 0 
marginal,109,1851,2,9,Model,1.0,Male,9,3 6 9 ,2 3 6 9 ,2 3 6 9 
marginal,110,686,3,3,Journalist,0.0,Female,3,3 ,3 ,3 
marginal,110,236,1,1,Physician,0.0,Female,1,1 6 ,1 ,1 
marginal,110,1583,7,7,Surgeon,1.0,Male,3,3 7 ,3 7 ,3 7 
marginal,110,1190,5,5,Teacher,1.0,Male,0,0 ,5 0 ,5 0 
marginal,110,895,3,4,Psychologist,0.0,Female,4,4 0 ,3 4 0 ,4 0 
marginal,110,59,0,0,Professor,0.0,Female,0,0 ,0 ,0 
marginal,110,1185,5,5,Teacher,1.0,Male,5,5 7 ,5 7 ,5 7 
marginal,110,1110,3,5,Teacher,0.0,Female,5,3 5 ,3 5 ,5 
marginal,110,1609,8,8,Painter,0.0,Female,8,8 ,8 0 ,8 
marginal,110,765,3,3,Journalist,0.0,Female,3,3 ,3 ,3 
marginal,110,719,9,3,Journalist,1.0,Male,5,5 9 ,5 9 ,5 9 
marginal,110,1673,8,8,Painter,1.0,Male,8,8 ,8 ,8 
marginal,110,1399,6,6,Dentist,1.0,Male,6,6 ,6 ,6 7 
marginal,110,1957,9,9,Model,0.0,Female,9,9 ,2 9 ,9 
marginal,110,104,0,0,Professor,1.0,Male,0,0 ,0 ,0 
marginal,110,21,0,0,Professor,0.0,Female,0,0 ,0 ,0 
marginal,110,550,2,2,Photographer,1.0,Male,2,2 3 ,2 3 ,2 3 
marginal,110,17,3,0,Professor,1.0,Male,3,3 0 ,3 5 0 ,3 5 0 
marginal,110,1216,6,6,Dentist,1.0,Male,6,6 ,6 ,1 6 
marginal,110,1560,1,7,Surgeon,0.0,Female,6,1 6 7 ,1 6 7 0 ,1 6 7 0 
marginal,110,1941,9,9,Model,0.0,Female,9,9 ,9 ,9 
marginal,110,1639,2,8,Painter,1.0,Male,2,2 8 ,2 8 ,2 8 
marginal,110,982,4,4,Psychologist,0.0,Female,4,4 ,4 ,4 
marginal,110,1273,6,6,Dentist,0.0,Female,6,6 ,6 ,6 
marginal,110,134,0,0,Professor,1.0,Male,0,0 ,0 ,3 0 
marginal,110,991,4,4,Psychologist,1.0,Male,5,3 5 ,2 3 4 5 ,2 3 4 5 
marginal,110,1401,1,7,Surgeon,1.0,Male,1,1 7 ,1 7 ,1 7 
marginal,110,1976,9,9,Model,0.0,Female,3,3 5 9 ,2 3 5 9 ,3 5 9 
marginal,110,495,2,2,Photographer,0.0,Female,2,2 ,2 ,2 
marginal,110,342,0,1,Physician,1.0,Male,0,1 0 ,0 ,1 0 
marginal,110,1278,6,6,Dentist,1.0,Male,6,6 7 ,6 7 ,6 7 
marginal,110,1965,3,9,Model,1.0,Male,3,3 6 ,2 3 6 ,2 3 6 
marginal,110,309,1,1,Physician,0.0,Female,1,1 6 ,1 ,1 
marginal,110,225,1,1,Physician,0.0,Female,1,1 ,1 ,1 
marginal,110,849,0,4,Psychologist,0.0,Female,4,4 0 ,4 0 ,4 
marginal,110,229,1,1,Physician,0.0,Female,1,1 ,1 ,1 
marginal,110,689,3,3,Journalist,1.0,Male,3,3 ,3 ,3 5 
marginal,110,1768,8,8,Painter,0.0,Female,5,2 3 5 ,2 3 5 8 ,2 3 5 
marginal,110,1604,7,8,Painter,0.0,Female,8,8 ,8 ,8 
marginal,110,437,2,2,Photographer,0.0,Female,2,2 ,2 ,2 
marginal,110,1135,5,5,Teacher,0.0,Female,5,5 9 ,5 ,5 
marginal,110,1297,6,6,Dentist,1.0,Male,6,6 ,6 ,6 
marginal,110,413,8,2,Photographer,1.0,Male,8,8 ,8 ,2 8 
marginal,110,1008,5,5,Teacher,0.0,Female,5,3 5 ,3 5 8 ,3 5 8 
marginal,110,509,2,2,Photographer,1.0,Male,2,2 ,2 ,2 
marginal,110,1995,9,9,Model,0.0,Female,9,9 ,9 ,9 
marginal,110,878,4,4,Psychologist,1.0,Male,0,4 0 ,4 6 0 ,4 6 0 
marginal,110,1417,1,7,Surgeon,1.0,Male,1,1 ,1 ,1 
marginal,110,637,3,3,Journalist,0.0,Female,3,2 3 ,2 3 5 ,2 3 
marginal,110,1504,7,7,Surgeon,1.0,Male,7,1 7 ,1 7 ,1 7 
marginal,111,688,3,3,Journalist,1.0,Male,3,3 ,3 ,3 0 
marginal,111,1008,5,5,Teacher,0.0,Female,5,3 5 ,3 5 8 ,3 5 8 
marginal,111,310,7,1,Physician,1.0,Male,1,1 7 ,1 6 7 ,1 7 
marginal,111,1204,6,6,Dentist,1.0,Male,6,6 ,6 ,1 6 
marginal,111,550,9,2,Photographer,1.0,Male,2,2 3 ,2 3 ,2 3 
marginal,111,1216,6,6,Dentist,1.0,Male,6,6 ,6 ,1 6 
marginal,111,1673,8,8,Painter,1.0,Male,8,8 ,8 ,8 
marginal,111,1273,6,6,Dentist,0.0,Female,6,6 ,6 ,6 
marginal,111,591,8,2,Photographer,1.0,Male,2,2 8 ,2 4 8 0 ,2 8 0 
marginal,111,61,0,0,Professor,0.0,Female,0,0 ,0 ,0 
marginal,111,495,2,2,Photographer,0.0,Female,2,2 ,2 ,2 
marginal,111,878,4,4,Psychologist,1.0,Male,0,4 0 ,4 6 0 ,4 6 0 
marginal,111,1444,7,7,Surgeon,0.0,Female,7,1 7 ,1 7 ,1 7 
marginal,111,840,4,4,Psychologist,0.0,Female,4,4 ,4 ,4 
marginal,111,1174,0,5,Teacher,0.0,Female,3,3 5 ,3 5 0 ,3 5 0 
marginal,111,237,7,1,Physician,0.0,Female,1,1 ,1 ,1 
marginal,111,1185,5,5,Teacher,1.0,Male,5,5 7 ,5 7 ,5 7 
marginal,111,1956,2,9,Model,0.0,Female,2,2 ,2 ,2 
marginal,111,633,3,3,Journalist,0.0,Female,3,3 ,3 ,3 
marginal,111,135,0,0,Professor,1.0,Male,0,0 ,0 ,0 
marginal,111,1477,7,7,Surgeon,1.0,Male,7,7 ,7 ,6 7 
marginal,111,686,3,3,Journalist,0.0,Female,3,3 ,3 ,3 
marginal,111,1604,8,8,Painter,0.0,Female,8,8 ,8 ,8 
marginal,111,449,2,2,Photographer,1.0,Male,2,2 ,2 ,2 
marginal,111,991,4,4,Psychologist,1.0,Male,5,3 5 ,2 3 4 5 ,2 3 4 5 
marginal,111,1560,7,7,Surgeon,0.0,Female,6,1 6 7 ,1 6 7 0 ,1 6 7 0 
marginal,111,1417,1,7,Surgeon,1.0,Male,1,1 ,1 ,1 
marginal,111,1845,3,9,Model,0.0,Female,9,9 ,3 9 ,9 
marginal,111,1798,2,8,Painter,1.0,Male,8,2 8 ,2 8 ,2 8 
marginal,111,638,4,3,Journalist,0.0,Female,4,4 5 ,4 5 0 ,4 5 
marginal,111,21,0,0,Professor,0.0,Female,0,0 ,0 ,0 
marginal,111,293,1,1,Physician,1.0,Male,1,1 0 ,1 7 0 ,1 7 0 
marginal,111,414,2,2,Photographer,1.0,Male,2,2 ,2 ,2 
marginal,111,1016,0,5,Teacher,1.0,Male,5,5 0 ,4 5 0 ,4 5 0 
marginal,111,1995,9,9,Model,0.0,Female,9,9 ,9 ,9 
marginal,111,1914,9,9,Model,0.0,Female,9,9 ,9 ,9 
marginal,111,85,8,0,Professor,1.0,Male,2,2 8 ,2 8 0 ,2 8 
marginal,111,1639,2,8,Painter,1.0,Male,2,2 8 ,2 8 ,2 8 
marginal,111,799,3,3,Journalist,0.0,Female,3,3 ,3 ,3 
marginal,111,1755,8,8,Painter,0.0,Female,8,8 ,8 ,8 
marginal,111,849,4,4,Psychologist,0.0,Female,4,4 0 ,4 0 ,4 
marginal,111,343,6,1,Physician,0.0,Female,1,1 6 ,1 6 ,1 6 
marginal,111,110,1,0,Professor,0.0,Female,1,1 0 ,1 ,1 0 
marginal,111,1249,6,6,Dentist,0.0,Female,6,6 ,6 7 ,6 
marginal,111,313,5,1,Physician,0.0,Female,1,1 ,1 ,1 
marginal,111,1965,3,9,Model,1.0,Male,3,3 6 ,2 3 6 ,2 3 6 
marginal,111,1399,6,6,Dentist,1.0,Male,6,6 ,6 ,6 7 
marginal,111,1401,7,7,Surgeon,1.0,Male,1,1 7 ,1 7 ,1 7 
marginal,111,873,4,4,Psychologist,1.0,Male,4,4 6 ,4 6 ,4 6 
marginal,111,1135,5,5,Teacher,0.0,Female,5,5 9 ,5 ,5 
marginal,112,1915,9,9,Model,0.0,Female,9,9 ,9 ,9 
marginal,112,1730,8,8,Painter,1.0,Male,8,8 ,8 ,8 
marginal,112,1756,2,8,Painter,0.0,Female,8,2 8 ,2 8 9 ,2 8 9 
marginal,112,1604,8,8,Painter,0.0,Female,8,8 ,8 ,8 
marginal,112,79,1,0,Professor,0.0,Female,1,1 0 ,1 4 0 ,1 0 
marginal,112,616,3,3,Journalist,0.0,Female,3,3 ,3 ,3 
marginal,112,1693,3,8,Painter,1.0,Male,8,2 3 5 8 ,2 3 5 8 ,2 3 5 8 
marginal,112,1417,1,7,Surgeon,1.0,Male,1,1 ,1 ,1 
marginal,112,86,0,0,Professor,0.0,Female,0,5 0 ,5 0 ,5 0 
marginal,112,991,4,4,Psychologist,1.0,Male,5,3 5 ,2 3 4 5 ,2 3 4 5 
marginal,112,1268,6,6,Dentist,1.0,Male,6,6 ,6 ,6 7 
marginal,112,1140,0,5,Teacher,1.0,Male,0,0 ,0 ,0 
marginal,112,1185,5,5,Teacher,1.0,Male,5,5 7 ,5 7 ,5 7 
marginal,112,1053,5,5,Teacher,0.0,Female,5,2 3 5 9 ,2 5 9 ,2 5 9 
marginal,112,865,0,4,Psychologist,0.0,Female,5,3 5 ,3 4 5 ,3 4 5 
marginal,112,409,2,2,Photographer,1.0,Male,2,2 ,2 ,2 3 
marginal,112,1929,3,9,Model,0.0,Female,9,3 9 ,2 3 9 ,3 9 
marginal,112,688,3,3,Journalist,1.0,Male,3,3 ,3 ,3 0 
marginal,112,294,1,1,Physician,0.0,Female,1,1 ,1 ,1 
marginal,112,414,2,2,Photographer,1.0,Male,2,2 ,2 ,2 
marginal,112,289,1,1,Physician,0.0,Female,1,1 ,1 ,1 
marginal,112,799,3,3,Journalist,0.0,Female,3,3 ,3 ,3 
marginal,112,310,7,1,Physician,1.0,Male,1,1 7 ,1 6 7 ,1 7 
marginal,112,1798,2,8,Painter,1.0,Male,8,2 8 ,2 8 ,2 8 
marginal,112,633,3,3,Journalist,0.0,Female,3,3 ,3 ,3 
marginal,112,1540,6,7,Surgeon,0.0,Female,6,6 7 ,6 7 ,6 
marginal,112,1851,9,9,Model,1.0,Male,9,3 6 9 ,2 3 6 9 ,2 3 6 9 
marginal,112,135,0,0,Professor,1.0,Male,0,0 ,0 ,0 
marginal,112,591,2,2,Photographer,1.0,Male,2,2 8 ,2 4 8 0 ,2 8 0 
marginal,112,1476,7,7,Surgeon,1.0,Male,7,7 ,7 ,6 7 
marginal,112,641,3,3,Journalist,0.0,Female,3,3 ,3 ,3 
marginal,112,110,1,0,Professor,0.0,Female,1,1 0 ,1 ,1 0 
marginal,112,1956,2,9,Model,0.0,Female,2,2 ,2 ,2 
marginal,112,1204,6,6,Dentist,1.0,Male,6,6 ,6 ,1 6 
marginal,112,1016,0,5,Teacher,1.0,Male,5,5 0 ,4 5 0 ,4 5 0 
marginal,112,1444,1,7,Surgeon,0.0,Female,7,1 7 ,1 7 ,1 7 
marginal,112,153,3,0,Professor,1.0,Male,0,3 0 ,3 5 0 ,3 5 0 
marginal,112,312,1,1,Physician,1.0,Male,1,1 6 ,1 ,1 6 
marginal,112,1845,9,9,Model,0.0,Female,9,9 ,3 9 ,9 
marginal,112,383,1,1,Physician,1.0,Male,1,1 6 ,1 6 ,1 
marginal,112,449,2,2,Photographer,1.0,Male,2,2 ,2 ,2 
marginal,112,840,4,4,Psychologist,0.0,Female,4,4 ,4 ,4 
marginal,112,568,2,2,Photographer,1.0,Male,2,2 ,2 ,2 
marginal,112,1174,0,5,Teacher,0.0,Female,3,3 5 ,3 5 0 ,3 5 0 
marginal,112,1216,6,6,Dentist,1.0,Male,6,6 ,6 ,1 6 
marginal,112,804,4,4,Psychologist,0.0,Female,4,4 ,4 ,4 
marginal,112,1290,6,6,Dentist,1.0,Male,6,6 ,6 ,6 
marginal,112,873,4,4,Psychologist,1.0,Male,4,4 6 ,4 6 ,4 6 
marginal,112,1249,6,6,Dentist,0.0,Female,6,6 ,6 7 ,6 
marginal,112,1586,7,7,Surgeon,1.0,Male,7,7 ,7 ,7 
marginal,113,616,3,3,Journalist,0.0,Female,3,3 ,3 ,3 
marginal,113,1140,0,5,Teacher,1.0,Male,0,0 ,0 ,0 
marginal,113,1995,9,9,Model,0.0,Female,9,9 ,9 ,9 
marginal,113,865,4,4,Psychologist,0.0,Female,5,3 5 ,3 4 5 ,3 4 5 
marginal,113,1269,6,6,Dentist,1.0,Male,6,6 ,6 ,6 7 
marginal,113,110,1,0,Professor,0.0,Female,1,1 0 ,1 ,1 0 
marginal,113,414,2,2,Photographer,1.0,Male,2,2 ,2 ,2 
marginal,113,448,3,2,Photographer,1.0,Male,3,3 5 ,3 5 ,3 5 
marginal,113,1755,8,8,Painter,0.0,Female,8,8 ,8 ,8 
marginal,113,1204,6,6,Dentist,1.0,Male,6,6 ,6 ,1 6 
marginal,113,1845,9,9,Model,0.0,Female,9,9 ,3 9 ,9 
marginal,113,1016,0,5,Teacher,1.0,Male,5,5 0 ,4 5 0 ,4 5 0 
marginal,113,294,1,1,Physician,0.0,Female,1,1 ,1 ,1 
marginal,113,1798,2,8,Painter,1.0,Male,8,2 8 ,2 8 ,2 8 
marginal,113,61,0,0,Professor,0.0,Female,0,0 ,0 ,0 
marginal,113,85,8,0,Professor,1.0,Male,2,2 8 ,2 8 0 ,2 8 
marginal,113,1604,8,8,Painter,0.0,Female,8,8 ,8 ,8 
marginal,113,1930,9,9,Model,0.0,Female,9,9 ,9 ,9 
marginal,113,153,0,0,Professor,1.0,Male,0,3 0 ,3 5 0 ,3 5 0 
marginal,113,591,8,2,Photographer,1.0,Male,2,2 8 ,2 4 8 0 ,2 8 0 
marginal,113,1135,5,5,Teacher,0.0,Female,5,5 9 ,5 ,5 
marginal,113,1560,7,7,Surgeon,0.0,Female,6,1 6 7 ,1 6 7 0 ,1 6 7 0 
marginal,113,1249,6,6,Dentist,0.0,Female,6,6 ,6 7 ,6 
marginal,113,1174,5,5,Teacher,0.0,Female,3,3 5 ,3 5 0 ,3 5 0 
marginal,113,1417,1,7,Surgeon,1.0,Male,1,1 ,1 ,1 
marginal,113,343,1,1,Physician,0.0,Female,1,1 6 ,1 6 ,1 6 
marginal,113,313,1,1,Physician,0.0,Female,1,1 ,1 ,1 
marginal,113,310,7,1,Physician,1.0,Male,1,1 7 ,1 6 7 ,1 7 
marginal,113,638,4,3,Journalist,0.0,Female,4,4 5 ,4 5 0 ,4 5 
marginal,113,1273,6,6,Dentist,0.0,Female,6,6 ,6 ,6 
marginal,113,383,1,1,Physician,1.0,Male,1,1 6 ,1 6 ,1 
marginal,113,1216,6,6,Dentist,1.0,Male,6,6 ,6 ,1 6 
marginal,113,1956,2,9,Model,0.0,Female,2,2 ,2 ,2 
marginal,113,1476,8,7,Surgeon,1.0,Male,7,7 ,7 ,6 7 
marginal,113,799,3,3,Journalist,0.0,Female,3,3 ,3 ,3 
marginal,113,991,4,4,Psychologist,1.0,Male,5,3 5 ,2 3 4 5 ,2 3 4 5 
marginal,113,1673,8,8,Painter,1.0,Male,8,8 ,8 ,8 
marginal,113,409,2,2,Photographer,1.0,Male,2,2 ,2 ,2 3 
marginal,113,873,4,4,Psychologist,1.0,Male,4,4 6 ,4 6 ,4 6 
marginal,113,848,4,4,Psychologist,0.0,Female,4,4 ,4 ,4 
marginal,113,840,1,4,Psychologist,0.0,Female,4,4 ,4 ,4 
marginal,113,1915,9,9,Model,0.0,Female,9,9 ,9 ,9 
marginal,113,1185,5,5,Teacher,1.0,Male,5,5 7 ,5 7 ,5 7 
marginal,113,1693,3,8,Painter,1.0,Male,8,2 3 5 8 ,2 3 5 8 ,2 3 5 8 
marginal,113,633,3,3,Journalist,0.0,Female,3,3 ,3 ,3 
marginal,113,1586,7,7,Surgeon,1.0,Male,7,7 ,7 ,7 
marginal,113,550,2,2,Photographer,1.0,Male,2,2 3 ,2 3 ,2 3 
marginal,113,1444,7,7,Surgeon,0.0,Female,7,1 7 ,1 7 ,1 7 
marginal,113,135,0,0,Professor,1.0,Male,0,0 ,0 ,0 
marginal,113,689,3,3,Journalist,1.0,Male,3,3 ,3 ,3 5 
marginal,114,1941,9,9,Model,0.0,Female,9,9 ,9 ,9 
marginal,114,1639,2,8,Painter,1.0,Male,2,2 8 ,2 8 ,2 8 
marginal,114,437,2,2,Photographer,0.0,Female,2,2 ,2 ,2 
marginal,114,1294,6,6,Dentist,0.0,Female,6,6 ,6 ,6 
marginal,114,1965,2,9,Model,1.0,Male,3,3 6 ,2 3 6 ,2 3 6 
marginal,114,1296,9,6,Dentist,1.0,Male,7,7 ,5 7 ,5 7 
marginal,114,1505,3,7,Surgeon,1.0,Male,3,3 5 ,3 5 ,3 5 
marginal,114,669,3,3,Journalist,1.0,Male,3,2 3 ,2 3 ,2 3 
marginal,114,59,1,0,Professor,0.0,Female,0,0 ,0 ,0 
marginal,114,719,3,3,Journalist,1.0,Male,5,5 9 ,5 9 ,5 9 
marginal,114,229,1,1,Physician,0.0,Female,1,1 ,1 ,1 
marginal,114,1401,7,7,Surgeon,1.0,Male,1,1 7 ,1 7 ,1 7 
marginal,114,304,7,1,Physician,1.0,Male,1,1 6 7 ,1 7 ,1 
marginal,114,765,1,3,Journalist,0.0,Female,3,3 ,3 ,3 
marginal,114,1110,3,5,Teacher,0.0,Female,5,3 5 ,3 5 ,5 
marginal,114,1888,0,9,Model,0.0,Female,3,3 9 ,1 3 4 7 9 ,3 7 9 
marginal,114,103,0,0,Professor,1.0,Male,0,0 ,0 ,4 0 
marginal,114,549,2,2,Photographer,1.0,Male,2,2 ,2 ,2 
marginal,114,1278,6,6,Dentist,1.0,Male,6,6 7 ,6 7 ,6 7 
marginal,114,1657,8,8,Painter,1.0,Male,5,5 8 9 ,5 8 9 ,5 8 9 
marginal,114,1995,9,9,Model,0.0,Female,9,9 ,9 ,9 
marginal,114,1583,1,7,Surgeon,1.0,Male,3,3 7 ,3 7 ,3 7 
marginal,114,895,3,4,Psychologist,0.0,Female,4,4 0 ,3 4 0 ,4 0 
marginal,114,21,0,0,Professor,0.0,Female,0,0 ,0 ,0 
marginal,114,494,2,2,Photographer,0.0,Female,2,2 9 ,2 9 ,2 9 
marginal,114,342,7,1,Physician,1.0,Male,0,1 0 ,0 ,1 0 
marginal,114,637,3,3,Journalist,0.0,Female,3,2 3 ,2 3 5 ,2 3 
marginal,114,1039,9,5,Teacher,1.0,Male,3,2 3 9 ,2 3 5 9 ,2 3 9 
marginal,114,1560,7,7,Surgeon,0.0,Female,6,1 6 7 ,1 6 7 0 ,1 6 7 0 
marginal,114,973,4,4,Psychologist,0.0,Female,4,4 ,4 6 ,4 
marginal,114,1673,8,8,Painter,1.0,Male,8,8 ,8 ,8 
marginal,114,982,4,4,Psychologist,0.0,Female,4,4 ,4 ,4 
marginal,114,1399,6,6,Dentist,1.0,Male,6,6 ,6 ,6 7 
marginal,114,225,7,1,Physician,0.0,Female,1,1 ,1 ,1 
marginal,114,16,1,0,Professor,1.0,Male,5,5 ,5 ,5 
marginal,114,235,7,1,Physician,0.0,Female,1,1 ,1 ,1 
marginal,114,1976,9,9,Model,0.0,Female,3,3 5 9 ,2 3 5 9 ,3 5 9 
marginal,114,849,0,4,Psychologist,0.0,Female,4,4 0 ,4 0 ,4 
marginal,114,1135,5,5,Teacher,0.0,Female,5,5 9 ,5 ,5 
marginal,114,1273,6,6,Dentist,0.0,Female,6,6 ,6 ,6 
marginal,114,1190,5,5,Teacher,1.0,Male,0,0 ,5 0 ,5 0 
marginal,114,11,7,0,Professor,1.0,Male,0,1 0 ,1 0 ,1 0 
marginal,114,433,2,2,Photographer,0.0,Female,2,2 ,2 ,2 
marginal,114,508,2,2,Photographer,1.0,Male,2,2 ,2 ,2 
marginal,114,686,3,3,Journalist,0.0,Female,3,3 ,3 ,3 
marginal,114,1609,3,8,Painter,0.0,Female,8,8 ,8 0 ,8 
marginal,114,1009,3,5,Teacher,1.0,Male,3,2 3 ,2 3 ,2 3 4 
marginal,114,877,4,4,Psychologist,0.0,Female,3,3 4 5 ,3 4 5 ,3 4 5 
marginal,114,1768,8,8,Painter,0.0,Female,5,2 3 5 ,2 3 5 8 ,2 3 5 
marginal,114,1406,7,7,Surgeon,1.0,Male,7,1 6 7 ,1 6 7 0 ,1 6 7 0 
marginal,115,1405,7,7,Surgeon,1.0,Male,7,7 ,7 ,1 7 
marginal,115,1147,5,5,Teacher,0.0,Female,5,5 ,5 ,5 
marginal,115,402,2,2,Photographer,1.0,Male,2,2 ,2 ,2 
marginal,115,1888,1,9,Model,0.0,Female,3,3 9 ,1 3 4 7 9 ,3 7 9 
marginal,115,1810,9,9,Model,0.0,Female,9,9 ,9 ,9 
marginal,115,1646,8,8,Painter,0.0,Female,2,2 ,2 5 8 ,2 8 
marginal,115,669,3,3,Journalist,1.0,Male,3,2 3 ,2 3 ,2 3 
marginal,115,1777,8,8,Painter,0.0,Female,8,8 ,8 ,8 
marginal,115,1225,7,6,Dentist,1.0,Male,6,6 7 ,6 7 ,6 7 
marginal,115,95,0,0,Professor,0.0,Female,0,0 ,0 ,0 
marginal,115,432,9,2,Photographer,1.0,Male,2,2 ,2 9 ,2 9 
marginal,115,1918,9,9,Model,1.0,Male,9,5 9 ,2 5 9 ,2 5 9 0 
marginal,115,664,3,3,Journalist,1.0,Male,3,2 3 0 ,1 2 3 0 ,1 2 3 0 
marginal,115,43,0,0,Professor,0.0,Female,0,0 ,0 ,4 0 
marginal,115,255,1,1,Physician,0.0,Female,1,1 6 ,1 6 ,1 
marginal,115,1293,6,6,Dentist,1.0,Male,6,6 ,6 ,6 
marginal,115,1372,6,6,Dentist,0.0,Female,6,6 ,6 ,6 
marginal,115,266,1,1,Physician,0.0,Female,1,1 6 ,1 ,1 
marginal,115,1590,7,7,Surgeon,1.0,Male,7,7 ,7 ,6 7 
marginal,115,11,1,0,Professor,1.0,Male,0,1 0 ,1 0 ,1 0 
marginal,115,138,0,0,Professor,1.0,Male,3,3 0 ,3 5 0 ,3 4 5 0 
marginal,115,643,3,3,Journalist,1.0,Male,3,3 ,3 ,3 
marginal,115,951,4,4,Psychologist,1.0,Male,4,4 ,4 ,4 
marginal,115,542,2,2,Photographer,0.0,Female,2,2 ,2 ,2 
marginal,115,1104,5,5,Teacher,0.0,Female,5,5 ,5 ,5 
marginal,115,1833,9,9,Model,0.0,Female,2,2 3 5 9 ,2 3 5 9 ,2 3 9 
marginal,115,1153,5,5,Teacher,1.0,Male,2,2 3 ,2 3 5 ,2 3 5 
marginal,115,631,3,3,Journalist,1.0,Male,3,3 ,3 ,2 3 
marginal,115,1734,8,8,Painter,1.0,Male,8,8 ,8 ,8 
marginal,115,262,1,1,Physician,0.0,Female,1,1 ,1 6 ,1 6 
marginal,115,1487,0,7,Surgeon,0.0,Female,0,0 ,4 0 ,4 0 
marginal,115,498,2,2,Photographer,1.0,Male,2,2 ,2 ,2 
marginal,115,706,3,3,Journalist,1.0,Male,3,3 ,3 ,3 
marginal,115,832,4,4,Psychologist,1.0,Male,4,4 ,4 ,4 
marginal,115,10,0,0,Professor,0.0,Female,0,0 ,0 ,0 
marginal,115,1229,7,6,Dentist,0.0,Female,6,6 7 ,6 7 ,6 7 
marginal,115,971,0,4,Psychologist,0.0,Female,0,0 ,0 ,0 
marginal,115,1557,7,7,Surgeon,1.0,Male,7,7 ,7 ,1 7 
marginal,115,1658,8,8,Painter,1.0,Male,8,2 8 ,2 5 8 ,2 5 8 
marginal,115,1949,9,9,Model,0.0,Female,9,3 9 ,3 9 ,3 9 
marginal,115,1501,1,7,Surgeon,1.0,Male,7,1 6 7 ,1 6 7 ,1 6 7 
marginal,115,267,1,1,Physician,0.0,Female,1,1 6 ,1 6 ,1 
marginal,115,1157,0,5,Teacher,0.0,Female,5,1 5 0 ,5 0 ,5 0 
marginal,115,1759,8,8,Painter,0.0,Female,8,8 ,8 ,8 
marginal,115,1038,5,5,Teacher,0.0,Female,5,5 ,5 ,5 
marginal,115,1326,6,6,Dentist,0.0,Female,6,6 ,6 ,6 
marginal,115,403,3,2,Photographer,1.0,Male,2,2 5 ,2 3 5 9 ,2 3 5 9 
marginal,115,867,4,4,Psychologist,0.0,Female,4,4 ,4 ,4 
marginal,115,330,1,1,Physician,0.0,Female,1,1 6 ,1 6 ,1 
marginal,115,837,4,4,Psychologist,0.0,Female,4,4 ,4 ,4 
marginal,116,135,0,0,Professor,1.0,Male,0,0 ,0 ,0 
marginal,116,1693,2,8,Painter,1.0,Male,8,2 3 5 8 ,2 3 5 8 ,2 3 5 8 
marginal,116,414,2,2,Photographer,1.0,Male,2,2 ,2 ,2 
marginal,116,86,0,0,Professor,0.0,Female,0,5 0 ,5 0 ,5 0 
marginal,116,616,3,3,Journalist,0.0,Female,3,3 ,3 ,3 
marginal,116,1016,0,5,Teacher,1.0,Male,5,5 0 ,4 5 0 ,4 5 0 
marginal,116,991,4,4,Psychologist,1.0,Male,5,3 5 ,2 3 4 5 ,2 3 4 5 
marginal,116,591,2,2,Photographer,1.0,Male,2,2 8 ,2 4 8 0 ,2 8 0 
marginal,116,873,4,4,Psychologist,1.0,Male,4,4 6 ,4 6 ,4 6 
marginal,116,383,1,1,Physician,1.0,Male,1,1 6 ,1 6 ,1 
marginal,116,804,4,4,Psychologist,0.0,Female,4,4 ,4 ,4 
marginal,116,1185,5,5,Teacher,1.0,Male,5,5 7 ,5 7 ,5 7 
marginal,116,1290,6,6,Dentist,1.0,Male,6,6 ,6 ,6 
marginal,116,641,3,3,Journalist,0.0,Female,3,3 ,3 ,3 
marginal,116,1845,3,9,Model,0.0,Female,9,9 ,3 9 ,9 
marginal,116,294,1,1,Physician,0.0,Female,1,1 ,1 ,1 
marginal,116,1268,6,6,Dentist,1.0,Male,6,6 ,6 ,6 7 
marginal,116,312,1,1,Physician,1.0,Male,1,1 6 ,1 ,1 6 
marginal,116,840,4,4,Psychologist,0.0,Female,4,4 ,4 ,4 
marginal,116,1417,1,7,Surgeon,1.0,Male,1,1 ,1 ,1 
marginal,116,1730,8,8,Painter,1.0,Male,8,8 ,8 ,8 
marginal,116,633,3,3,Journalist,0.0,Female,3,3 ,3 ,3 
marginal,116,1915,9,9,Model,0.0,Female,9,9 ,9 ,9 
marginal,116,865,5,4,Psychologist,0.0,Female,5,3 5 ,3 4 5 ,3 4 5 
marginal,116,449,2,2,Photographer,1.0,Male,2,2 ,2 ,2 
marginal,116,1476,7,7,Surgeon,1.0,Male,7,7 ,7 ,6 7 
marginal,116,110,1,0,Professor,0.0,Female,1,1 0 ,1 ,1 0 
marginal,116,1604,8,8,Painter,0.0,Female,8,8 ,8 ,8 
marginal,116,1444,1,7,Surgeon,0.0,Female,7,1 7 ,1 7 ,1 7 
marginal,116,409,2,2,Photographer,1.0,Male,2,2 ,2 ,2 3 
marginal,116,1174,0,5,Teacher,0.0,Female,3,3 5 ,3 5 0 ,3 5 0 
marginal,116,1956,2,9,Model,0.0,Female,2,2 ,2 ,2 
marginal,116,1798,2,8,Painter,1.0,Male,8,2 8 ,2 8 ,2 8 
marginal,116,1140,0,5,Teacher,1.0,Male,0,0 ,0 ,0 
marginal,116,79,2,0,Professor,0.0,Female,1,1 0 ,1 4 0 ,1 0 
marginal,116,1756,8,8,Painter,0.0,Female,8,2 8 ,2 8 9 ,2 8 9 
marginal,116,1216,6,6,Dentist,1.0,Male,6,6 ,6 ,1 6 
marginal,116,153,3,0,Professor,1.0,Male,0,3 0 ,3 5 0 ,3 5 0 
marginal,116,1249,7,6,Dentist,0.0,Female,6,6 ,6 7 ,6 
marginal,116,1851,9,9,Model,1.0,Male,9,3 6 9 ,2 3 6 9 ,2 3 6 9 
marginal,116,1204,6,6,Dentist,1.0,Male,6,6 ,6 ,1 6 
marginal,116,799,3,3,Journalist,0.0,Female,3,3 ,3 ,3 
marginal,116,289,1,1,Physician,0.0,Female,1,1 ,1 ,1 
marginal,116,1540,7,7,Surgeon,0.0,Female,6,6 7 ,6 7 ,6 
marginal,116,310,7,1,Physician,1.0,Male,1,1 7 ,1 6 7 ,1 7 
marginal,116,1586,7,7,Surgeon,1.0,Male,7,7 ,7 ,7 
marginal,116,688,3,3,Journalist,1.0,Male,3,3 ,3 ,3 0 
marginal,116,1929,9,9,Model,0.0,Female,9,3 9 ,2 3 9 ,3 9 
marginal,116,568,2,2,Photographer,1.0,Male,2,2 ,2 ,2 
marginal,116,1053,2,5,Teacher,0.0,Female,5,2 3 5 9 ,2 5 9 ,2 5 9 
marginal,117,138,0,0,Professor,1.0,Male,3,3 0 ,3 5 0 ,3 4 5 0 
marginal,117,432,2,2,Photographer,1.0,Male,2,2 ,2 9 ,2 9 
marginal,117,94,5,0,Professor,0.0,Female,0,2 5 0 ,2 5 0 ,5 0 
marginal,117,1157,5,5,Teacher,0.0,Female,5,1 5 0 ,5 0 ,5 0 
marginal,117,1505,3,7,Surgeon,1.0,Male,3,3 5 ,3 5 ,3 5 
marginal,117,1501,1,7,Surgeon,1.0,Male,7,1 6 7 ,1 6 7 ,1 6 7 
marginal,117,266,1,1,Physician,0.0,Female,1,1 6 ,1 ,1 
marginal,117,1038,5,5,Teacher,0.0,Female,5,5 ,5 ,5 
marginal,117,1792,8,8,Painter,1.0,Male,8,8 ,8 ,8 
marginal,117,1658,2,8,Painter,1.0,Male,8,2 8 ,2 5 8 ,2 5 8 
marginal,117,837,4,4,Psychologist,0.0,Female,4,4 ,4 ,4 
marginal,117,498,2,2,Photographer,1.0,Male,2,2 ,2 ,2 
marginal,117,1941,9,9,Model,0.0,Female,9,9 ,9 ,9 
marginal,117,976,4,4,Psychologist,0.0,Female,4,1 4 ,4 ,4 
marginal,117,1768,3,8,Painter,0.0,Female,5,2 3 5 ,2 3 5 8 ,2 3 5 
marginal,117,1777,8,8,Painter,0.0,Female,8,8 ,8 ,8 
marginal,117,763,3,3,Journalist,1.0,Male,3,3 ,3 ,3 
marginal,117,330,1,1,Physician,0.0,Female,1,1 6 ,1 6 ,1 
marginal,117,103,0,0,Professor,1.0,Male,0,0 ,0 ,4 0 
marginal,117,1918,9,9,Model,1.0,Male,9,5 9 ,2 5 9 ,2 5 9 0 
marginal,117,894,4,4,Psychologist,1.0,Male,4,4 ,4 ,4 0 
marginal,117,437,2,2,Photographer,0.0,Female,2,2 ,2 ,2 
marginal,117,1809,9,9,Model,0.0,Female,9,9 ,9 ,9 
marginal,117,1949,9,9,Model,0.0,Female,9,3 9 ,3 9 ,3 9 
marginal,117,631,3,3,Journalist,1.0,Male,3,3 ,3 ,2 3 
marginal,117,1888,0,9,Model,0.0,Female,3,3 9 ,1 3 4 7 9 ,3 7 9 
marginal,117,1229,6,6,Dentist,0.0,Female,6,6 7 ,6 7 ,6 7 
marginal,117,267,1,1,Physician,0.0,Female,1,1 6 ,1 6 ,1 
marginal,117,1487,0,7,Surgeon,0.0,Female,0,0 ,4 0 ,4 0 
marginal,117,1759,8,8,Painter,0.0,Female,8,8 ,8 ,8 
marginal,117,10,0,0,Professor,0.0,Female,0,0 ,0 ,0 
marginal,117,1373,6,6,Dentist,0.0,Female,6,6 ,6 ,6 
marginal,117,1294,6,6,Dentist,0.0,Female,6,6 ,6 ,6 
marginal,117,833,4,4,Psychologist,1.0,Male,4,4 ,4 ,4 
marginal,117,1148,8,5,Teacher,1.0,Male,2,2 8 ,2 8 ,2 8 
marginal,117,1327,6,6,Dentist,0.0,Female,6,1 6 7 ,1 6 ,1 6 
marginal,117,254,1,1,Physician,0.0,Female,1,1 ,1 ,1 
marginal,117,11,0,0,Professor,1.0,Male,0,1 0 ,1 0 ,1 0 
marginal,117,669,3,3,Journalist,1.0,Male,3,2 3 ,2 3 ,2 3 
marginal,117,664,3,3,Journalist,1.0,Male,3,2 3 0 ,1 2 3 0 ,1 2 3 0 
marginal,117,643,3,3,Journalist,1.0,Male,3,3 ,3 ,3 
marginal,117,971,0,4,Psychologist,0.0,Female,0,0 ,0 ,0 
marginal,117,1153,3,5,Teacher,1.0,Male,2,2 3 ,2 3 5 ,2 3 5 
marginal,117,1109,5,5,Teacher,0.0,Female,5,5 ,5 ,5 
marginal,117,543,2,2,Photographer,0.0,Female,2,2 9 ,2 3 4 9 ,2 4 9 
marginal,117,1277,6,6,Dentist,1.0,Male,6,6 ,6 ,6 7 
marginal,117,224,1,1,Physician,0.0,Female,1,1 6 ,1 6 ,1 6 
marginal,117,403,3,2,Photographer,1.0,Male,2,2 5 ,2 3 5 9 ,2 3 5 9 
marginal,117,1405,7,7,Surgeon,1.0,Male,7,7 ,7 ,1 7 
marginal,117,1590,7,7,Surgeon,1.0,Male,7,7 ,7 ,6 7 
marginal,118,1673,8,8,Painter,1.0,Male,8,8 ,8 ,8 
marginal,118,1609,0,8,Painter,0.0,Female,8,8 ,8 0 ,8 
marginal,118,686,3,3,Journalist,0.0,Female,3,3 ,3 ,3 
marginal,118,1604,8,8,Painter,0.0,Female,8,8 ,8 ,8 
marginal,118,1417,1,7,Surgeon,1.0,Male,1,1 ,1 ,1 
marginal,118,1583,1,7,Surgeon,1.0,Male,3,3 7 ,3 7 ,3 7 
marginal,118,1965,3,9,Model,1.0,Male,3,3 6 ,2 3 6 ,2 3 6 
marginal,118,1185,5,5,Teacher,1.0,Male,5,5 7 ,5 7 ,5 7 
marginal,118,550,2,2,Photographer,1.0,Male,2,2 3 ,2 3 ,2 3 
marginal,118,1297,6,6,Dentist,1.0,Male,6,6 ,6 ,6 
marginal,118,59,0,0,Professor,0.0,Female,0,0 ,0 ,0 
marginal,118,1768,3,8,Painter,0.0,Female,5,2 3 5 ,2 3 5 8 ,2 3 5 
marginal,118,104,0,0,Professor,1.0,Male,0,0 ,0 ,0 
marginal,118,342,0,1,Physician,1.0,Male,0,1 0 ,0 ,1 0 
marginal,118,134,3,0,Professor,1.0,Male,0,0 ,0 ,3 0 
marginal,118,1135,5,5,Teacher,0.0,Female,5,5 9 ,5 ,5 
marginal,118,1273,6,6,Dentist,0.0,Female,6,6 ,6 ,6 
marginal,118,17,0,0,Professor,1.0,Male,3,3 0 ,3 5 0 ,3 5 0 
marginal,118,1401,1,7,Surgeon,1.0,Male,1,1 7 ,1 7 ,1 7 
marginal,118,1216,6,6,Dentist,1.0,Male,6,6 ,6 ,1 6 
marginal,118,1504,7,7,Surgeon,1.0,Male,7,1 7 ,1 7 ,1 7 
marginal,118,991,3,4,Psychologist,1.0,Male,5,3 5 ,2 3 4 5 ,2 3 4 5 
marginal,118,689,3,3,Journalist,1.0,Male,3,3 ,3 ,3 5 
marginal,118,849,4,4,Psychologist,0.0,Female,4,4 0 ,4 0 ,4 
marginal,118,509,2,2,Photographer,1.0,Male,2,2 ,2 ,2 
marginal,118,1941,9,9,Model,0.0,Female,9,9 ,9 ,9 
marginal,118,437,2,2,Photographer,0.0,Female,2,2 ,2 ,2 
marginal,118,1639,8,8,Painter,1.0,Male,2,2 8 ,2 8 ,2 8 
marginal,118,309,1,1,Physician,0.0,Female,1,1 6 ,1 ,1 
marginal,118,1190,5,5,Teacher,1.0,Male,0,0 ,5 0 ,5 0 
marginal,118,21,0,0,Professor,0.0,Female,0,0 ,0 ,0 
marginal,118,878,4,4,Psychologist,1.0,Male,0,4 0 ,4 6 0 ,4 6 0 
marginal,118,719,5,3,Journalist,1.0,Male,5,5 9 ,5 9 ,5 9 
marginal,118,1995,9,9,Model,0.0,Female,9,9 ,9 ,9 
marginal,118,1957,9,9,Model,0.0,Female,9,9 ,2 9 ,9 
marginal,118,1110,3,5,Teacher,0.0,Female,5,3 5 ,3 5 ,5 
marginal,118,1008,3,5,Teacher,0.0,Female,5,3 5 ,3 5 8 ,3 5 8 
marginal,118,225,1,1,Physician,0.0,Female,1,1 ,1 ,1 
marginal,118,1278,6,6,Dentist,1.0,Male,6,6 7 ,6 7 ,6 7 
marginal,118,1399,6,6,Dentist,1.0,Male,6,6 ,6 ,6 7 
marginal,118,1560,1,7,Surgeon,0.0,Female,6,1 6 7 ,1 6 7 0 ,1 6 7 0 
marginal,118,765,3,3,Journalist,0.0,Female,3,3 ,3 ,3 
marginal,118,495,2,2,Photographer,0.0,Female,2,2 ,2 ,2 
marginal,118,236,1,1,Physician,0.0,Female,1,1 6 ,1 ,1 
marginal,118,637,3,3,Journalist,0.0,Female,3,2 3 ,2 3 5 ,2 3 
marginal,118,982,4,4,Psychologist,0.0,Female,4,4 ,4 ,4 
marginal,118,413,2,2,Photographer,1.0,Male,8,8 ,8 ,2 8 
marginal,118,229,1,1,Physician,0.0,Female,1,1 ,1 ,1 
marginal,118,1976,3,9,Model,0.0,Female,3,3 5 9 ,2 3 5 9 ,3 5 9 
marginal,118,895,4,4,Psychologist,0.0,Female,4,4 0 ,3 4 0 ,4 0 
marginal,119,1586,7,7,Surgeon,1.0,Male,7,7 ,7 ,7 
marginal,119,638,4,3,Journalist,0.0,Female,4,4 5 ,4 5 0 ,4 5 
marginal,119,591,2,2,Photographer,1.0,Male,2,2 8 ,2 4 8 0 ,2 8 0 
marginal,119,1269,6,6,Dentist,1.0,Male,6,6 ,6 ,6 7 
marginal,119,110,1,0,Professor,0.0,Female,1,1 0 ,1 ,1 0 
marginal,119,616,3,3,Journalist,0.0,Female,3,3 ,3 ,3 
marginal,119,799,3,3,Journalist,0.0,Female,3,3 ,3 ,3 
marginal,119,865,4,4,Psychologist,0.0,Female,5,3 5 ,3 4 5 ,3 4 5 
marginal,119,840,4,4,Psychologist,0.0,Female,4,4 ,4 ,4 
marginal,119,85,2,0,Professor,1.0,Male,2,2 8 ,2 8 0 ,2 8 
marginal,119,1604,8,8,Painter,0.0,Female,8,8 ,8 ,8 
marginal,119,294,1,1,Physician,0.0,Female,1,1 ,1 ,1 
marginal,119,1417,1,7,Surgeon,1.0,Male,1,1 ,1 ,1 
marginal,119,848,4,4,Psychologist,0.0,Female,4,4 ,4 ,4 
marginal,119,135,0,0,Professor,1.0,Male,0,0 ,0 ,0 
marginal,119,409,2,2,Photographer,1.0,Male,2,2 ,2 ,2 3 
marginal,119,1798,2,8,Painter,1.0,Male,8,2 8 ,2 8 ,2 8 
marginal,119,633,3,3,Journalist,0.0,Female,3,3 ,3 ,3 
marginal,119,1995,9,9,Model,0.0,Female,9,9 ,9 ,9 
marginal,119,1140,0,5,Teacher,1.0,Male,0,0 ,0 ,0 
marginal,119,550,2,2,Photographer,1.0,Male,2,2 3 ,2 3 ,2 3 
marginal,119,1444,7,7,Surgeon,0.0,Female,7,1 7 ,1 7 ,1 7 
marginal,119,1204,6,6,Dentist,1.0,Male,6,6 ,6 ,1 6 
marginal,119,1560,7,7,Surgeon,0.0,Female,6,1 6 7 ,1 6 7 0 ,1 6 7 0 
marginal,119,689,3,3,Journalist,1.0,Male,3,3 ,3 ,3 5 
marginal,119,1930,9,9,Model,0.0,Female,9,9 ,9 ,9 
marginal,119,383,1,1,Physician,1.0,Male,1,1 6 ,1 6 ,1 
marginal,119,1673,8,8,Painter,1.0,Male,8,8 ,8 ,8 
marginal,119,313,1,1,Physician,0.0,Female,1,1 ,1 ,1 
marginal,119,1915,9,9,Model,0.0,Female,9,9 ,9 ,9 
marginal,119,1185,5,5,Teacher,1.0,Male,5,5 7 ,5 7 ,5 7 
marginal,119,153,0,0,Professor,1.0,Male,0,3 0 ,3 5 0 ,3 5 0 
marginal,119,310,7,1,Physician,1.0,Male,1,1 7 ,1 6 7 ,1 7 
marginal,119,1273,6,6,Dentist,0.0,Female,6,6 ,6 ,6 
marginal,119,61,0,0,Professor,0.0,Female,0,0 ,0 ,0 
marginal,119,343,1,1,Physician,0.0,Female,1,1 6 ,1 6 ,1 6 
marginal,119,1845,9,9,Model,0.0,Female,9,9 ,3 9 ,9 
marginal,119,873,4,4,Psychologist,1.0,Male,4,4 6 ,4 6 ,4 6 
marginal,119,1476,7,7,Surgeon,1.0,Male,7,7 ,7 ,6 7 
marginal,119,1693,2,8,Painter,1.0,Male,8,2 3 5 8 ,2 3 5 8 ,2 3 5 8 
marginal,119,1135,5,5,Teacher,0.0,Female,5,5 9 ,5 ,5 
marginal,119,1174,0,5,Teacher,0.0,Female,3,3 5 ,3 5 0 ,3 5 0 
marginal,119,1956,2,9,Model,0.0,Female,2,2 ,2 ,2 
marginal,119,991,4,4,Psychologist,1.0,Male,5,3 5 ,2 3 4 5 ,2 3 4 5 
marginal,119,1216,6,6,Dentist,1.0,Male,6,6 ,6 ,1 6 
marginal,119,414,2,2,Photographer,1.0,Male,2,2 ,2 ,2 
marginal,119,1755,8,8,Painter,0.0,Female,8,8 ,8 ,8 
marginal,119,1016,0,5,Teacher,1.0,Male,5,5 0 ,4 5 0 ,4 5 0 
marginal,119,448,3,2,Photographer,1.0,Male,3,3 5 ,3 5 ,3 5 
marginal,119,1249,6,6,Dentist,0.0,Female,6,6 ,6 7 ,6 
marginal,120,1278,6,6,Dentist,1.0,Male,6,6 7 ,6 7 ,6 7 
marginal,120,1673,8,8,Painter,1.0,Male,8,8 ,8 ,8 
marginal,120,686,3,3,Journalist,0.0,Female,3,3 ,3 ,3 
marginal,120,437,2,2,Photographer,0.0,Female,2,2 ,2 ,2 
marginal,120,1657,5,8,Painter,1.0,Male,5,5 8 9 ,5 8 9 ,5 8 9 
marginal,120,1406,6,7,Surgeon,1.0,Male,7,1 6 7 ,1 6 7 0 ,1 6 7 0 
marginal,120,433,2,2,Photographer,0.0,Female,2,2 ,2 ,2 
marginal,120,849,4,4,Psychologist,0.0,Female,4,4 0 ,4 0 ,4 
marginal,120,1768,3,8,Painter,0.0,Female,5,2 3 5 ,2 3 5 8 ,2 3 5 
marginal,120,765,3,3,Journalist,0.0,Female,3,3 ,3 ,3 
marginal,120,1995,9,9,Model,0.0,Female,9,9 ,9 ,9 
marginal,120,1190,5,5,Teacher,1.0,Male,0,0 ,5 0 ,5 0 
marginal,120,1296,5,6,Dentist,1.0,Male,7,7 ,5 7 ,5 7 
marginal,120,1135,5,5,Teacher,0.0,Female,5,5 9 ,5 ,5 
marginal,120,1294,6,6,Dentist,0.0,Female,6,6 ,6 ,6 
marginal,120,895,4,4,Psychologist,0.0,Female,4,4 0 ,3 4 0 ,4 0 
marginal,120,304,7,1,Physician,1.0,Male,1,1 6 7 ,1 7 ,1 
marginal,120,235,0,1,Physician,0.0,Female,1,1 ,1 ,1 
marginal,120,11,1,0,Professor,1.0,Male,0,1 0 ,1 0 ,1 0 
marginal,120,342,0,1,Physician,1.0,Male,0,1 0 ,0 ,1 0 
marginal,120,1401,1,7,Surgeon,1.0,Male,1,1 7 ,1 7 ,1 7 
marginal,120,103,0,0,Professor,1.0,Male,0,0 ,0 ,4 0 
marginal,120,1505,3,7,Surgeon,1.0,Male,3,3 5 ,3 5 ,3 5 
marginal,120,1110,5,5,Teacher,0.0,Female,5,3 5 ,3 5 ,5 
marginal,120,1273,6,6,Dentist,0.0,Female,6,6 ,6 ,6 
marginal,120,669,3,3,Journalist,1.0,Male,3,2 3 ,2 3 ,2 3 
marginal,120,1583,7,7,Surgeon,1.0,Male,3,3 7 ,3 7 ,3 7 
marginal,120,877,4,4,Psychologist,0.0,Female,3,3 4 5 ,3 4 5 ,3 4 5 
marginal,120,16,5,0,Professor,1.0,Male,5,5 ,5 ,5 
marginal,120,719,9,3,Journalist,1.0,Male,5,5 9 ,5 9 ,5 9 
marginal,120,1009,2,5,Teacher,1.0,Male,3,2 3 ,2 3 ,2 3 4 
marginal,120,637,2,3,Journalist,0.0,Female,3,2 3 ,2 3 5 ,2 3 
marginal,120,1888,9,9,Model,0.0,Female,3,3 9 ,1 3 4 7 9 ,3 7 9 
marginal,120,1941,9,9,Model,0.0,Female,9,9 ,9 ,9 
marginal,120,1560,7,7,Surgeon,0.0,Female,6,1 6 7 ,1 6 7 0 ,1 6 7 0 
marginal,120,549,5,2,Photographer,1.0,Male,2,2 ,2 ,2 
marginal,120,225,7,1,Physician,0.0,Female,1,1 ,1 ,1 
marginal,120,21,0,0,Professor,0.0,Female,0,0 ,0 ,0 
marginal,120,1609,9,8,Painter,0.0,Female,8,8 ,8 0 ,8 
marginal,120,973,4,4,Psychologist,0.0,Female,4,4 ,4 6 ,4 
marginal,120,1039,5,5,Teacher,1.0,Male,3,2 3 9 ,2 3 5 9 ,2 3 9 
marginal,120,1976,9,9,Model,0.0,Female,3,3 5 9 ,2 3 5 9 ,3 5 9 
marginal,120,1965,2,9,Model,1.0,Male,3,3 6 ,2 3 6 ,2 3 6 
marginal,120,494,2,2,Photographer,0.0,Female,2,2 9 ,2 9 ,2 9 
marginal,120,59,0,0,Professor,0.0,Female,0,0 ,0 ,0 
marginal,120,1399,5,6,Dentist,1.0,Male,6,6 ,6 ,6 7 
marginal,120,982,4,4,Psychologist,0.0,Female,4,4 ,4 ,4 
marginal,120,229,1,1,Physician,0.0,Female,1,1 ,1 ,1 
marginal,120,1639,8,8,Painter,1.0,Male,2,2 8 ,2 8 ,2 8 
marginal,120,508,2,2,Photographer,1.0,Male,2,2 ,2 ,2 
marginal,121,1216,6,6,Dentist,1.0,Male,6,6 ,6 ,1 6 
marginal,121,641,3,3,Journalist,0.0,Female,3,3 ,3 ,3 
marginal,121,449,2,2,Photographer,1.0,Male,2,2 ,2 ,2 
marginal,121,568,2,2,Photographer,1.0,Male,2,2 ,2 ,2 
marginal,121,1174,0,5,Teacher,0.0,Female,3,3 5 ,3 5 0 ,3 5 0 
marginal,121,153,0,0,Professor,1.0,Male,0,3 0 ,3 5 0 ,3 5 0 
marginal,121,1956,9,9,Model,0.0,Female,2,2 ,2 ,2 
marginal,121,1845,9,9,Model,0.0,Female,9,9 ,3 9 ,9 
marginal,121,1476,7,7,Surgeon,1.0,Male,7,7 ,7 ,6 7 
marginal,121,1730,8,8,Painter,1.0,Male,8,8 ,8 ,8 
marginal,121,1756,8,8,Painter,0.0,Female,8,2 8 ,2 8 9 ,2 8 9 
marginal,121,294,1,1,Physician,0.0,Female,1,1 ,1 ,1 
marginal,121,1929,9,9,Model,0.0,Female,9,3 9 ,2 3 9 ,3 9 
marginal,121,1016,8,5,Teacher,1.0,Male,5,5 0 ,4 5 0 ,4 5 0 
marginal,121,591,2,2,Photographer,1.0,Male,2,2 8 ,2 4 8 0 ,2 8 0 
marginal,121,1586,7,7,Surgeon,1.0,Male,7,7 ,7 ,7 
marginal,121,840,4,4,Psychologist,0.0,Female,4,4 ,4 ,4 
marginal,121,1249,6,6,Dentist,0.0,Female,6,6 ,6 7 ,6 
marginal,121,1851,3,9,Model,1.0,Male,9,3 6 9 ,2 3 6 9 ,2 3 6 9 
marginal,121,310,7,1,Physician,1.0,Male,1,1 7 ,1 6 7 ,1 7 
marginal,121,1204,6,6,Dentist,1.0,Male,6,6 ,6 ,1 6 
marginal,121,414,2,2,Photographer,1.0,Male,2,2 ,2 ,2 
marginal,121,1604,8,8,Painter,0.0,Female,8,8 ,8 ,8 
marginal,121,1290,6,6,Dentist,1.0,Male,6,6 ,6 ,6 
marginal,121,1693,3,8,Painter,1.0,Male,8,2 3 5 8 ,2 3 5 8 ,2 3 5 8 
marginal,121,865,4,4,Psychologist,0.0,Female,5,3 5 ,3 4 5 ,3 4 5 
marginal,121,1417,1,7,Surgeon,1.0,Male,1,1 ,1 ,1 
marginal,121,289,7,1,Physician,0.0,Female,1,1 ,1 ,1 
marginal,121,1053,5,5,Teacher,0.0,Female,5,2 3 5 9 ,2 5 9 ,2 5 9 
marginal,121,1444,1,7,Surgeon,0.0,Female,7,1 7 ,1 7 ,1 7 
marginal,121,1798,8,8,Painter,1.0,Male,8,2 8 ,2 8 ,2 8 
marginal,121,616,3,3,Journalist,0.0,Female,3,3 ,3 ,3 
marginal,121,383,1,1,Physician,1.0,Male,1,1 6 ,1 6 ,1 
marginal,121,409,2,2,Photographer,1.0,Male,2,2 ,2 ,2 3 
marginal,121,312,1,1,Physician,1.0,Male,1,1 6 ,1 ,1 6 
marginal,121,1540,6,7,Surgeon,0.0,Female,6,6 7 ,6 7 ,6 
marginal,121,86,0,0,Professor,0.0,Female,0,5 0 ,5 0 ,5 0 
marginal,121,873,4,4,Psychologist,1.0,Male,4,4 6 ,4 6 ,4 6 
marginal,121,135,0,0,Professor,1.0,Male,0,0 ,0 ,0 
marginal,121,110,1,0,Professor,0.0,Female,1,1 0 ,1 ,1 0 
marginal,121,799,3,3,Journalist,0.0,Female,3,3 ,3 ,3 
marginal,121,1140,0,5,Teacher,1.0,Male,0,0 ,0 ,0 
marginal,121,688,3,3,Journalist,1.0,Male,3,3 ,3 ,3 0 
marginal,121,804,4,4,Psychologist,0.0,Female,4,4 ,4 ,4 
marginal,121,991,4,4,Psychologist,1.0,Male,5,3 5 ,2 3 4 5 ,2 3 4 5 
marginal,121,1915,9,9,Model,0.0,Female,9,9 ,9 ,9 
marginal,121,79,0,0,Professor,0.0,Female,1,1 0 ,1 4 0 ,1 0 
marginal,121,633,3,3,Journalist,0.0,Female,3,3 ,3 ,3 
marginal,121,1268,6,6,Dentist,1.0,Male,6,6 ,6 ,6 7 
marginal,121,1185,5,5,Teacher,1.0,Male,5,5 7 ,5 7 ,5 7 
marginal,122,867,4,4,Psychologist,0.0,Female,4,4 ,4 ,4 
marginal,122,1557,7,7,Surgeon,1.0,Male,7,7 ,7 ,1 7 
marginal,122,1501,7,7,Surgeon,1.0,Male,7,1 6 7 ,1 6 7 ,1 6 7 
marginal,122,498,2,2,Photographer,1.0,Male,2,2 ,2 ,2 
marginal,122,1229,6,6,Dentist,0.0,Female,6,6 7 ,6 7 ,6 7 
marginal,122,432,2,2,Photographer,1.0,Male,2,2 ,2 9 ,2 9 
marginal,122,1759,8,8,Painter,0.0,Female,8,8 ,8 ,8 
marginal,122,1734,8,8,Painter,1.0,Male,8,8 ,8 ,8 
marginal,122,403,3,2,Photographer,1.0,Male,2,2 5 ,2 3 5 9 ,2 3 5 9 
marginal,122,10,0,0,Professor,0.0,Female,0,0 ,0 ,0 
marginal,122,402,2,2,Photographer,1.0,Male,2,2 ,2 ,2 
marginal,122,832,4,4,Psychologist,1.0,Male,4,4 ,4 ,4 
marginal,122,1810,9,9,Model,0.0,Female,9,9 ,9 ,9 
marginal,122,837,4,4,Psychologist,0.0,Female,4,4 ,4 ,4 
marginal,122,669,3,3,Journalist,1.0,Male,3,2 3 ,2 3 ,2 3 
marginal,122,1147,5,5,Teacher,0.0,Female,5,5 ,5 ,5 
marginal,122,971,0,4,Psychologist,0.0,Female,0,0 ,0 ,0 
marginal,122,1949,3,9,Model,0.0,Female,9,3 9 ,3 9 ,3 9 
marginal,122,1405,0,7,Surgeon,1.0,Male,7,7 ,7 ,1 7 
marginal,122,1372,6,6,Dentist,0.0,Female,6,6 ,6 ,6 
marginal,122,267,1,1,Physician,0.0,Female,1,1 6 ,1 6 ,1 
marginal,122,631,3,3,Journalist,1.0,Male,3,3 ,3 ,2 3 
marginal,122,138,3,0,Professor,1.0,Male,3,3 0 ,3 5 0 ,3 4 5 0 
marginal,122,643,3,3,Journalist,1.0,Male,3,3 ,3 ,3 
marginal,122,43,0,0,Professor,0.0,Female,0,0 ,0 ,4 0 
marginal,122,266,1,1,Physician,0.0,Female,1,1 6 ,1 ,1 
marginal,122,262,1,1,Physician,0.0,Female,1,1 ,1 6 ,1 6 
marginal,122,664,1,3,Journalist,1.0,Male,3,2 3 0 ,1 2 3 0 ,1 2 3 0 
marginal,122,1646,8,8,Painter,0.0,Female,2,2 ,2 5 8 ,2 8 
marginal,122,1590,7,7,Surgeon,1.0,Male,7,7 ,7 ,6 7 
marginal,122,1153,3,5,Teacher,1.0,Male,2,2 3 ,2 3 5 ,2 3 5 
marginal,122,1918,9,9,Model,1.0,Male,9,5 9 ,2 5 9 ,2 5 9 0 
marginal,122,1326,6,6,Dentist,0.0,Female,6,6 ,6 ,6 
marginal,122,1888,0,9,Model,0.0,Female,3,3 9 ,1 3 4 7 9 ,3 7 9 
marginal,122,1777,8,8,Painter,0.0,Female,8,8 ,8 ,8 
marginal,122,255,6,1,Physician,0.0,Female,1,1 6 ,1 6 ,1 
marginal,122,1293,6,6,Dentist,1.0,Male,6,6 ,6 ,6 
marginal,122,542,2,2,Photographer,0.0,Female,2,2 ,2 ,2 
marginal,122,95,0,0,Professor,0.0,Female,0,0 ,0 ,0 
marginal,122,706,3,3,Journalist,1.0,Male,3,3 ,3 ,3 
marginal,122,1487,0,7,Surgeon,0.0,Female,0,0 ,4 0 ,4 0 
marginal,122,1225,6,6,Dentist,1.0,Male,6,6 7 ,6 7 ,6 7 
marginal,122,1104,4,5,Teacher,0.0,Female,5,5 ,5 ,5 
marginal,122,1038,5,5,Teacher,0.0,Female,5,5 ,5 ,5 
marginal,122,951,5,4,Psychologist,1.0,Male,4,4 ,4 ,4 
marginal,122,330,1,1,Physician,0.0,Female,1,1 6 ,1 6 ,1 
marginal,122,1833,9,9,Model,0.0,Female,2,2 3 5 9 ,2 3 5 9 ,2 3 9 
marginal,122,1658,8,8,Painter,1.0,Male,8,2 8 ,2 5 8 ,2 5 8 
marginal,122,11,4,0,Professor,1.0,Male,0,1 0 ,1 0 ,1 0 
marginal,122,1157,0,5,Teacher,0.0,Female,5,1 5 0 ,5 0 ,5 0 
marginal,123,1038,5,5,Teacher,0.0,Female,5,5 ,5 ,5 
marginal,123,1373,6,6,Dentist,0.0,Female,6,6 ,6 ,6 
marginal,123,1501,1,7,Surgeon,1.0,Male,7,1 6 7 ,1 6 7 ,1 6 7 
marginal,123,437,2,2,Photographer,0.0,Female,2,2 ,2 ,2 
marginal,123,669,1,3,Journalist,1.0,Male,3,2 3 ,2 3 ,2 3 
marginal,123,894,4,4,Psychologist,1.0,Male,4,4 ,4 ,4 0 
marginal,123,11,7,0,Professor,1.0,Male,0,1 0 ,1 0 ,1 0 
marginal,123,103,0,0,Professor,1.0,Male,0,0 ,0 ,4 0 
marginal,123,1590,5,7,Surgeon,1.0,Male,7,7 ,7 ,6 7 
marginal,123,1109,5,5,Teacher,0.0,Female,5,5 ,5 ,5 
marginal,123,1949,9,9,Model,0.0,Female,9,3 9 ,3 9 ,3 9 
marginal,123,10,5,0,Professor,0.0,Female,0,0 ,0 ,0 
marginal,123,1777,8,8,Painter,0.0,Female,8,8 ,8 ,8 
marginal,123,1918,9,9,Model,1.0,Male,9,5 9 ,2 5 9 ,2 5 9 0 
marginal,123,498,2,2,Photographer,1.0,Male,2,2 ,2 ,2 
marginal,123,432,2,2,Photographer,1.0,Male,2,2 ,2 9 ,2 9 
marginal,123,224,1,1,Physician,0.0,Female,1,1 6 ,1 6 ,1 6 
marginal,123,971,0,4,Psychologist,0.0,Female,0,0 ,0 ,0 
marginal,123,1148,3,5,Teacher,1.0,Male,2,2 8 ,2 8 ,2 8 
marginal,123,1941,9,9,Model,0.0,Female,9,9 ,9 ,9 
marginal,123,664,3,3,Journalist,1.0,Male,3,2 3 0 ,1 2 3 0 ,1 2 3 0 
marginal,123,138,3,0,Professor,1.0,Male,3,3 0 ,3 5 0 ,3 4 5 0 
marginal,123,266,1,1,Physician,0.0,Female,1,1 6 ,1 ,1 
marginal,123,1487,0,7,Surgeon,0.0,Female,0,0 ,4 0 ,4 0 
marginal,123,267,7,1,Physician,0.0,Female,1,1 6 ,1 6 ,1 
marginal,123,330,1,1,Physician,0.0,Female,1,1 6 ,1 6 ,1 
marginal,123,543,3,2,Photographer,0.0,Female,2,2 9 ,2 3 4 9 ,2 4 9 
marginal,123,1229,6,6,Dentist,0.0,Female,6,6 7 ,6 7 ,6 7 
marginal,123,1888,0,9,Model,0.0,Female,3,3 9 ,1 3 4 7 9 ,3 7 9 
marginal,123,1294,6,6,Dentist,0.0,Female,6,6 ,6 ,6 
marginal,123,1759,8,8,Painter,0.0,Female,8,8 ,8 ,8 
marginal,123,631,3,3,Journalist,1.0,Male,3,3 ,3 ,2 3 
marginal,123,254,1,1,Physician,0.0,Female,1,1 ,1 ,1 
marginal,123,1768,8,8,Painter,0.0,Female,5,2 3 5 ,2 3 5 8 ,2 3 5 
marginal,123,403,1,2,Photographer,1.0,Male,2,2 5 ,2 3 5 9 ,2 3 5 9 
marginal,123,833,4,4,Psychologist,1.0,Male,4,4 ,4 ,4 
marginal,123,1327,6,6,Dentist,0.0,Female,6,1 6 7 ,1 6 ,1 6 
marginal,123,643,3,3,Journalist,1.0,Male,3,3 ,3 ,3 
marginal,123,837,4,4,Psychologist,0.0,Female,4,4 ,4 ,4 
marginal,123,1505,3,7,Surgeon,1.0,Male,3,3 5 ,3 5 ,3 5 
marginal,123,1658,3,8,Painter,1.0,Male,8,2 8 ,2 5 8 ,2 5 8 
marginal,123,1277,6,6,Dentist,1.0,Male,6,6 ,6 ,6 7 
marginal,123,1153,2,5,Teacher,1.0,Male,2,2 3 ,2 3 5 ,2 3 5 
marginal,123,763,0,3,Journalist,1.0,Male,3,3 ,3 ,3 
marginal,123,1405,7,7,Surgeon,1.0,Male,7,7 ,7 ,1 7 
marginal,123,976,4,4,Psychologist,0.0,Female,4,1 4 ,4 ,4 
marginal,123,1792,8,8,Painter,1.0,Male,8,8 ,8 ,8 
marginal,123,1157,5,5,Teacher,0.0,Female,5,1 5 0 ,5 0 ,5 0 
marginal,123,1809,9,9,Model,0.0,Female,9,9 ,9 ,9 
marginal,123,94,0,0,Professor,0.0,Female,0,2 5 0 ,2 5 0 ,5 0 
marginal,124,1845,9,9,Model,0.0,Female,9,9 ,3 9 ,9 
marginal,124,1290,6,6,Dentist,1.0,Male,6,6 ,6 ,6 
marginal,124,799,3,3,Journalist,0.0,Female,3,3 ,3 ,3 
marginal,124,409,2,2,Photographer,1.0,Male,2,2 ,2 ,2 3 
marginal,124,383,1,1,Physician,1.0,Male,1,1 6 ,1 6 ,1 
marginal,124,873,4,4,Psychologist,1.0,Male,4,4 6 ,4 6 ,4 6 
marginal,124,312,1,1,Physician,1.0,Male,1,1 6 ,1 ,1 6 
marginal,124,1851,9,9,Model,1.0,Male,9,3 6 9 ,2 3 6 9 ,2 3 6 9 
marginal,124,1730,8,8,Painter,1.0,Male,8,8 ,8 ,8 
marginal,124,1444,7,7,Surgeon,0.0,Female,7,1 7 ,1 7 ,1 7 
marginal,124,1140,0,5,Teacher,1.0,Male,0,0 ,0 ,0 
marginal,124,1174,3,5,Teacher,0.0,Female,3,3 5 ,3 5 0 ,3 5 0 
marginal,124,79,0,0,Professor,0.0,Female,1,1 0 ,1 4 0 ,1 0 
marginal,124,1268,6,6,Dentist,1.0,Male,6,6 ,6 ,6 7 
marginal,124,414,2,2,Photographer,1.0,Male,2,2 ,2 ,2 
marginal,124,1540,6,7,Surgeon,0.0,Female,6,6 7 ,6 7 ,6 
marginal,124,804,4,4,Psychologist,0.0,Female,4,4 ,4 ,4 
marginal,124,1693,3,8,Painter,1.0,Male,8,2 3 5 8 ,2 3 5 8 ,2 3 5 8 
marginal,124,1185,5,5,Teacher,1.0,Male,5,5 7 ,5 7 ,5 7 
marginal,124,1476,7,7,Surgeon,1.0,Male,7,7 ,7 ,6 7 
marginal,124,289,1,1,Physician,0.0,Female,1,1 ,1 ,1 
marginal,124,616,3,3,Journalist,0.0,Female,3,3 ,3 ,3 
marginal,124,1604,8,8,Painter,0.0,Female,8,8 ,8 ,8 
marginal,124,1756,2,8,Painter,0.0,Female,8,2 8 ,2 8 9 ,2 8 9 
marginal,124,633,3,3,Journalist,0.0,Female,3,3 ,3 ,3 
marginal,124,1053,5,5,Teacher,0.0,Female,5,2 3 5 9 ,2 5 9 ,2 5 9 
marginal,124,568,2,2,Photographer,1.0,Male,2,2 ,2 ,2 
marginal,124,991,3,4,Psychologist,1.0,Male,5,3 5 ,2 3 4 5 ,2 3 4 5 
marginal,124,153,0,0,Professor,1.0,Male,0,3 0 ,3 5 0 ,3 5 0 
marginal,124,1915,9,9,Model,0.0,Female,9,9 ,9 ,9 
marginal,124,86,5,0,Professor,0.0,Female,0,5 0 ,5 0 ,5 0 
marginal,124,310,7,1,Physician,1.0,Male,1,1 7 ,1 6 7 ,1 7 
marginal,124,1417,1,7,Surgeon,1.0,Male,1,1 ,1 ,1 
marginal,124,449,2,2,Photographer,1.0,Male,2,2 ,2 ,2 
marginal,124,1216,6,6,Dentist,1.0,Male,6,6 ,6 ,1 6 
marginal,124,840,4,4,Psychologist,0.0,Female,4,4 ,4 ,4 
marginal,124,865,4,4,Psychologist,0.0,Female,5,3 5 ,3 4 5 ,3 4 5 
marginal,124,110,1,0,Professor,0.0,Female,1,1 0 ,1 ,1 0 
marginal,124,591,2,2,Photographer,1.0,Male,2,2 8 ,2 4 8 0 ,2 8 0 
marginal,124,1204,6,6,Dentist,1.0,Male,6,6 ,6 ,1 6 
marginal,124,135,0,0,Professor,1.0,Male,0,0 ,0 ,0 
marginal,124,1016,0,5,Teacher,1.0,Male,5,5 0 ,4 5 0 ,4 5 0 
marginal,124,641,3,3,Journalist,0.0,Female,3,3 ,3 ,3 
marginal,124,1586,7,7,Surgeon,1.0,Male,7,7 ,7 ,7 
marginal,124,688,3,3,Journalist,1.0,Male,3,3 ,3 ,3 0 
marginal,124,1929,9,9,Model,0.0,Female,9,3 9 ,2 3 9 ,3 9 
marginal,124,1249,6,6,Dentist,0.0,Female,6,6 ,6 7 ,6 
marginal,124,1956,2,9,Model,0.0,Female,2,2 ,2 ,2 
marginal,124,1798,8,8,Painter,1.0,Male,8,2 8 ,2 8 ,2 8 
marginal,124,294,1,1,Physician,0.0,Female,1,1 ,1 ,1 
marginal,125,1417,1,7,Surgeon,1.0,Male,1,1 ,1 ,1 
marginal,125,343,1,1,Physician,0.0,Female,1,1 6 ,1 6 ,1 6 
marginal,125,1016,5,5,Teacher,1.0,Male,5,5 0 ,4 5 0 ,4 5 0 
marginal,125,1604,8,8,Painter,0.0,Female,8,8 ,8 ,8 
marginal,125,1995,9,9,Model,0.0,Female,9,9 ,9 ,9 
marginal,125,1798,2,8,Painter,1.0,Male,8,2 8 ,2 8 ,2 8 
marginal,125,21,0,0,Professor,0.0,Female,0,0 ,0 ,0 
marginal,125,591,2,2,Photographer,1.0,Male,2,2 8 ,2 4 8 0 ,2 8 0 
marginal,125,1560,6,7,Surgeon,0.0,Female,6,1 6 7 ,1 6 7 0 ,1 6 7 0 
marginal,125,85,8,0,Professor,1.0,Male,2,2 8 ,2 8 0 ,2 8 
marginal,125,1755,8,8,Painter,0.0,Female,8,8 ,8 ,8 
marginal,125,293,1,1,Physician,1.0,Male,1,1 0 ,1 7 0 ,1 7 0 
marginal,125,414,2,2,Photographer,1.0,Male,2,2 ,2 ,2 
marginal,125,1956,9,9,Model,0.0,Female,2,2 ,2 ,2 
marginal,125,135,0,0,Professor,1.0,Male,0,0 ,0 ,0 
marginal,125,1673,4,8,Painter,1.0,Male,8,8 ,8 ,8 
marginal,125,1008,3,5,Teacher,0.0,Female,5,3 5 ,3 5 8 ,3 5 8 
marginal,125,1401,1,7,Surgeon,1.0,Male,1,1 7 ,1 7 ,1 7 
marginal,125,110,1,0,Professor,0.0,Female,1,1 0 ,1 ,1 0 
marginal,125,1399,6,6,Dentist,1.0,Male,6,6 ,6 ,6 7 
marginal,125,1914,9,9,Model,0.0,Female,9,9 ,9 ,9 
marginal,125,686,3,3,Journalist,0.0,Female,3,3 ,3 ,3 
marginal,125,688,0,3,Journalist,1.0,Male,3,3 ,3 ,3 0 
marginal,125,550,2,2,Photographer,1.0,Male,2,2 3 ,2 3 ,2 3 
marginal,125,633,4,3,Journalist,0.0,Female,3,3 ,3 ,3 
marginal,125,313,5,1,Physician,0.0,Female,1,1 ,1 ,1 
marginal,125,638,4,3,Journalist,0.0,Female,4,4 5 ,4 5 0 ,4 5 
marginal,125,1477,7,7,Surgeon,1.0,Male,7,7 ,7 ,6 7 
marginal,125,1135,5,5,Teacher,0.0,Female,5,5 9 ,5 ,5 
marginal,125,1185,5,5,Teacher,1.0,Male,5,5 7 ,5 7 ,5 7 
marginal,125,1639,2,8,Painter,1.0,Male,2,2 8 ,2 8 ,2 8 
marginal,125,237,1,1,Physician,0.0,Female,1,1 ,1 ,1 
marginal,125,1965,3,9,Model,1.0,Male,3,3 6 ,2 3 6 ,2 3 6 
marginal,125,449,2,2,Photographer,1.0,Male,2,2 ,2 ,2 
marginal,125,495,2,2,Photographer,0.0,Female,2,2 ,2 ,2 
marginal,125,1845,9,9,Model,0.0,Female,9,9 ,3 9 ,9 
marginal,125,1204,3,6,Dentist,1.0,Male,6,6 ,6 ,1 6 
marginal,125,1174,5,5,Teacher,0.0,Female,3,3 5 ,3 5 0 ,3 5 0 
marginal,125,799,4,3,Journalist,0.0,Female,3,3 ,3 ,3 
marginal,125,849,5,4,Psychologist,0.0,Female,4,4 0 ,4 0 ,4 
marginal,125,878,4,4,Psychologist,1.0,Male,0,4 0 ,4 6 0 ,4 6 0 
marginal,125,991,2,4,Psychologist,1.0,Male,5,3 5 ,2 3 4 5 ,2 3 4 5 
marginal,125,61,4,0,Professor,0.0,Female,0,0 ,0 ,0 
marginal,125,840,4,4,Psychologist,0.0,Female,4,4 ,4 ,4 
marginal,125,310,7,1,Physician,1.0,Male,1,1 7 ,1 6 7 ,1 7 
marginal,125,1444,1,7,Surgeon,0.0,Female,7,1 7 ,1 7 ,1 7 
marginal,125,1273,4,6,Dentist,0.0,Female,6,6 ,6 ,6 
marginal,125,1249,3,6,Dentist,0.0,Female,6,6 ,6 7 ,6 
marginal,125,1216,3,6,Dentist,1.0,Male,6,6 ,6 ,1 6 
marginal,125,873,6,4,Psychologist,1.0,Male,4,4 6 ,4 6 ,4 6 
marginal,126,1941,9,9,Model,0.0,Female,9,9 ,9 ,9 
marginal,126,1110,5,5,Teacher,0.0,Female,5,3 5 ,3 5 ,5 
marginal,126,1792,8,8,Painter,1.0,Male,8,8 ,8 ,8 
marginal,126,437,2,2,Photographer,0.0,Female,2,2 ,2 ,2 
marginal,126,1768,8,8,Painter,0.0,Female,5,2 3 5 ,2 3 5 8 ,2 3 5 
marginal,126,1373,6,6,Dentist,0.0,Female,6,6 ,6 ,6 
marginal,126,1327,6,6,Dentist,0.0,Female,6,1 6 7 ,1 6 ,1 6 
marginal,126,981,3,4,Psychologist,0.0,Female,3,2 3 5 ,2 3 ,2 3 
marginal,126,665,3,3,Journalist,0.0,Female,3,3 ,3 ,3 
marginal,126,972,4,4,Psychologist,1.0,Male,4,1 4 ,4 ,4 
marginal,126,11,1,0,Professor,1.0,Male,0,1 0 ,1 0 ,1 0 
marginal,126,718,3,3,Journalist,1.0,Male,3,3 5 ,3 5 ,3 5 
marginal,126,229,1,1,Physician,0.0,Female,1,1 ,1 ,1 
marginal,126,669,3,3,Journalist,1.0,Male,3,2 3 ,2 3 ,2 3 
marginal,126,1759,8,8,Painter,0.0,Female,8,8 ,8 ,8 
marginal,126,1189,4,5,Teacher,0.0,Female,4,4 5 ,4 5 ,4 
marginal,126,1406,6,7,Surgeon,1.0,Male,7,1 6 7 ,1 6 7 0 ,1 6 7 0 
marginal,126,1157,5,5,Teacher,0.0,Female,5,1 5 0 ,5 0 ,5 0 
marginal,126,1609,2,8,Painter,0.0,Female,8,8 ,8 0 ,8 
marginal,126,1294,6,6,Dentist,0.0,Female,6,6 ,6 ,6 
marginal,126,763,3,3,Journalist,1.0,Male,3,3 ,3 ,3 
marginal,126,1039,5,5,Teacher,1.0,Male,3,2 3 9 ,2 3 5 9 ,2 3 9 
marginal,126,1297,6,6,Dentist,1.0,Male,6,6 ,6 ,6 
marginal,126,833,4,4,Psychologist,1.0,Male,4,4 ,4 ,4 
marginal,126,1657,5,8,Painter,1.0,Male,5,5 8 9 ,5 8 9 ,5 8 9 
marginal,126,1888,1,9,Model,0.0,Female,3,3 9 ,1 3 4 7 9 ,3 7 9 
marginal,126,330,1,1,Physician,0.0,Female,1,1 6 ,1 6 ,1 
marginal,126,1949,9,9,Model,0.0,Female,9,3 9 ,3 9 ,3 9 
marginal,126,403,3,2,Photographer,1.0,Male,2,2 5 ,2 3 5 9 ,2 3 5 9 
marginal,126,102,0,0,Professor,1.0,Male,0,4 0 ,4 0 ,4 0 
marginal,126,680,1,3,Journalist,0.0,Female,0,4 0 ,1 4 7 0 ,4 0 
marginal,126,543,2,2,Photographer,0.0,Female,2,2 9 ,2 3 4 9 ,2 4 9 
marginal,126,1583,7,7,Surgeon,1.0,Male,3,3 7 ,3 7 ,3 7 
marginal,126,267,1,1,Physician,0.0,Female,1,1 6 ,1 6 ,1 
marginal,126,1487,0,7,Surgeon,0.0,Female,0,0 ,4 0 ,4 0 
marginal,126,1590,7,7,Surgeon,1.0,Male,7,7 ,7 ,6 7 
marginal,126,432,2,2,Photographer,1.0,Male,2,2 ,2 9 ,2 9 
marginal,126,16,5,0,Professor,1.0,Male,5,5 ,5 ,5 
marginal,126,1277,6,6,Dentist,1.0,Male,6,6 ,6 ,6 7 
marginal,126,10,0,0,Professor,0.0,Female,0,0 ,0 ,0 
marginal,126,224,7,1,Physician,0.0,Female,1,1 6 ,1 6 ,1 6 
marginal,126,1976,2,9,Model,0.0,Female,3,3 5 9 ,2 3 5 9 ,3 5 9 
marginal,126,1810,9,9,Model,0.0,Female,9,9 ,9 ,9 
marginal,126,837,4,4,Psychologist,0.0,Female,4,4 ,4 ,4 
marginal,126,138,3,0,Professor,1.0,Male,3,3 0 ,3 5 0 ,3 4 5 0 
marginal,126,507,2,2,Photographer,1.0,Male,2,2 ,2 ,2 
marginal,126,894,4,4,Psychologist,1.0,Male,4,4 ,4 ,4 0 
marginal,126,1149,5,5,Teacher,1.0,Male,5,5 ,5 ,5 9 
marginal,126,1505,3,7,Surgeon,1.0,Male,3,3 5 ,3 5 ,3 5 
marginal,126,255,7,1,Physician,0.0,Female,1,1 6 ,1 6 ,1 
marginal,127,432,9,2,Photographer,1.0,Male,2,2 ,2 9 ,2 9 
marginal,127,1759,5,8,Painter,0.0,Female,8,8 ,8 ,8 
marginal,127,1110,5,5,Teacher,0.0,Female,5,3 5 ,3 5 ,5 
marginal,127,1149,5,5,Teacher,1.0,Male,5,5 ,5 ,5 9 
marginal,127,1189,4,5,Teacher,0.0,Female,4,4 5 ,4 5 ,4 
marginal,127,680,7,3,Journalist,0.0,Female,0,4 0 ,1 4 7 0 ,4 0 
marginal,127,1583,7,7,Surgeon,1.0,Male,3,3 7 ,3 7 ,3 7 
marginal,127,1277,6,6,Dentist,1.0,Male,6,6 ,6 ,6 7 
marginal,127,1327,6,6,Dentist,0.0,Female,6,1 6 7 ,1 6 ,1 6 
marginal,127,403,5,2,Photographer,1.0,Male,2,2 5 ,2 3 5 9 ,2 3 5 9 
marginal,127,1297,6,6,Dentist,1.0,Male,6,6 ,6 ,6 
marginal,127,543,9,2,Photographer,0.0,Female,2,2 9 ,2 3 4 9 ,2 4 9 
marginal,127,267,7,1,Physician,0.0,Female,1,1 6 ,1 6 ,1 
marginal,127,1941,9,9,Model,0.0,Female,9,9 ,9 ,9 
marginal,127,1768,3,8,Painter,0.0,Female,5,2 3 5 ,2 3 5 8 ,2 3 5 
marginal,127,981,3,4,Psychologist,0.0,Female,3,2 3 5 ,2 3 ,2 3 
marginal,127,229,7,1,Physician,0.0,Female,1,1 ,1 ,1 
marginal,127,1373,6,6,Dentist,0.0,Female,6,6 ,6 ,6 
marginal,127,894,4,4,Psychologist,1.0,Male,4,4 ,4 ,4 0 
marginal,127,665,3,3,Journalist,0.0,Female,3,3 ,3 ,3 
marginal,127,1609,4,8,Painter,0.0,Female,8,8 ,8 0 ,8 
marginal,127,718,3,3,Journalist,1.0,Male,3,3 5 ,3 5 ,3 5 
marginal,127,507,8,2,Photographer,1.0,Male,2,2 ,2 ,2 
marginal,127,1294,6,6,Dentist,0.0,Female,6,6 ,6 ,6 
marginal,127,833,4,4,Psychologist,1.0,Male,4,4 ,4 ,4 
marginal,127,1949,3,9,Model,0.0,Female,9,3 9 ,3 9 ,3 9 
marginal,127,1039,3,5,Teacher,1.0,Male,3,2 3 9 ,2 3 5 9 ,2 3 9 
marginal,127,102,0,0,Professor,1.0,Male,0,4 0 ,4 0 ,4 0 
marginal,127,1487,0,7,Surgeon,0.0,Female,0,0 ,4 0 ,4 0 
marginal,127,1888,9,9,Model,0.0,Female,3,3 9 ,1 3 4 7 9 ,3 7 9 
marginal,127,1157,5,5,Teacher,0.0,Female,5,1 5 0 ,5 0 ,5 0 
marginal,127,669,7,3,Journalist,1.0,Male,3,2 3 ,2 3 ,2 3 
marginal,127,1657,5,8,Painter,1.0,Male,5,5 8 9 ,5 8 9 ,5 8 9 
marginal,127,1505,3,7,Surgeon,1.0,Male,3,3 5 ,3 5 ,3 5 
marginal,127,330,7,1,Physician,0.0,Female,1,1 6 ,1 6 ,1 
marginal,127,972,7,4,Psychologist,1.0,Male,4,1 4 ,4 ,4 
marginal,127,1976,3,9,Model,0.0,Female,3,3 5 9 ,2 3 5 9 ,3 5 9 
marginal,127,1792,8,8,Painter,1.0,Male,8,8 ,8 ,8 
marginal,127,16,0,0,Professor,1.0,Male,5,5 ,5 ,5 
marginal,127,437,2,2,Photographer,0.0,Female,2,2 ,2 ,2 
marginal,127,1810,9,9,Model,0.0,Female,9,9 ,9 ,9 
marginal,127,11,7,0,Professor,1.0,Male,0,1 0 ,1 0 ,1 0 
marginal,127,10,0,0,Professor,0.0,Female,0,0 ,0 ,0 
marginal,127,1406,0,7,Surgeon,1.0,Male,7,1 6 7 ,1 6 7 0 ,1 6 7 0 
marginal,127,837,7,4,Psychologist,0.0,Female,4,4 ,4 ,4 
marginal,127,1590,7,7,Surgeon,1.0,Male,7,7 ,7 ,6 7 
marginal,127,224,5,1,Physician,0.0,Female,1,1 6 ,1 6 ,1 6 
marginal,127,138,0,0,Professor,1.0,Male,3,3 0 ,3 5 0 ,3 4 5 0 
marginal,127,255,7,1,Physician,0.0,Female,1,1 6 ,1 6 ,1 
marginal,127,763,3,3,Journalist,1.0,Male,3,3 ,3 ,3 
marginal,128,568,2,2,Photographer,1.0,Male,2,2 ,2 ,2 
marginal,128,1915,9,9,Model,0.0,Female,9,9 ,9 ,9 
marginal,128,1798,8,8,Painter,1.0,Male,8,2 8 ,2 8 ,2 8 
marginal,128,1444,7,7,Surgeon,0.0,Female,7,1 7 ,1 7 ,1 7 
marginal,128,688,3,3,Journalist,1.0,Male,3,3 ,3 ,3 0 
marginal,128,799,3,3,Journalist,0.0,Female,3,3 ,3 ,3 
marginal,128,1693,3,8,Painter,1.0,Male,8,2 3 5 8 ,2 3 5 8 ,2 3 5 8 
marginal,128,1756,2,8,Painter,0.0,Female,8,2 8 ,2 8 9 ,2 8 9 
marginal,128,294,1,1,Physician,0.0,Female,1,1 ,1 ,1 
marginal,128,1586,7,7,Surgeon,1.0,Male,7,7 ,7 ,7 
marginal,128,289,7,1,Physician,0.0,Female,1,1 ,1 ,1 
marginal,128,86,5,0,Professor,0.0,Female,0,5 0 ,5 0 ,5 0 
marginal,128,153,0,0,Professor,1.0,Male,0,3 0 ,3 5 0 ,3 5 0 
marginal,128,449,2,2,Photographer,1.0,Male,2,2 ,2 ,2 
marginal,128,1845,9,9,Model,0.0,Female,9,9 ,3 9 ,9 
marginal,128,633,3,3,Journalist,0.0,Female,3,3 ,3 ,3 
marginal,128,310,7,1,Physician,1.0,Male,1,1 7 ,1 6 7 ,1 7 
marginal,128,1540,6,7,Surgeon,0.0,Female,6,6 7 ,6 7 ,6 
marginal,128,1851,9,9,Model,1.0,Male,9,3 6 9 ,2 3 6 9 ,2 3 6 9 
marginal,128,865,4,4,Psychologist,0.0,Female,5,3 5 ,3 4 5 ,3 4 5 
marginal,128,1730,8,8,Painter,1.0,Male,8,8 ,8 ,8 
marginal,128,1604,8,8,Painter,0.0,Female,8,8 ,8 ,8 
marginal,128,1417,1,7,Surgeon,1.0,Male,1,1 ,1 ,1 
marginal,128,641,3,3,Journalist,0.0,Female,3,3 ,3 ,3 
marginal,128,1053,5,5,Teacher,0.0,Female,5,2 3 5 9 ,2 5 9 ,2 5 9 
marginal,128,135,0,0,Professor,1.0,Male,0,0 ,0 ,0 
marginal,128,79,1,0,Professor,0.0,Female,1,1 0 ,1 4 0 ,1 0 
marginal,128,1216,6,6,Dentist,1.0,Male,6,6 ,6 ,1 6 
marginal,128,312,1,1,Physician,1.0,Male,1,1 6 ,1 ,1 6 
marginal,128,804,4,4,Psychologist,0.0,Female,4,4 ,4 ,4 
marginal,128,1290,6,6,Dentist,1.0,Male,6,6 ,6 ,6 
marginal,128,991,3,4,Psychologist,1.0,Male,5,3 5 ,2 3 4 5 ,2 3 4 5 
marginal,128,1476,7,7,Surgeon,1.0,Male,7,7 ,7 ,6 7 
marginal,128,1929,9,9,Model,0.0,Female,9,3 9 ,2 3 9 ,3 9 
marginal,128,616,3,3,Journalist,0.0,Female,3,3 ,3 ,3 
marginal,128,1016,8,5,Teacher,1.0,Male,5,5 0 ,4 5 0 ,4 5 0 
marginal,128,1204,6,6,Dentist,1.0,Male,6,6 ,6 ,1 6 
marginal,128,873,4,4,Psychologist,1.0,Male,4,4 6 ,4 6 ,4 6 
marginal,128,1185,5,5,Teacher,1.0,Male,5,5 7 ,5 7 ,5 7 
marginal,128,1140,0,5,Teacher,1.0,Male,0,0 ,0 ,0 
marginal,128,383,1,1,Physician,1.0,Male,1,1 6 ,1 6 ,1 
marginal,128,409,2,2,Photographer,1.0,Male,2,2 ,2 ,2 3 
marginal,128,840,4,4,Psychologist,0.0,Female,4,4 ,4 ,4 
marginal,128,1249,6,6,Dentist,0.0,Female,6,6 ,6 7 ,6 
marginal,128,1174,0,5,Teacher,0.0,Female,3,3 5 ,3 5 0 ,3 5 0 
marginal,128,1956,2,9,Model,0.0,Female,2,2 ,2 ,2 
marginal,128,110,1,0,Professor,0.0,Female,1,1 0 ,1 ,1 0 
marginal,128,591,2,2,Photographer,1.0,Male,2,2 8 ,2 4 8 0 ,2 8 0 
marginal,128,414,2,2,Photographer,1.0,Male,2,2 ,2 ,2 
marginal,128,1268,6,6,Dentist,1.0,Male,6,6 ,6 ,6 7 
marginal,129,1405,7,7,Surgeon,1.0,Male,7,7 ,7 ,1 7 
marginal,129,403,3,2,Photographer,1.0,Male,2,2 5 ,2 3 5 9 ,2 3 5 9 
marginal,129,1157,5,5,Teacher,0.0,Female,5,1 5 0 ,5 0 ,5 0 
marginal,129,669,2,3,Journalist,1.0,Male,3,2 3 ,2 3 ,2 3 
marginal,129,1038,5,5,Teacher,0.0,Female,5,5 ,5 ,5 
marginal,129,1949,9,9,Model,0.0,Female,9,3 9 ,3 9 ,3 9 
marginal,129,542,2,2,Photographer,0.0,Female,2,2 ,2 ,2 
marginal,129,631,3,3,Journalist,1.0,Male,3,3 ,3 ,2 3 
marginal,129,1734,8,8,Painter,1.0,Male,8,8 ,8 ,8 
marginal,129,255,7,1,Physician,0.0,Female,1,1 6 ,1 6 ,1 
marginal,129,1888,0,9,Model,0.0,Female,3,3 9 ,1 3 4 7 9 ,3 7 9 
marginal,129,664,3,3,Journalist,1.0,Male,3,2 3 0 ,1 2 3 0 ,1 2 3 0 
marginal,129,1557,7,7,Surgeon,1.0,Male,7,7 ,7 ,1 7 
marginal,129,266,1,1,Physician,0.0,Female,1,1 6 ,1 ,1 
marginal,129,1759,8,8,Painter,0.0,Female,8,8 ,8 ,8 
marginal,129,1104,5,5,Teacher,0.0,Female,5,5 ,5 ,5 
marginal,129,837,4,4,Psychologist,0.0,Female,4,4 ,4 ,4 
marginal,129,706,3,3,Journalist,1.0,Male,3,3 ,3 ,3 
marginal,129,1658,8,8,Painter,1.0,Male,8,2 8 ,2 5 8 ,2 5 8 
marginal,129,1646,8,8,Painter,0.0,Female,2,2 ,2 5 8 ,2 8 
marginal,129,1810,9,9,Model,0.0,Female,9,9 ,9 ,9 
marginal,129,138,3,0,Professor,1.0,Male,3,3 0 ,3 5 0 ,3 4 5 0 
marginal,129,11,1,0,Professor,1.0,Male,0,1 0 ,1 0 ,1 0 
marginal,129,498,2,2,Photographer,1.0,Male,2,2 ,2 ,2 
marginal,129,432,2,2,Photographer,1.0,Male,2,2 ,2 9 ,2 9 
marginal,129,971,0,4,Psychologist,0.0,Female,0,0 ,0 ,0 
marginal,129,1487,4,7,Surgeon,0.0,Female,0,0 ,4 0 ,4 0 
marginal,129,43,0,0,Professor,0.0,Female,0,0 ,0 ,4 0 
marginal,129,1918,9,9,Model,1.0,Male,9,5 9 ,2 5 9 ,2 5 9 0 
marginal,129,95,0,0,Professor,0.0,Female,0,0 ,0 ,0 
marginal,129,402,2,2,Photographer,1.0,Male,2,2 ,2 ,2 
marginal,129,1225,6,6,Dentist,1.0,Male,6,6 7 ,6 7 ,6 7 
marginal,129,1293,6,6,Dentist,1.0,Male,6,6 ,6 ,6 
marginal,129,867,4,4,Psychologist,0.0,Female,4,4 ,4 ,4 
marginal,129,832,4,4,Psychologist,1.0,Male,4,4 ,4 ,4 
marginal,129,1372,6,6,Dentist,0.0,Female,6,6 ,6 ,6 
marginal,129,10,0,0,Professor,0.0,Female,0,0 ,0 ,0 
marginal,129,643,3,3,Journalist,1.0,Male,3,3 ,3 ,3 
marginal,129,1833,9,9,Model,0.0,Female,2,2 3 5 9 ,2 3 5 9 ,2 3 9 
marginal,129,1590,7,7,Surgeon,1.0,Male,7,7 ,7 ,6 7 
marginal,129,1326,6,6,Dentist,0.0,Female,6,6 ,6 ,6 
marginal,129,1501,1,7,Surgeon,1.0,Male,7,1 6 7 ,1 6 7 ,1 6 7 
marginal,129,267,1,1,Physician,0.0,Female,1,1 6 ,1 6 ,1 
marginal,129,951,4,4,Psychologist,1.0,Male,4,4 ,4 ,4 
marginal,129,1147,5,5,Teacher,0.0,Female,5,5 ,5 ,5 
marginal,129,1777,8,8,Painter,0.0,Female,8,8 ,8 ,8 
marginal,129,330,1,1,Physician,0.0,Female,1,1 6 ,1 6 ,1 
marginal,129,1229,6,6,Dentist,0.0,Female,6,6 7 ,6 7 ,6 7 
marginal,129,1153,2,5,Teacher,1.0,Male,2,2 3 ,2 3 5 ,2 3 5 
marginal,129,262,1,1,Physician,0.0,Female,1,1 ,1 6 ,1 6 
marginal,130,799,3,3,Journalist,0.0,Female,3,3 ,3 ,3 
marginal,130,550,2,2,Photographer,1.0,Male,2,2 3 ,2 3 ,2 3 
marginal,130,1995,9,9,Model,0.0,Female,9,9 ,9 ,9 
marginal,130,1673,8,8,Painter,1.0,Male,8,8 ,8 ,8 
marginal,130,1476,7,7,Surgeon,1.0,Male,7,7 ,7 ,6 7 
marginal,130,1798,8,8,Painter,1.0,Male,8,2 8 ,2 8 ,2 8 
marginal,130,1216,6,6,Dentist,1.0,Male,6,6 ,6 ,1 6 
marginal,130,294,1,1,Physician,0.0,Female,1,1 ,1 ,1 
marginal,130,1693,3,8,Painter,1.0,Male,8,2 3 5 8 ,2 3 5 8 ,2 3 5 8 
marginal,130,689,3,3,Journalist,1.0,Male,3,3 ,3 ,3 5 
marginal,130,1249,6,6,Dentist,0.0,Female,6,6 ,6 7 ,6 
marginal,130,1845,9,9,Model,0.0,Female,9,9 ,3 9 ,9 
marginal,130,840,4,4,Psychologist,0.0,Female,4,4 ,4 ,4 
marginal,130,414,2,2,Photographer,1.0,Male,2,2 ,2 ,2 
marginal,130,616,3,3,Journalist,0.0,Female,3,3 ,3 ,3 
marginal,130,153,3,0,Professor,1.0,Male,0,3 0 ,3 5 0 ,3 5 0 
marginal,130,1930,9,9,Model,0.0,Female,9,9 ,9 ,9 
marginal,130,1185,5,5,Teacher,1.0,Male,5,5 7 ,5 7 ,5 7 
marginal,130,1444,1,7,Surgeon,0.0,Female,7,1 7 ,1 7 ,1 7 
marginal,130,848,4,4,Psychologist,0.0,Female,4,4 ,4 ,4 
marginal,130,1915,9,9,Model,0.0,Female,9,9 ,9 ,9 
marginal,130,991,3,4,Psychologist,1.0,Male,5,3 5 ,2 3 4 5 ,2 3 4 5 
marginal,130,1204,6,6,Dentist,1.0,Male,6,6 ,6 ,1 6 
marginal,130,61,0,0,Professor,0.0,Female,0,0 ,0 ,0 
marginal,130,638,5,3,Journalist,0.0,Female,4,4 5 ,4 5 0 ,4 5 
marginal,130,1604,8,8,Painter,0.0,Female,8,8 ,8 ,8 
marginal,130,313,1,1,Physician,0.0,Female,1,1 ,1 ,1 
marginal,130,310,7,1,Physician,1.0,Male,1,1 7 ,1 6 7 ,1 7 
marginal,130,1560,7,7,Surgeon,0.0,Female,6,1 6 7 ,1 6 7 0 ,1 6 7 0 
marginal,130,448,3,2,Photographer,1.0,Male,3,3 5 ,3 5 ,3 5 
marginal,130,1174,5,5,Teacher,0.0,Female,3,3 5 ,3 5 0 ,3 5 0 
marginal,130,873,4,4,Psychologist,1.0,Male,4,4 6 ,4 6 ,4 6 
marginal,130,110,1,0,Professor,0.0,Female,1,1 0 ,1 ,1 0 
marginal,130,1755,8,8,Painter,0.0,Female,8,8 ,8 ,8 
marginal,130,135,0,0,Professor,1.0,Male,0,0 ,0 ,0 
marginal,130,591,8,2,Photographer,1.0,Male,2,2 8 ,2 4 8 0 ,2 8 0 
marginal,130,865,4,4,Psychologist,0.0,Female,5,3 5 ,3 4 5 ,3 4 5 
marginal,130,1273,6,6,Dentist,0.0,Female,6,6 ,6 ,6 
marginal,130,1956,2,9,Model,0.0,Female,2,2 ,2 ,2 
marginal,130,1417,1,7,Surgeon,1.0,Male,1,1 ,1 ,1 
marginal,130,85,8,0,Professor,1.0,Male,2,2 8 ,2 8 0 ,2 8 
marginal,130,1135,4,5,Teacher,0.0,Female,5,5 9 ,5 ,5 
marginal,130,409,2,2,Photographer,1.0,Male,2,2 ,2 ,2 3 
marginal,130,343,1,1,Physician,0.0,Female,1,1 6 ,1 6 ,1 6 
marginal,130,1016,5,5,Teacher,1.0,Male,5,5 0 ,4 5 0 ,4 5 0 
marginal,130,383,1,1,Physician,1.0,Male,1,1 6 ,1 6 ,1 
marginal,130,1269,6,6,Dentist,1.0,Male,6,6 ,6 ,6 7 
marginal,130,1586,7,7,Surgeon,1.0,Male,7,7 ,7 ,7 
marginal,130,1140,0,5,Teacher,1.0,Male,0,0 ,0 ,0 
marginal,130,633,3,3,Journalist,0.0,Female,3,3 ,3 ,3 
marginal,131,294,1,1,Physician,0.0,Female,1,1 ,1 ,1 
marginal,131,312,1,1,Physician,1.0,Male,1,1 6 ,1 ,1 6 
marginal,131,1185,5,5,Teacher,1.0,Male,5,5 7 ,5 7 ,5 7 
marginal,131,865,5,4,Psychologist,0.0,Female,5,3 5 ,3 4 5 ,3 4 5 
marginal,131,1845,9,9,Model,0.0,Female,9,9 ,3 9 ,9 
marginal,131,1915,9,9,Model,0.0,Female,9,9 ,9 ,9 
marginal,131,1016,5,5,Teacher,1.0,Male,5,5 0 ,4 5 0 ,4 5 0 
marginal,131,79,0,0,Professor,0.0,Female,1,1 0 ,1 4 0 ,1 0 
marginal,131,633,3,3,Journalist,0.0,Female,3,3 ,3 ,3 
marginal,131,153,0,0,Professor,1.0,Male,0,3 0 ,3 5 0 ,3 5 0 
marginal,131,1851,3,9,Model,1.0,Male,9,3 6 9 ,2 3 6 9 ,2 3 6 9 
marginal,131,1956,2,9,Model,0.0,Female,2,2 ,2 ,2 
marginal,131,383,1,1,Physician,1.0,Male,1,1 6 ,1 6 ,1 
marginal,131,799,3,3,Journalist,0.0,Female,3,3 ,3 ,3 
marginal,131,1053,5,5,Teacher,0.0,Female,5,2 3 5 9 ,2 5 9 ,2 5 9 
marginal,131,1540,6,7,Surgeon,0.0,Female,6,6 7 ,6 7 ,6 
marginal,131,1204,6,6,Dentist,1.0,Male,6,6 ,6 ,1 6 
marginal,131,591,2,2,Photographer,1.0,Male,2,2 8 ,2 4 8 0 ,2 8 0 
marginal,131,409,2,2,Photographer,1.0,Male,2,2 ,2 ,2 3 
marginal,131,1249,6,6,Dentist,0.0,Female,6,6 ,6 7 ,6 
marginal,131,1140,0,5,Teacher,1.0,Male,0,0 ,0 ,0 
marginal,131,310,1,1,Physician,1.0,Male,1,1 7 ,1 6 7 ,1 7 
marginal,131,110,1,0,Professor,0.0,Female,1,1 0 ,1 ,1 0 
marginal,131,1586,7,7,Surgeon,1.0,Male,7,7 ,7 ,7 
marginal,131,1174,0,5,Teacher,0.0,Female,3,3 5 ,3 5 0 ,3 5 0 
marginal,131,1693,3,8,Painter,1.0,Male,8,2 3 5 8 ,2 3 5 8 ,2 3 5 8 
marginal,131,568,2,2,Photographer,1.0,Male,2,2 ,2 ,2 
marginal,131,616,3,3,Journalist,0.0,Female,3,3 ,3 ,3 
marginal,131,86,5,0,Professor,0.0,Female,0,5 0 ,5 0 ,5 0 
marginal,131,840,4,4,Psychologist,0.0,Female,4,4 ,4 ,4 
marginal,131,1216,6,6,Dentist,1.0,Male,6,6 ,6 ,1 6 
marginal,131,873,6,4,Psychologist,1.0,Male,4,4 6 ,4 6 ,4 6 
marginal,131,1444,7,7,Surgeon,0.0,Female,7,1 7 ,1 7 ,1 7 
marginal,131,641,3,3,Journalist,0.0,Female,3,3 ,3 ,3 
marginal,131,1730,8,8,Painter,1.0,Male,8,8 ,8 ,8 
marginal,131,414,2,2,Photographer,1.0,Male,2,2 ,2 ,2 
marginal,131,1290,6,6,Dentist,1.0,Male,6,6 ,6 ,6 
marginal,131,1417,1,7,Surgeon,1.0,Male,1,1 ,1 ,1 
marginal,131,991,3,4,Psychologist,1.0,Male,5,3 5 ,2 3 4 5 ,2 3 4 5 
marginal,131,1756,8,8,Painter,0.0,Female,8,2 8 ,2 8 9 ,2 8 9 
marginal,131,449,2,2,Photographer,1.0,Male,2,2 ,2 ,2 
marginal,131,1476,7,7,Surgeon,1.0,Male,7,7 ,7 ,6 7 
marginal,131,1929,9,9,Model,0.0,Female,9,3 9 ,2 3 9 ,3 9 
marginal,131,804,4,4,Psychologist,0.0,Female,4,4 ,4 ,4 
marginal,131,135,0,0,Professor,1.0,Male,0,0 ,0 ,0 
marginal,131,1798,8,8,Painter,1.0,Male,8,2 8 ,2 8 ,2 8 
marginal,131,1604,8,8,Painter,0.0,Female,8,8 ,8 ,8 
marginal,131,289,1,1,Physician,0.0,Female,1,1 ,1 ,1 
marginal,131,1268,6,6,Dentist,1.0,Male,6,6 ,6 ,6 7 
marginal,131,688,3,3,Journalist,1.0,Male,3,3 ,3 ,3 0 
marginal,132,343,1,1,Physician,0.0,Female,1,1 6 ,1 6 ,1 6 
marginal,132,1956,9,9,Model,0.0,Female,2,2 ,2 ,2 
marginal,132,293,0,1,Physician,1.0,Male,1,1 0 ,1 7 0 ,1 7 0 
marginal,132,21,0,0,Professor,0.0,Female,0,0 ,0 ,0 
marginal,132,1296,7,6,Dentist,1.0,Male,7,7 ,5 7 ,5 7 
marginal,132,1609,4,8,Painter,0.0,Female,8,8 ,8 0 ,8 
marginal,132,449,2,2,Photographer,1.0,Male,2,2 ,2 ,2 
marginal,132,1190,5,5,Teacher,1.0,Male,0,0 ,5 0 ,5 0 
marginal,132,1604,8,8,Painter,0.0,Female,8,8 ,8 ,8 
marginal,132,1799,8,8,Painter,0.0,Female,8,2 8 ,8 ,8 
marginal,132,1673,7,8,Painter,1.0,Male,8,8 ,8 ,8 
marginal,132,1249,6,6,Dentist,0.0,Female,6,6 ,6 7 ,6 
marginal,132,17,3,0,Professor,1.0,Male,3,3 0 ,3 5 0 ,3 5 0 
marginal,132,1135,5,5,Teacher,0.0,Female,5,5 9 ,5 ,5 
marginal,132,134,0,0,Professor,1.0,Male,0,0 ,0 ,3 0 
marginal,132,991,3,4,Psychologist,1.0,Male,5,3 5 ,2 3 4 5 ,2 3 4 5 
marginal,132,1639,2,8,Painter,1.0,Male,2,2 8 ,2 8 ,2 8 
marginal,132,1444,7,7,Surgeon,0.0,Female,7,1 7 ,1 7 ,1 7 
marginal,132,1995,9,9,Model,0.0,Female,9,9 ,9 ,9 
marginal,132,1965,3,9,Model,1.0,Male,3,3 6 ,2 3 6 ,2 3 6 
marginal,132,1560,7,7,Surgeon,0.0,Female,6,1 6 7 ,1 6 7 0 ,1 6 7 0 
marginal,132,848,4,4,Psychologist,0.0,Female,4,4 ,4 ,4 
marginal,132,550,8,2,Photographer,1.0,Male,2,2 3 ,2 3 ,2 3 
marginal,132,873,4,4,Psychologist,1.0,Male,4,4 6 ,4 6 ,4 6 
marginal,132,509,2,2,Photographer,1.0,Male,2,2 ,2 ,2 
marginal,132,1583,3,7,Surgeon,1.0,Male,3,3 7 ,3 7 ,3 7 
marginal,132,1009,3,5,Teacher,1.0,Male,3,2 3 ,2 3 ,2 3 4 
marginal,132,237,1,1,Physician,0.0,Female,1,1 ,1 ,1 
marginal,132,799,1,3,Journalist,0.0,Female,3,3 ,3 ,3 
marginal,132,109,4,0,Professor,1.0,Male,4,4 7 ,4 7 ,1 4 7 
marginal,132,1976,5,9,Model,0.0,Female,3,3 5 9 ,2 3 5 9 ,3 5 9 
marginal,132,1401,1,7,Surgeon,1.0,Male,1,1 7 ,1 7 ,1 7 
marginal,132,310,7,1,Physician,1.0,Male,1,1 7 ,1 6 7 ,1 7 
marginal,132,1417,1,7,Surgeon,1.0,Male,1,1 ,1 ,1 
marginal,132,229,1,1,Physician,0.0,Female,1,1 ,1 ,1 
marginal,132,982,1,4,Psychologist,0.0,Female,4,4 ,4 ,4 
marginal,132,1399,6,6,Dentist,1.0,Male,6,6 ,6 ,6 7 
marginal,132,878,4,4,Psychologist,1.0,Male,0,4 0 ,4 6 0 ,4 6 0 
marginal,132,495,2,2,Photographer,0.0,Female,2,2 ,2 ,2 
marginal,132,413,8,2,Photographer,1.0,Male,8,8 ,8 ,2 8 
marginal,132,1216,6,6,Dentist,1.0,Male,6,6 ,6 ,1 6 
marginal,132,638,4,3,Journalist,0.0,Female,4,4 5 ,4 5 0 ,4 5 
marginal,132,719,9,3,Journalist,1.0,Male,5,5 9 ,5 9 ,5 9 
marginal,132,60,0,0,Professor,1.0,Male,0,0 ,0 ,0 
marginal,132,1914,9,9,Model,0.0,Female,9,9 ,9 ,9 
marginal,132,1273,6,6,Dentist,0.0,Female,6,6 ,6 ,6 
marginal,132,1016,0,5,Teacher,1.0,Male,5,5 0 ,4 5 0 ,4 5 0 
marginal,132,1185,5,5,Teacher,1.0,Male,5,5 7 ,5 7 ,5 7 
marginal,132,686,3,3,Journalist,0.0,Female,3,3 ,3 ,3 
marginal,132,689,3,3,Journalist,1.0,Male,3,3 ,3 ,3 5 
marginal,133,643,3,3,Journalist,1.0,Male,3,3 ,3 ,3 
marginal,133,1809,9,9,Model,0.0,Female,9,9 ,9 ,9 
marginal,133,224,7,1,Physician,0.0,Female,1,1 6 ,1 6 ,1 6 
marginal,133,266,1,1,Physician,0.0,Female,1,1 6 ,1 ,1 
marginal,133,1405,7,7,Surgeon,1.0,Male,7,7 ,7 ,1 7 
marginal,133,1658,8,8,Painter,1.0,Male,8,2 8 ,2 5 8 ,2 5 8 
marginal,133,254,1,1,Physician,0.0,Female,1,1 ,1 ,1 
marginal,133,1918,9,9,Model,1.0,Male,9,5 9 ,2 5 9 ,2 5 9 0 
marginal,133,138,3,0,Professor,1.0,Male,3,3 0 ,3 5 0 ,3 4 5 0 
marginal,133,1153,5,5,Teacher,1.0,Male,2,2 3 ,2 3 5 ,2 3 5 
marginal,133,1294,6,6,Dentist,0.0,Female,6,6 ,6 ,6 
marginal,133,763,3,3,Journalist,1.0,Male,3,3 ,3 ,3 
marginal,133,1505,5,7,Surgeon,1.0,Male,3,3 5 ,3 5 ,3 5 
marginal,133,976,4,4,Psychologist,0.0,Female,4,1 4 ,4 ,4 
marginal,133,94,5,0,Professor,0.0,Female,0,2 5 0 ,2 5 0 ,5 0 
marginal,133,10,0,0,Professor,0.0,Female,0,0 ,0 ,0 
marginal,133,894,4,4,Psychologist,1.0,Male,4,4 ,4 ,4 0 
marginal,133,631,3,3,Journalist,1.0,Male,3,3 ,3 ,2 3 
marginal,133,1792,8,8,Painter,1.0,Male,8,8 ,8 ,8 
marginal,133,1487,0,7,Surgeon,0.0,Female,0,0 ,4 0 ,4 0 
marginal,133,669,1,3,Journalist,1.0,Male,3,2 3 ,2 3 ,2 3 
marginal,133,664,3,3,Journalist,1.0,Male,3,2 3 0 ,1 2 3 0 ,1 2 3 0 
marginal,133,1590,7,7,Surgeon,1.0,Male,7,7 ,7 ,6 7 
marginal,133,1327,6,6,Dentist,0.0,Female,6,1 6 7 ,1 6 ,1 6 
marginal,133,1277,6,6,Dentist,1.0,Male,6,6 ,6 ,6 7 
marginal,133,1949,9,9,Model,0.0,Female,9,3 9 ,3 9 ,3 9 
marginal,133,1109,5,5,Teacher,0.0,Female,5,5 ,5 ,5 
marginal,133,837,4,4,Psychologist,0.0,Female,4,4 ,4 ,4 
marginal,133,543,2,2,Photographer,0.0,Female,2,2 9 ,2 3 4 9 ,2 4 9 
marginal,133,1759,8,8,Painter,0.0,Female,8,8 ,8 ,8 
marginal,133,330,1,1,Physician,0.0,Female,1,1 6 ,1 6 ,1 
marginal,133,1148,8,5,Teacher,1.0,Male,2,2 8 ,2 8 ,2 8 
marginal,133,267,1,1,Physician,0.0,Female,1,1 6 ,1 6 ,1 
marginal,133,1157,5,5,Teacher,0.0,Female,5,1 5 0 ,5 0 ,5 0 
marginal,133,1888,3,9,Model,0.0,Female,3,3 9 ,1 3 4 7 9 ,3 7 9 
marginal,133,1373,6,6,Dentist,0.0,Female,6,6 ,6 ,6 
marginal,133,1501,7,7,Surgeon,1.0,Male,7,1 6 7 ,1 6 7 ,1 6 7 
marginal,133,103,0,0,Professor,1.0,Male,0,0 ,0 ,4 0 
marginal,133,437,2,2,Photographer,0.0,Female,2,2 ,2 ,2 
marginal,133,1941,9,9,Model,0.0,Female,9,9 ,9 ,9 
marginal,133,11,0,0,Professor,1.0,Male,0,1 0 ,1 0 ,1 0 
marginal,133,1777,9,8,Painter,0.0,Female,8,8 ,8 ,8 
marginal,133,1768,3,8,Painter,0.0,Female,5,2 3 5 ,2 3 5 8 ,2 3 5 
marginal,133,971,0,4,Psychologist,0.0,Female,0,0 ,0 ,0 
marginal,133,833,4,4,Psychologist,1.0,Male,4,4 ,4 ,4 
marginal,133,432,2,2,Photographer,1.0,Male,2,2 ,2 9 ,2 9 
marginal,133,403,9,2,Photographer,1.0,Male,2,2 5 ,2 3 5 9 ,2 3 5 9 
marginal,133,498,2,2,Photographer,1.0,Male,2,2 ,2 ,2 
marginal,133,1038,5,5,Teacher,0.0,Female,5,5 ,5 ,5 
marginal,133,1229,6,6,Dentist,0.0,Female,6,6 7 ,6 7 ,6 7 
marginal,134,1297,6,6,Dentist,1.0,Male,6,6 ,6 ,6 
marginal,134,1504,7,7,Surgeon,1.0,Male,7,1 7 ,1 7 ,1 7 
marginal,134,877,3,4,Psychologist,0.0,Female,3,3 4 5 ,3 4 5 ,3 4 5 
marginal,134,138,3,0,Professor,1.0,Male,3,3 0 ,3 5 0 ,3 4 5 0 
marginal,134,1110,5,5,Teacher,0.0,Female,5,3 5 ,3 5 ,5 
marginal,134,1406,6,7,Surgeon,1.0,Male,7,1 6 7 ,1 6 7 0 ,1 6 7 0 
marginal,134,1399,6,6,Dentist,1.0,Male,6,6 ,6 ,6 7 
marginal,134,229,1,1,Physician,0.0,Female,1,1 ,1 ,1 
marginal,134,1609,8,8,Painter,0.0,Female,8,8 ,8 0 ,8 
marginal,134,837,4,4,Psychologist,0.0,Female,4,4 ,4 ,4 
marginal,134,11,1,0,Professor,1.0,Male,0,1 0 ,1 0 ,1 0 
marginal,134,255,1,1,Physician,0.0,Female,1,1 6 ,1 6 ,1 
marginal,134,1039,0,5,Teacher,1.0,Male,3,2 3 9 ,2 3 5 9 ,2 3 9 
marginal,134,982,4,4,Psychologist,0.0,Female,4,4 ,4 ,4 
marginal,134,1590,9,7,Surgeon,1.0,Male,7,7 ,7 ,6 7 
marginal,134,433,2,2,Photographer,0.0,Female,2,2 ,2 ,2 
marginal,134,1639,2,8,Painter,1.0,Male,2,2 8 ,2 8 ,2 8 
marginal,134,1189,4,5,Teacher,0.0,Female,4,4 5 ,4 5 ,4 
marginal,134,1768,8,8,Painter,0.0,Female,5,2 3 5 ,2 3 5 8 ,2 3 5 
marginal,134,1658,8,8,Painter,1.0,Male,8,2 8 ,2 5 8 ,2 5 8 
marginal,134,224,1,1,Physician,0.0,Female,1,1 6 ,1 6 ,1 6 
marginal,134,1965,1,9,Model,1.0,Male,3,3 6 ,2 3 6 ,2 3 6 
marginal,134,21,0,0,Professor,0.0,Female,0,0 ,0 ,0 
marginal,134,235,1,1,Physician,0.0,Female,1,1 ,1 ,1 
marginal,134,895,4,4,Psychologist,0.0,Female,4,4 0 ,3 4 0 ,4 0 
marginal,134,1809,9,9,Model,0.0,Female,9,9 ,9 ,9 
marginal,134,973,4,4,Psychologist,0.0,Female,4,4 ,4 6 ,4 
marginal,134,1009,2,5,Teacher,1.0,Male,3,2 3 ,2 3 ,2 3 4 
marginal,134,685,3,3,Journalist,0.0,Female,3,3 ,3 ,3 
marginal,134,1278,6,6,Dentist,1.0,Male,6,6 7 ,6 7 ,6 7 
marginal,134,544,2,2,Photographer,1.0,Male,2,2 ,2 ,2 
marginal,134,507,2,2,Photographer,1.0,Male,2,2 ,2 ,2 
marginal,134,1327,6,6,Dentist,0.0,Female,6,1 6 7 ,1 6 ,1 6 
marginal,134,494,2,2,Photographer,0.0,Female,2,2 9 ,2 9 ,2 9 
marginal,134,1294,6,6,Dentist,0.0,Female,6,6 ,6 ,6 
marginal,134,1401,1,7,Surgeon,1.0,Male,1,1 7 ,1 7 ,1 7 
marginal,134,103,0,0,Professor,1.0,Male,0,0 ,0 ,4 0 
marginal,134,267,7,1,Physician,0.0,Female,1,1 6 ,1 6 ,1 
marginal,134,1941,9,9,Model,0.0,Female,9,9 ,9 ,9 
marginal,134,1792,8,8,Painter,1.0,Male,8,8 ,8 ,8 
marginal,134,665,3,3,Journalist,0.0,Female,3,3 ,3 ,3 
marginal,134,1583,1,7,Surgeon,1.0,Male,3,3 7 ,3 7 ,3 7 
marginal,134,437,2,2,Photographer,0.0,Female,2,2 ,2 ,2 
marginal,134,16,5,0,Professor,1.0,Male,5,5 ,5 ,5 
marginal,134,1976,9,9,Model,0.0,Female,3,3 5 9 ,2 3 5 9 ,3 5 9 
marginal,134,764,3,3,Journalist,1.0,Male,3,3 ,3 ,3 
marginal,134,1149,5,5,Teacher,1.0,Male,5,5 ,5 ,5 9 
marginal,134,718,3,3,Journalist,1.0,Male,3,3 5 ,3 5 ,3 5 
marginal,134,669,2,3,Journalist,1.0,Male,3,2 3 ,2 3 ,2 3 
marginal,134,1888,0,9,Model,0.0,Female,3,3 9 ,1 3 4 7 9 ,3 7 9 
marginal,135,1759,8,8,Painter,0.0,Female,8,8 ,8 ,8 
marginal,135,1157,0,5,Teacher,0.0,Female,5,1 5 0 ,5 0 ,5 0 
marginal,135,10,0,0,Professor,0.0,Female,0,0 ,0 ,0 
marginal,135,254,1,1,Physician,0.0,Female,1,1 ,1 ,1 
marginal,135,1277,6,6,Dentist,1.0,Male,6,6 ,6 ,6 7 
marginal,135,1809,9,9,Model,0.0,Female,9,9 ,9 ,9 
marginal,135,330,1,1,Physician,0.0,Female,1,1 6 ,1 6 ,1 
marginal,135,833,1,4,Psychologist,1.0,Male,4,4 ,4 ,4 
marginal,135,1327,6,6,Dentist,0.0,Female,6,1 6 7 ,1 6 ,1 6 
marginal,135,1405,7,7,Surgeon,1.0,Male,7,7 ,7 ,1 7 
marginal,135,267,6,1,Physician,0.0,Female,1,1 6 ,1 6 ,1 
marginal,135,1941,9,9,Model,0.0,Female,9,9 ,9 ,9 
marginal,135,1148,8,5,Teacher,1.0,Male,2,2 8 ,2 8 ,2 8 
marginal,135,1487,4,7,Surgeon,0.0,Female,0,0 ,4 0 ,4 0 
marginal,135,224,1,1,Physician,0.0,Female,1,1 6 ,1 6 ,1 6 
marginal,135,94,0,0,Professor,0.0,Female,0,2 5 0 ,2 5 0 ,5 0 
marginal,135,763,0,3,Journalist,1.0,Male,3,3 ,3 ,3 
marginal,135,1768,8,8,Painter,0.0,Female,5,2 3 5 ,2 3 5 8 ,2 3 5 
marginal,135,1658,8,8,Painter,1.0,Male,8,2 8 ,2 5 8 ,2 5 8 
marginal,135,643,3,3,Journalist,1.0,Male,3,3 ,3 ,3 
marginal,135,1590,7,7,Surgeon,1.0,Male,7,7 ,7 ,6 7 
marginal,135,1888,4,9,Model,0.0,Female,3,3 9 ,1 3 4 7 9 ,3 7 9 
marginal,135,11,1,0,Professor,1.0,Male,0,1 0 ,1 0 ,1 0 
marginal,135,266,1,1,Physician,0.0,Female,1,1 6 ,1 ,1 
marginal,135,1373,6,6,Dentist,0.0,Female,6,6 ,6 ,6 
marginal,135,138,3,0,Professor,1.0,Male,3,3 0 ,3 5 0 ,3 4 5 0 
marginal,135,432,2,2,Photographer,1.0,Male,2,2 ,2 9 ,2 9 
marginal,135,894,4,4,Psychologist,1.0,Male,4,4 ,4 ,4 0 
marginal,135,976,4,4,Psychologist,0.0,Female,4,1 4 ,4 ,4 
marginal,135,669,3,3,Journalist,1.0,Male,3,2 3 ,2 3 ,2 3 
marginal,135,437,2,2,Photographer,0.0,Female,2,2 ,2 ,2 
marginal,135,664,3,3,Journalist,1.0,Male,3,2 3 0 ,1 2 3 0 ,1 2 3 0 
marginal,135,1501,7,7,Surgeon,1.0,Male,7,1 6 7 ,1 6 7 ,1 6 7 
marginal,135,1777,8,8,Painter,0.0,Female,8,8 ,8 ,8 
marginal,135,1109,5,5,Teacher,0.0,Female,5,5 ,5 ,5 
marginal,135,1229,7,6,Dentist,0.0,Female,6,6 7 ,6 7 ,6 7 
marginal,135,1038,5,5,Teacher,0.0,Female,5,5 ,5 ,5 
marginal,135,543,2,2,Photographer,0.0,Female,2,2 9 ,2 3 4 9 ,2 4 9 
marginal,135,403,9,2,Photographer,1.0,Male,2,2 5 ,2 3 5 9 ,2 3 5 9 
marginal,135,971,0,4,Psychologist,0.0,Female,0,0 ,0 ,0 
marginal,135,1792,8,8,Painter,1.0,Male,8,8 ,8 ,8 
marginal,135,498,2,2,Photographer,1.0,Male,2,2 ,2 ,2 
marginal,135,1505,3,7,Surgeon,1.0,Male,3,3 5 ,3 5 ,3 5 
marginal,135,1153,9,5,Teacher,1.0,Male,2,2 3 ,2 3 5 ,2 3 5 
marginal,135,631,9,3,Journalist,1.0,Male,3,3 ,3 ,2 3 
marginal,135,1918,9,9,Model,1.0,Male,9,5 9 ,2 5 9 ,2 5 9 0 
marginal,135,837,4,4,Psychologist,0.0,Female,4,4 ,4 ,4 
marginal,135,1294,6,6,Dentist,0.0,Female,6,6 ,6 ,6 
marginal,135,1949,3,9,Model,0.0,Female,9,3 9 ,3 9 ,3 9 
marginal,135,103,0,0,Professor,1.0,Male,0,0 ,0 ,4 0 
marginal,136,266,1,1,Physician,0.0,Female,1,1 6 ,1 ,1 
marginal,136,1294,6,6,Dentist,0.0,Female,6,6 ,6 ,6 
marginal,136,543,9,2,Photographer,0.0,Female,2,2 9 ,2 3 4 9 ,2 4 9 
marginal,136,224,6,1,Physician,0.0,Female,1,1 6 ,1 6 ,1 6 
marginal,136,971,0,4,Psychologist,0.0,Female,0,0 ,0 ,0 
marginal,136,1941,9,9,Model,0.0,Female,9,9 ,9 ,9 
marginal,136,837,4,4,Psychologist,0.0,Female,4,4 ,4 ,4 
marginal,136,1949,1,9,Model,0.0,Female,9,3 9 ,3 9 ,3 9 
marginal,136,1759,8,8,Painter,0.0,Female,8,8 ,8 ,8 
marginal,136,1109,5,5,Teacher,0.0,Female,5,5 ,5 ,5 
marginal,136,11,1,0,Professor,1.0,Male,0,1 0 ,1 0 ,1 0 
marginal,136,403,2,2,Photographer,1.0,Male,2,2 5 ,2 3 5 9 ,2 3 5 9 
marginal,136,330,1,1,Physician,0.0,Female,1,1 6 ,1 6 ,1 
marginal,136,1888,3,9,Model,0.0,Female,3,3 9 ,1 3 4 7 9 ,3 7 9 
marginal,136,1505,3,7,Surgeon,1.0,Male,3,3 5 ,3 5 ,3 5 
marginal,136,267,6,1,Physician,0.0,Female,1,1 6 ,1 6 ,1 
marginal,136,1153,5,5,Teacher,1.0,Male,2,2 3 ,2 3 5 ,2 3 5 
marginal,136,1038,5,5,Teacher,0.0,Female,5,5 ,5 ,5 
marginal,136,643,5,3,Journalist,1.0,Male,3,3 ,3 ,3 
marginal,136,1658,6,8,Painter,1.0,Male,8,2 8 ,2 5 8 ,2 5 8 
marginal,136,1373,6,6,Dentist,0.0,Female,6,6 ,6 ,6 
marginal,136,1229,7,6,Dentist,0.0,Female,6,6 7 ,6 7 ,6 7 
marginal,136,10,0,0,Professor,0.0,Female,0,0 ,0 ,0 
marginal,136,763,3,3,Journalist,1.0,Male,3,3 ,3 ,3 
marginal,136,437,2,2,Photographer,0.0,Female,2,2 ,2 ,2 
marginal,136,254,1,1,Physician,0.0,Female,1,1 ,1 ,1 
marginal,136,1157,5,5,Teacher,0.0,Female,5,1 5 0 ,5 0 ,5 0 
marginal,136,1487,4,7,Surgeon,0.0,Female,0,0 ,4 0 ,4 0 
marginal,136,94,2,0,Professor,0.0,Female,0,2 5 0 ,2 5 0 ,5 0 
marginal,136,1501,1,7,Surgeon,1.0,Male,7,1 6 7 ,1 6 7 ,1 6 7 
marginal,136,1777,8,8,Painter,0.0,Female,8,8 ,8 ,8 
marginal,136,894,4,4,Psychologist,1.0,Male,4,4 ,4 ,4 0 
marginal,136,1809,9,9,Model,0.0,Female,9,9 ,9 ,9 
marginal,136,103,0,0,Professor,1.0,Male,0,0 ,0 ,4 0 
marginal,136,1768,4,8,Painter,0.0,Female,5,2 3 5 ,2 3 5 8 ,2 3 5 
marginal,136,1277,7,6,Dentist,1.0,Male,6,6 ,6 ,6 7 
marginal,136,432,2,2,Photographer,1.0,Male,2,2 ,2 9 ,2 9 
marginal,136,138,3,0,Professor,1.0,Male,3,3 0 ,3 5 0 ,3 4 5 0 
marginal,136,1792,8,8,Painter,1.0,Male,8,8 ,8 ,8 
marginal,136,669,3,3,Journalist,1.0,Male,3,2 3 ,2 3 ,2 3 
marginal,136,1148,2,5,Teacher,1.0,Male,2,2 8 ,2 8 ,2 8 
marginal,136,1327,1,6,Dentist,0.0,Female,6,1 6 7 ,1 6 ,1 6 
marginal,136,976,4,4,Psychologist,0.0,Female,4,1 4 ,4 ,4 
marginal,136,631,3,3,Journalist,1.0,Male,3,3 ,3 ,2 3 
marginal,136,1918,9,9,Model,1.0,Male,9,5 9 ,2 5 9 ,2 5 9 0 
marginal,136,498,2,2,Photographer,1.0,Male,2,2 ,2 ,2 
marginal,136,664,2,3,Journalist,1.0,Male,3,2 3 0 ,1 2 3 0 ,1 2 3 0 
marginal,136,1590,7,7,Surgeon,1.0,Male,7,7 ,7 ,6 7 
marginal,136,833,4,4,Psychologist,1.0,Male,4,4 ,4 ,4 
marginal,136,1405,7,7,Surgeon,1.0,Male,7,7 ,7 ,1 7 
marginal,137,1327,6,6,Dentist,0.0,Female,6,1 6 7 ,1 6 ,1 6 
marginal,137,1399,6,6,Dentist,1.0,Male,6,6 ,6 ,6 7 
marginal,137,1278,6,6,Dentist,1.0,Male,6,6 7 ,6 7 ,6 7 
marginal,137,764,3,3,Journalist,1.0,Male,3,3 ,3 ,3 
marginal,137,1639,2,8,Painter,1.0,Male,2,2 8 ,2 8 ,2 8 
marginal,137,16,5,0,Professor,1.0,Male,5,5 ,5 ,5 
marginal,137,665,3,3,Journalist,0.0,Female,3,3 ,3 ,3 
marginal,137,982,4,4,Psychologist,0.0,Female,4,4 ,4 ,4 
marginal,137,1401,1,7,Surgeon,1.0,Male,1,1 7 ,1 7 ,1 7 
marginal,137,1768,3,8,Painter,0.0,Female,5,2 3 5 ,2 3 5 8 ,2 3 5 
marginal,137,1009,3,5,Teacher,1.0,Male,3,2 3 ,2 3 ,2 3 4 
marginal,137,235,1,1,Physician,0.0,Female,1,1 ,1 ,1 
marginal,137,1149,5,5,Teacher,1.0,Male,5,5 ,5 ,5 9 
marginal,137,433,2,2,Photographer,0.0,Female,2,2 ,2 ,2 
marginal,137,685,3,3,Journalist,0.0,Female,3,3 ,3 ,3 
marginal,137,1583,7,7,Surgeon,1.0,Male,3,3 7 ,3 7 ,3 7 
marginal,137,1965,2,9,Model,1.0,Male,3,3 6 ,2 3 6 ,2 3 6 
marginal,137,267,1,1,Physician,0.0,Female,1,1 6 ,1 6 ,1 
marginal,137,1189,4,5,Teacher,0.0,Female,4,4 5 ,4 5 ,4 
marginal,137,224,1,1,Physician,0.0,Female,1,1 6 ,1 6 ,1 6 
marginal,137,669,3,3,Journalist,1.0,Male,3,2 3 ,2 3 ,2 3 
marginal,137,103,0,0,Professor,1.0,Male,0,0 ,0 ,4 0 
marginal,137,1809,9,9,Model,0.0,Female,9,9 ,9 ,9 
marginal,137,11,1,0,Professor,1.0,Male,0,1 0 ,1 0 ,1 0 
marginal,137,138,3,0,Professor,1.0,Male,3,3 0 ,3 5 0 ,3 4 5 0 
marginal,137,507,2,2,Photographer,1.0,Male,2,2 ,2 ,2 
marginal,137,544,2,2,Photographer,1.0,Male,2,2 ,2 ,2 
marginal,137,1792,8,8,Painter,1.0,Male,8,8 ,8 ,8 
marginal,137,1110,3,5,Teacher,0.0,Female,5,3 5 ,3 5 ,5 
marginal,137,973,5,4,Psychologist,0.0,Female,4,4 ,4 6 ,4 
marginal,137,837,4,4,Psychologist,0.0,Female,4,4 ,4 ,4 
marginal,137,1976,9,9,Model,0.0,Female,3,3 5 9 ,2 3 5 9 ,3 5 9 
marginal,137,1504,7,7,Surgeon,1.0,Male,7,1 7 ,1 7 ,1 7 
marginal,137,895,0,4,Psychologist,0.0,Female,4,4 0 ,3 4 0 ,4 0 
marginal,137,1590,7,7,Surgeon,1.0,Male,7,7 ,7 ,6 7 
marginal,137,1294,6,6,Dentist,0.0,Female,6,6 ,6 ,6 
marginal,137,1658,2,8,Painter,1.0,Male,8,2 8 ,2 5 8 ,2 5 8 
marginal,137,255,7,1,Physician,0.0,Female,1,1 6 ,1 6 ,1 
marginal,137,1609,0,8,Painter,0.0,Female,8,8 ,8 0 ,8 
marginal,137,229,1,1,Physician,0.0,Female,1,1 ,1 ,1 
marginal,137,1297,6,6,Dentist,1.0,Male,6,6 ,6 ,6 
marginal,137,1888,1,9,Model,0.0,Female,3,3 9 ,1 3 4 7 9 ,3 7 9 
marginal,137,1406,7,7,Surgeon,1.0,Male,7,1 6 7 ,1 6 7 0 ,1 6 7 0 
marginal,137,21,0,0,Professor,0.0,Female,0,0 ,0 ,0 
marginal,137,1039,3,5,Teacher,1.0,Male,3,2 3 9 ,2 3 5 9 ,2 3 9 
marginal,137,1941,9,9,Model,0.0,Female,9,9 ,9 ,9 
marginal,137,877,3,4,Psychologist,0.0,Female,3,3 4 5 ,3 4 5 ,3 4 5 
marginal,137,437,2,2,Photographer,0.0,Female,2,2 ,2 ,2 
marginal,137,494,2,2,Photographer,0.0,Female,2,2 9 ,2 9 ,2 9 
marginal,137,718,3,3,Journalist,1.0,Male,3,3 5 ,3 5 ,3 5 
marginal,138,1326,6,6,Dentist,0.0,Female,6,6 ,6 ,6 
marginal,138,1734,8,8,Painter,1.0,Male,8,8 ,8 ,8 
marginal,138,1038,5,5,Teacher,0.0,Female,5,5 ,5 ,5 
marginal,138,1888,3,9,Model,0.0,Female,3,3 9 ,1 3 4 7 9 ,3 7 9 
marginal,138,330,1,1,Physician,0.0,Female,1,1 6 ,1 6 ,1 
marginal,138,138,3,0,Professor,1.0,Male,3,3 0 ,3 5 0 ,3 4 5 0 
marginal,138,262,1,1,Physician,0.0,Female,1,1 ,1 6 ,1 6 
marginal,138,1810,9,9,Model,0.0,Female,9,9 ,9 ,9 
marginal,138,1918,9,9,Model,1.0,Male,9,5 9 ,2 5 9 ,2 5 9 0 
marginal,138,664,1,3,Journalist,1.0,Male,3,2 3 0 ,1 2 3 0 ,1 2 3 0 
marginal,138,1501,1,7,Surgeon,1.0,Male,7,1 6 7 ,1 6 7 ,1 6 7 
marginal,138,1372,6,6,Dentist,0.0,Female,6,6 ,6 ,6 
marginal,138,1759,8,8,Painter,0.0,Female,8,8 ,8 ,8 
marginal,138,266,1,1,Physician,0.0,Female,1,1 6 ,1 ,1 
marginal,138,837,4,4,Psychologist,0.0,Female,4,4 ,4 ,4 
marginal,138,1405,7,7,Surgeon,1.0,Male,7,7 ,7 ,1 7 
marginal,138,432,9,2,Photographer,1.0,Male,2,2 ,2 9 ,2 9 
marginal,138,1777,9,8,Painter,0.0,Female,8,8 ,8 ,8 
marginal,138,631,3,3,Journalist,1.0,Male,3,3 ,3 ,2 3 
marginal,138,255,1,1,Physician,0.0,Female,1,1 6 ,1 6 ,1 
marginal,138,403,3,2,Photographer,1.0,Male,2,2 5 ,2 3 5 9 ,2 3 5 9 
marginal,138,1293,6,6,Dentist,1.0,Male,6,6 ,6 ,6 
marginal,138,10,0,0,Professor,0.0,Female,0,0 ,0 ,0 
marginal,138,971,0,4,Psychologist,0.0,Female,0,0 ,0 ,0 
marginal,138,1104,5,5,Teacher,0.0,Female,5,5 ,5 ,5 
marginal,138,1658,2,8,Painter,1.0,Male,8,2 8 ,2 5 8 ,2 5 8 
marginal,138,1153,3,5,Teacher,1.0,Male,2,2 3 ,2 3 5 ,2 3 5 
marginal,138,542,2,2,Photographer,0.0,Female,2,2 ,2 ,2 
marginal,138,1487,0,7,Surgeon,0.0,Female,0,0 ,4 0 ,4 0 
marginal,138,1157,5,5,Teacher,0.0,Female,5,1 5 0 ,5 0 ,5 0 
marginal,138,1225,6,6,Dentist,1.0,Male,6,6 7 ,6 7 ,6 7 
marginal,138,669,2,3,Journalist,1.0,Male,3,2 3 ,2 3 ,2 3 
marginal,138,1949,3,9,Model,0.0,Female,9,3 9 ,3 9 ,3 9 
marginal,138,267,1,1,Physician,0.0,Female,1,1 6 ,1 6 ,1 
marginal,138,1147,5,5,Teacher,0.0,Female,5,5 ,5 ,5 
marginal,138,951,4,4,Psychologist,1.0,Male,4,4 ,4 ,4 
marginal,138,95,3,0,Professor,0.0,Female,0,0 ,0 ,0 
marginal,138,867,4,4,Psychologist,0.0,Female,4,4 ,4 ,4 
marginal,138,402,2,2,Photographer,1.0,Male,2,2 ,2 ,2 
marginal,138,1833,9,9,Model,0.0,Female,2,2 3 5 9 ,2 3 5 9 ,2 3 9 
marginal,138,498,2,2,Photographer,1.0,Male,2,2 ,2 ,2 
marginal,138,11,1,0,Professor,1.0,Male,0,1 0 ,1 0 ,1 0 
marginal,138,832,4,4,Psychologist,1.0,Male,4,4 ,4 ,4 
marginal,138,1590,7,7,Surgeon,1.0,Male,7,7 ,7 ,6 7 
marginal,138,1646,8,8,Painter,0.0,Female,2,2 ,2 5 8 ,2 8 
marginal,138,706,3,3,Journalist,1.0,Male,3,3 ,3 ,3 
marginal,138,643,3,3,Journalist,1.0,Male,3,3 ,3 ,3 
marginal,138,43,0,0,Professor,0.0,Female,0,0 ,0 ,4 0 
marginal,138,1229,6,6,Dentist,0.0,Female,6,6 7 ,6 7 ,6 7 
marginal,138,1557,7,7,Surgeon,1.0,Male,7,7 ,7 ,1 7 
marginal,139,135,0,0,Professor,1.0,Male,0,0 ,0 ,0 
marginal,139,1956,2,9,Model,0.0,Female,2,2 ,2 ,2 
marginal,139,1693,3,8,Painter,1.0,Male,8,2 3 5 8 ,2 3 5 8 ,2 3 5 8 
marginal,139,1216,6,6,Dentist,1.0,Male,6,6 ,6 ,1 6 
marginal,139,1560,1,7,Surgeon,0.0,Female,6,1 6 7 ,1 6 7 0 ,1 6 7 0 
marginal,139,550,3,2,Photographer,1.0,Male,2,2 3 ,2 3 ,2 3 
marginal,139,1174,0,5,Teacher,0.0,Female,3,3 5 ,3 5 0 ,3 5 0 
marginal,139,294,1,1,Physician,0.0,Female,1,1 ,1 ,1 
marginal,139,873,4,4,Psychologist,1.0,Male,4,4 6 ,4 6 ,4 6 
marginal,139,1798,2,8,Painter,1.0,Male,8,2 8 ,2 8 ,2 8 
marginal,139,799,3,3,Journalist,0.0,Female,3,3 ,3 ,3 
marginal,139,61,0,0,Professor,0.0,Female,0,0 ,0 ,0 
marginal,139,1444,1,7,Surgeon,0.0,Female,7,1 7 ,1 7 ,1 7 
marginal,139,1604,3,8,Painter,0.0,Female,8,8 ,8 ,8 
marginal,139,343,1,1,Physician,0.0,Female,1,1 6 ,1 6 ,1 6 
marginal,139,409,2,2,Photographer,1.0,Male,2,2 ,2 ,2 3 
marginal,139,1930,9,9,Model,0.0,Female,9,9 ,9 ,9 
marginal,139,1755,8,8,Painter,0.0,Female,8,8 ,8 ,8 
marginal,139,616,3,3,Journalist,0.0,Female,3,3 ,3 ,3 
marginal,139,633,3,3,Journalist,0.0,Female,3,3 ,3 ,3 
marginal,139,1673,8,8,Painter,1.0,Male,8,8 ,8 ,8 
marginal,139,638,3,3,Journalist,0.0,Female,4,4 5 ,4 5 0 ,4 5 
marginal,139,865,4,4,Psychologist,0.0,Female,5,3 5 ,3 4 5 ,3 4 5 
marginal,139,310,7,1,Physician,1.0,Male,1,1 7 ,1 6 7 ,1 7 
marginal,139,85,8,0,Professor,1.0,Male,2,2 8 ,2 8 0 ,2 8 
marginal,139,414,2,2,Photographer,1.0,Male,2,2 ,2 ,2 
marginal,139,689,3,3,Journalist,1.0,Male,3,3 ,3 ,3 5 
marginal,139,591,8,2,Photographer,1.0,Male,2,2 8 ,2 4 8 0 ,2 8 0 
marginal,139,448,3,2,Photographer,1.0,Male,3,3 5 ,3 5 ,3 5 
marginal,139,1417,1,7,Surgeon,1.0,Male,1,1 ,1 ,1 
marginal,139,153,3,0,Professor,1.0,Male,0,3 0 ,3 5 0 ,3 5 0 
marginal,139,1915,9,9,Model,0.0,Female,9,9 ,9 ,9 
marginal,139,1016,0,5,Teacher,1.0,Male,5,5 0 ,4 5 0 ,4 5 0 
marginal,139,1140,0,5,Teacher,1.0,Male,0,0 ,0 ,0 
marginal,139,1586,7,7,Surgeon,1.0,Male,7,7 ,7 ,7 
marginal,139,1273,6,6,Dentist,0.0,Female,6,6 ,6 ,6 
marginal,139,383,1,1,Physician,1.0,Male,1,1 6 ,1 6 ,1 
marginal,139,110,7,0,Professor,0.0,Female,1,1 0 ,1 ,1 0 
marginal,139,1135,5,5,Teacher,0.0,Female,5,5 9 ,5 ,5 
marginal,139,1249,6,6,Dentist,0.0,Female,6,6 ,6 7 ,6 
marginal,139,1185,5,5,Teacher,1.0,Male,5,5 7 ,5 7 ,5 7 
marginal,139,991,4,4,Psychologist,1.0,Male,5,3 5 ,2 3 4 5 ,2 3 4 5 
marginal,139,1204,6,6,Dentist,1.0,Male,6,6 ,6 ,1 6 
marginal,139,1845,9,9,Model,0.0,Female,9,9 ,3 9 ,9 
marginal,139,848,1,4,Psychologist,0.0,Female,4,4 ,4 ,4 
marginal,139,1995,9,9,Model,0.0,Female,9,9 ,9 ,9 
marginal,139,313,1,1,Physician,0.0,Female,1,1 ,1 ,1 
marginal,139,1476,7,7,Surgeon,1.0,Male,7,7 ,7 ,6 7 
marginal,139,840,4,4,Psychologist,0.0,Female,4,4 ,4 ,4 
marginal,139,1269,7,6,Dentist,1.0,Male,6,6 ,6 ,6 7 
marginal,140,799,3,3,Journalist,0.0,Female,3,3 ,3 ,3 
marginal,140,153,3,0,Professor,1.0,Male,0,3 0 ,3 5 0 ,3 5 0 
marginal,140,638,4,3,Journalist,0.0,Female,4,4 5 ,4 5 0 ,4 5 
marginal,140,1476,7,7,Surgeon,1.0,Male,7,7 ,7 ,6 7 
marginal,140,383,1,1,Physician,1.0,Male,1,1 6 ,1 6 ,1 
marginal,140,1185,0,5,Teacher,1.0,Male,5,5 7 ,5 7 ,5 7 
marginal,140,1174,3,5,Teacher,0.0,Female,3,3 5 ,3 5 0 ,3 5 0 
marginal,140,1845,9,9,Model,0.0,Female,9,9 ,3 9 ,9 
marginal,140,550,2,2,Photographer,1.0,Male,2,2 3 ,2 3 ,2 3 
marginal,140,294,1,1,Physician,0.0,Female,1,1 ,1 ,1 
marginal,140,848,4,4,Psychologist,0.0,Female,4,4 ,4 ,4 
marginal,140,1444,7,7,Surgeon,0.0,Female,7,1 7 ,1 7 ,1 7 
marginal,140,840,4,4,Psychologist,0.0,Female,4,4 ,4 ,4 
marginal,140,1693,8,8,Painter,1.0,Male,8,2 3 5 8 ,2 3 5 8 ,2 3 5 8 
marginal,140,85,8,0,Professor,1.0,Male,2,2 8 ,2 8 0 ,2 8 
marginal,140,1604,8,8,Painter,0.0,Female,8,8 ,8 ,8 
marginal,140,1016,0,5,Teacher,1.0,Male,5,5 0 ,4 5 0 ,4 5 0 
marginal,140,61,0,0,Professor,0.0,Female,0,0 ,0 ,0 
marginal,140,1140,0,5,Teacher,1.0,Male,0,0 ,0 ,0 
marginal,140,689,3,3,Journalist,1.0,Male,3,3 ,3 ,3 5 
marginal,140,1216,6,6,Dentist,1.0,Male,6,6 ,6 ,1 6 
marginal,140,1915,9,9,Model,0.0,Female,9,9 ,9 ,9 
marginal,140,633,3,3,Journalist,0.0,Female,3,3 ,3 ,3 
marginal,140,1956,9,9,Model,0.0,Female,2,2 ,2 ,2 
marginal,140,313,1,1,Physician,0.0,Female,1,1 ,1 ,1 
marginal,140,616,3,3,Journalist,0.0,Female,3,3 ,3 ,3 
marginal,140,865,4,4,Psychologist,0.0,Female,5,3 5 ,3 4 5 ,3 4 5 
marginal,140,110,1,0,Professor,0.0,Female,1,1 0 ,1 ,1 0 
marginal,140,310,7,1,Physician,1.0,Male,1,1 7 ,1 6 7 ,1 7 
marginal,140,448,3,2,Photographer,1.0,Male,3,3 5 ,3 5 ,3 5 
marginal,140,1798,2,8,Painter,1.0,Male,8,2 8 ,2 8 ,2 8 
marginal,140,1930,9,9,Model,0.0,Female,9,9 ,9 ,9 
marginal,140,1249,6,6,Dentist,0.0,Female,6,6 ,6 7 ,6 
marginal,140,591,2,2,Photographer,1.0,Male,2,2 8 ,2 4 8 0 ,2 8 0 
marginal,140,991,4,4,Psychologist,1.0,Male,5,3 5 ,2 3 4 5 ,2 3 4 5 
marginal,140,409,2,2,Photographer,1.0,Male,2,2 ,2 ,2 3 
marginal,140,873,4,4,Psychologist,1.0,Male,4,4 6 ,4 6 ,4 6 
marginal,140,343,1,1,Physician,0.0,Female,1,1 6 ,1 6 ,1 6 
marginal,140,1560,7,7,Surgeon,0.0,Female,6,1 6 7 ,1 6 7 0 ,1 6 7 0 
marginal,140,1204,6,6,Dentist,1.0,Male,6,6 ,6 ,1 6 
marginal,140,414,2,2,Photographer,1.0,Male,2,2 ,2 ,2 
marginal,140,1417,1,7,Surgeon,1.0,Male,1,1 ,1 ,1 
marginal,140,1269,6,6,Dentist,1.0,Male,6,6 ,6 ,6 7 
marginal,140,1995,9,9,Model,0.0,Female,9,9 ,9 ,9 
marginal,140,135,0,0,Professor,1.0,Male,0,0 ,0 ,0 
marginal,140,1673,8,8,Painter,1.0,Male,8,8 ,8 ,8 
marginal,140,1273,6,6,Dentist,0.0,Female,6,6 ,6 ,6 
marginal,140,1755,8,8,Painter,0.0,Female,8,8 ,8 ,8 
marginal,140,1135,5,5,Teacher,0.0,Female,5,5 9 ,5 ,5 
marginal,140,1586,7,7,Surgeon,1.0,Male,7,7 ,7 ,7 
marginal,141,706,3,3,Journalist,1.0,Male,3,3 ,3 ,3 
marginal,141,1157,5,5,Teacher,0.0,Female,5,1 5 0 ,5 0 ,5 0 
marginal,141,1888,1,9,Model,0.0,Female,3,3 9 ,1 3 4 7 9 ,3 7 9 
marginal,141,1918,9,9,Model,1.0,Male,9,5 9 ,2 5 9 ,2 5 9 0 
marginal,141,1229,7,6,Dentist,0.0,Female,6,6 7 ,6 7 ,6 7 
marginal,141,1646,5,8,Painter,0.0,Female,2,2 ,2 5 8 ,2 8 
marginal,141,11,1,0,Professor,1.0,Male,0,1 0 ,1 0 ,1 0 
marginal,141,867,4,4,Psychologist,0.0,Female,4,4 ,4 ,4 
marginal,141,138,5,0,Professor,1.0,Male,3,3 0 ,3 5 0 ,3 4 5 0 
marginal,141,1487,0,7,Surgeon,0.0,Female,0,0 ,4 0 ,4 0 
marginal,141,951,4,4,Psychologist,1.0,Male,4,4 ,4 ,4 
marginal,141,1293,6,6,Dentist,1.0,Male,6,6 ,6 ,6 
marginal,141,266,1,1,Physician,0.0,Female,1,1 6 ,1 ,1 
marginal,141,255,6,1,Physician,0.0,Female,1,1 6 ,1 6 ,1 
marginal,141,669,2,3,Journalist,1.0,Male,3,2 3 ,2 3 ,2 3 
marginal,141,1833,2,9,Model,0.0,Female,2,2 3 5 9 ,2 3 5 9 ,2 3 9 
marginal,141,837,4,4,Psychologist,0.0,Female,4,4 ,4 ,4 
marginal,141,1759,8,8,Painter,0.0,Female,8,8 ,8 ,8 
marginal,141,1658,5,8,Painter,1.0,Male,8,2 8 ,2 5 8 ,2 5 8 
marginal,141,95,0,0,Professor,0.0,Female,0,0 ,0 ,0 
marginal,141,1153,3,5,Teacher,1.0,Male,2,2 3 ,2 3 5 ,2 3 5 
marginal,141,1225,6,6,Dentist,1.0,Male,6,6 7 ,6 7 ,6 7 
marginal,141,971,0,4,Psychologist,0.0,Female,0,0 ,0 ,0 
marginal,141,1326,6,6,Dentist,0.0,Female,6,6 ,6 ,6 
marginal,141,631,3,3,Journalist,1.0,Male,3,3 ,3 ,2 3 
marginal,141,1501,1,7,Surgeon,1.0,Male,7,1 6 7 ,1 6 7 ,1 6 7 
marginal,141,1038,5,5,Teacher,0.0,Female,5,5 ,5 ,5 
marginal,141,432,2,2,Photographer,1.0,Male,2,2 ,2 9 ,2 9 
marginal,141,1147,5,5,Teacher,0.0,Female,5,5 ,5 ,5 
marginal,141,262,1,1,Physician,0.0,Female,1,1 ,1 6 ,1 6 
marginal,141,10,0,0,Professor,0.0,Female,0,0 ,0 ,0 
marginal,141,403,2,2,Photographer,1.0,Male,2,2 5 ,2 3 5 9 ,2 3 5 9 
marginal,141,402,2,2,Photographer,1.0,Male,2,2 ,2 ,2 
marginal,141,1405,7,7,Surgeon,1.0,Male,7,7 ,7 ,1 7 
marginal,141,498,2,2,Photographer,1.0,Male,2,2 ,2 ,2 
marginal,141,1372,6,6,Dentist,0.0,Female,6,6 ,6 ,6 
marginal,141,643,3,3,Journalist,1.0,Male,3,3 ,3 ,3 
marginal,141,267,1,1,Physician,0.0,Female,1,1 6 ,1 6 ,1 
marginal,141,1590,7,7,Surgeon,1.0,Male,7,7 ,7 ,6 7 
marginal,141,832,4,4,Psychologist,1.0,Male,4,4 ,4 ,4 
marginal,141,1104,5,5,Teacher,0.0,Female,5,5 ,5 ,5 
marginal,141,1777,8,8,Painter,0.0,Female,8,8 ,8 ,8 
marginal,141,664,1,3,Journalist,1.0,Male,3,2 3 0 ,1 2 3 0 ,1 2 3 0 
marginal,141,542,2,2,Photographer,0.0,Female,2,2 ,2 ,2 
marginal,141,1557,7,7,Surgeon,1.0,Male,7,7 ,7 ,1 7 
marginal,141,1949,3,9,Model,0.0,Female,9,3 9 ,3 9 ,3 9 
marginal,141,1734,8,8,Painter,1.0,Male,8,8 ,8 ,8 
marginal,141,1810,9,9,Model,0.0,Female,9,9 ,9 ,9 
marginal,141,330,1,1,Physician,0.0,Female,1,1 6 ,1 6 ,1 
marginal,141,43,0,0,Professor,0.0,Female,0,0 ,0 ,4 0 
marginal,142,991,4,4,Psychologist,1.0,Male,5,3 5 ,2 3 4 5 ,2 3 4 5 
marginal,142,848,4,4,Psychologist,0.0,Female,4,4 ,4 ,4 
marginal,142,61,0,0,Professor,0.0,Female,0,0 ,0 ,0 
marginal,142,591,2,2,Photographer,1.0,Male,2,2 8 ,2 4 8 0 ,2 8 0 
marginal,142,1273,6,6,Dentist,0.0,Female,6,6 ,6 ,6 
marginal,142,448,3,2,Photographer,1.0,Male,3,3 5 ,3 5 ,3 5 
marginal,142,616,3,3,Journalist,0.0,Female,3,3 ,3 ,3 
marginal,142,1915,9,9,Model,0.0,Female,9,9 ,9 ,9 
marginal,142,1798,2,8,Painter,1.0,Male,8,2 8 ,2 8 ,2 8 
marginal,142,1995,9,9,Model,0.0,Female,9,9 ,9 ,9 
marginal,142,135,0,0,Professor,1.0,Male,0,0 ,0 ,0 
marginal,142,638,4,3,Journalist,0.0,Female,4,4 5 ,4 5 0 ,4 5 
marginal,142,1604,8,8,Painter,0.0,Female,8,8 ,8 ,8 
marginal,142,1476,7,7,Surgeon,1.0,Male,7,7 ,7 ,6 7 
marginal,142,1185,5,5,Teacher,1.0,Male,5,5 7 ,5 7 ,5 7 
marginal,142,1249,6,6,Dentist,0.0,Female,6,6 ,6 7 ,6 
marginal,142,1140,0,5,Teacher,1.0,Male,0,0 ,0 ,0 
marginal,142,85,8,0,Professor,1.0,Male,2,2 8 ,2 8 0 ,2 8 
marginal,142,1204,6,6,Dentist,1.0,Male,6,6 ,6 ,1 6 
marginal,142,409,2,2,Photographer,1.0,Male,2,2 ,2 ,2 3 
marginal,142,294,1,1,Physician,0.0,Female,1,1 ,1 ,1 
marginal,142,1956,9,9,Model,0.0,Female,2,2 ,2 ,2 
marginal,142,1269,6,6,Dentist,1.0,Male,6,6 ,6 ,6 7 
marginal,142,799,3,3,Journalist,0.0,Female,3,3 ,3 ,3 
marginal,142,343,1,1,Physician,0.0,Female,1,1 6 ,1 6 ,1 6 
marginal,142,153,3,0,Professor,1.0,Male,0,3 0 ,3 5 0 ,3 5 0 
marginal,142,1693,3,8,Painter,1.0,Male,8,2 3 5 8 ,2 3 5 8 ,2 3 5 8 
marginal,142,1444,7,7,Surgeon,0.0,Female,7,1 7 ,1 7 ,1 7 
marginal,142,873,4,4,Psychologist,1.0,Male,4,4 6 ,4 6 ,4 6 
marginal,142,1560,7,7,Surgeon,0.0,Female,6,1 6 7 ,1 6 7 0 ,1 6 7 0 
marginal,142,310,7,1,Physician,1.0,Male,1,1 7 ,1 6 7 ,1 7 
marginal,142,865,4,4,Psychologist,0.0,Female,5,3 5 ,3 4 5 ,3 4 5 
marginal,142,1586,7,7,Surgeon,1.0,Male,7,7 ,7 ,7 
marginal,142,1135,5,5,Teacher,0.0,Female,5,5 9 ,5 ,5 
marginal,142,1930,9,9,Model,0.0,Female,9,9 ,9 ,9 
marginal,142,1216,6,6,Dentist,1.0,Male,6,6 ,6 ,1 6 
marginal,142,1845,9,9,Model,0.0,Female,9,9 ,3 9 ,9 
marginal,142,383,1,1,Physician,1.0,Male,1,1 6 ,1 6 ,1 
marginal,142,1016,0,5,Teacher,1.0,Male,5,5 0 ,4 5 0 ,4 5 0 
marginal,142,633,3,3,Journalist,0.0,Female,3,3 ,3 ,3 
marginal,142,1174,0,5,Teacher,0.0,Female,3,3 5 ,3 5 0 ,3 5 0 
marginal,142,313,1,1,Physician,0.0,Female,1,1 ,1 ,1 
marginal,142,689,3,3,Journalist,1.0,Male,3,3 ,3 ,3 5 
marginal,142,110,1,0,Professor,0.0,Female,1,1 0 ,1 ,1 0 
marginal,142,550,2,2,Photographer,1.0,Male,2,2 3 ,2 3 ,2 3 
marginal,142,1673,8,8,Painter,1.0,Male,8,8 ,8 ,8 
marginal,142,840,4,4,Psychologist,0.0,Female,4,4 ,4 ,4 
marginal,142,414,2,2,Photographer,1.0,Male,2,2 ,2 ,2 
marginal,142,1417,1,7,Surgeon,1.0,Male,1,1 ,1 ,1 
marginal,142,1755,8,8,Painter,0.0,Female,8,8 ,8 ,8 
marginal,143,61,0,0,Professor,0.0,Female,0,0 ,0 ,0 
marginal,143,110,1,0,Professor,0.0,Female,1,1 0 ,1 ,1 0 
marginal,143,1965,3,9,Model,1.0,Male,3,3 6 ,2 3 6 ,2 3 6 
marginal,143,237,1,1,Physician,0.0,Female,1,1 ,1 ,1 
marginal,143,1016,3,5,Teacher,1.0,Male,5,5 0 ,4 5 0 ,4 5 0 
marginal,143,1273,6,6,Dentist,0.0,Female,6,6 ,6 ,6 
marginal,143,495,2,2,Photographer,0.0,Female,2,2 ,2 ,2 
marginal,143,1673,8,8,Painter,1.0,Male,8,8 ,8 ,8 
marginal,143,293,0,1,Physician,1.0,Male,1,1 0 ,1 7 0 ,1 7 0 
marginal,143,1399,6,6,Dentist,1.0,Male,6,6 ,6 ,6 7 
marginal,143,449,2,2,Photographer,1.0,Male,2,2 ,2 ,2 
marginal,143,686,3,3,Journalist,0.0,Female,3,3 ,3 ,3 
marginal,143,591,2,2,Photographer,1.0,Male,2,2 8 ,2 4 8 0 ,2 8 0 
marginal,143,1639,2,8,Painter,1.0,Male,2,2 8 ,2 8 ,2 8 
marginal,143,633,3,3,Journalist,0.0,Female,3,3 ,3 ,3 
marginal,143,343,1,1,Physician,0.0,Female,1,1 6 ,1 6 ,1 6 
marginal,143,414,2,2,Photographer,1.0,Male,2,2 ,2 ,2 
marginal,143,1560,1,7,Surgeon,0.0,Female,6,1 6 7 ,1 6 7 0 ,1 6 7 0 
marginal,143,849,0,4,Psychologist,0.0,Female,4,4 0 ,4 0 ,4 
marginal,143,688,3,3,Journalist,1.0,Male,3,3 ,3 ,3 0 
marginal,143,550,2,2,Photographer,1.0,Male,2,2 3 ,2 3 ,2 3 
marginal,143,799,3,3,Journalist,0.0,Female,3,3 ,3 ,3 
marginal,143,21,0,0,Professor,0.0,Female,0,0 ,0 ,0 
marginal,143,1995,9,9,Model,0.0,Female,9,9 ,9 ,9 
marginal,143,1604,8,8,Painter,0.0,Female,8,8 ,8 ,8 
marginal,143,1216,6,6,Dentist,1.0,Male,6,6 ,6 ,1 6 
marginal,143,840,4,4,Psychologist,0.0,Female,4,4 ,4 ,4 
marginal,143,1444,7,7,Surgeon,0.0,Female,7,1 7 ,1 7 ,1 7 
marginal,143,991,4,4,Psychologist,1.0,Male,5,3 5 ,2 3 4 5 ,2 3 4 5 
marginal,143,1914,9,9,Model,0.0,Female,9,9 ,9 ,9 
marginal,143,1755,8,8,Painter,0.0,Female,8,8 ,8 ,8 
marginal,143,638,4,3,Journalist,0.0,Female,4,4 5 ,4 5 0 ,4 5 
marginal,143,1185,5,5,Teacher,1.0,Male,5,5 7 ,5 7 ,5 7 
marginal,143,85,8,0,Professor,1.0,Male,2,2 8 ,2 8 0 ,2 8 
marginal,143,1249,6,6,Dentist,0.0,Female,6,6 ,6 7 ,6 
marginal,143,1417,1,7,Surgeon,1.0,Male,1,1 ,1 ,1 
marginal,143,1477,7,7,Surgeon,1.0,Male,7,7 ,7 ,6 7 
marginal,143,310,7,1,Physician,1.0,Male,1,1 7 ,1 6 7 ,1 7 
marginal,143,1956,9,9,Model,0.0,Female,2,2 ,2 ,2 
marginal,143,1845,9,9,Model,0.0,Female,9,9 ,3 9 ,9 
marginal,143,1135,5,5,Teacher,0.0,Female,5,5 9 ,5 ,5 
marginal,143,873,4,4,Psychologist,1.0,Male,4,4 6 ,4 6 ,4 6 
marginal,143,1798,8,8,Painter,1.0,Male,8,2 8 ,2 8 ,2 8 
marginal,143,1204,6,6,Dentist,1.0,Male,6,6 ,6 ,1 6 
marginal,143,1008,5,5,Teacher,0.0,Female,5,3 5 ,3 5 8 ,3 5 8 
marginal,143,1401,7,7,Surgeon,1.0,Male,1,1 7 ,1 7 ,1 7 
marginal,143,135,0,0,Professor,1.0,Male,0,0 ,0 ,0 
marginal,143,1174,0,5,Teacher,0.0,Female,3,3 5 ,3 5 0 ,3 5 0 
marginal,143,878,4,4,Psychologist,1.0,Male,0,4 0 ,4 6 0 ,4 6 0 
marginal,143,313,1,1,Physician,0.0,Female,1,1 ,1 ,1 
marginal,144,1809,9,9,Model,0.0,Female,9,9 ,9 ,9 
marginal,144,837,4,4,Psychologist,0.0,Female,4,4 ,4 ,4 
marginal,144,982,4,4,Psychologist,0.0,Female,4,4 ,4 ,4 
marginal,144,1590,3,7,Surgeon,1.0,Male,7,7 ,7 ,6 7 
marginal,144,103,0,0,Professor,1.0,Male,0,0 ,0 ,4 0 
marginal,144,1965,3,9,Model,1.0,Male,3,3 6 ,2 3 6 ,2 3 6 
marginal,144,1609,0,8,Painter,0.0,Female,8,8 ,8 0 ,8 
marginal,144,235,7,1,Physician,0.0,Female,1,1 ,1 ,1 
marginal,144,21,0,0,Professor,0.0,Female,0,0 ,0 ,0 
marginal,144,544,2,2,Photographer,1.0,Male,2,2 ,2 ,2 
marginal,144,507,2,2,Photographer,1.0,Male,2,2 ,2 ,2 
marginal,144,895,3,4,Psychologist,0.0,Female,4,4 0 ,3 4 0 ,4 0 
marginal,144,1294,6,6,Dentist,0.0,Female,6,6 ,6 ,6 
marginal,144,1941,9,9,Model,0.0,Female,9,9 ,9 ,9 
marginal,144,1278,6,6,Dentist,1.0,Male,6,6 7 ,6 7 ,6 7 
marginal,144,973,4,4,Psychologist,0.0,Female,4,4 ,4 6 ,4 
marginal,144,1039,8,5,Teacher,1.0,Male,3,2 3 9 ,2 3 5 9 ,2 3 9 
marginal,144,229,7,1,Physician,0.0,Female,1,1 ,1 ,1 
marginal,144,433,8,2,Photographer,0.0,Female,2,2 ,2 ,2 
marginal,144,1327,6,6,Dentist,0.0,Female,6,1 6 7 ,1 6 ,1 6 
marginal,144,1792,2,8,Painter,1.0,Male,8,8 ,8 ,8 
marginal,144,669,3,3,Journalist,1.0,Male,3,2 3 ,2 3 ,2 3 
marginal,144,1189,4,5,Teacher,0.0,Female,4,4 5 ,4 5 ,4 
marginal,144,1504,7,7,Surgeon,1.0,Male,7,1 7 ,1 7 ,1 7 
marginal,144,877,4,4,Psychologist,0.0,Female,3,3 4 5 ,3 4 5 ,3 4 5 
marginal,144,718,3,3,Journalist,1.0,Male,3,3 5 ,3 5 ,3 5 
marginal,144,16,5,0,Professor,1.0,Male,5,5 ,5 ,5 
marginal,144,1401,7,7,Surgeon,1.0,Male,1,1 7 ,1 7 ,1 7 
marginal,144,1888,9,9,Model,0.0,Female,3,3 9 ,1 3 4 7 9 ,3 7 9 
marginal,144,1399,6,6,Dentist,1.0,Male,6,6 ,6 ,6 7 
marginal,144,11,1,0,Professor,1.0,Male,0,1 0 ,1 0 ,1 0 
marginal,144,1149,5,5,Teacher,1.0,Male,5,5 ,5 ,5 9 
marginal,144,665,3,3,Journalist,0.0,Female,3,3 ,3 ,3 
marginal,144,685,3,3,Journalist,0.0,Female,3,3 ,3 ,3 
marginal,144,437,2,2,Photographer,0.0,Female,2,2 ,2 ,2 
marginal,144,255,7,1,Physician,0.0,Female,1,1 6 ,1 6 ,1 
marginal,144,267,7,1,Physician,0.0,Female,1,1 6 ,1 6 ,1 
marginal,144,224,1,1,Physician,0.0,Female,1,1 6 ,1 6 ,1 6 
marginal,144,1976,3,9,Model,0.0,Female,3,3 5 9 ,2 3 5 9 ,3 5 9 
marginal,144,494,2,2,Photographer,0.0,Female,2,2 9 ,2 9 ,2 9 
marginal,144,138,3,0,Professor,1.0,Male,3,3 0 ,3 5 0 ,3 4 5 0 
marginal,144,1658,8,8,Painter,1.0,Male,8,2 8 ,2 5 8 ,2 5 8 
marginal,144,1110,5,5,Teacher,0.0,Female,5,3 5 ,3 5 ,5 
marginal,144,1639,8,8,Painter,1.0,Male,2,2 8 ,2 8 ,2 8 
marginal,144,764,3,3,Journalist,1.0,Male,3,3 ,3 ,3 
marginal,144,1768,3,8,Painter,0.0,Female,5,2 3 5 ,2 3 5 8 ,2 3 5 
marginal,144,1406,6,7,Surgeon,1.0,Male,7,1 6 7 ,1 6 7 0 ,1 6 7 0 
marginal,144,1009,3,5,Teacher,1.0,Male,3,2 3 ,2 3 ,2 3 4 
marginal,144,1297,6,6,Dentist,1.0,Male,6,6 ,6 ,6 
marginal,144,1583,7,7,Surgeon,1.0,Male,3,3 7 ,3 7 ,3 7 
marginal,145,1373,6,6,Dentist,0.0,Female,6,6 ,6 ,6 
marginal,145,631,3,3,Journalist,1.0,Male,3,3 ,3 ,2 3 
marginal,145,437,2,2,Photographer,0.0,Female,2,2 ,2 ,2 
marginal,145,1658,8,8,Painter,1.0,Male,8,2 8 ,2 5 8 ,2 5 8 
marginal,145,643,3,3,Journalist,1.0,Male,3,3 ,3 ,3 
marginal,145,1949,3,9,Model,0.0,Female,9,3 9 ,3 9 ,3 9 
marginal,145,94,5,0,Professor,0.0,Female,0,2 5 0 ,2 5 0 ,5 0 
marginal,145,976,4,4,Psychologist,0.0,Female,4,1 4 ,4 ,4 
marginal,145,1405,7,7,Surgeon,1.0,Male,7,7 ,7 ,1 7 
marginal,145,1768,3,8,Painter,0.0,Female,5,2 3 5 ,2 3 5 8 ,2 3 5 
marginal,145,138,3,0,Professor,1.0,Male,3,3 0 ,3 5 0 ,3 4 5 0 
marginal,145,224,1,1,Physician,0.0,Female,1,1 6 ,1 6 ,1 6 
marginal,145,1590,7,7,Surgeon,1.0,Male,7,7 ,7 ,6 7 
marginal,145,498,2,2,Photographer,1.0,Male,2,2 ,2 ,2 
marginal,145,1505,3,7,Surgeon,1.0,Male,3,3 5 ,3 5 ,3 5 
marginal,145,1229,6,6,Dentist,0.0,Female,6,6 7 ,6 7 ,6 7 
marginal,145,1809,9,9,Model,0.0,Female,9,9 ,9 ,9 
marginal,145,266,1,1,Physician,0.0,Female,1,1 6 ,1 ,1 
marginal,145,1148,8,5,Teacher,1.0,Male,2,2 8 ,2 8 ,2 8 
marginal,145,1153,1,5,Teacher,1.0,Male,2,2 3 ,2 3 5 ,2 3 5 
marginal,145,1918,9,9,Model,1.0,Male,9,5 9 ,2 5 9 ,2 5 9 0 
marginal,145,1759,8,8,Painter,0.0,Female,8,8 ,8 ,8 
marginal,145,543,2,2,Photographer,0.0,Female,2,2 9 ,2 3 4 9 ,2 4 9 
marginal,145,833,4,4,Psychologist,1.0,Male,4,4 ,4 ,4 
marginal,145,837,4,4,Psychologist,0.0,Female,4,4 ,4 ,4 
marginal,145,254,1,1,Physician,0.0,Female,1,1 ,1 ,1 
marginal,145,1777,8,8,Painter,0.0,Female,8,8 ,8 ,8 
marginal,145,1327,1,6,Dentist,0.0,Female,6,1 6 7 ,1 6 ,1 6 
marginal,145,1277,1,6,Dentist,1.0,Male,6,6 ,6 ,6 7 
marginal,145,1501,1,7,Surgeon,1.0,Male,7,1 6 7 ,1 6 7 ,1 6 7 
marginal,145,330,1,1,Physician,0.0,Female,1,1 6 ,1 6 ,1 
marginal,145,1792,8,8,Painter,1.0,Male,8,8 ,8 ,8 
marginal,145,1038,5,5,Teacher,0.0,Female,5,5 ,5 ,5 
marginal,145,971,0,4,Psychologist,0.0,Female,0,0 ,0 ,0 
marginal,145,11,0,0,Professor,1.0,Male,0,1 0 ,1 0 ,1 0 
marginal,145,403,3,2,Photographer,1.0,Male,2,2 5 ,2 3 5 9 ,2 3 5 9 
marginal,145,1109,5,5,Teacher,0.0,Female,5,5 ,5 ,5 
marginal,145,1487,0,7,Surgeon,0.0,Female,0,0 ,4 0 ,4 0 
marginal,145,267,7,1,Physician,0.0,Female,1,1 6 ,1 6 ,1 
marginal,145,664,3,3,Journalist,1.0,Male,3,2 3 0 ,1 2 3 0 ,1 2 3 0 
marginal,145,1941,9,9,Model,0.0,Female,9,9 ,9 ,9 
marginal,145,432,2,2,Photographer,1.0,Male,2,2 ,2 9 ,2 9 
marginal,145,10,0,0,Professor,0.0,Female,0,0 ,0 ,0 
marginal,145,669,3,3,Journalist,1.0,Male,3,2 3 ,2 3 ,2 3 
marginal,145,103,0,0,Professor,1.0,Male,0,0 ,0 ,4 0 
marginal,145,1294,6,6,Dentist,0.0,Female,6,6 ,6 ,6 
marginal,145,1157,0,5,Teacher,0.0,Female,5,1 5 0 ,5 0 ,5 0 
marginal,145,894,4,4,Psychologist,1.0,Male,4,4 ,4 ,4 0 
marginal,145,763,3,3,Journalist,1.0,Male,3,3 ,3 ,3 
marginal,145,1888,1,9,Model,0.0,Female,3,3 9 ,1 3 4 7 9 ,3 7 9 
marginal,146,224,7,1,Physician,0.0,Female,1,1 6 ,1 6 ,1 6 
marginal,146,1809,9,9,Model,0.0,Female,9,9 ,9 ,9 
marginal,146,1294,6,6,Dentist,0.0,Female,6,6 ,6 ,6 
marginal,146,665,3,3,Journalist,0.0,Female,3,3 ,3 ,3 
marginal,146,1639,2,8,Painter,1.0,Male,2,2 8 ,2 8 ,2 8 
marginal,146,1039,0,5,Teacher,1.0,Male,3,2 3 9 ,2 3 5 9 ,2 3 9 
marginal,146,1583,1,7,Surgeon,1.0,Male,3,3 7 ,3 7 ,3 7 
marginal,146,895,3,4,Psychologist,0.0,Female,4,4 0 ,3 4 0 ,4 0 
marginal,146,1278,6,6,Dentist,1.0,Male,6,6 7 ,6 7 ,6 7 
marginal,146,1609,8,8,Painter,0.0,Female,8,8 ,8 0 ,8 
marginal,146,982,4,4,Psychologist,0.0,Female,4,4 ,4 ,4 
marginal,146,11,0,0,Professor,1.0,Male,0,1 0 ,1 0 ,1 0 
marginal,146,669,3,3,Journalist,1.0,Male,3,2 3 ,2 3 ,2 3 
marginal,146,1888,0,9,Model,0.0,Female,3,3 9 ,1 3 4 7 9 ,3 7 9 
marginal,146,1189,4,5,Teacher,0.0,Female,4,4 5 ,4 5 ,4 
marginal,146,1399,6,6,Dentist,1.0,Male,6,6 ,6 ,6 7 
marginal,146,1009,2,5,Teacher,1.0,Male,3,2 3 ,2 3 ,2 3 4 
marginal,146,16,5,0,Professor,1.0,Male,5,5 ,5 ,5 
marginal,146,1327,6,6,Dentist,0.0,Female,6,1 6 7 ,1 6 ,1 6 
marginal,146,685,3,3,Journalist,0.0,Female,3,3 ,3 ,3 
marginal,146,1297,6,6,Dentist,1.0,Male,6,6 ,6 ,6 
marginal,146,433,2,2,Photographer,0.0,Female,2,2 ,2 ,2 
marginal,146,764,3,3,Journalist,1.0,Male,3,3 ,3 ,3 
marginal,146,255,7,1,Physician,0.0,Female,1,1 6 ,1 6 ,1 
marginal,146,877,4,4,Psychologist,0.0,Female,3,3 4 5 ,3 4 5 ,3 4 5 
marginal,146,1110,0,5,Teacher,0.0,Female,5,3 5 ,3 5 ,5 
marginal,146,1792,8,8,Painter,1.0,Male,8,8 ,8 ,8 
marginal,146,235,1,1,Physician,0.0,Female,1,1 ,1 ,1 
marginal,146,973,4,4,Psychologist,0.0,Female,4,4 ,4 6 ,4 
marginal,146,103,0,0,Professor,1.0,Male,0,0 ,0 ,4 0 
marginal,146,1504,7,7,Surgeon,1.0,Male,7,1 7 ,1 7 ,1 7 
marginal,146,1941,9,9,Model,0.0,Female,9,9 ,9 ,9 
marginal,146,718,3,3,Journalist,1.0,Male,3,3 5 ,3 5 ,3 5 
marginal,146,1401,1,7,Surgeon,1.0,Male,1,1 7 ,1 7 ,1 7 
marginal,146,437,2,2,Photographer,0.0,Female,2,2 ,2 ,2 
marginal,146,267,7,1,Physician,0.0,Female,1,1 6 ,1 6 ,1 
marginal,146,507,2,2,Photographer,1.0,Male,2,2 ,2 ,2 
marginal,146,138,3,0,Professor,1.0,Male,3,3 0 ,3 5 0 ,3 4 5 0 
marginal,146,1768,3,8,Painter,0.0,Female,5,2 3 5 ,2 3 5 8 ,2 3 5 
marginal,146,1149,5,5,Teacher,1.0,Male,5,5 ,5 ,5 9 
marginal,146,229,1,1,Physician,0.0,Female,1,1 ,1 ,1 
marginal,146,1965,3,9,Model,1.0,Male,3,3 6 ,2 3 6 ,2 3 6 
marginal,146,1406,6,7,Surgeon,1.0,Male,7,1 6 7 ,1 6 7 0 ,1 6 7 0 
marginal,146,837,4,4,Psychologist,0.0,Female,4,4 ,4 ,4 
marginal,146,1590,8,7,Surgeon,1.0,Male,7,7 ,7 ,6 7 
marginal,146,494,2,2,Photographer,0.0,Female,2,2 9 ,2 9 ,2 9 
marginal,146,1976,9,9,Model,0.0,Female,3,3 5 9 ,2 3 5 9 ,3 5 9 
marginal,146,21,0,0,Professor,0.0,Female,0,0 ,0 ,0 
marginal,146,544,2,2,Photographer,1.0,Male,2,2 ,2 ,2 
marginal,146,1658,8,8,Painter,1.0,Male,8,2 8 ,2 5 8 ,2 5 8 
marginal,147,848,4,4,Psychologist,0.0,Female,4,4 ,4 ,4 
marginal,147,1009,3,5,Teacher,1.0,Male,3,2 3 ,2 3 ,2 3 4 
marginal,147,449,2,2,Photographer,1.0,Male,2,2 ,2 ,2 
marginal,147,878,4,4,Psychologist,1.0,Male,0,4 0 ,4 6 0 ,4 6 0 
marginal,147,1604,8,8,Painter,0.0,Female,8,8 ,8 ,8 
marginal,147,1444,7,7,Surgeon,0.0,Female,7,1 7 ,1 7 ,1 7 
marginal,147,1583,7,7,Surgeon,1.0,Male,3,3 7 ,3 7 ,3 7 
marginal,147,1190,5,5,Teacher,1.0,Male,0,0 ,5 0 ,5 0 
marginal,147,1639,8,8,Painter,1.0,Male,2,2 8 ,2 8 ,2 8 
marginal,147,1914,9,9,Model,0.0,Female,9,9 ,9 ,9 
marginal,147,1185,5,5,Teacher,1.0,Male,5,5 7 ,5 7 ,5 7 
marginal,147,1799,8,8,Painter,0.0,Female,8,2 8 ,8 ,8 
marginal,147,134,0,0,Professor,1.0,Male,0,0 ,0 ,3 0 
marginal,147,495,2,2,Photographer,0.0,Female,2,2 ,2 ,2 
marginal,147,413,8,2,Photographer,1.0,Male,8,8 ,8 ,2 8 
marginal,147,1673,8,8,Painter,1.0,Male,8,8 ,8 ,8 
marginal,147,1560,7,7,Surgeon,0.0,Female,6,1 6 7 ,1 6 7 0 ,1 6 7 0 
marginal,147,21,0,0,Professor,0.0,Female,0,0 ,0 ,0 
marginal,147,1016,0,5,Teacher,1.0,Male,5,5 0 ,4 5 0 ,4 5 0 
marginal,147,1401,1,7,Surgeon,1.0,Male,1,1 7 ,1 7 ,1 7 
marginal,147,550,2,2,Photographer,1.0,Male,2,2 3 ,2 3 ,2 3 
marginal,147,293,5,1,Physician,1.0,Male,1,1 0 ,1 7 0 ,1 7 0 
marginal,147,1216,6,6,Dentist,1.0,Male,6,6 ,6 ,1 6 
marginal,147,1399,6,6,Dentist,1.0,Male,6,6 ,6 ,6 7 
marginal,147,109,4,0,Professor,1.0,Male,4,4 7 ,4 7 ,1 4 7 
marginal,147,638,4,3,Journalist,0.0,Female,4,4 5 ,4 5 0 ,4 5 
marginal,147,1273,6,6,Dentist,0.0,Female,6,6 ,6 ,6 
marginal,147,60,0,0,Professor,1.0,Male,0,0 ,0 ,0 
marginal,147,1956,2,9,Model,0.0,Female,2,2 ,2 ,2 
marginal,147,873,4,4,Psychologist,1.0,Male,4,4 6 ,4 6 ,4 6 
marginal,147,1296,7,6,Dentist,1.0,Male,7,7 ,5 7 ,5 7 
marginal,147,982,4,4,Psychologist,0.0,Female,4,4 ,4 ,4 
marginal,147,1417,1,7,Surgeon,1.0,Male,1,1 ,1 ,1 
marginal,147,1995,9,9,Model,0.0,Female,9,9 ,9 ,9 
marginal,147,1965,3,9,Model,1.0,Male,3,3 6 ,2 3 6 ,2 3 6 
marginal,147,229,1,1,Physician,0.0,Female,1,1 ,1 ,1 
marginal,147,1976,9,9,Model,0.0,Female,3,3 5 9 ,2 3 5 9 ,3 5 9 
marginal,147,237,1,1,Physician,0.0,Female,1,1 ,1 ,1 
marginal,147,991,2,4,Psychologist,1.0,Male,5,3 5 ,2 3 4 5 ,2 3 4 5 
marginal,147,686,3,3,Journalist,0.0,Female,3,3 ,3 ,3 
marginal,147,1609,8,8,Painter,0.0,Female,8,8 ,8 0 ,8 
marginal,147,719,5,3,Journalist,1.0,Male,5,5 9 ,5 9 ,5 9 
marginal,147,310,7,1,Physician,1.0,Male,1,1 7 ,1 6 7 ,1 7 
marginal,147,509,2,2,Photographer,1.0,Male,2,2 ,2 ,2 
marginal,147,343,1,1,Physician,0.0,Female,1,1 6 ,1 6 ,1 6 
marginal,147,799,3,3,Journalist,0.0,Female,3,3 ,3 ,3 
marginal,147,17,3,0,Professor,1.0,Male,3,3 0 ,3 5 0 ,3 5 0 
marginal,147,1135,5,5,Teacher,0.0,Female,5,5 9 ,5 ,5 
marginal,147,1249,6,6,Dentist,0.0,Female,6,6 ,6 7 ,6 
marginal,147,689,3,3,Journalist,1.0,Male,3,3 ,3 ,3 5 
marginal,148,1604,8,8,Painter,0.0,Female,8,8 ,8 ,8 
marginal,148,383,1,1,Physician,1.0,Male,1,1 6 ,1 6 ,1 
marginal,148,1755,8,8,Painter,0.0,Female,8,8 ,8 ,8 
marginal,148,799,3,3,Journalist,0.0,Female,3,3 ,3 ,3 
marginal,148,638,5,3,Journalist,0.0,Female,4,4 5 ,4 5 0 ,4 5 
marginal,148,1216,6,6,Dentist,1.0,Male,6,6 ,6 ,1 6 
marginal,148,409,2,2,Photographer,1.0,Male,2,2 ,2 ,2 3 
marginal,148,1845,9,9,Model,0.0,Female,9,9 ,3 9 ,9 
marginal,148,1185,5,5,Teacher,1.0,Male,5,5 7 ,5 7 ,5 7 
marginal,148,848,0,4,Psychologist,0.0,Female,4,4 ,4 ,4 
marginal,148,1673,2,8,Painter,1.0,Male,8,8 ,8 ,8 
marginal,148,1560,0,7,Surgeon,0.0,Female,6,1 6 7 ,1 6 7 0 ,1 6 7 0 
marginal,148,110,1,0,Professor,0.0,Female,1,1 0 ,1 ,1 0 
marginal,148,550,2,2,Photographer,1.0,Male,2,2 3 ,2 3 ,2 3 
marginal,148,294,1,1,Physician,0.0,Female,1,1 ,1 ,1 
marginal,148,1140,0,5,Teacher,1.0,Male,0,0 ,0 ,0 
marginal,148,689,3,3,Journalist,1.0,Male,3,3 ,3 ,3 5 
marginal,148,591,2,2,Photographer,1.0,Male,2,2 8 ,2 4 8 0 ,2 8 0 
marginal,148,1915,9,9,Model,0.0,Female,9,9 ,9 ,9 
marginal,148,616,3,3,Journalist,0.0,Female,3,3 ,3 ,3 
marginal,148,448,3,2,Photographer,1.0,Male,3,3 5 ,3 5 ,3 5 
marginal,148,840,4,4,Psychologist,0.0,Female,4,4 ,4 ,4 
marginal,148,1798,2,8,Painter,1.0,Male,8,2 8 ,2 8 ,2 8 
marginal,148,1016,0,5,Teacher,1.0,Male,5,5 0 ,4 5 0 ,4 5 0 
marginal,148,135,0,0,Professor,1.0,Male,0,0 ,0 ,0 
marginal,148,1269,6,6,Dentist,1.0,Male,6,6 ,6 ,6 7 
marginal,148,1204,0,6,Dentist,1.0,Male,6,6 ,6 ,1 6 
marginal,148,1273,6,6,Dentist,0.0,Female,6,6 ,6 ,6 
marginal,148,1476,7,7,Surgeon,1.0,Male,7,7 ,7 ,6 7 
marginal,148,1930,9,9,Model,0.0,Female,9,9 ,9 ,9 
marginal,148,313,1,1,Physician,0.0,Female,1,1 ,1 ,1 
marginal,148,991,3,4,Psychologist,1.0,Male,5,3 5 ,2 3 4 5 ,2 3 4 5 
marginal,148,865,4,4,Psychologist,0.0,Female,5,3 5 ,3 4 5 ,3 4 5 
marginal,148,1586,7,7,Surgeon,1.0,Male,7,7 ,7 ,7 
marginal,148,310,1,1,Physician,1.0,Male,1,1 7 ,1 6 7 ,1 7 
marginal,148,1417,1,7,Surgeon,1.0,Male,1,1 ,1 ,1 
marginal,148,85,2,0,Professor,1.0,Male,2,2 8 ,2 8 0 ,2 8 
marginal,148,1444,7,7,Surgeon,0.0,Female,7,1 7 ,1 7 ,1 7 
marginal,148,1249,7,6,Dentist,0.0,Female,6,6 ,6 7 ,6 
marginal,148,633,3,3,Journalist,0.0,Female,3,3 ,3 ,3 
marginal,148,1693,3,8,Painter,1.0,Male,8,2 3 5 8 ,2 3 5 8 ,2 3 5 8 
marginal,148,61,5,0,Professor,0.0,Female,0,0 ,0 ,0 
marginal,148,414,2,2,Photographer,1.0,Male,2,2 ,2 ,2 
marginal,148,1174,0,5,Teacher,0.0,Female,3,3 5 ,3 5 0 ,3 5 0 
marginal,148,343,1,1,Physician,0.0,Female,1,1 6 ,1 6 ,1 6 
marginal,148,1995,9,9,Model,0.0,Female,9,9 ,9 ,9 
marginal,148,1135,5,5,Teacher,0.0,Female,5,5 9 ,5 ,5 
marginal,148,873,4,4,Psychologist,1.0,Male,4,4 6 ,4 6 ,4 6 
marginal,148,153,3,0,Professor,1.0,Male,0,3 0 ,3 5 0 ,3 5 0 
marginal,148,1956,2,9,Model,0.0,Female,2,2 ,2 ,2 
marginal,149,135,0,0,Professor,1.0,Male,0,0 ,0 ,0 
marginal,149,294,1,1,Physician,0.0,Female,1,1 ,1 ,1 
marginal,149,1185,3,5,Teacher,1.0,Male,5,5 7 ,5 7 ,5 7 
marginal,149,86,0,0,Professor,0.0,Female,0,5 0 ,5 0 ,5 0 
marginal,149,383,1,1,Physician,1.0,Male,1,1 6 ,1 6 ,1 
marginal,149,1756,2,8,Painter,0.0,Female,8,2 8 ,2 8 9 ,2 8 9 
marginal,149,799,3,3,Journalist,0.0,Female,3,3 ,3 ,3 
marginal,149,79,1,0,Professor,0.0,Female,1,1 0 ,1 4 0 ,1 0 
marginal,149,153,3,0,Professor,1.0,Male,0,3 0 ,3 5 0 ,3 5 0 
marginal,149,1798,8,8,Painter,1.0,Male,8,2 8 ,2 8 ,2 8 
marginal,149,1417,1,7,Surgeon,1.0,Male,1,1 ,1 ,1 
marginal,149,804,4,4,Psychologist,0.0,Female,4,4 ,4 ,4 
marginal,149,1929,9,9,Model,0.0,Female,9,3 9 ,2 3 9 ,3 9 
marginal,149,616,3,3,Journalist,0.0,Female,3,3 ,3 ,3 
marginal,149,1693,3,8,Painter,1.0,Male,8,2 3 5 8 ,2 3 5 8 ,2 3 5 8 
marginal,149,633,3,3,Journalist,0.0,Female,3,3 ,3 ,3 
marginal,149,1290,6,6,Dentist,1.0,Male,6,6 ,6 ,6 
marginal,149,1730,8,8,Painter,1.0,Male,8,8 ,8 ,8 
marginal,149,873,4,4,Psychologist,1.0,Male,4,4 6 ,4 6 ,4 6 
marginal,149,1604,8,8,Painter,0.0,Female,8,8 ,8 ,8 
marginal,149,1268,6,6,Dentist,1.0,Male,6,6 ,6 ,6 7 
marginal,149,865,3,4,Psychologist,0.0,Female,5,3 5 ,3 4 5 ,3 4 5 
marginal,149,991,4,4,Psychologist,1.0,Male,5,3 5 ,2 3 4 5 ,2 3 4 5 
marginal,149,840,4,4,Psychologist,0.0,Female,4,4 ,4 ,4 
marginal,149,1845,9,9,Model,0.0,Female,9,9 ,3 9 ,9 
marginal,149,1444,7,7,Surgeon,0.0,Female,7,1 7 ,1 7 ,1 7 
marginal,149,1540,6,7,Surgeon,0.0,Female,6,6 7 ,6 7 ,6 
marginal,149,1053,5,5,Teacher,0.0,Female,5,2 3 5 9 ,2 5 9 ,2 5 9 
marginal,149,1915,9,9,Model,0.0,Female,9,9 ,9 ,9 
marginal,149,312,1,1,Physician,1.0,Male,1,1 6 ,1 ,1 6 
marginal,149,591,2,2,Photographer,1.0,Male,2,2 8 ,2 4 8 0 ,2 8 0 
marginal,149,1174,3,5,Teacher,0.0,Female,3,3 5 ,3 5 0 ,3 5 0 
marginal,149,1476,7,7,Surgeon,1.0,Male,7,7 ,7 ,6 7 
marginal,149,449,2,2,Photographer,1.0,Male,2,2 ,2 ,2 
marginal,149,1016,0,5,Teacher,1.0,Male,5,5 0 ,4 5 0 ,4 5 0 
marginal,149,1204,6,6,Dentist,1.0,Male,6,6 ,6 ,1 6 
marginal,149,1851,9,9,Model,1.0,Male,9,3 6 9 ,2 3 6 9 ,2 3 6 9 
marginal,149,568,2,2,Photographer,1.0,Male,2,2 ,2 ,2 
marginal,149,1249,6,6,Dentist,0.0,Female,6,6 ,6 7 ,6 
marginal,149,641,8,3,Journalist,0.0,Female,3,3 ,3 ,3 
marginal,149,1140,0,5,Teacher,1.0,Male,0,0 ,0 ,0 
marginal,149,688,3,3,Journalist,1.0,Male,3,3 ,3 ,3 0 
marginal,149,409,2,2,Photographer,1.0,Male,2,2 ,2 ,2 3 
marginal,149,1586,7,7,Surgeon,1.0,Male,7,7 ,7 ,7 
marginal,149,110,1,0,Professor,0.0,Female,1,1 0 ,1 ,1 0 
marginal,149,1956,9,9,Model,0.0,Female,2,2 ,2 ,2 
marginal,149,414,2,2,Photographer,1.0,Male,2,2 ,2 ,2 
marginal,149,289,1,1,Physician,0.0,Female,1,1 ,1 ,1 
marginal,149,1216,6,6,Dentist,1.0,Male,6,6 ,6 ,1 6 
marginal,149,310,7,1,Physician,1.0,Male,1,1 7 ,1 6 7 ,1 7 
conditional,150,449,2,2,Photographer,1.0,Male,2,2 ,2 ,2 
conditional,150,135,0,0,Professor,1.0,Male,0,0 ,0 ,0 
conditional,150,1399,6,6,Dentist,1.0,Male,6,6 ,6 ,6 7 
conditional,150,1135,5,5,Teacher,0.0,Female,5,5 9 ,5 ,5 
conditional,150,1914,9,9,Model,0.0,Female,9,9 ,9 ,9 
conditional,150,495,2,2,Photographer,0.0,Female,2,2 ,2 ,2 
conditional,150,310,7,1,Physician,1.0,Male,1,1 7 ,1 6 7 ,1 7 
conditional,150,1673,8,8,Painter,1.0,Male,8,8 ,8 ,8 
conditional,150,1604,8,8,Painter,0.0,Female,8,8 ,8 ,8 
conditional,150,1560,7,7,Surgeon,0.0,Female,6,1 6 7 ,1 6 7 0 ,1 6 7 0 
conditional,150,1204,6,6,Dentist,1.0,Male,6,6 ,6 ,1 6 
conditional,150,237,7,1,Physician,0.0,Female,1,1 ,1 ,1 
conditional,150,414,2,2,Photographer,1.0,Male,2,2 ,2 ,2 
conditional,150,343,1,1,Physician,0.0,Female,1,1 6 ,1 6 ,1 6 
conditional,150,1956,2,9,Model,0.0,Female,2,2 ,2 ,2 
conditional,150,1798,2,8,Painter,1.0,Male,8,2 8 ,2 8 ,2 8 
conditional,150,61,0,0,Professor,0.0,Female,0,0 ,0 ,0 
conditional,150,21,0,0,Professor,0.0,Female,0,0 ,0 ,0 
conditional,150,1401,1,7,Surgeon,1.0,Male,1,1 7 ,1 7 ,1 7 
conditional,150,1273,6,6,Dentist,0.0,Female,6,6 ,6 ,6 
conditional,150,1174,0,5,Teacher,0.0,Female,3,3 5 ,3 5 0 ,3 5 0 
conditional,150,686,3,3,Journalist,0.0,Female,3,3 ,3 ,3 
conditional,150,1995,9,9,Model,0.0,Female,9,9 ,9 ,9 
conditional,150,1417,1,7,Surgeon,1.0,Male,1,1 ,1 ,1 
conditional,150,1249,6,6,Dentist,0.0,Female,6,6 ,6 7 ,6 
conditional,150,1216,6,6,Dentist,1.0,Male,6,6 ,6 ,1 6 
conditional,150,1444,7,7,Surgeon,0.0,Female,7,1 7 ,1 7 ,1 7 
conditional,150,633,3,3,Journalist,0.0,Female,3,3 ,3 ,3 
conditional,150,1185,5,5,Teacher,1.0,Male,5,5 7 ,5 7 ,5 7 
conditional,150,1008,5,5,Teacher,0.0,Female,5,3 5 ,3 5 8 ,3 5 8 
conditional,150,878,4,4,Psychologist,1.0,Male,0,4 0 ,4 6 0 ,4 6 0 
conditional,150,849,4,4,Psychologist,0.0,Female,4,4 0 ,4 0 ,4 
conditional,150,688,3,3,Journalist,1.0,Male,3,3 ,3 ,3 0 
conditional,150,799,3,3,Journalist,0.0,Female,3,3 ,3 ,3 
conditional,150,1016,0,5,Teacher,1.0,Male,5,5 0 ,4 5 0 ,4 5 0 
conditional,150,873,4,4,Psychologist,1.0,Male,4,4 6 ,4 6 ,4 6 
conditional,150,591,2,2,Photographer,1.0,Male,2,2 8 ,2 4 8 0 ,2 8 0 
conditional,150,1477,7,7,Surgeon,1.0,Male,7,7 ,7 ,6 7 
conditional,150,638,4,3,Journalist,0.0,Female,4,4 5 ,4 5 0 ,4 5 
conditional,150,1639,8,8,Painter,1.0,Male,2,2 8 ,2 8 ,2 8 
conditional,150,313,1,1,Physician,0.0,Female,1,1 ,1 ,1 
conditional,150,110,1,0,Professor,0.0,Female,1,1 0 ,1 ,1 0 
conditional,150,293,1,1,Physician,1.0,Male,1,1 0 ,1 7 0 ,1 7 0 
conditional,150,550,2,2,Photographer,1.0,Male,2,2 3 ,2 3 ,2 3 
conditional,150,85,8,0,Professor,1.0,Male,2,2 8 ,2 8 0 ,2 8 
conditional,150,991,4,4,Psychologist,1.0,Male,5,3 5 ,2 3 4 5 ,2 3 4 5 
conditional,150,1845,9,9,Model,0.0,Female,9,9 ,3 9 ,9 
conditional,150,840,4,4,Psychologist,0.0,Female,4,4 ,4 ,4 
conditional,150,1755,8,8,Painter,0.0,Female,8,8 ,8 ,8 
conditional,150,1965,2,9,Model,1.0,Male,3,3 6 ,2 3 6 ,2 3 6 
conditional,151,1190,5,5,Teacher,1.0,Male,0,0 ,5 0 ,5 0 
conditional,151,982,4,4,Psychologist,0.0,Female,4,4 ,4 ,4 
conditional,151,1135,5,5,Teacher,0.0,Female,5,5 9 ,5 ,5 
conditional,151,1965,2,9,Model,1.0,Male,3,3 6 ,2 3 6 ,2 3 6 
conditional,151,229,1,1,Physician,0.0,Female,1,1 ,1 ,1 
conditional,151,1639,2,8,Painter,1.0,Male,2,2 8 ,2 8 ,2 8 
conditional,151,1505,3,7,Surgeon,1.0,Male,3,3 5 ,3 5 ,3 5 
conditional,151,1406,6,7,Surgeon,1.0,Male,7,1 6 7 ,1 6 7 0 ,1 6 7 0 
conditional,151,1888,9,9,Model,0.0,Female,3,3 9 ,1 3 4 7 9 ,3 7 9 
conditional,151,1296,7,6,Dentist,1.0,Male,7,7 ,5 7 ,5 7 
conditional,151,1673,8,8,Painter,1.0,Male,8,8 ,8 ,8 
conditional,151,1976,9,9,Model,0.0,Female,3,3 5 9 ,2 3 5 9 ,3 5 9 
conditional,151,637,3,3,Journalist,0.0,Female,3,2 3 ,2 3 5 ,2 3 
conditional,151,235,1,1,Physician,0.0,Female,1,1 ,1 ,1 
conditional,151,225,1,1,Physician,0.0,Female,1,1 ,1 ,1 
conditional,151,1657,8,8,Painter,1.0,Male,5,5 8 9 ,5 8 9 ,5 8 9 
conditional,151,719,3,3,Journalist,1.0,Male,5,5 9 ,5 9 ,5 9 
conditional,151,1560,7,7,Surgeon,0.0,Female,6,1 6 7 ,1 6 7 0 ,1 6 7 0 
conditional,151,1273,6,6,Dentist,0.0,Female,6,6 ,6 ,6 
conditional,151,973,4,4,Psychologist,0.0,Female,4,4 ,4 6 ,4 
conditional,151,508,2,2,Photographer,1.0,Male,2,2 ,2 ,2 
conditional,151,1768,3,8,Painter,0.0,Female,5,2 3 5 ,2 3 5 8 ,2 3 5 
conditional,151,669,3,3,Journalist,1.0,Male,3,2 3 ,2 3 ,2 3 
conditional,151,1278,6,6,Dentist,1.0,Male,6,6 7 ,6 7 ,6 7 
conditional,151,494,2,2,Photographer,0.0,Female,2,2 9 ,2 9 ,2 9 
conditional,151,1583,1,7,Surgeon,1.0,Male,3,3 7 ,3 7 ,3 7 
conditional,151,1941,9,9,Model,0.0,Female,9,9 ,9 ,9 
conditional,151,1995,9,9,Model,0.0,Female,9,9 ,9 ,9 
conditional,151,1609,8,8,Painter,0.0,Female,8,8 ,8 0 ,8 
conditional,151,437,2,2,Photographer,0.0,Female,2,2 ,2 ,2 
conditional,151,877,1,4,Psychologist,0.0,Female,3,3 4 5 ,3 4 5 ,3 4 5 
conditional,151,103,0,0,Professor,1.0,Male,0,0 ,0 ,4 0 
conditional,151,1294,6,6,Dentist,0.0,Female,6,6 ,6 ,6 
conditional,151,11,1,0,Professor,1.0,Male,0,1 0 ,1 0 ,1 0 
conditional,151,433,2,2,Photographer,0.0,Female,2,2 ,2 ,2 
conditional,151,1009,9,5,Teacher,1.0,Male,3,2 3 ,2 3 ,2 3 4 
conditional,151,59,0,0,Professor,0.0,Female,0,0 ,0 ,0 
conditional,151,849,4,4,Psychologist,0.0,Female,4,4 0 ,4 0 ,4 
conditional,151,549,2,2,Photographer,1.0,Male,2,2 ,2 ,2 
conditional,151,895,4,4,Psychologist,0.0,Female,4,4 0 ,3 4 0 ,4 0 
conditional,151,1401,1,7,Surgeon,1.0,Male,1,1 7 ,1 7 ,1 7 
conditional,151,1110,5,5,Teacher,0.0,Female,5,3 5 ,3 5 ,5 
conditional,151,21,0,0,Professor,0.0,Female,0,0 ,0 ,0 
conditional,151,1039,9,5,Teacher,1.0,Male,3,2 3 9 ,2 3 5 9 ,2 3 9 
conditional,151,686,3,3,Journalist,0.0,Female,3,3 ,3 ,3 
conditional,151,342,9,1,Physician,1.0,Male,0,1 0 ,0 ,1 0 
conditional,151,16,5,0,Professor,1.0,Male,5,5 ,5 ,5 
conditional,151,1399,6,6,Dentist,1.0,Male,6,6 ,6 ,6 7 
conditional,151,304,1,1,Physician,1.0,Male,1,1 6 7 ,1 7 ,1 
conditional,151,765,3,3,Journalist,0.0,Female,3,3 ,3 ,3 
conditional,152,1586,7,7,Surgeon,1.0,Male,7,7 ,7 ,7 
conditional,152,1798,2,8,Painter,1.0,Male,8,2 8 ,2 8 ,2 8 
conditional,152,153,0,0,Professor,1.0,Male,0,3 0 ,3 5 0 ,3 5 0 
conditional,152,1476,7,7,Surgeon,1.0,Male,7,7 ,7 ,6 7 
conditional,152,110,1,0,Professor,0.0,Female,1,1 0 ,1 ,1 0 
conditional,152,1730,8,8,Painter,1.0,Male,8,8 ,8 ,8 
conditional,152,312,1,1,Physician,1.0,Male,1,1 6 ,1 ,1 6 
conditional,152,1140,0,5,Teacher,1.0,Male,0,0 ,0 ,0 
conditional,152,79,1,0,Professor,0.0,Female,1,1 0 ,1 4 0 ,1 0 
conditional,152,1204,6,6,Dentist,1.0,Male,6,6 ,6 ,1 6 
conditional,152,383,1,1,Physician,1.0,Male,1,1 6 ,1 6 ,1 
conditional,152,1956,9,9,Model,0.0,Female,2,2 ,2 ,2 
conditional,152,1540,6,7,Surgeon,0.0,Female,6,6 7 ,6 7 ,6 
conditional,152,449,2,2,Photographer,1.0,Male,2,2 ,2 ,2 
conditional,152,1216,6,6,Dentist,1.0,Male,6,6 ,6 ,1 6 
conditional,152,289,1,1,Physician,0.0,Female,1,1 ,1 ,1 
conditional,152,1185,5,5,Teacher,1.0,Male,5,5 7 ,5 7 ,5 7 
conditional,152,1016,0,5,Teacher,1.0,Male,5,5 0 ,4 5 0 ,4 5 0 
conditional,152,799,3,3,Journalist,0.0,Female,3,3 ,3 ,3 
conditional,152,591,2,2,Photographer,1.0,Male,2,2 8 ,2 4 8 0 ,2 8 0 
conditional,152,865,4,4,Psychologist,0.0,Female,5,3 5 ,3 4 5 ,3 4 5 
conditional,152,1756,2,8,Painter,0.0,Female,8,2 8 ,2 8 9 ,2 8 9 
conditional,152,688,3,3,Journalist,1.0,Male,3,3 ,3 ,3 0 
conditional,152,1693,3,8,Painter,1.0,Male,8,2 3 5 8 ,2 3 5 8 ,2 3 5 8 
conditional,152,1929,9,9,Model,0.0,Female,9,3 9 ,2 3 9 ,3 9 
conditional,152,804,4,4,Psychologist,0.0,Female,4,4 ,4 ,4 
conditional,152,641,3,3,Journalist,0.0,Female,3,3 ,3 ,3 
conditional,152,1845,9,9,Model,0.0,Female,9,9 ,3 9 ,9 
conditional,152,1268,6,6,Dentist,1.0,Male,6,6 ,6 ,6 7 
conditional,152,633,3,3,Journalist,0.0,Female,3,3 ,3 ,3 
conditional,152,1604,8,8,Painter,0.0,Female,8,8 ,8 ,8 
conditional,152,1444,1,7,Surgeon,0.0,Female,7,1 7 ,1 7 ,1 7 
conditional,152,1417,1,7,Surgeon,1.0,Male,1,1 ,1 ,1 
conditional,152,1915,9,9,Model,0.0,Female,9,9 ,9 ,9 
conditional,152,86,5,0,Professor,0.0,Female,0,5 0 ,5 0 ,5 0 
conditional,152,616,3,3,Journalist,0.0,Female,3,3 ,3 ,3 
conditional,152,1249,6,6,Dentist,0.0,Female,6,6 ,6 7 ,6 
conditional,152,1053,5,5,Teacher,0.0,Female,5,2 3 5 9 ,2 5 9 ,2 5 9 
conditional,152,873,4,4,Psychologist,1.0,Male,4,4 6 ,4 6 ,4 6 
conditional,152,840,4,4,Psychologist,0.0,Female,4,4 ,4 ,4 
conditional,152,409,2,2,Photographer,1.0,Male,2,2 ,2 ,2 3 
conditional,152,1290,6,6,Dentist,1.0,Male,6,6 ,6 ,6 
conditional,152,310,1,1,Physician,1.0,Male,1,1 7 ,1 6 7 ,1 7 
conditional,152,294,1,1,Physician,0.0,Female,1,1 ,1 ,1 
conditional,152,1851,3,9,Model,1.0,Male,9,3 6 9 ,2 3 6 9 ,2 3 6 9 
conditional,152,135,0,0,Professor,1.0,Male,0,0 ,0 ,0 
conditional,152,414,2,2,Photographer,1.0,Male,2,2 ,2 ,2 
conditional,152,568,2,2,Photographer,1.0,Male,2,2 ,2 ,2 
conditional,152,1174,0,5,Teacher,0.0,Female,3,3 5 ,3 5 0 ,3 5 0 
conditional,152,991,2,4,Psychologist,1.0,Male,5,3 5 ,2 3 4 5 ,2 3 4 5 
conditional,153,669,3,3,Journalist,1.0,Male,3,2 3 ,2 3 ,2 3 
conditional,153,1039,0,5,Teacher,1.0,Male,3,2 3 9 ,2 3 5 9 ,2 3 9 
conditional,153,508,2,2,Photographer,1.0,Male,2,2 ,2 ,2 
conditional,153,59,0,0,Professor,0.0,Female,0,0 ,0 ,0 
conditional,153,433,2,2,Photographer,0.0,Female,2,2 ,2 ,2 
conditional,153,1995,9,9,Model,0.0,Female,9,9 ,9 ,9 
conditional,153,225,1,1,Physician,0.0,Female,1,1 ,1 ,1 
conditional,153,982,4,4,Psychologist,0.0,Female,4,4 ,4 ,4 
conditional,153,1401,1,7,Surgeon,1.0,Male,1,1 7 ,1 7 ,1 7 
conditional,153,11,1,0,Professor,1.0,Male,0,1 0 ,1 0 ,1 0 
conditional,153,437,2,2,Photographer,0.0,Female,2,2 ,2 ,2 
conditional,153,1135,5,5,Teacher,0.0,Female,5,5 9 ,5 ,5 
conditional,153,1965,3,9,Model,1.0,Male,3,3 6 ,2 3 6 ,2 3 6 
conditional,153,549,2,2,Photographer,1.0,Male,2,2 ,2 ,2 
conditional,153,1278,6,6,Dentist,1.0,Male,6,6 7 ,6 7 ,6 7 
conditional,153,877,3,4,Psychologist,0.0,Female,3,3 4 5 ,3 4 5 ,3 4 5 
conditional,153,1976,3,9,Model,0.0,Female,3,3 5 9 ,2 3 5 9 ,3 5 9 
conditional,153,1273,6,6,Dentist,0.0,Female,6,6 ,6 ,6 
conditional,153,719,3,3,Journalist,1.0,Male,5,5 9 ,5 9 ,5 9 
conditional,153,1110,3,5,Teacher,0.0,Female,5,3 5 ,3 5 ,5 
conditional,153,235,1,1,Physician,0.0,Female,1,1 ,1 ,1 
conditional,153,686,3,3,Journalist,0.0,Female,3,3 ,3 ,3 
conditional,153,765,1,3,Journalist,0.0,Female,3,3 ,3 ,3 
conditional,153,1296,2,6,Dentist,1.0,Male,7,7 ,5 7 ,5 7 
conditional,153,1560,7,7,Surgeon,0.0,Female,6,1 6 7 ,1 6 7 0 ,1 6 7 0 
conditional,153,229,1,1,Physician,0.0,Female,1,1 ,1 ,1 
conditional,153,1888,3,9,Model,0.0,Female,3,3 9 ,1 3 4 7 9 ,3 7 9 
conditional,153,16,5,0,Professor,1.0,Male,5,5 ,5 ,5 
conditional,153,1583,1,7,Surgeon,1.0,Male,3,3 7 ,3 7 ,3 7 
conditional,153,1406,6,7,Surgeon,1.0,Male,7,1 6 7 ,1 6 7 0 ,1 6 7 0 
conditional,153,1609,3,8,Painter,0.0,Female,8,8 ,8 0 ,8 
conditional,153,973,4,4,Psychologist,0.0,Female,4,4 ,4 6 ,4 
conditional,153,1941,9,9,Model,0.0,Female,9,9 ,9 ,9 
conditional,153,1673,8,8,Painter,1.0,Male,8,8 ,8 ,8 
conditional,153,895,3,4,Psychologist,0.0,Female,4,4 0 ,3 4 0 ,4 0 
conditional,153,1399,6,6,Dentist,1.0,Male,6,6 ,6 ,6 7 
conditional,153,1009,2,5,Teacher,1.0,Male,3,2 3 ,2 3 ,2 3 4 
conditional,153,1505,3,7,Surgeon,1.0,Male,3,3 5 ,3 5 ,3 5 
conditional,153,1657,8,8,Painter,1.0,Male,5,5 8 9 ,5 8 9 ,5 8 9 
conditional,153,304,7,1,Physician,1.0,Male,1,1 6 7 ,1 7 ,1 
conditional,153,1294,6,6,Dentist,0.0,Female,6,6 ,6 ,6 
conditional,153,1190,0,5,Teacher,1.0,Male,0,0 ,5 0 ,5 0 
conditional,153,103,4,0,Professor,1.0,Male,0,0 ,0 ,4 0 
conditional,153,637,3,3,Journalist,0.0,Female,3,2 3 ,2 3 5 ,2 3 
conditional,153,1768,3,8,Painter,0.0,Female,5,2 3 5 ,2 3 5 8 ,2 3 5 
conditional,153,21,0,0,Professor,0.0,Female,0,0 ,0 ,0 
conditional,153,849,4,4,Psychologist,0.0,Female,4,4 0 ,4 0 ,4 
conditional,153,494,2,2,Photographer,0.0,Female,2,2 9 ,2 9 ,2 9 
conditional,153,1639,2,8,Painter,1.0,Male,2,2 8 ,2 8 ,2 8 
conditional,153,342,0,1,Physician,1.0,Male,0,1 0 ,0 ,1 0 
conditional,154,1755,8,8,Painter,0.0,Female,8,8 ,8 ,8 
conditional,154,686,3,3,Journalist,0.0,Female,3,3 ,3 ,3 
conditional,154,1016,0,5,Teacher,1.0,Male,5,5 0 ,4 5 0 ,4 5 0 
conditional,154,878,4,4,Psychologist,1.0,Male,0,4 0 ,4 6 0 ,4 6 0 
conditional,154,1135,5,5,Teacher,0.0,Female,5,5 9 ,5 ,5 
conditional,154,1560,7,7,Surgeon,0.0,Female,6,1 6 7 ,1 6 7 0 ,1 6 7 0 
conditional,154,550,2,2,Photographer,1.0,Male,2,2 3 ,2 3 ,2 3 
conditional,154,310,7,1,Physician,1.0,Male,1,1 7 ,1 6 7 ,1 7 
conditional,154,1249,6,6,Dentist,0.0,Female,6,6 ,6 7 ,6 
conditional,154,1204,6,6,Dentist,1.0,Male,6,6 ,6 ,1 6 
conditional,154,1995,9,9,Model,0.0,Female,9,9 ,9 ,9 
conditional,154,110,1,0,Professor,0.0,Female,1,1 0 ,1 ,1 0 
conditional,154,293,0,1,Physician,1.0,Male,1,1 0 ,1 7 0 ,1 7 0 
conditional,154,1174,3,5,Teacher,0.0,Female,3,3 5 ,3 5 0 ,3 5 0 
conditional,154,688,3,3,Journalist,1.0,Male,3,3 ,3 ,3 0 
conditional,154,1798,8,8,Painter,1.0,Male,8,2 8 ,2 8 ,2 8 
conditional,154,449,2,2,Photographer,1.0,Male,2,2 ,2 ,2 
conditional,154,313,1,1,Physician,0.0,Female,1,1 ,1 ,1 
conditional,154,1965,3,9,Model,1.0,Male,3,3 6 ,2 3 6 ,2 3 6 
conditional,154,343,6,1,Physician,0.0,Female,1,1 6 ,1 6 ,1 6 
conditional,154,633,3,3,Journalist,0.0,Female,3,3 ,3 ,3 
conditional,154,1216,6,6,Dentist,1.0,Male,6,6 ,6 ,1 6 
conditional,154,1444,7,7,Surgeon,0.0,Female,7,1 7 ,1 7 ,1 7 
conditional,154,1401,1,7,Surgeon,1.0,Male,1,1 7 ,1 7 ,1 7 
conditional,154,840,4,4,Psychologist,0.0,Female,4,4 ,4 ,4 
conditional,154,414,2,2,Photographer,1.0,Male,2,2 ,2 ,2 
conditional,154,799,3,3,Journalist,0.0,Female,3,3 ,3 ,3 
conditional,154,1673,8,8,Painter,1.0,Male,8,8 ,8 ,8 
conditional,154,873,4,4,Psychologist,1.0,Male,4,4 6 ,4 6 ,4 6 
conditional,154,1185,5,5,Teacher,1.0,Male,5,5 7 ,5 7 ,5 7 
conditional,154,1477,7,7,Surgeon,1.0,Male,7,7 ,7 ,6 7 
conditional,154,1845,9,9,Model,0.0,Female,9,9 ,3 9 ,9 
conditional,154,1956,2,9,Model,0.0,Female,2,2 ,2 ,2 
conditional,154,135,3,0,Professor,1.0,Male,0,0 ,0 ,0 
conditional,154,1914,9,9,Model,0.0,Female,9,9 ,9 ,9 
conditional,154,85,8,0,Professor,1.0,Male,2,2 8 ,2 8 0 ,2 8 
conditional,154,1417,1,7,Surgeon,1.0,Male,1,1 ,1 ,1 
conditional,154,991,4,4,Psychologist,1.0,Male,5,3 5 ,2 3 4 5 ,2 3 4 5 
conditional,154,1604,8,8,Painter,0.0,Female,8,8 ,8 ,8 
conditional,154,1639,8,8,Painter,1.0,Male,2,2 8 ,2 8 ,2 8 
conditional,154,1008,3,5,Teacher,0.0,Female,5,3 5 ,3 5 8 ,3 5 8 
conditional,154,495,2,2,Photographer,0.0,Female,2,2 ,2 ,2 
conditional,154,591,2,2,Photographer,1.0,Male,2,2 8 ,2 4 8 0 ,2 8 0 
conditional,154,849,4,4,Psychologist,0.0,Female,4,4 0 ,4 0 ,4 
conditional,154,638,4,3,Journalist,0.0,Female,4,4 5 ,4 5 0 ,4 5 
conditional,154,1273,6,6,Dentist,0.0,Female,6,6 ,6 ,6 
conditional,154,237,1,1,Physician,0.0,Female,1,1 ,1 ,1 
conditional,154,21,0,0,Professor,0.0,Female,0,0 ,0 ,0 
conditional,154,1399,6,6,Dentist,1.0,Male,6,6 ,6 ,6 7 
conditional,154,61,0,0,Professor,0.0,Female,0,0 ,0 ,0 
conditional,155,804,4,4,Psychologist,0.0,Female,4,4 ,4 ,4 
conditional,155,1417,1,7,Surgeon,1.0,Male,1,1 ,1 ,1 
conditional,155,1586,7,7,Surgeon,1.0,Male,7,7 ,7 ,7 
conditional,155,568,2,2,Photographer,1.0,Male,2,2 ,2 ,2 
conditional,155,153,3,0,Professor,1.0,Male,0,3 0 ,3 5 0 ,3 5 0 
conditional,155,1174,3,5,Teacher,0.0,Female,3,3 5 ,3 5 0 ,3 5 0 
conditional,155,312,1,1,Physician,1.0,Male,1,1 6 ,1 ,1 6 
conditional,155,1476,7,7,Surgeon,1.0,Male,7,7 ,7 ,6 7 
conditional,155,414,2,2,Photographer,1.0,Male,2,2 ,2 ,2 
conditional,155,1604,8,8,Painter,0.0,Female,8,8 ,8 ,8 
conditional,155,1929,9,9,Model,0.0,Female,9,3 9 ,2 3 9 ,3 9 
conditional,155,79,1,0,Professor,0.0,Female,1,1 0 ,1 4 0 ,1 0 
conditional,155,1204,6,6,Dentist,1.0,Male,6,6 ,6 ,1 6 
conditional,155,799,3,3,Journalist,0.0,Female,3,3 ,3 ,3 
conditional,155,1540,6,7,Surgeon,0.0,Female,6,6 7 ,6 7 ,6 
conditional,155,840,4,4,Psychologist,0.0,Female,4,4 ,4 ,4 
conditional,155,1730,8,8,Painter,1.0,Male,8,8 ,8 ,8 
conditional,155,1798,2,8,Painter,1.0,Male,8,2 8 ,2 8 ,2 8 
conditional,155,310,7,1,Physician,1.0,Male,1,1 7 ,1 6 7 ,1 7 
conditional,155,1756,8,8,Painter,0.0,Female,8,2 8 ,2 8 9 ,2 8 9 
conditional,155,1693,3,8,Painter,1.0,Male,8,2 3 5 8 ,2 3 5 8 ,2 3 5 8 
conditional,155,1268,6,6,Dentist,1.0,Male,6,6 ,6 ,6 7 
conditional,155,641,3,3,Journalist,0.0,Female,3,3 ,3 ,3 
conditional,155,449,2,2,Photographer,1.0,Male,2,2 ,2 ,2 
conditional,155,1845,9,9,Model,0.0,Female,9,9 ,3 9 ,9 
conditional,155,86,0,0,Professor,0.0,Female,0,5 0 ,5 0 ,5 0 
conditional,155,1016,0,5,Teacher,1.0,Male,5,5 0 ,4 5 0 ,4 5 0 
conditional,155,1140,0,5,Teacher,1.0,Male,0,0 ,0 ,0 
conditional,155,294,1,1,Physician,0.0,Female,1,1 ,1 ,1 
conditional,155,135,0,0,Professor,1.0,Male,0,0 ,0 ,0 
conditional,155,1444,7,7,Surgeon,0.0,Female,7,1 7 ,1 7 ,1 7 
conditional,155,865,4,4,Psychologist,0.0,Female,5,3 5 ,3 4 5 ,3 4 5 
conditional,155,1956,2,9,Model,0.0,Female,2,2 ,2 ,2 
conditional,155,383,1,1,Physician,1.0,Male,1,1 6 ,1 6 ,1 
conditional,155,289,1,1,Physician,0.0,Female,1,1 ,1 ,1 
conditional,155,1290,6,6,Dentist,1.0,Male,6,6 ,6 ,6 
conditional,155,1851,9,9,Model,1.0,Male,9,3 6 9 ,2 3 6 9 ,2 3 6 9 
conditional,155,1216,6,6,Dentist,1.0,Male,6,6 ,6 ,1 6 
conditional,155,616,3,3,Journalist,0.0,Female,3,3 ,3 ,3 
conditional,155,1185,5,5,Teacher,1.0,Male,5,5 7 ,5 7 ,5 7 
conditional,155,873,4,4,Psychologist,1.0,Male,4,4 6 ,4 6 ,4 6 
conditional,155,633,3,3,Journalist,0.0,Female,3,3 ,3 ,3 
conditional,155,1249,6,6,Dentist,0.0,Female,6,6 ,6 7 ,6 
conditional,155,1053,5,5,Teacher,0.0,Female,5,2 3 5 9 ,2 5 9 ,2 5 9 
conditional,155,688,3,3,Journalist,1.0,Male,3,3 ,3 ,3 0 
conditional,155,409,2,2,Photographer,1.0,Male,2,2 ,2 ,2 3 
conditional,155,110,1,0,Professor,0.0,Female,1,1 0 ,1 ,1 0 
conditional,155,591,2,2,Photographer,1.0,Male,2,2 8 ,2 4 8 0 ,2 8 0 
conditional,155,991,4,4,Psychologist,1.0,Male,5,3 5 ,2 3 4 5 ,2 3 4 5 
conditional,155,1915,9,9,Model,0.0,Female,9,9 ,9 ,9 
conditional,156,1560,7,7,Surgeon,0.0,Female,6,1 6 7 ,1 6 7 0 ,1 6 7 0 
conditional,156,1417,1,7,Surgeon,1.0,Male,1,1 ,1 ,1 
conditional,156,1016,0,5,Teacher,1.0,Male,5,5 0 ,4 5 0 ,4 5 0 
conditional,156,1185,5,5,Teacher,1.0,Male,5,5 7 ,5 7 ,5 7 
conditional,156,1216,6,6,Dentist,1.0,Male,6,6 ,6 ,1 6 
conditional,156,1604,8,8,Painter,0.0,Female,8,8 ,8 ,8 
conditional,156,1190,0,5,Teacher,1.0,Male,0,0 ,5 0 ,5 0 
conditional,156,1249,6,6,Dentist,0.0,Female,6,6 ,6 7 ,6 
conditional,156,1273,6,6,Dentist,0.0,Female,6,6 ,6 ,6 
conditional,156,1965,3,9,Model,1.0,Male,3,3 6 ,2 3 6 ,2 3 6 
conditional,156,1914,9,9,Model,0.0,Female,9,9 ,9 ,9 
conditional,156,413,8,2,Photographer,1.0,Male,8,8 ,8 ,2 8 
conditional,156,17,0,0,Professor,1.0,Male,3,3 0 ,3 5 0 ,3 5 0 
conditional,156,343,1,1,Physician,0.0,Female,1,1 6 ,1 6 ,1 6 
conditional,156,638,4,3,Journalist,0.0,Female,4,4 5 ,4 5 0 ,4 5 
conditional,156,550,2,2,Photographer,1.0,Male,2,2 3 ,2 3 ,2 3 
conditional,156,1296,5,6,Dentist,1.0,Male,7,7 ,5 7 ,5 7 
conditional,156,134,0,0,Professor,1.0,Male,0,0 ,0 ,3 0 
conditional,156,848,4,4,Psychologist,0.0,Female,4,4 ,4 ,4 
conditional,156,1401,1,7,Surgeon,1.0,Male,1,1 7 ,1 7 ,1 7 
conditional,156,109,4,0,Professor,1.0,Male,4,4 7 ,4 7 ,1 4 7 
conditional,156,1609,3,8,Painter,0.0,Female,8,8 ,8 0 ,8 
conditional,156,719,3,3,Journalist,1.0,Male,5,5 9 ,5 9 ,5 9 
conditional,156,689,3,3,Journalist,1.0,Male,3,3 ,3 ,3 5 
conditional,156,509,2,2,Photographer,1.0,Male,2,2 ,2 ,2 
conditional,156,1976,9,9,Model,0.0,Female,3,3 5 9 ,2 3 5 9 ,3 5 9 
conditional,156,1009,3,5,Teacher,1.0,Male,3,2 3 ,2 3 ,2 3 4 
conditional,156,1956,2,9,Model,0.0,Female,2,2 ,2 ,2 
conditional,156,1135,5,5,Teacher,0.0,Female,5,5 9 ,5 ,5 
conditional,156,1995,9,9,Model,0.0,Female,9,9 ,9 ,9 
conditional,156,1583,1,7,Surgeon,1.0,Male,3,3 7 ,3 7 ,3 7 
conditional,156,991,4,4,Psychologist,1.0,Male,5,3 5 ,2 3 4 5 ,2 3 4 5 
conditional,156,686,3,3,Journalist,0.0,Female,3,3 ,3 ,3 
conditional,156,1799,8,8,Painter,0.0,Female,8,2 8 ,8 ,8 
conditional,156,799,3,3,Journalist,0.0,Female,3,3 ,3 ,3 
conditional,156,60,0,0,Professor,1.0,Male,0,0 ,0 ,0 
conditional,156,495,2,2,Photographer,0.0,Female,2,2 ,2 ,2 
conditional,156,1673,8,8,Painter,1.0,Male,8,8 ,8 ,8 
conditional,156,21,0,0,Professor,0.0,Female,0,0 ,0 ,0 
conditional,156,878,0,4,Psychologist,1.0,Male,0,4 0 ,4 6 0 ,4 6 0 
conditional,156,982,4,4,Psychologist,0.0,Female,4,4 ,4 ,4 
conditional,156,449,2,2,Photographer,1.0,Male,2,2 ,2 ,2 
conditional,156,1639,8,8,Painter,1.0,Male,2,2 8 ,2 8 ,2 8 
conditional,156,237,7,1,Physician,0.0,Female,1,1 ,1 ,1 
conditional,156,873,4,4,Psychologist,1.0,Male,4,4 6 ,4 6 ,4 6 
conditional,156,310,7,1,Physician,1.0,Male,1,1 7 ,1 6 7 ,1 7 
conditional,156,1444,7,7,Surgeon,0.0,Female,7,1 7 ,1 7 ,1 7 
conditional,156,293,1,1,Physician,1.0,Male,1,1 0 ,1 7 0 ,1 7 0 
conditional,156,1399,7,6,Dentist,1.0,Male,6,6 ,6 ,6 7 
conditional,156,229,1,1,Physician,0.0,Female,1,1 ,1 ,1 
conditional,157,1249,6,6,Dentist,0.0,Female,6,6 ,6 7 ,6 
conditional,157,135,0,0,Professor,1.0,Male,0,0 ,0 ,0 
conditional,157,799,3,3,Journalist,0.0,Female,3,3 ,3 ,3 
conditional,157,1995,9,9,Model,0.0,Female,9,9 ,9 ,9 
conditional,157,991,4,4,Psychologist,1.0,Male,5,3 5 ,2 3 4 5 ,2 3 4 5 
conditional,157,1914,9,9,Model,0.0,Female,9,9 ,9 ,9 
conditional,157,414,2,2,Photographer,1.0,Male,2,2 ,2 ,2 
conditional,157,686,3,3,Journalist,0.0,Female,3,3 ,3 ,3 
conditional,157,1477,7,7,Surgeon,1.0,Male,7,7 ,7 ,6 7 
conditional,157,878,4,4,Psychologist,1.0,Male,0,4 0 ,4 6 0 ,4 6 0 
conditional,157,61,5,0,Professor,0.0,Female,0,0 ,0 ,0 
conditional,157,1008,5,5,Teacher,0.0,Female,5,3 5 ,3 5 8 ,3 5 8 
conditional,157,1399,6,6,Dentist,1.0,Male,6,6 ,6 ,6 7 
conditional,157,1401,1,7,Surgeon,1.0,Male,1,1 7 ,1 7 ,1 7 
conditional,157,1216,6,6,Dentist,1.0,Male,6,6 ,6 ,1 6 
conditional,157,110,1,0,Professor,0.0,Female,1,1 0 ,1 ,1 0 
conditional,157,633,3,3,Journalist,0.0,Female,3,3 ,3 ,3 
conditional,157,1755,8,8,Painter,0.0,Female,8,8 ,8 ,8 
conditional,157,1639,2,8,Painter,1.0,Male,2,2 8 ,2 8 ,2 8 
conditional,157,1604,8,8,Painter,0.0,Female,8,8 ,8 ,8 
conditional,157,1560,7,7,Surgeon,0.0,Female,6,1 6 7 ,1 6 7 0 ,1 6 7 0 
conditional,157,449,2,2,Photographer,1.0,Male,2,2 ,2 ,2 
conditional,157,1798,2,8,Painter,1.0,Male,8,2 8 ,2 8 ,2 8 
conditional,157,638,4,3,Journalist,0.0,Female,4,4 5 ,4 5 0 ,4 5 
conditional,157,591,2,2,Photographer,1.0,Male,2,2 8 ,2 4 8 0 ,2 8 0 
conditional,157,21,0,0,Professor,0.0,Female,0,0 ,0 ,0 
conditional,157,849,0,4,Psychologist,0.0,Female,4,4 0 ,4 0 ,4 
conditional,157,495,2,2,Photographer,0.0,Female,2,2 ,2 ,2 
conditional,157,310,7,1,Physician,1.0,Male,1,1 7 ,1 6 7 ,1 7 
conditional,157,237,1,1,Physician,0.0,Female,1,1 ,1 ,1 
conditional,157,343,1,1,Physician,0.0,Female,1,1 6 ,1 6 ,1 6 
conditional,157,1273,6,6,Dentist,0.0,Female,6,6 ,6 ,6 
conditional,157,1174,3,5,Teacher,0.0,Female,3,3 5 ,3 5 0 ,3 5 0 
conditional,157,1417,1,7,Surgeon,1.0,Male,1,1 ,1 ,1 
conditional,157,1673,8,8,Painter,1.0,Male,8,8 ,8 ,8 
conditional,157,293,0,1,Physician,1.0,Male,1,1 0 ,1 7 0 ,1 7 0 
conditional,157,1965,3,9,Model,1.0,Male,3,3 6 ,2 3 6 ,2 3 6 
conditional,157,1444,7,7,Surgeon,0.0,Female,7,1 7 ,1 7 ,1 7 
conditional,157,1204,6,6,Dentist,1.0,Male,6,6 ,6 ,1 6 
conditional,157,1956,2,9,Model,0.0,Female,2,2 ,2 ,2 
conditional,157,1016,0,5,Teacher,1.0,Male,5,5 0 ,4 5 0 ,4 5 0 
conditional,157,550,2,2,Photographer,1.0,Male,2,2 3 ,2 3 ,2 3 
conditional,157,873,4,4,Psychologist,1.0,Male,4,4 6 ,4 6 ,4 6 
conditional,157,840,4,4,Psychologist,0.0,Female,4,4 ,4 ,4 
conditional,157,313,1,1,Physician,0.0,Female,1,1 ,1 ,1 
conditional,157,1185,5,5,Teacher,1.0,Male,5,5 7 ,5 7 ,5 7 
conditional,157,688,3,3,Journalist,1.0,Male,3,3 ,3 ,3 0 
conditional,157,1845,9,9,Model,0.0,Female,9,9 ,3 9 ,9 
conditional,157,85,8,0,Professor,1.0,Male,2,2 8 ,2 8 0 ,2 8 
conditional,157,1135,5,5,Teacher,0.0,Female,5,5 9 ,5 ,5 
conditional,158,104,0,0,Professor,1.0,Male,0,0 ,0 ,0 
conditional,158,17,3,0,Professor,1.0,Male,3,3 0 ,3 5 0 ,3 5 0 
conditional,158,1110,5,5,Teacher,0.0,Female,5,3 5 ,3 5 ,5 
conditional,158,686,3,3,Journalist,0.0,Female,3,3 ,3 ,3 
conditional,158,229,1,1,Physician,0.0,Female,1,1 ,1 ,1 
conditional,158,1768,3,8,Painter,0.0,Female,5,2 3 5 ,2 3 5 8 ,2 3 5 
conditional,158,1604,8,8,Painter,0.0,Female,8,8 ,8 ,8 
conditional,158,637,3,3,Journalist,0.0,Female,3,2 3 ,2 3 5 ,2 3 
conditional,158,495,2,2,Photographer,0.0,Female,2,2 ,2 ,2 
conditional,158,509,2,2,Photographer,1.0,Male,2,2 ,2 ,2 
conditional,158,1278,6,6,Dentist,1.0,Male,6,6 7 ,6 7 ,6 7 
conditional,158,982,4,4,Psychologist,0.0,Female,4,4 ,4 ,4 
conditional,158,1297,6,6,Dentist,1.0,Male,6,6 ,6 ,6 
conditional,158,991,2,4,Psychologist,1.0,Male,5,3 5 ,2 3 4 5 ,2 3 4 5 
conditional,158,1995,9,9,Model,0.0,Female,9,9 ,9 ,9 
conditional,158,1639,2,8,Painter,1.0,Male,2,2 8 ,2 8 ,2 8 
conditional,158,1560,7,7,Surgeon,0.0,Female,6,1 6 7 ,1 6 7 0 ,1 6 7 0 
conditional,158,236,1,1,Physician,0.0,Female,1,1 6 ,1 ,1 
conditional,158,1673,2,8,Painter,1.0,Male,8,8 ,8 ,8 
conditional,158,1417,1,7,Surgeon,1.0,Male,1,1 ,1 ,1 
conditional,158,1965,3,9,Model,1.0,Male,3,3 6 ,2 3 6 ,2 3 6 
conditional,158,1190,5,5,Teacher,1.0,Male,0,0 ,5 0 ,5 0 
conditional,158,689,3,3,Journalist,1.0,Male,3,3 ,3 ,3 5 
conditional,158,895,4,4,Psychologist,0.0,Female,4,4 0 ,3 4 0 ,4 0 
conditional,158,550,8,2,Photographer,1.0,Male,2,2 3 ,2 3 ,2 3 
conditional,158,1401,1,7,Surgeon,1.0,Male,1,1 7 ,1 7 ,1 7 
conditional,158,309,1,1,Physician,0.0,Female,1,1 6 ,1 ,1 
conditional,158,1273,6,6,Dentist,0.0,Female,6,6 ,6 ,6 
conditional,158,1583,7,7,Surgeon,1.0,Male,3,3 7 ,3 7 ,3 7 
conditional,158,225,1,1,Physician,0.0,Female,1,1 ,1 ,1 
conditional,158,437,2,2,Photographer,0.0,Female,2,2 ,2 ,2 
conditional,158,1399,6,6,Dentist,1.0,Male,6,6 ,6 ,6 7 
conditional,158,1609,8,8,Painter,0.0,Female,8,8 ,8 0 ,8 
conditional,158,1976,9,9,Model,0.0,Female,3,3 5 9 ,2 3 5 9 ,3 5 9 
conditional,158,878,4,4,Psychologist,1.0,Male,0,4 0 ,4 6 0 ,4 6 0 
conditional,158,59,0,0,Professor,0.0,Female,0,0 ,0 ,0 
conditional,158,1185,5,5,Teacher,1.0,Male,5,5 7 ,5 7 ,5 7 
conditional,158,1008,3,5,Teacher,0.0,Female,5,3 5 ,3 5 8 ,3 5 8 
conditional,158,849,4,4,Psychologist,0.0,Female,4,4 0 ,4 0 ,4 
conditional,158,719,9,3,Journalist,1.0,Male,5,5 9 ,5 9 ,5 9 
conditional,158,1504,7,7,Surgeon,1.0,Male,7,1 7 ,1 7 ,1 7 
conditional,158,1216,6,6,Dentist,1.0,Male,6,6 ,6 ,1 6 
conditional,158,1957,9,9,Model,0.0,Female,9,9 ,2 9 ,9 
conditional,158,21,0,0,Professor,0.0,Female,0,0 ,0 ,0 
conditional,158,413,2,2,Photographer,1.0,Male,8,8 ,8 ,2 8 
conditional,158,765,3,3,Journalist,0.0,Female,3,3 ,3 ,3 
conditional,158,134,0,0,Professor,1.0,Male,0,0 ,0 ,3 0 
conditional,158,1135,5,5,Teacher,0.0,Female,5,5 9 ,5 ,5 
conditional,158,1941,9,9,Model,0.0,Female,9,9 ,9 ,9 
conditional,158,342,1,1,Physician,1.0,Male,0,1 0 ,0 ,1 0 
conditional,159,706,3,3,Journalist,1.0,Male,3,3 ,3 ,3 
conditional,159,1372,6,6,Dentist,0.0,Female,6,6 ,6 ,6 
conditional,159,1293,6,6,Dentist,1.0,Male,6,6 ,6 ,6 
conditional,159,1918,9,9,Model,1.0,Male,9,5 9 ,2 5 9 ,2 5 9 0 
conditional,159,95,0,0,Professor,0.0,Female,0,0 ,0 ,0 
conditional,159,832,4,4,Psychologist,1.0,Male,4,4 ,4 ,4 
conditional,159,1759,8,8,Painter,0.0,Female,8,8 ,8 ,8 
conditional,159,1487,0,7,Surgeon,0.0,Female,0,0 ,4 0 ,4 0 
conditional,159,669,3,3,Journalist,1.0,Male,3,2 3 ,2 3 ,2 3 
conditional,159,432,9,2,Photographer,1.0,Male,2,2 ,2 9 ,2 9 
conditional,159,266,1,1,Physician,0.0,Female,1,1 6 ,1 ,1 
conditional,159,542,2,2,Photographer,0.0,Female,2,2 ,2 ,2 
conditional,159,1658,8,8,Painter,1.0,Male,8,2 8 ,2 5 8 ,2 5 8 
conditional,159,10,0,0,Professor,0.0,Female,0,0 ,0 ,0 
conditional,159,1777,8,8,Painter,0.0,Female,8,8 ,8 ,8 
conditional,159,867,4,4,Psychologist,0.0,Female,4,4 ,4 ,4 
conditional,159,1888,0,9,Model,0.0,Female,3,3 9 ,1 3 4 7 9 ,3 7 9 
conditional,159,631,3,3,Journalist,1.0,Male,3,3 ,3 ,2 3 
conditional,159,498,2,2,Photographer,1.0,Male,2,2 ,2 ,2 
conditional,159,951,4,4,Psychologist,1.0,Male,4,4 ,4 ,4 
conditional,159,1147,4,5,Teacher,0.0,Female,5,5 ,5 ,5 
conditional,159,1157,5,5,Teacher,0.0,Female,5,1 5 0 ,5 0 ,5 0 
conditional,159,1405,7,7,Surgeon,1.0,Male,7,7 ,7 ,1 7 
conditional,159,1646,8,8,Painter,0.0,Female,2,2 ,2 5 8 ,2 8 
conditional,159,1104,5,5,Teacher,0.0,Female,5,5 ,5 ,5 
conditional,159,1590,7,7,Surgeon,1.0,Male,7,7 ,7 ,6 7 
conditional,159,643,3,3,Journalist,1.0,Male,3,3 ,3 ,3 
conditional,159,1501,7,7,Surgeon,1.0,Male,7,1 6 7 ,1 6 7 ,1 6 7 
conditional,159,255,1,1,Physician,0.0,Female,1,1 6 ,1 6 ,1 
conditional,159,1153,2,5,Teacher,1.0,Male,2,2 3 ,2 3 5 ,2 3 5 
conditional,159,402,2,2,Photographer,1.0,Male,2,2 ,2 ,2 
conditional,159,43,0,0,Professor,0.0,Female,0,0 ,0 ,4 0 
conditional,159,330,1,1,Physician,0.0,Female,1,1 6 ,1 6 ,1 
conditional,159,664,3,3,Journalist,1.0,Male,3,2 3 0 ,1 2 3 0 ,1 2 3 0 
conditional,159,1557,7,7,Surgeon,1.0,Male,7,7 ,7 ,1 7 
conditional,159,1229,6,6,Dentist,0.0,Female,6,6 7 ,6 7 ,6 7 
conditional,159,1734,8,8,Painter,1.0,Male,8,8 ,8 ,8 
conditional,159,138,3,0,Professor,1.0,Male,3,3 0 ,3 5 0 ,3 4 5 0 
conditional,159,11,7,0,Professor,1.0,Male,0,1 0 ,1 0 ,1 0 
conditional,159,1225,6,6,Dentist,1.0,Male,6,6 7 ,6 7 ,6 7 
conditional,159,262,1,1,Physician,0.0,Female,1,1 ,1 6 ,1 6 
conditional,159,1038,5,5,Teacher,0.0,Female,5,5 ,5 ,5 
conditional,159,1326,6,6,Dentist,0.0,Female,6,6 ,6 ,6 
conditional,159,837,4,4,Psychologist,0.0,Female,4,4 ,4 ,4 
conditional,159,1949,3,9,Model,0.0,Female,9,3 9 ,3 9 ,3 9 
conditional,159,1810,9,9,Model,0.0,Female,9,9 ,9 ,9 
conditional,159,971,4,4,Psychologist,0.0,Female,0,0 ,0 ,0 
conditional,159,267,7,1,Physician,0.0,Female,1,1 6 ,1 6 ,1 
conditional,159,1833,9,9,Model,0.0,Female,2,2 3 5 9 ,2 3 5 9 ,2 3 9 
conditional,159,403,4,2,Photographer,1.0,Male,2,2 5 ,2 3 5 9 ,2 3 5 9 
conditional,160,1373,1,6,Dentist,0.0,Female,6,6 ,6 ,6 
conditional,160,643,3,3,Journalist,1.0,Male,3,3 ,3 ,3 
conditional,160,1327,6,6,Dentist,0.0,Female,6,1 6 7 ,1 6 ,1 6 
conditional,160,94,5,0,Professor,0.0,Female,0,2 5 0 ,2 5 0 ,5 0 
conditional,160,266,1,1,Physician,0.0,Female,1,1 6 ,1 ,1 
conditional,160,403,5,2,Photographer,1.0,Male,2,2 5 ,2 3 5 9 ,2 3 5 9 
conditional,160,1153,3,5,Teacher,1.0,Male,2,2 3 ,2 3 5 ,2 3 5 
conditional,160,1157,5,5,Teacher,0.0,Female,5,1 5 0 ,5 0 ,5 0 
conditional,160,894,4,4,Psychologist,1.0,Male,4,4 ,4 ,4 0 
conditional,160,976,4,4,Psychologist,0.0,Female,4,1 4 ,4 ,4 
conditional,160,1590,7,7,Surgeon,1.0,Male,7,7 ,7 ,6 7 
conditional,160,1038,5,5,Teacher,0.0,Female,5,5 ,5 ,5 
conditional,160,1949,3,9,Model,0.0,Female,9,3 9 ,3 9 ,3 9 
conditional,160,971,0,4,Psychologist,0.0,Female,0,0 ,0 ,0 
conditional,160,1501,1,7,Surgeon,1.0,Male,7,1 6 7 ,1 6 7 ,1 6 7 
conditional,160,138,3,0,Professor,1.0,Male,3,3 0 ,3 5 0 ,3 4 5 0 
conditional,160,1294,6,6,Dentist,0.0,Female,6,6 ,6 ,6 
conditional,160,103,1,0,Professor,1.0,Male,0,0 ,0 ,4 0 
conditional,160,432,2,2,Photographer,1.0,Male,2,2 ,2 9 ,2 9 
conditional,160,1759,8,8,Painter,0.0,Female,8,8 ,8 ,8 
conditional,160,1792,8,8,Painter,1.0,Male,8,8 ,8 ,8 
conditional,160,437,2,2,Photographer,0.0,Female,2,2 ,2 ,2 
conditional,160,224,1,1,Physician,0.0,Female,1,1 6 ,1 6 ,1 6 
conditional,160,254,1,1,Physician,0.0,Female,1,1 ,1 ,1 
conditional,160,1505,3,7,Surgeon,1.0,Male,3,3 5 ,3 5 ,3 5 
conditional,160,1809,9,9,Model,0.0,Female,9,9 ,9 ,9 
conditional,160,1109,5,5,Teacher,0.0,Female,5,5 ,5 ,5 
conditional,160,631,3,3,Journalist,1.0,Male,3,3 ,3 ,2 3 
conditional,160,1277,6,6,Dentist,1.0,Male,6,6 ,6 ,6 7 
conditional,160,10,0,0,Professor,0.0,Female,0,0 ,0 ,0 
conditional,160,1229,6,6,Dentist,0.0,Female,6,6 7 ,6 7 ,6 7 
conditional,160,1941,9,9,Model,0.0,Female,9,9 ,9 ,9 
conditional,160,543,2,2,Photographer,0.0,Female,2,2 9 ,2 3 4 9 ,2 4 9 
conditional,160,763,3,3,Journalist,1.0,Male,3,3 ,3 ,3 
conditional,160,1658,8,8,Painter,1.0,Male,8,2 8 ,2 5 8 ,2 5 8 
conditional,160,1918,9,9,Model,1.0,Male,9,5 9 ,2 5 9 ,2 5 9 0 
conditional,160,1487,4,7,Surgeon,0.0,Female,0,0 ,4 0 ,4 0 
conditional,160,1888,3,9,Model,0.0,Female,3,3 9 ,1 3 4 7 9 ,3 7 9 
conditional,160,1148,2,5,Teacher,1.0,Male,2,2 8 ,2 8 ,2 8 
conditional,160,330,1,1,Physician,0.0,Female,1,1 6 ,1 6 ,1 
conditional,160,664,1,3,Journalist,1.0,Male,3,2 3 0 ,1 2 3 0 ,1 2 3 0 
conditional,160,833,4,4,Psychologist,1.0,Male,4,4 ,4 ,4 
conditional,160,1768,3,8,Painter,0.0,Female,5,2 3 5 ,2 3 5 8 ,2 3 5 
conditional,160,669,3,3,Journalist,1.0,Male,3,2 3 ,2 3 ,2 3 
conditional,160,267,1,1,Physician,0.0,Female,1,1 6 ,1 6 ,1 
conditional,160,1405,7,7,Surgeon,1.0,Male,7,7 ,7 ,1 7 
conditional,160,11,1,0,Professor,1.0,Male,0,1 0 ,1 0 ,1 0 
conditional,160,498,2,2,Photographer,1.0,Male,2,2 ,2 ,2 
conditional,160,1777,8,8,Painter,0.0,Female,8,8 ,8 ,8 
conditional,160,837,4,4,Psychologist,0.0,Female,4,4 ,4 ,4 
conditional,161,1038,5,5,Teacher,0.0,Female,5,5 ,5 ,5 
conditional,161,1501,1,7,Surgeon,1.0,Male,7,1 6 7 ,1 6 7 ,1 6 7 
conditional,161,1777,8,8,Painter,0.0,Female,8,8 ,8 ,8 
conditional,161,664,3,3,Journalist,1.0,Male,3,2 3 0 ,1 2 3 0 ,1 2 3 0 
conditional,161,763,3,3,Journalist,1.0,Male,3,3 ,3 ,3 
conditional,161,1590,9,7,Surgeon,1.0,Male,7,7 ,7 ,6 7 
conditional,161,266,1,1,Physician,0.0,Female,1,1 6 ,1 ,1 
conditional,161,1229,6,6,Dentist,0.0,Female,6,6 7 ,6 7 ,6 7 
conditional,161,267,7,1,Physician,0.0,Female,1,1 6 ,1 6 ,1 
conditional,161,1373,6,6,Dentist,0.0,Female,6,6 ,6 ,6 
conditional,161,1918,9,9,Model,1.0,Male,9,5 9 ,2 5 9 ,2 5 9 0 
conditional,161,543,2,2,Photographer,0.0,Female,2,2 9 ,2 3 4 9 ,2 4 9 
conditional,161,224,1,1,Physician,0.0,Female,1,1 6 ,1 6 ,1 6 
conditional,161,837,4,4,Psychologist,0.0,Female,4,4 ,4 ,4 
conditional,161,1109,5,5,Teacher,0.0,Female,5,5 ,5 ,5 
conditional,161,403,5,2,Photographer,1.0,Male,2,2 5 ,2 3 5 9 ,2 3 5 9 
conditional,161,631,3,3,Journalist,1.0,Male,3,3 ,3 ,2 3 
conditional,161,1294,6,6,Dentist,0.0,Female,6,6 ,6 ,6 
conditional,161,833,4,4,Psychologist,1.0,Male,4,4 ,4 ,4 
conditional,161,432,2,2,Photographer,1.0,Male,2,2 ,2 9 ,2 9 
conditional,161,11,1,0,Professor,1.0,Male,0,1 0 ,1 0 ,1 0 
conditional,161,1148,2,5,Teacher,1.0,Male,2,2 8 ,2 8 ,2 8 
conditional,161,669,1,3,Journalist,1.0,Male,3,2 3 ,2 3 ,2 3 
conditional,161,894,4,4,Psychologist,1.0,Male,4,4 ,4 ,4 0 
conditional,161,1327,1,6,Dentist,0.0,Female,6,1 6 7 ,1 6 ,1 6 
conditional,161,498,2,2,Photographer,1.0,Male,2,2 ,2 ,2 
conditional,161,643,3,3,Journalist,1.0,Male,3,3 ,3 ,3 
conditional,161,1768,3,8,Painter,0.0,Female,5,2 3 5 ,2 3 5 8 ,2 3 5 
conditional,161,976,4,4,Psychologist,0.0,Female,4,1 4 ,4 ,4 
conditional,161,1759,8,8,Painter,0.0,Female,8,8 ,8 ,8 
conditional,161,103,4,0,Professor,1.0,Male,0,0 ,0 ,4 0 
conditional,161,1487,0,7,Surgeon,0.0,Female,0,0 ,4 0 ,4 0 
conditional,161,1157,5,5,Teacher,0.0,Female,5,1 5 0 ,5 0 ,5 0 
conditional,161,1888,7,9,Model,0.0,Female,3,3 9 ,1 3 4 7 9 ,3 7 9 
conditional,161,1505,3,7,Surgeon,1.0,Male,3,3 5 ,3 5 ,3 5 
conditional,161,1153,3,5,Teacher,1.0,Male,2,2 3 ,2 3 5 ,2 3 5 
conditional,161,254,1,1,Physician,0.0,Female,1,1 ,1 ,1 
conditional,161,10,0,0,Professor,0.0,Female,0,0 ,0 ,0 
conditional,161,138,3,0,Professor,1.0,Male,3,3 0 ,3 5 0 ,3 4 5 0 
conditional,161,1941,9,9,Model,0.0,Female,9,9 ,9 ,9 
conditional,161,1809,9,9,Model,0.0,Female,9,9 ,9 ,9 
conditional,161,971,0,4,Psychologist,0.0,Female,0,0 ,0 ,0 
conditional,161,1658,8,8,Painter,1.0,Male,8,2 8 ,2 5 8 ,2 5 8 
conditional,161,1949,9,9,Model,0.0,Female,9,3 9 ,3 9 ,3 9 
conditional,161,1277,6,6,Dentist,1.0,Male,6,6 ,6 ,6 7 
conditional,161,94,0,0,Professor,0.0,Female,0,2 5 0 ,2 5 0 ,5 0 
conditional,161,437,2,2,Photographer,0.0,Female,2,2 ,2 ,2 
conditional,161,330,1,1,Physician,0.0,Female,1,1 6 ,1 6 ,1 
conditional,161,1792,8,8,Painter,1.0,Male,8,8 ,8 ,8 
conditional,161,1405,7,7,Surgeon,1.0,Male,7,7 ,7 ,1 7 
conditional,162,849,4,4,Psychologist,0.0,Female,4,4 0 ,4 0 ,4 
conditional,162,1755,8,8,Painter,0.0,Female,8,8 ,8 ,8 
conditional,162,1477,7,7,Surgeon,1.0,Male,7,7 ,7 ,6 7 
conditional,162,591,2,2,Photographer,1.0,Male,2,2 8 ,2 4 8 0 ,2 8 0 
conditional,162,1249,6,6,Dentist,0.0,Female,6,6 ,6 7 ,6 
conditional,162,686,3,3,Journalist,0.0,Female,3,3 ,3 ,3 
conditional,162,840,4,4,Psychologist,0.0,Female,4,4 ,4 ,4 
conditional,162,1216,6,6,Dentist,1.0,Male,6,6 ,6 ,1 6 
conditional,162,873,4,4,Psychologist,1.0,Male,4,4 6 ,4 6 ,4 6 
conditional,162,991,4,4,Psychologist,1.0,Male,5,3 5 ,2 3 4 5 ,2 3 4 5 
conditional,162,343,1,1,Physician,0.0,Female,1,1 6 ,1 6 ,1 6 
conditional,162,1673,8,8,Painter,1.0,Male,8,8 ,8 ,8 
conditional,162,61,0,0,Professor,0.0,Female,0,0 ,0 ,0 
conditional,162,449,2,2,Photographer,1.0,Male,2,2 ,2 ,2 
conditional,162,1444,1,7,Surgeon,0.0,Female,7,1 7 ,1 7 ,1 7 
conditional,162,799,3,3,Journalist,0.0,Female,3,3 ,3 ,3 
conditional,162,1401,7,7,Surgeon,1.0,Male,1,1 7 ,1 7 ,1 7 
conditional,162,1273,6,6,Dentist,0.0,Female,6,6 ,6 ,6 
conditional,162,638,4,3,Journalist,0.0,Female,4,4 5 ,4 5 0 ,4 5 
conditional,162,21,0,0,Professor,0.0,Female,0,0 ,0 ,0 
conditional,162,1995,9,9,Model,0.0,Female,9,9 ,9 ,9 
conditional,162,878,4,4,Psychologist,1.0,Male,0,4 0 ,4 6 0 ,4 6 0 
conditional,162,495,2,2,Photographer,0.0,Female,2,2 ,2 ,2 
conditional,162,688,3,3,Journalist,1.0,Male,3,3 ,3 ,3 0 
conditional,162,1639,8,8,Painter,1.0,Male,2,2 8 ,2 8 ,2 8 
conditional,162,135,0,0,Professor,1.0,Male,0,0 ,0 ,0 
conditional,162,1956,8,9,Model,0.0,Female,2,2 ,2 ,2 
conditional,162,313,1,1,Physician,0.0,Female,1,1 ,1 ,1 
conditional,162,1914,9,9,Model,0.0,Female,9,9 ,9 ,9 
conditional,162,1604,8,8,Painter,0.0,Female,8,8 ,8 ,8 
conditional,162,1174,0,5,Teacher,0.0,Female,3,3 5 ,3 5 0 ,3 5 0 
conditional,162,1560,7,7,Surgeon,0.0,Female,6,1 6 7 ,1 6 7 0 ,1 6 7 0 
conditional,162,1008,5,5,Teacher,0.0,Female,5,3 5 ,3 5 8 ,3 5 8 
conditional,162,293,1,1,Physician,1.0,Male,1,1 0 ,1 7 0 ,1 7 0 
conditional,162,1399,6,6,Dentist,1.0,Male,6,6 ,6 ,6 7 
conditional,162,1417,1,7,Surgeon,1.0,Male,1,1 ,1 ,1 
conditional,162,633,3,3,Journalist,0.0,Female,3,3 ,3 ,3 
conditional,162,550,2,2,Photographer,1.0,Male,2,2 3 ,2 3 ,2 3 
conditional,162,414,2,2,Photographer,1.0,Male,2,2 ,2 ,2 
conditional,162,237,7,1,Physician,0.0,Female,1,1 ,1 ,1 
conditional,162,1845,9,9,Model,0.0,Female,9,9 ,3 9 ,9 
conditional,162,85,8,0,Professor,1.0,Male,2,2 8 ,2 8 0 ,2 8 
conditional,162,110,1,0,Professor,0.0,Female,1,1 0 ,1 ,1 0 
conditional,162,1204,6,6,Dentist,1.0,Male,6,6 ,6 ,1 6 
conditional,162,1798,8,8,Painter,1.0,Male,8,2 8 ,2 8 ,2 8 
conditional,162,1965,2,9,Model,1.0,Male,3,3 6 ,2 3 6 ,2 3 6 
conditional,162,1016,0,5,Teacher,1.0,Male,5,5 0 ,4 5 0 ,4 5 0 
conditional,162,310,1,1,Physician,1.0,Male,1,1 7 ,1 6 7 ,1 7 
conditional,162,1135,5,5,Teacher,0.0,Female,5,5 9 ,5 ,5 
conditional,162,1185,5,5,Teacher,1.0,Male,5,5 7 ,5 7 ,5 7 
conditional,163,235,1,1,Physician,0.0,Female,1,1 ,1 ,1 
conditional,163,665,3,3,Journalist,0.0,Female,3,3 ,3 ,3 
conditional,163,1639,2,8,Painter,1.0,Male,2,2 8 ,2 8 ,2 8 
conditional,163,764,3,3,Journalist,1.0,Male,3,3 ,3 ,3 
conditional,163,437,2,2,Photographer,0.0,Female,2,2 ,2 ,2 
conditional,163,982,4,4,Psychologist,0.0,Female,4,4 ,4 ,4 
conditional,163,1888,3,9,Model,0.0,Female,3,3 9 ,1 3 4 7 9 ,3 7 9 
conditional,163,138,3,0,Professor,1.0,Male,3,3 0 ,3 5 0 ,3 4 5 0 
conditional,163,685,3,3,Journalist,0.0,Female,3,3 ,3 ,3 
conditional,163,1399,6,6,Dentist,1.0,Male,6,6 ,6 ,6 7 
conditional,163,1297,6,6,Dentist,1.0,Male,6,6 ,6 ,6 
conditional,163,1965,2,9,Model,1.0,Male,3,3 6 ,2 3 6 ,2 3 6 
conditional,163,433,2,2,Photographer,0.0,Female,2,2 ,2 ,2 
conditional,163,1941,9,9,Model,0.0,Female,9,9 ,9 ,9 
conditional,163,507,2,2,Photographer,1.0,Male,2,2 ,2 ,2 
conditional,163,11,0,0,Professor,1.0,Male,0,1 0 ,1 0 ,1 0 
conditional,163,669,2,3,Journalist,1.0,Male,3,2 3 ,2 3 ,2 3 
conditional,163,1792,8,8,Painter,1.0,Male,8,8 ,8 ,8 
conditional,163,267,1,1,Physician,0.0,Female,1,1 6 ,1 6 ,1 
conditional,163,973,4,4,Psychologist,0.0,Female,4,4 ,4 6 ,4 
conditional,163,16,5,0,Professor,1.0,Male,5,5 ,5 ,5 
conditional,163,224,1,1,Physician,0.0,Female,1,1 6 ,1 6 ,1 6 
conditional,163,1609,8,8,Painter,0.0,Female,8,8 ,8 0 ,8 
conditional,163,1327,1,6,Dentist,0.0,Female,6,1 6 7 ,1 6 ,1 6 
conditional,163,21,0,0,Professor,0.0,Female,0,0 ,0 ,0 
conditional,163,1590,6,7,Surgeon,1.0,Male,7,7 ,7 ,6 7 
conditional,163,1976,3,9,Model,0.0,Female,3,3 5 9 ,2 3 5 9 ,3 5 9 
conditional,163,255,1,1,Physician,0.0,Female,1,1 6 ,1 6 ,1 
conditional,163,895,4,4,Psychologist,0.0,Female,4,4 0 ,3 4 0 ,4 0 
conditional,163,1189,4,5,Teacher,0.0,Female,4,4 5 ,4 5 ,4 
conditional,163,877,3,4,Psychologist,0.0,Female,3,3 4 5 ,3 4 5 ,3 4 5 
conditional,163,1406,6,7,Surgeon,1.0,Male,7,1 6 7 ,1 6 7 0 ,1 6 7 0 
conditional,163,1504,7,7,Surgeon,1.0,Male,7,1 7 ,1 7 ,1 7 
conditional,163,229,1,1,Physician,0.0,Female,1,1 ,1 ,1 
conditional,163,837,4,4,Psychologist,0.0,Female,4,4 ,4 ,4 
conditional,163,1149,5,5,Teacher,1.0,Male,5,5 ,5 ,5 9 
conditional,163,494,2,2,Photographer,0.0,Female,2,2 9 ,2 9 ,2 9 
conditional,163,1009,3,5,Teacher,1.0,Male,3,2 3 ,2 3 ,2 3 4 
conditional,163,1768,2,8,Painter,0.0,Female,5,2 3 5 ,2 3 5 8 ,2 3 5 
conditional,163,1809,9,9,Model,0.0,Female,9,9 ,9 ,9 
conditional,163,1294,6,6,Dentist,0.0,Female,6,6 ,6 ,6 
conditional,163,1658,8,8,Painter,1.0,Male,8,2 8 ,2 5 8 ,2 5 8 
conditional,163,1039,3,5,Teacher,1.0,Male,3,2 3 9 ,2 3 5 9 ,2 3 9 
conditional,163,544,2,2,Photographer,1.0,Male,2,2 ,2 ,2 
conditional,163,1110,5,5,Teacher,0.0,Female,5,3 5 ,3 5 ,5 
conditional,163,1278,6,6,Dentist,1.0,Male,6,6 7 ,6 7 ,6 7 
conditional,163,718,3,3,Journalist,1.0,Male,3,3 5 ,3 5 ,3 5 
conditional,163,103,0,0,Professor,1.0,Male,0,0 ,0 ,4 0 
conditional,163,1401,1,7,Surgeon,1.0,Male,1,1 7 ,1 7 ,1 7 
conditional,163,1583,7,7,Surgeon,1.0,Male,3,3 7 ,3 7 ,3 7 
conditional,164,1149,5,5,Teacher,1.0,Male,5,5 ,5 ,5 9 
conditional,164,1294,6,6,Dentist,0.0,Female,6,6 ,6 ,6 
conditional,164,1941,9,9,Model,0.0,Female,9,9 ,9 ,9 
conditional,164,1157,5,5,Teacher,0.0,Female,5,1 5 0 ,5 0 ,5 0 
conditional,164,718,3,3,Journalist,1.0,Male,3,3 5 ,3 5 ,3 5 
conditional,164,267,1,1,Physician,0.0,Female,1,1 6 ,1 6 ,1 
conditional,164,1888,3,9,Model,0.0,Female,3,3 9 ,1 3 4 7 9 ,3 7 9 
conditional,164,894,4,4,Psychologist,1.0,Male,4,4 ,4 ,4 0 
conditional,164,10,0,0,Professor,0.0,Female,0,0 ,0 ,0 
conditional,164,1110,5,5,Teacher,0.0,Female,5,3 5 ,3 5 ,5 
conditional,164,138,3,0,Professor,1.0,Male,3,3 0 ,3 5 0 ,3 4 5 0 
conditional,164,1297,6,6,Dentist,1.0,Male,6,6 ,6 ,6 
conditional,164,229,1,1,Physician,0.0,Female,1,1 ,1 ,1 
conditional,164,1949,9,9,Model,0.0,Female,9,3 9 ,3 9 ,3 9 
conditional,164,432,2,2,Photographer,1.0,Male,2,2 ,2 9 ,2 9 
conditional,164,507,2,2,Photographer,1.0,Male,2,2 ,2 ,2 
conditional,164,669,3,3,Journalist,1.0,Male,3,2 3 ,2 3 ,2 3 
conditional,164,665,3,3,Journalist,0.0,Female,3,3 ,3 ,3 
conditional,164,1189,4,5,Teacher,0.0,Female,4,4 5 ,4 5 ,4 
conditional,164,837,4,4,Psychologist,0.0,Female,4,4 ,4 ,4 
conditional,164,403,3,2,Photographer,1.0,Male,2,2 5 ,2 3 5 9 ,2 3 5 9 
conditional,164,1976,9,9,Model,0.0,Female,3,3 5 9 ,2 3 5 9 ,3 5 9 
conditional,164,16,5,0,Professor,1.0,Male,5,5 ,5 ,5 
conditional,164,1406,6,7,Surgeon,1.0,Male,7,1 6 7 ,1 6 7 0 ,1 6 7 0 
conditional,164,1487,0,7,Surgeon,0.0,Female,0,0 ,4 0 ,4 0 
conditional,164,1590,7,7,Surgeon,1.0,Male,7,7 ,7 ,6 7 
conditional,164,1657,3,8,Painter,1.0,Male,5,5 8 9 ,5 8 9 ,5 8 9 
conditional,164,833,4,4,Psychologist,1.0,Male,4,4 ,4 ,4 
conditional,164,1373,6,6,Dentist,0.0,Female,6,6 ,6 ,6 
conditional,164,255,1,1,Physician,0.0,Female,1,1 6 ,1 6 ,1 
conditional,164,543,2,2,Photographer,0.0,Female,2,2 9 ,2 3 4 9 ,2 4 9 
conditional,164,981,3,4,Psychologist,0.0,Female,3,2 3 5 ,2 3 ,2 3 
conditional,164,1505,3,7,Surgeon,1.0,Male,3,3 5 ,3 5 ,3 5 
conditional,164,972,4,4,Psychologist,1.0,Male,4,1 4 ,4 ,4 
conditional,164,680,7,3,Journalist,0.0,Female,0,4 0 ,1 4 7 0 ,4 0 
conditional,164,1277,6,6,Dentist,1.0,Male,6,6 ,6 ,6 7 
conditional,164,1810,9,9,Model,0.0,Female,9,9 ,9 ,9 
conditional,164,1759,8,8,Painter,0.0,Female,8,8 ,8 ,8 
conditional,164,763,3,3,Journalist,1.0,Male,3,3 ,3 ,3 
conditional,164,102,0,0,Professor,1.0,Male,0,4 0 ,4 0 ,4 0 
conditional,164,1039,2,5,Teacher,1.0,Male,3,2 3 9 ,2 3 5 9 ,2 3 9 
conditional,164,1327,6,6,Dentist,0.0,Female,6,1 6 7 ,1 6 ,1 6 
conditional,164,1792,8,8,Painter,1.0,Male,8,8 ,8 ,8 
conditional,164,330,1,1,Physician,0.0,Female,1,1 6 ,1 6 ,1 
conditional,164,11,1,0,Professor,1.0,Male,0,1 0 ,1 0 ,1 0 
conditional,164,437,2,2,Photographer,0.0,Female,2,2 ,2 ,2 
conditional,164,224,1,1,Physician,0.0,Female,1,1 6 ,1 6 ,1 6 
conditional,164,1609,8,8,Painter,0.0,Female,8,8 ,8 0 ,8 
conditional,164,1768,3,8,Painter,0.0,Female,5,2 3 5 ,2 3 5 8 ,2 3 5 
conditional,164,1583,7,7,Surgeon,1.0,Male,3,3 7 ,3 7 ,3 7 
conditional,165,1845,9,9,Model,0.0,Female,9,9 ,3 9 ,9 
conditional,165,1135,5,5,Teacher,0.0,Female,5,5 9 ,5 ,5 
conditional,165,237,7,1,Physician,0.0,Female,1,1 ,1 ,1 
conditional,165,343,1,1,Physician,0.0,Female,1,1 6 ,1 6 ,1 6 
conditional,165,1399,6,6,Dentist,1.0,Male,6,6 ,6 ,6 7 
conditional,165,1204,6,6,Dentist,1.0,Male,6,6 ,6 ,1 6 
conditional,165,1417,1,7,Surgeon,1.0,Male,1,1 ,1 ,1 
conditional,165,1560,7,7,Surgeon,0.0,Female,6,1 6 7 ,1 6 7 0 ,1 6 7 0 
conditional,165,991,4,4,Psychologist,1.0,Male,5,3 5 ,2 3 4 5 ,2 3 4 5 
conditional,165,840,4,4,Psychologist,0.0,Female,4,4 ,4 ,4 
conditional,165,85,8,0,Professor,1.0,Male,2,2 8 ,2 8 0 ,2 8 
conditional,165,1604,8,8,Painter,0.0,Female,8,8 ,8 ,8 
conditional,165,21,0,0,Professor,0.0,Female,0,0 ,0 ,0 
conditional,165,310,1,1,Physician,1.0,Male,1,1 7 ,1 6 7 ,1 7 
conditional,165,799,3,3,Journalist,0.0,Female,3,3 ,3 ,3 
conditional,165,1477,7,7,Surgeon,1.0,Male,7,7 ,7 ,6 7 
conditional,165,1639,2,8,Painter,1.0,Male,2,2 8 ,2 8 ,2 8 
conditional,165,1174,5,5,Teacher,0.0,Female,3,3 5 ,3 5 0 ,3 5 0 
conditional,165,495,2,2,Photographer,0.0,Female,2,2 ,2 ,2 
conditional,165,1914,9,9,Model,0.0,Female,9,9 ,9 ,9 
conditional,165,550,2,2,Photographer,1.0,Male,2,2 3 ,2 3 ,2 3 
conditional,165,313,1,1,Physician,0.0,Female,1,1 ,1 ,1 
conditional,165,61,0,0,Professor,0.0,Female,0,0 ,0 ,0 
conditional,165,688,3,3,Journalist,1.0,Male,3,3 ,3 ,3 0 
conditional,165,873,4,4,Psychologist,1.0,Male,4,4 6 ,4 6 ,4 6 
conditional,165,1016,0,5,Teacher,1.0,Male,5,5 0 ,4 5 0 ,4 5 0 
conditional,165,1185,5,5,Teacher,1.0,Male,5,5 7 ,5 7 ,5 7 
conditional,165,878,4,4,Psychologist,1.0,Male,0,4 0 ,4 6 0 ,4 6 0 
conditional,165,849,4,4,Psychologist,0.0,Female,4,4 0 ,4 0 ,4 
conditional,165,1755,8,8,Painter,0.0,Female,8,8 ,8 ,8 
conditional,165,591,8,2,Photographer,1.0,Male,2,2 8 ,2 4 8 0 ,2 8 0 
conditional,165,135,0,0,Professor,1.0,Male,0,0 ,0 ,0 
conditional,165,686,3,3,Journalist,0.0,Female,3,3 ,3 ,3 
conditional,165,1008,5,5,Teacher,0.0,Female,5,3 5 ,3 5 8 ,3 5 8 
conditional,165,1965,5,9,Model,1.0,Male,3,3 6 ,2 3 6 ,2 3 6 
conditional,165,1444,1,7,Surgeon,0.0,Female,7,1 7 ,1 7 ,1 7 
conditional,165,1249,6,6,Dentist,0.0,Female,6,6 ,6 7 ,6 
conditional,165,633,3,3,Journalist,0.0,Female,3,3 ,3 ,3 
conditional,165,638,4,3,Journalist,0.0,Female,4,4 5 ,4 5 0 ,4 5 
conditional,165,1995,9,9,Model,0.0,Female,9,9 ,9 ,9 
conditional,165,1956,2,9,Model,0.0,Female,2,2 ,2 ,2 
conditional,165,1216,6,6,Dentist,1.0,Male,6,6 ,6 ,1 6 
conditional,165,449,2,2,Photographer,1.0,Male,2,2 ,2 ,2 
conditional,165,1401,1,7,Surgeon,1.0,Male,1,1 7 ,1 7 ,1 7 
conditional,165,110,1,0,Professor,0.0,Female,1,1 0 ,1 ,1 0 
conditional,165,1798,2,8,Painter,1.0,Male,8,2 8 ,2 8 ,2 8 
conditional,165,414,2,2,Photographer,1.0,Male,2,2 ,2 ,2 
conditional,165,1273,6,6,Dentist,0.0,Female,6,6 ,6 ,6 
conditional,165,293,1,1,Physician,1.0,Male,1,1 0 ,1 7 0 ,1 7 0 
conditional,165,1673,8,8,Painter,1.0,Male,8,8 ,8 ,8 
conditional,166,237,7,1,Physician,0.0,Female,1,1 ,1 ,1 
conditional,166,110,7,0,Professor,0.0,Female,1,1 0 ,1 ,1 0 
conditional,166,343,7,1,Physician,0.0,Female,1,1 6 ,1 6 ,1 6 
conditional,166,638,4,3,Journalist,0.0,Female,4,4 5 ,4 5 0 ,4 5 
conditional,166,449,2,2,Photographer,1.0,Male,2,2 ,2 ,2 
conditional,166,873,4,4,Psychologist,1.0,Male,4,4 6 ,4 6 ,4 6 
conditional,166,1273,6,6,Dentist,0.0,Female,6,6 ,6 ,6 
conditional,166,1477,7,7,Surgeon,1.0,Male,7,7 ,7 ,6 7 
conditional,166,1174,3,5,Teacher,0.0,Female,3,3 5 ,3 5 0 ,3 5 0 
conditional,166,495,2,2,Photographer,0.0,Female,2,2 ,2 ,2 
conditional,166,1444,7,7,Surgeon,0.0,Female,7,1 7 ,1 7 ,1 7 
conditional,166,1204,6,6,Dentist,1.0,Male,6,6 ,6 ,1 6 
conditional,166,991,4,4,Psychologist,1.0,Male,5,3 5 ,2 3 4 5 ,2 3 4 5 
conditional,166,1417,1,7,Surgeon,1.0,Male,1,1 ,1 ,1 
conditional,166,1845,9,9,Model,0.0,Female,9,9 ,3 9 ,9 
conditional,166,293,5,1,Physician,1.0,Male,1,1 0 ,1 7 0 ,1 7 0 
conditional,166,61,0,0,Professor,0.0,Female,0,0 ,0 ,0 
conditional,166,1249,6,6,Dentist,0.0,Female,6,6 ,6 7 ,6 
conditional,166,1560,1,7,Surgeon,0.0,Female,6,1 6 7 ,1 6 7 0 ,1 6 7 0 
conditional,166,799,3,3,Journalist,0.0,Female,3,3 ,3 ,3 
conditional,166,135,0,0,Professor,1.0,Male,0,0 ,0 ,0 
conditional,166,1135,5,5,Teacher,0.0,Female,5,5 9 ,5 ,5 
conditional,166,591,2,2,Photographer,1.0,Male,2,2 8 ,2 4 8 0 ,2 8 0 
conditional,166,1604,8,8,Painter,0.0,Female,8,8 ,8 ,8 
conditional,166,878,4,4,Psychologist,1.0,Male,0,4 0 ,4 6 0 ,4 6 0 
conditional,166,1755,8,8,Painter,0.0,Female,8,8 ,8 ,8 
conditional,166,1639,2,8,Painter,1.0,Male,2,2 8 ,2 8 ,2 8 
conditional,166,310,7,1,Physician,1.0,Male,1,1 7 ,1 6 7 ,1 7 
conditional,166,550,2,2,Photographer,1.0,Male,2,2 3 ,2 3 ,2 3 
conditional,166,688,3,3,Journalist,1.0,Male,3,3 ,3 ,3 0 
conditional,166,1798,8,8,Painter,1.0,Male,8,2 8 ,2 8 ,2 8 
conditional,166,1965,3,9,Model,1.0,Male,3,3 6 ,2 3 6 ,2 3 6 
conditional,166,1008,5,5,Teacher,0.0,Female,5,3 5 ,3 5 8 ,3 5 8 
conditional,166,1914,9,9,Model,0.0,Female,9,9 ,9 ,9 
conditional,166,1016,0,5,Teacher,1.0,Male,5,5 0 ,4 5 0 ,4 5 0 
conditional,166,686,3,3,Journalist,0.0,Female,3,3 ,3 ,3 
conditional,166,1185,5,5,Teacher,1.0,Male,5,5 7 ,5 7 ,5 7 
conditional,166,1401,7,7,Surgeon,1.0,Male,1,1 7 ,1 7 ,1 7 
conditional,166,313,1,1,Physician,0.0,Female,1,1 ,1 ,1 
conditional,166,1673,8,8,Painter,1.0,Male,8,8 ,8 ,8 
conditional,166,849,4,4,Psychologist,0.0,Female,4,4 0 ,4 0 ,4 
conditional,166,1995,9,9,Model,0.0,Female,9,9 ,9 ,9 
conditional,166,1399,6,6,Dentist,1.0,Male,6,6 ,6 ,6 7 
conditional,166,1216,6,6,Dentist,1.0,Male,6,6 ,6 ,1 6 
conditional,166,414,2,2,Photographer,1.0,Male,2,2 ,2 ,2 
conditional,166,840,4,4,Psychologist,0.0,Female,4,4 ,4 ,4 
conditional,166,85,8,0,Professor,1.0,Male,2,2 8 ,2 8 0 ,2 8 
conditional,166,21,0,0,Professor,0.0,Female,0,0 ,0 ,0 
conditional,166,1956,9,9,Model,0.0,Female,2,2 ,2 ,2 
conditional,166,633,3,3,Journalist,0.0,Female,3,3 ,3 ,3 
conditional,167,1157,5,5,Teacher,0.0,Female,5,1 5 0 ,5 0 ,5 0 
conditional,167,1768,8,8,Painter,0.0,Female,5,2 3 5 ,2 3 5 8 ,2 3 5 
conditional,167,971,4,4,Psychologist,0.0,Female,0,0 ,0 ,0 
conditional,167,1759,8,8,Painter,0.0,Female,8,8 ,8 ,8 
conditional,167,1294,6,6,Dentist,0.0,Female,6,6 ,6 ,6 
conditional,167,94,5,0,Professor,0.0,Female,0,2 5 0 ,2 5 0 ,5 0 
conditional,167,669,3,3,Journalist,1.0,Male,3,2 3 ,2 3 ,2 3 
conditional,167,266,1,1,Physician,0.0,Female,1,1 6 ,1 ,1 
conditional,167,1109,5,5,Teacher,0.0,Female,5,5 ,5 ,5 
conditional,167,1658,8,8,Painter,1.0,Male,8,2 8 ,2 5 8 ,2 5 8 
conditional,167,437,2,2,Photographer,0.0,Female,2,2 ,2 ,2 
conditional,167,1888,3,9,Model,0.0,Female,3,3 9 ,1 3 4 7 9 ,3 7 9 
conditional,167,498,2,2,Photographer,1.0,Male,2,2 ,2 ,2 
conditional,167,1487,0,7,Surgeon,0.0,Female,0,0 ,4 0 ,4 0 
conditional,167,11,1,0,Professor,1.0,Male,0,1 0 ,1 0 ,1 0 
conditional,167,643,3,3,Journalist,1.0,Male,3,3 ,3 ,3 
conditional,167,1505,5,7,Surgeon,1.0,Male,3,3 5 ,3 5 ,3 5 
conditional,167,1809,9,9,Model,0.0,Female,9,9 ,9 ,9 
conditional,167,432,2,2,Photographer,1.0,Male,2,2 ,2 9 ,2 9 
conditional,167,330,1,1,Physician,0.0,Female,1,1 6 ,1 6 ,1 
conditional,167,403,4,2,Photographer,1.0,Male,2,2 5 ,2 3 5 9 ,2 3 5 9 
conditional,167,763,3,3,Journalist,1.0,Male,3,3 ,3 ,3 
conditional,167,10,5,0,Professor,0.0,Female,0,0 ,0 ,0 
conditional,167,1148,3,5,Teacher,1.0,Male,2,2 8 ,2 8 ,2 8 
conditional,167,1277,6,6,Dentist,1.0,Male,6,6 ,6 ,6 7 
conditional,167,1777,8,8,Painter,0.0,Female,8,8 ,8 ,8 
conditional,167,543,2,2,Photographer,0.0,Female,2,2 9 ,2 3 4 9 ,2 4 9 
conditional,167,1501,1,7,Surgeon,1.0,Male,7,1 6 7 ,1 6 7 ,1 6 7 
conditional,167,1153,2,5,Teacher,1.0,Male,2,2 3 ,2 3 5 ,2 3 5 
conditional,167,224,1,1,Physician,0.0,Female,1,1 6 ,1 6 ,1 6 
conditional,167,138,3,0,Professor,1.0,Male,3,3 0 ,3 5 0 ,3 4 5 0 
conditional,167,1373,6,6,Dentist,0.0,Female,6,6 ,6 ,6 
conditional,167,894,4,4,Psychologist,1.0,Male,4,4 ,4 ,4 0 
conditional,167,631,3,3,Journalist,1.0,Male,3,3 ,3 ,2 3 
conditional,167,976,4,4,Psychologist,0.0,Female,4,1 4 ,4 ,4 
conditional,167,833,4,4,Psychologist,1.0,Male,4,4 ,4 ,4 
conditional,167,1949,9,9,Model,0.0,Female,9,3 9 ,3 9 ,3 9 
conditional,167,1327,6,6,Dentist,0.0,Female,6,1 6 7 ,1 6 ,1 6 
conditional,167,837,4,4,Psychologist,0.0,Female,4,4 ,4 ,4 
conditional,167,103,0,0,Professor,1.0,Male,0,0 ,0 ,4 0 
conditional,167,1792,8,8,Painter,1.0,Male,8,8 ,8 ,8 
conditional,167,1229,7,6,Dentist,0.0,Female,6,6 7 ,6 7 ,6 7 
conditional,167,1918,9,9,Model,1.0,Male,9,5 9 ,2 5 9 ,2 5 9 0 
conditional,167,1590,4,7,Surgeon,1.0,Male,7,7 ,7 ,6 7 
conditional,167,1941,9,9,Model,0.0,Female,9,9 ,9 ,9 
conditional,167,254,1,1,Physician,0.0,Female,1,1 ,1 ,1 
conditional,167,1038,5,5,Teacher,0.0,Female,5,5 ,5 ,5 
conditional,167,664,3,3,Journalist,1.0,Male,3,2 3 0 ,1 2 3 0 ,1 2 3 0 
conditional,167,1405,7,7,Surgeon,1.0,Male,7,7 ,7 ,1 7 
conditional,167,267,7,1,Physician,0.0,Female,1,1 6 ,1 6 ,1 
conditional,168,293,0,1,Physician,1.0,Male,1,1 0 ,1 7 0 ,1 7 0 
conditional,168,1956,2,9,Model,0.0,Female,2,2 ,2 ,2 
conditional,168,873,4,4,Psychologist,1.0,Male,4,4 6 ,4 6 ,4 6 
conditional,168,1273,6,6,Dentist,0.0,Female,6,6 ,6 ,6 
conditional,168,1845,9,9,Model,0.0,Female,9,9 ,3 9 ,9 
conditional,168,638,4,3,Journalist,0.0,Female,4,4 5 ,4 5 0 ,4 5 
conditional,168,310,7,1,Physician,1.0,Male,1,1 7 ,1 6 7 ,1 7 
conditional,168,1477,7,7,Surgeon,1.0,Male,7,7 ,7 ,6 7 
conditional,168,313,1,1,Physician,0.0,Female,1,1 ,1 ,1 
conditional,168,343,1,1,Physician,0.0,Female,1,1 6 ,1 6 ,1 6 
conditional,168,1016,0,5,Teacher,1.0,Male,5,5 0 ,4 5 0 ,4 5 0 
conditional,168,135,3,0,Professor,1.0,Male,0,0 ,0 ,0 
conditional,168,1995,9,9,Model,0.0,Female,9,9 ,9 ,9 
conditional,168,1174,3,5,Teacher,0.0,Female,3,3 5 ,3 5 0 ,3 5 0 
conditional,168,1417,1,7,Surgeon,1.0,Male,1,1 ,1 ,1 
conditional,168,495,2,2,Photographer,0.0,Female,2,2 ,2 ,2 
conditional,168,1008,3,5,Teacher,0.0,Female,5,3 5 ,3 5 8 ,3 5 8 
conditional,168,991,4,4,Psychologist,1.0,Male,5,3 5 ,2 3 4 5 ,2 3 4 5 
conditional,168,1560,1,7,Surgeon,0.0,Female,6,1 6 7 ,1 6 7 0 ,1 6 7 0 
conditional,168,1444,7,7,Surgeon,0.0,Female,7,1 7 ,1 7 ,1 7 
conditional,168,688,3,3,Journalist,1.0,Male,3,3 ,3 ,3 0 
conditional,168,1673,8,8,Painter,1.0,Male,8,8 ,8 ,8 
conditional,168,449,2,2,Photographer,1.0,Male,2,2 ,2 ,2 
conditional,168,61,0,0,Professor,0.0,Female,0,0 ,0 ,0 
conditional,168,878,4,4,Psychologist,1.0,Male,0,4 0 ,4 6 0 ,4 6 0 
conditional,168,1249,6,6,Dentist,0.0,Female,6,6 ,6 7 ,6 
conditional,168,799,3,3,Journalist,0.0,Female,3,3 ,3 ,3 
conditional,168,1755,8,8,Painter,0.0,Female,8,8 ,8 ,8 
conditional,168,21,0,0,Professor,0.0,Female,0,0 ,0 ,0 
conditional,168,85,8,0,Professor,1.0,Male,2,2 8 ,2 8 0 ,2 8 
conditional,168,633,3,3,Journalist,0.0,Female,3,3 ,3 ,3 
conditional,168,237,7,1,Physician,0.0,Female,1,1 ,1 ,1 
conditional,168,1604,8,8,Painter,0.0,Female,8,8 ,8 ,8 
conditional,168,1965,3,9,Model,1.0,Male,3,3 6 ,2 3 6 ,2 3 6 
conditional,168,1399,6,6,Dentist,1.0,Male,6,6 ,6 ,6 7 
conditional,168,1401,1,7,Surgeon,1.0,Male,1,1 7 ,1 7 ,1 7 
conditional,168,686,3,3,Journalist,0.0,Female,3,3 ,3 ,3 
conditional,168,414,2,2,Photographer,1.0,Male,2,2 ,2 ,2 
conditional,168,110,1,0,Professor,0.0,Female,1,1 0 ,1 ,1 0 
conditional,168,550,2,2,Photographer,1.0,Male,2,2 3 ,2 3 ,2 3 
conditional,168,1639,2,8,Painter,1.0,Male,2,2 8 ,2 8 ,2 8 
conditional,168,1914,9,9,Model,0.0,Female,9,9 ,9 ,9 
conditional,168,1216,6,6,Dentist,1.0,Male,6,6 ,6 ,1 6 
conditional,168,591,2,2,Photographer,1.0,Male,2,2 8 ,2 4 8 0 ,2 8 0 
conditional,168,1204,6,6,Dentist,1.0,Male,6,6 ,6 ,1 6 
conditional,168,1798,8,8,Painter,1.0,Male,8,2 8 ,2 8 ,2 8 
conditional,168,840,4,4,Psychologist,0.0,Female,4,4 ,4 ,4 
conditional,168,1185,5,5,Teacher,1.0,Male,5,5 7 ,5 7 ,5 7 
conditional,168,1135,5,5,Teacher,0.0,Female,5,5 9 ,5 ,5 
conditional,168,849,4,4,Psychologist,0.0,Female,4,4 0 ,4 0 ,4 
conditional,169,135,0,0,Professor,1.0,Male,0,0 ,0 ,0 
conditional,169,1249,6,6,Dentist,0.0,Female,6,6 ,6 7 ,6 
conditional,169,1053,5,5,Teacher,0.0,Female,5,2 3 5 9 ,2 5 9 ,2 5 9 
conditional,169,1798,8,8,Painter,1.0,Male,8,2 8 ,2 8 ,2 8 
conditional,169,688,3,3,Journalist,1.0,Male,3,3 ,3 ,3 0 
conditional,169,1417,1,7,Surgeon,1.0,Male,1,1 ,1 ,1 
conditional,169,865,4,4,Psychologist,0.0,Female,5,3 5 ,3 4 5 ,3 4 5 
conditional,169,633,3,3,Journalist,0.0,Female,3,3 ,3 ,3 
conditional,169,1956,2,9,Model,0.0,Female,2,2 ,2 ,2 
conditional,169,312,1,1,Physician,1.0,Male,1,1 6 ,1 ,1 6 
conditional,169,294,1,1,Physician,0.0,Female,1,1 ,1 ,1 
conditional,169,383,1,1,Physician,1.0,Male,1,1 6 ,1 6 ,1 
conditional,169,1174,0,5,Teacher,0.0,Female,3,3 5 ,3 5 0 ,3 5 0 
conditional,169,1016,0,5,Teacher,1.0,Male,5,5 0 ,4 5 0 ,4 5 0 
conditional,169,1204,6,6,Dentist,1.0,Male,6,6 ,6 ,1 6 
conditional,169,1140,0,5,Teacher,1.0,Male,0,0 ,0 ,0 
conditional,169,804,4,4,Psychologist,0.0,Female,4,4 ,4 ,4 
conditional,169,1756,2,8,Painter,0.0,Female,8,2 8 ,2 8 9 ,2 8 9 
conditional,169,873,4,4,Psychologist,1.0,Male,4,4 6 ,4 6 ,4 6 
conditional,169,1929,9,9,Model,0.0,Female,9,3 9 ,2 3 9 ,3 9 
conditional,169,310,1,1,Physician,1.0,Male,1,1 7 ,1 6 7 ,1 7 
conditional,169,1185,5,5,Teacher,1.0,Male,5,5 7 ,5 7 ,5 7 
conditional,169,991,4,4,Psychologist,1.0,Male,5,3 5 ,2 3 4 5 ,2 3 4 5 
conditional,169,568,2,2,Photographer,1.0,Male,2,2 ,2 ,2 
conditional,169,449,2,2,Photographer,1.0,Male,2,2 ,2 ,2 
conditional,169,86,0,0,Professor,0.0,Female,0,5 0 ,5 0 ,5 0 
conditional,169,1290,6,6,Dentist,1.0,Male,6,6 ,6 ,6 
conditional,169,1845,9,9,Model,0.0,Female,9,9 ,3 9 ,9 
conditional,169,79,0,0,Professor,0.0,Female,1,1 0 ,1 4 0 ,1 0 
conditional,169,840,4,4,Psychologist,0.0,Female,4,4 ,4 ,4 
conditional,169,1693,3,8,Painter,1.0,Male,8,2 3 5 8 ,2 3 5 8 ,2 3 5 8 
conditional,169,1540,6,7,Surgeon,0.0,Female,6,6 7 ,6 7 ,6 
conditional,169,1476,7,7,Surgeon,1.0,Male,7,7 ,7 ,6 7 
conditional,169,153,3,0,Professor,1.0,Male,0,3 0 ,3 5 0 ,3 5 0 
conditional,169,616,3,3,Journalist,0.0,Female,3,3 ,3 ,3 
conditional,169,799,3,3,Journalist,0.0,Female,3,3 ,3 ,3 
conditional,169,1604,8,8,Painter,0.0,Female,8,8 ,8 ,8 
conditional,169,110,0,0,Professor,0.0,Female,1,1 0 ,1 ,1 0 
conditional,169,641,3,3,Journalist,0.0,Female,3,3 ,3 ,3 
conditional,169,289,1,1,Physician,0.0,Female,1,1 ,1 ,1 
conditional,169,591,8,2,Photographer,1.0,Male,2,2 8 ,2 4 8 0 ,2 8 0 
conditional,169,1730,8,8,Painter,1.0,Male,8,8 ,8 ,8 
conditional,169,1444,7,7,Surgeon,0.0,Female,7,1 7 ,1 7 ,1 7 
conditional,169,1915,9,9,Model,0.0,Female,9,9 ,9 ,9 
conditional,169,1586,7,7,Surgeon,1.0,Male,7,7 ,7 ,7 
conditional,169,1216,6,6,Dentist,1.0,Male,6,6 ,6 ,1 6 
conditional,169,409,2,2,Photographer,1.0,Male,2,2 ,2 ,2 3 
conditional,169,414,2,2,Photographer,1.0,Male,2,2 ,2 ,2 
conditional,169,1851,9,9,Model,1.0,Male,9,3 6 9 ,2 3 6 9 ,2 3 6 9 
conditional,169,1268,6,6,Dentist,1.0,Male,6,6 ,6 ,6 7 
conditional,170,765,3,3,Journalist,0.0,Female,3,3 ,3 ,3 
conditional,170,342,0,1,Physician,1.0,Male,0,1 0 ,0 ,1 0 
conditional,170,1639,2,8,Painter,1.0,Male,2,2 8 ,2 8 ,2 8 
conditional,170,11,7,0,Professor,1.0,Male,0,1 0 ,1 0 ,1 0 
conditional,170,437,2,2,Photographer,0.0,Female,2,2 ,2 ,2 
conditional,170,1768,3,8,Painter,0.0,Female,5,2 3 5 ,2 3 5 8 ,2 3 5 
conditional,170,895,4,4,Psychologist,0.0,Female,4,4 0 ,3 4 0 ,4 0 
conditional,170,1296,5,6,Dentist,1.0,Male,7,7 ,5 7 ,5 7 
conditional,170,235,7,1,Physician,0.0,Female,1,1 ,1 ,1 
conditional,170,1190,0,5,Teacher,1.0,Male,0,0 ,5 0 ,5 0 
conditional,170,1673,8,8,Painter,1.0,Male,8,8 ,8 ,8 
conditional,170,1278,6,6,Dentist,1.0,Male,6,6 7 ,6 7 ,6 7 
conditional,170,1505,3,7,Surgeon,1.0,Male,3,3 5 ,3 5 ,3 5 
conditional,170,1657,8,8,Painter,1.0,Male,5,5 8 9 ,5 8 9 ,5 8 9 
conditional,170,973,4,4,Psychologist,0.0,Female,4,4 ,4 6 ,4 
conditional,170,549,2,2,Photographer,1.0,Male,2,2 ,2 ,2 
conditional,170,225,1,1,Physician,0.0,Female,1,1 ,1 ,1 
conditional,170,508,2,2,Photographer,1.0,Male,2,2 ,2 ,2 
conditional,170,1294,6,6,Dentist,0.0,Female,6,6 ,6 ,6 
conditional,170,1110,5,5,Teacher,0.0,Female,5,3 5 ,3 5 ,5 
conditional,170,1401,7,7,Surgeon,1.0,Male,1,1 7 ,1 7 ,1 7 
conditional,170,1965,2,9,Model,1.0,Male,3,3 6 ,2 3 6 ,2 3 6 
conditional,170,982,4,4,Psychologist,0.0,Female,4,4 ,4 ,4 
conditional,170,494,2,2,Photographer,0.0,Female,2,2 9 ,2 9 ,2 9 
conditional,170,1583,7,7,Surgeon,1.0,Male,3,3 7 ,3 7 ,3 7 
conditional,170,1888,9,9,Model,0.0,Female,3,3 9 ,1 3 4 7 9 ,3 7 9 
conditional,170,1941,9,9,Model,0.0,Female,9,9 ,9 ,9 
conditional,170,433,2,2,Photographer,0.0,Female,2,2 ,2 ,2 
conditional,170,1976,9,9,Model,0.0,Female,3,3 5 9 ,2 3 5 9 ,3 5 9 
conditional,170,103,0,0,Professor,1.0,Male,0,0 ,0 ,4 0 
conditional,170,669,3,3,Journalist,1.0,Male,3,2 3 ,2 3 ,2 3 
conditional,170,229,1,1,Physician,0.0,Female,1,1 ,1 ,1 
conditional,170,16,5,0,Professor,1.0,Male,5,5 ,5 ,5 
conditional,170,1135,5,5,Teacher,0.0,Female,5,5 9 ,5 ,5 
conditional,170,1009,3,5,Teacher,1.0,Male,3,2 3 ,2 3 ,2 3 4 
conditional,170,59,0,0,Professor,0.0,Female,0,0 ,0 ,0 
conditional,170,637,3,3,Journalist,0.0,Female,3,2 3 ,2 3 5 ,2 3 
conditional,170,304,1,1,Physician,1.0,Male,1,1 6 7 ,1 7 ,1 
conditional,170,1273,1,6,Dentist,0.0,Female,6,6 ,6 ,6 
conditional,170,719,9,3,Journalist,1.0,Male,5,5 9 ,5 9 ,5 9 
conditional,170,877,2,4,Psychologist,0.0,Female,3,3 4 5 ,3 4 5 ,3 4 5 
conditional,170,1995,9,9,Model,0.0,Female,9,9 ,9 ,9 
conditional,170,1560,1,7,Surgeon,0.0,Female,6,1 6 7 ,1 6 7 0 ,1 6 7 0 
conditional,170,1399,6,6,Dentist,1.0,Male,6,6 ,6 ,6 7 
conditional,170,849,4,4,Psychologist,0.0,Female,4,4 0 ,4 0 ,4 
conditional,170,1609,3,8,Painter,0.0,Female,8,8 ,8 0 ,8 
conditional,170,1039,3,5,Teacher,1.0,Male,3,2 3 9 ,2 3 5 9 ,2 3 9 
conditional,170,21,0,0,Professor,0.0,Female,0,0 ,0 ,0 
conditional,170,686,3,3,Journalist,0.0,Female,3,3 ,3 ,3 
conditional,170,1406,7,7,Surgeon,1.0,Male,7,1 6 7 ,1 6 7 0 ,1 6 7 0 
conditional,171,1249,6,6,Dentist,0.0,Female,6,6 ,6 7 ,6 
conditional,171,1477,7,7,Surgeon,1.0,Male,7,7 ,7 ,6 7 
conditional,171,686,3,3,Journalist,0.0,Female,3,3 ,3 ,3 
conditional,171,1965,3,9,Model,1.0,Male,3,3 6 ,2 3 6 ,2 3 6 
conditional,171,1008,5,5,Teacher,0.0,Female,5,3 5 ,3 5 8 ,3 5 8 
conditional,171,799,3,3,Journalist,0.0,Female,3,3 ,3 ,3 
conditional,171,688,3,3,Journalist,1.0,Male,3,3 ,3 ,3 0 
conditional,171,414,2,2,Photographer,1.0,Male,2,2 ,2 ,2 
conditional,171,591,2,2,Photographer,1.0,Male,2,2 8 ,2 4 8 0 ,2 8 0 
conditional,171,110,1,0,Professor,0.0,Female,1,1 0 ,1 ,1 0 
conditional,171,1273,6,6,Dentist,0.0,Female,6,6 ,6 ,6 
conditional,171,633,3,3,Journalist,0.0,Female,3,3 ,3 ,3 
conditional,171,135,0,0,Professor,1.0,Male,0,0 ,0 ,0 
conditional,171,878,1,4,Psychologist,1.0,Male,0,4 0 ,4 6 0 ,4 6 0 
conditional,171,1560,1,7,Surgeon,0.0,Female,6,1 6 7 ,1 6 7 0 ,1 6 7 0 
conditional,171,1216,6,6,Dentist,1.0,Male,6,6 ,6 ,1 6 
conditional,171,638,4,3,Journalist,0.0,Female,4,4 5 ,4 5 0 ,4 5 
conditional,171,449,2,2,Photographer,1.0,Male,2,2 ,2 ,2 
conditional,171,1174,3,5,Teacher,0.0,Female,3,3 5 ,3 5 0 ,3 5 0 
conditional,171,1914,9,9,Model,0.0,Female,9,9 ,9 ,9 
conditional,171,991,4,4,Psychologist,1.0,Male,5,3 5 ,2 3 4 5 ,2 3 4 5 
conditional,171,840,4,4,Psychologist,0.0,Female,4,4 ,4 ,4 
conditional,171,1956,2,9,Model,0.0,Female,2,2 ,2 ,2 
conditional,171,21,0,0,Professor,0.0,Female,0,0 ,0 ,0 
conditional,171,310,7,1,Physician,1.0,Male,1,1 7 ,1 6 7 ,1 7 
conditional,171,1755,8,8,Painter,0.0,Female,8,8 ,8 ,8 
conditional,171,550,2,2,Photographer,1.0,Male,2,2 3 ,2 3 ,2 3 
conditional,171,61,0,0,Professor,0.0,Female,0,0 ,0 ,0 
conditional,171,85,8,0,Professor,1.0,Male,2,2 8 ,2 8 0 ,2 8 
conditional,171,495,2,2,Photographer,0.0,Female,2,2 ,2 ,2 
conditional,171,849,0,4,Psychologist,0.0,Female,4,4 0 ,4 0 ,4 
conditional,171,293,0,1,Physician,1.0,Male,1,1 0 ,1 7 0 ,1 7 0 
conditional,171,1444,7,7,Surgeon,0.0,Female,7,1 7 ,1 7 ,1 7 
conditional,171,343,1,1,Physician,0.0,Female,1,1 6 ,1 6 ,1 6 
conditional,171,1399,6,6,Dentist,1.0,Male,6,6 ,6 ,6 7 
conditional,171,1185,5,5,Teacher,1.0,Male,5,5 7 ,5 7 ,5 7 
conditional,171,313,1,1,Physician,0.0,Female,1,1 ,1 ,1 
conditional,171,237,7,1,Physician,0.0,Female,1,1 ,1 ,1 
conditional,171,1417,1,7,Surgeon,1.0,Male,1,1 ,1 ,1 
conditional,171,1995,9,9,Model,0.0,Female,9,9 ,9 ,9 
conditional,171,1204,6,6,Dentist,1.0,Male,6,6 ,6 ,1 6 
conditional,171,1798,2,8,Painter,1.0,Male,8,2 8 ,2 8 ,2 8 
conditional,171,1604,8,8,Painter,0.0,Female,8,8 ,8 ,8 
conditional,171,1639,8,8,Painter,1.0,Male,2,2 8 ,2 8 ,2 8 
conditional,171,1135,5,5,Teacher,0.0,Female,5,5 9 ,5 ,5 
conditional,171,873,4,4,Psychologist,1.0,Male,4,4 6 ,4 6 ,4 6 
conditional,171,1673,8,8,Painter,1.0,Male,8,8 ,8 ,8 
conditional,171,1016,0,5,Teacher,1.0,Male,5,5 0 ,4 5 0 ,4 5 0 
conditional,171,1401,1,7,Surgeon,1.0,Male,1,1 7 ,1 7 ,1 7 
conditional,171,1845,9,9,Model,0.0,Female,9,9 ,3 9 ,9 
conditional,172,1268,6,6,Dentist,1.0,Male,6,6 ,6 ,6 7 
conditional,172,1185,5,5,Teacher,1.0,Male,5,5 7 ,5 7 ,5 7 
conditional,172,1540,6,7,Surgeon,0.0,Female,6,6 7 ,6 7 ,6 
conditional,172,991,4,4,Psychologist,1.0,Male,5,3 5 ,2 3 4 5 ,2 3 4 5 
conditional,172,1730,8,8,Painter,1.0,Male,8,8 ,8 ,8 
conditional,172,1845,9,9,Model,0.0,Female,9,9 ,3 9 ,9 
conditional,172,1016,0,5,Teacher,1.0,Male,5,5 0 ,4 5 0 ,4 5 0 
conditional,172,688,3,3,Journalist,1.0,Male,3,3 ,3 ,3 0 
conditional,172,840,4,4,Psychologist,0.0,Female,4,4 ,4 ,4 
conditional,172,616,3,3,Journalist,0.0,Female,3,3 ,3 ,3 
conditional,172,1693,3,8,Painter,1.0,Male,8,2 3 5 8 ,2 3 5 8 ,2 3 5 8 
conditional,172,1851,3,9,Model,1.0,Male,9,3 6 9 ,2 3 6 9 ,2 3 6 9 
conditional,172,1053,5,5,Teacher,0.0,Female,5,2 3 5 9 ,2 5 9 ,2 5 9 
conditional,172,310,1,1,Physician,1.0,Male,1,1 7 ,1 6 7 ,1 7 
conditional,172,1956,2,9,Model,0.0,Female,2,2 ,2 ,2 
conditional,172,873,4,4,Psychologist,1.0,Male,4,4 6 ,4 6 ,4 6 
conditional,172,414,2,2,Photographer,1.0,Male,2,2 ,2 ,2 
conditional,172,1204,6,6,Dentist,1.0,Male,6,6 ,6 ,1 6 
conditional,172,1929,9,9,Model,0.0,Female,9,3 9 ,2 3 9 ,3 9 
conditional,172,294,1,1,Physician,0.0,Female,1,1 ,1 ,1 
conditional,172,1756,8,8,Painter,0.0,Female,8,2 8 ,2 8 9 ,2 8 9 
conditional,172,409,3,2,Photographer,1.0,Male,2,2 ,2 ,2 3 
conditional,172,591,8,2,Photographer,1.0,Male,2,2 8 ,2 4 8 0 ,2 8 0 
conditional,172,1444,7,7,Surgeon,0.0,Female,7,1 7 ,1 7 ,1 7 
conditional,172,641,3,3,Journalist,0.0,Female,3,3 ,3 ,3 
conditional,172,804,4,4,Psychologist,0.0,Female,4,4 ,4 ,4 
conditional,172,633,3,3,Journalist,0.0,Female,3,3 ,3 ,3 
conditional,172,449,2,2,Photographer,1.0,Male,2,2 ,2 ,2 
conditional,172,1476,7,7,Surgeon,1.0,Male,7,7 ,7 ,6 7 
conditional,172,1140,0,5,Teacher,1.0,Male,0,0 ,0 ,0 
conditional,172,383,1,1,Physician,1.0,Male,1,1 6 ,1 6 ,1 
conditional,172,312,1,1,Physician,1.0,Male,1,1 6 ,1 ,1 6 
conditional,172,1798,2,8,Painter,1.0,Male,8,2 8 ,2 8 ,2 8 
conditional,172,1586,7,7,Surgeon,1.0,Male,7,7 ,7 ,7 
conditional,172,110,1,0,Professor,0.0,Female,1,1 0 ,1 ,1 0 
conditional,172,865,4,4,Psychologist,0.0,Female,5,3 5 ,3 4 5 ,3 4 5 
conditional,172,1290,6,6,Dentist,1.0,Male,6,6 ,6 ,6 
conditional,172,1174,0,5,Teacher,0.0,Female,3,3 5 ,3 5 0 ,3 5 0 
conditional,172,1216,6,6,Dentist,1.0,Male,6,6 ,6 ,1 6 
conditional,172,153,0,0,Professor,1.0,Male,0,3 0 ,3 5 0 ,3 5 0 
conditional,172,289,1,1,Physician,0.0,Female,1,1 ,1 ,1 
conditional,172,1915,9,9,Model,0.0,Female,9,9 ,9 ,9 
conditional,172,1249,6,6,Dentist,0.0,Female,6,6 ,6 7 ,6 
conditional,172,1417,1,7,Surgeon,1.0,Male,1,1 ,1 ,1 
conditional,172,799,3,3,Journalist,0.0,Female,3,3 ,3 ,3 
conditional,172,86,0,0,Professor,0.0,Female,0,5 0 ,5 0 ,5 0 
conditional,172,1604,8,8,Painter,0.0,Female,8,8 ,8 ,8 
conditional,172,135,0,0,Professor,1.0,Male,0,0 ,0 ,0 
conditional,172,568,2,2,Photographer,1.0,Male,2,2 ,2 ,2 
conditional,172,79,1,0,Professor,0.0,Female,1,1 0 ,1 4 0 ,1 0 
conditional,173,1673,8,8,Painter,1.0,Male,8,8 ,8 ,8 
conditional,173,689,3,3,Journalist,1.0,Male,3,3 ,3 ,3 5 
conditional,173,1444,7,7,Surgeon,0.0,Female,7,1 7 ,1 7 ,1 7 
conditional,173,1586,7,7,Surgeon,1.0,Male,7,7 ,7 ,7 
conditional,173,313,1,1,Physician,0.0,Female,1,1 ,1 ,1 
conditional,173,383,1,1,Physician,1.0,Male,1,1 6 ,1 6 ,1 
conditional,173,1135,5,5,Teacher,0.0,Female,5,5 9 ,5 ,5 
conditional,173,85,8,0,Professor,1.0,Male,2,2 8 ,2 8 0 ,2 8 
conditional,173,61,0,0,Professor,0.0,Female,0,0 ,0 ,0 
conditional,173,616,3,3,Journalist,0.0,Female,3,3 ,3 ,3 
conditional,173,991,4,4,Psychologist,1.0,Male,5,3 5 ,2 3 4 5 ,2 3 4 5 
conditional,173,1693,3,8,Painter,1.0,Male,8,2 3 5 8 ,2 3 5 8 ,2 3 5 8 
conditional,173,1204,6,6,Dentist,1.0,Male,6,6 ,6 ,1 6 
conditional,173,1915,9,9,Model,0.0,Female,9,9 ,9 ,9 
conditional,173,1560,7,7,Surgeon,0.0,Female,6,1 6 7 ,1 6 7 0 ,1 6 7 0 
conditional,173,310,7,1,Physician,1.0,Male,1,1 7 ,1 6 7 ,1 7 
conditional,173,1930,9,9,Model,0.0,Female,9,9 ,9 ,9 
conditional,173,448,3,2,Photographer,1.0,Male,3,3 5 ,3 5 ,3 5 
conditional,173,591,2,2,Photographer,1.0,Male,2,2 8 ,2 4 8 0 ,2 8 0 
conditional,173,1273,6,6,Dentist,0.0,Female,6,6 ,6 ,6 
conditional,173,1174,5,5,Teacher,0.0,Female,3,3 5 ,3 5 0 ,3 5 0 
conditional,173,550,2,2,Photographer,1.0,Male,2,2 3 ,2 3 ,2 3 
conditional,173,840,4,4,Psychologist,0.0,Female,4,4 ,4 ,4 
conditional,173,848,4,4,Psychologist,0.0,Female,4,4 ,4 ,4 
conditional,173,1140,0,5,Teacher,1.0,Male,0,0 ,0 ,0 
conditional,173,638,4,3,Journalist,0.0,Female,4,4 5 ,4 5 0 ,4 5 
conditional,173,1269,6,6,Dentist,1.0,Male,6,6 ,6 ,6 7 
conditional,173,1604,8,8,Painter,0.0,Female,8,8 ,8 ,8 
conditional,173,1476,7,7,Surgeon,1.0,Male,7,7 ,7 ,6 7 
conditional,173,153,5,0,Professor,1.0,Male,0,3 0 ,3 5 0 ,3 5 0 
conditional,173,1755,8,8,Painter,0.0,Female,8,8 ,8 ,8 
conditional,173,409,2,2,Photographer,1.0,Male,2,2 ,2 ,2 3 
conditional,173,1016,0,5,Teacher,1.0,Male,5,5 0 ,4 5 0 ,4 5 0 
conditional,173,1417,1,7,Surgeon,1.0,Male,1,1 ,1 ,1 
conditional,173,343,1,1,Physician,0.0,Female,1,1 6 ,1 6 ,1 6 
conditional,173,1216,6,6,Dentist,1.0,Male,6,6 ,6 ,1 6 
conditional,173,110,1,0,Professor,0.0,Female,1,1 0 ,1 ,1 0 
conditional,173,1798,8,8,Painter,1.0,Male,8,2 8 ,2 8 ,2 8 
conditional,173,294,1,1,Physician,0.0,Female,1,1 ,1 ,1 
conditional,173,1956,8,9,Model,0.0,Female,2,2 ,2 ,2 
conditional,173,799,3,3,Journalist,0.0,Female,3,3 ,3 ,3 
conditional,173,414,2,2,Photographer,1.0,Male,2,2 ,2 ,2 
conditional,173,1995,9,9,Model,0.0,Female,9,9 ,9 ,9 
conditional,173,1249,6,6,Dentist,0.0,Female,6,6 ,6 7 ,6 
conditional,173,135,0,0,Professor,1.0,Male,0,0 ,0 ,0 
conditional,173,1845,9,9,Model,0.0,Female,9,9 ,3 9 ,9 
conditional,173,1185,7,5,Teacher,1.0,Male,5,5 7 ,5 7 ,5 7 
conditional,173,873,4,4,Psychologist,1.0,Male,4,4 6 ,4 6 ,4 6 
conditional,173,865,4,4,Psychologist,0.0,Female,5,3 5 ,3 4 5 ,3 4 5 
conditional,173,633,3,3,Journalist,0.0,Female,3,3 ,3 ,3 
conditional,174,313,1,1,Physician,0.0,Female,1,1 ,1 ,1 
conditional,174,1915,9,9,Model,0.0,Female,9,9 ,9 ,9 
conditional,174,1956,2,9,Model,0.0,Female,2,2 ,2 ,2 
conditional,174,1269,6,6,Dentist,1.0,Male,6,6 ,6 ,6 7 
conditional,174,840,4,4,Psychologist,0.0,Female,4,4 ,4 ,4 
conditional,174,409,2,2,Photographer,1.0,Male,2,2 ,2 ,2 3 
conditional,174,383,1,1,Physician,1.0,Male,1,1 6 ,1 6 ,1 
conditional,174,591,8,2,Photographer,1.0,Male,2,2 8 ,2 4 8 0 ,2 8 0 
conditional,174,1444,7,7,Surgeon,0.0,Female,7,1 7 ,1 7 ,1 7 
conditional,174,1930,9,9,Model,0.0,Female,9,9 ,9 ,9 
conditional,174,1216,6,6,Dentist,1.0,Male,6,6 ,6 ,1 6 
conditional,174,1560,7,7,Surgeon,0.0,Female,6,1 6 7 ,1 6 7 0 ,1 6 7 0 
conditional,174,633,3,3,Journalist,0.0,Female,3,3 ,3 ,3 
conditional,174,1204,6,6,Dentist,1.0,Male,6,6 ,6 ,1 6 
conditional,174,110,0,0,Professor,0.0,Female,1,1 0 ,1 ,1 0 
conditional,174,991,4,4,Psychologist,1.0,Male,5,3 5 ,2 3 4 5 ,2 3 4 5 
conditional,174,1586,7,7,Surgeon,1.0,Male,7,7 ,7 ,7 
conditional,174,1476,7,7,Surgeon,1.0,Male,7,7 ,7 ,6 7 
conditional,174,848,4,4,Psychologist,0.0,Female,4,4 ,4 ,4 
conditional,174,1135,5,5,Teacher,0.0,Female,5,5 9 ,5 ,5 
conditional,174,865,4,4,Psychologist,0.0,Female,5,3 5 ,3 4 5 ,3 4 5 
conditional,174,448,3,2,Photographer,1.0,Male,3,3 5 ,3 5 ,3 5 
conditional,174,343,1,1,Physician,0.0,Female,1,1 6 ,1 6 ,1 6 
conditional,174,310,7,1,Physician,1.0,Male,1,1 7 ,1 6 7 ,1 7 
conditional,174,1417,1,7,Surgeon,1.0,Male,1,1 ,1 ,1 
conditional,174,873,4,4,Psychologist,1.0,Male,4,4 6 ,4 6 ,4 6 
conditional,174,1755,8,8,Painter,0.0,Female,8,8 ,8 ,8 
conditional,174,1249,6,6,Dentist,0.0,Female,6,6 ,6 7 ,6 
conditional,174,1673,8,8,Painter,1.0,Male,8,8 ,8 ,8 
conditional,174,638,4,3,Journalist,0.0,Female,4,4 5 ,4 5 0 ,4 5 
conditional,174,1273,6,6,Dentist,0.0,Female,6,6 ,6 ,6 
conditional,174,1995,9,9,Model,0.0,Female,9,9 ,9 ,9 
conditional,174,414,2,2,Photographer,1.0,Male,2,2 ,2 ,2 
conditional,174,1604,8,8,Painter,0.0,Female,8,8 ,8 ,8 
conditional,174,1174,3,5,Teacher,0.0,Female,3,3 5 ,3 5 0 ,3 5 0 
conditional,174,689,3,3,Journalist,1.0,Male,3,3 ,3 ,3 5 
conditional,174,135,0,0,Professor,1.0,Male,0,0 ,0 ,0 
conditional,174,1016,0,5,Teacher,1.0,Male,5,5 0 ,4 5 0 ,4 5 0 
conditional,174,1693,3,8,Painter,1.0,Male,8,2 3 5 8 ,2 3 5 8 ,2 3 5 8 
conditional,174,550,2,2,Photographer,1.0,Male,2,2 3 ,2 3 ,2 3 
conditional,174,85,8,0,Professor,1.0,Male,2,2 8 ,2 8 0 ,2 8 
conditional,174,153,3,0,Professor,1.0,Male,0,3 0 ,3 5 0 ,3 5 0 
conditional,174,1140,0,5,Teacher,1.0,Male,0,0 ,0 ,0 
conditional,174,1798,2,8,Painter,1.0,Male,8,2 8 ,2 8 ,2 8 
conditional,174,294,1,1,Physician,0.0,Female,1,1 ,1 ,1 
conditional,174,616,3,3,Journalist,0.0,Female,3,3 ,3 ,3 
conditional,174,1185,5,5,Teacher,1.0,Male,5,5 7 ,5 7 ,5 7 
conditional,174,61,0,0,Professor,0.0,Female,0,0 ,0 ,0 
conditional,174,799,3,3,Journalist,0.0,Female,3,3 ,3 ,3 
conditional,174,1845,9,9,Model,0.0,Female,9,9 ,3 9 ,9 
conditional,175,1888,0,9,Model,0.0,Female,3,3 9 ,1 3 4 7 9 ,3 7 9 
conditional,175,1504,1,7,Surgeon,1.0,Male,7,1 7 ,1 7 ,1 7 
conditional,175,1297,6,6,Dentist,1.0,Male,6,6 ,6 ,6 
conditional,175,1149,5,5,Teacher,1.0,Male,5,5 ,5 ,5 9 
conditional,175,1658,8,8,Painter,1.0,Male,8,2 8 ,2 5 8 ,2 5 8 
conditional,175,437,2,2,Photographer,0.0,Female,2,2 ,2 ,2 
conditional,175,229,1,1,Physician,0.0,Female,1,1 ,1 ,1 
conditional,175,895,0,4,Psychologist,0.0,Female,4,4 0 ,3 4 0 ,4 0 
conditional,175,11,1,0,Professor,1.0,Male,0,1 0 ,1 0 ,1 0 
conditional,175,1609,8,8,Painter,0.0,Female,8,8 ,8 0 ,8 
conditional,175,973,4,4,Psychologist,0.0,Female,4,4 ,4 6 ,4 
conditional,175,1039,2,5,Teacher,1.0,Male,3,2 3 9 ,2 3 5 9 ,2 3 9 
conditional,175,433,2,2,Photographer,0.0,Female,2,2 ,2 ,2 
conditional,175,1590,6,7,Surgeon,1.0,Male,7,7 ,7 ,6 7 
conditional,175,764,3,3,Journalist,1.0,Male,3,3 ,3 ,3 
conditional,175,877,3,4,Psychologist,0.0,Female,3,3 4 5 ,3 4 5 ,3 4 5 
conditional,175,665,3,3,Journalist,0.0,Female,3,3 ,3 ,3 
conditional,175,235,1,1,Physician,0.0,Female,1,1 ,1 ,1 
conditional,175,1965,2,9,Model,1.0,Male,3,3 6 ,2 3 6 ,2 3 6 
conditional,175,21,9,0,Professor,0.0,Female,0,0 ,0 ,0 
conditional,175,1110,5,5,Teacher,0.0,Female,5,3 5 ,3 5 ,5 
conditional,175,544,2,2,Photographer,1.0,Male,2,2 ,2 ,2 
conditional,175,718,3,3,Journalist,1.0,Male,3,3 5 ,3 5 ,3 5 
conditional,175,669,3,3,Journalist,1.0,Male,3,2 3 ,2 3 ,2 3 
conditional,175,255,1,1,Physician,0.0,Female,1,1 6 ,1 6 ,1 
conditional,175,982,4,4,Psychologist,0.0,Female,4,4 ,4 ,4 
conditional,175,1792,8,8,Painter,1.0,Male,8,8 ,8 ,8 
conditional,175,1327,6,6,Dentist,0.0,Female,6,1 6 7 ,1 6 ,1 6 
conditional,175,267,1,1,Physician,0.0,Female,1,1 6 ,1 6 ,1 
conditional,175,507,2,2,Photographer,1.0,Male,2,2 ,2 ,2 
conditional,175,1768,3,8,Painter,0.0,Female,5,2 3 5 ,2 3 5 8 ,2 3 5 
conditional,175,1639,8,8,Painter,1.0,Male,2,2 8 ,2 8 ,2 8 
conditional,175,1941,9,9,Model,0.0,Female,9,9 ,9 ,9 
conditional,175,1294,6,6,Dentist,0.0,Female,6,6 ,6 ,6 
conditional,175,837,4,4,Psychologist,0.0,Female,4,4 ,4 ,4 
conditional,175,1009,3,5,Teacher,1.0,Male,3,2 3 ,2 3 ,2 3 4 
conditional,175,1401,1,7,Surgeon,1.0,Male,1,1 7 ,1 7 ,1 7 
conditional,175,16,5,0,Professor,1.0,Male,5,5 ,5 ,5 
conditional,175,1809,9,9,Model,0.0,Female,9,9 ,9 ,9 
conditional,175,1976,9,9,Model,0.0,Female,3,3 5 9 ,2 3 5 9 ,3 5 9 
conditional,175,685,3,3,Journalist,0.0,Female,3,3 ,3 ,3 
conditional,175,1399,6,6,Dentist,1.0,Male,6,6 ,6 ,6 7 
conditional,175,1406,6,7,Surgeon,1.0,Male,7,1 6 7 ,1 6 7 0 ,1 6 7 0 
conditional,175,103,0,0,Professor,1.0,Male,0,0 ,0 ,4 0 
conditional,175,1189,4,5,Teacher,0.0,Female,4,4 5 ,4 5 ,4 
conditional,175,1278,4,6,Dentist,1.0,Male,6,6 7 ,6 7 ,6 7 
conditional,175,224,1,1,Physician,0.0,Female,1,1 6 ,1 6 ,1 6 
conditional,175,494,2,2,Photographer,0.0,Female,2,2 9 ,2 9 ,2 9 
conditional,175,1583,7,7,Surgeon,1.0,Male,3,3 7 ,3 7 ,3 7 
conditional,175,138,3,0,Professor,1.0,Male,3,3 0 ,3 5 0 ,3 4 5 0 
conditional,176,550,2,2,Photographer,1.0,Male,2,2 3 ,2 3 ,2 3 
conditional,176,61,0,0,Professor,0.0,Female,0,0 ,0 ,0 
conditional,176,1995,9,9,Model,0.0,Female,9,9 ,9 ,9 
conditional,176,1444,7,7,Surgeon,0.0,Female,7,1 7 ,1 7 ,1 7 
conditional,176,414,2,2,Photographer,1.0,Male,2,2 ,2 ,2 
conditional,176,638,4,3,Journalist,0.0,Female,4,4 5 ,4 5 0 ,4 5 
conditional,176,135,3,0,Professor,1.0,Male,0,0 ,0 ,0 
conditional,176,1185,5,5,Teacher,1.0,Male,5,5 7 ,5 7 ,5 7 
conditional,176,1008,5,5,Teacher,0.0,Female,5,3 5 ,3 5 8 ,3 5 8 
conditional,176,1914,9,9,Model,0.0,Female,9,9 ,9 ,9 
conditional,176,849,4,4,Psychologist,0.0,Female,4,4 0 ,4 0 ,4 
conditional,176,1755,8,8,Painter,0.0,Female,8,8 ,8 ,8 
conditional,176,1399,6,6,Dentist,1.0,Male,6,6 ,6 ,6 7 
conditional,176,1401,1,7,Surgeon,1.0,Male,1,1 7 ,1 7 ,1 7 
conditional,176,686,3,3,Journalist,0.0,Female,3,3 ,3 ,3 
conditional,176,1477,7,7,Surgeon,1.0,Male,7,7 ,7 ,6 7 
conditional,176,21,0,0,Professor,0.0,Female,0,0 ,0 ,0 
conditional,176,1604,8,8,Painter,0.0,Female,8,8 ,8 ,8 
conditional,176,110,1,0,Professor,0.0,Female,1,1 0 ,1 ,1 0 
conditional,176,310,7,1,Physician,1.0,Male,1,1 7 ,1 6 7 ,1 7 
conditional,176,1016,3,5,Teacher,1.0,Male,5,5 0 ,4 5 0 ,4 5 0 
conditional,176,1956,9,9,Model,0.0,Female,2,2 ,2 ,2 
conditional,176,1673,8,8,Painter,1.0,Male,8,8 ,8 ,8 
conditional,176,840,4,4,Psychologist,0.0,Female,4,4 ,4 ,4 
conditional,176,1965,1,9,Model,1.0,Male,3,3 6 ,2 3 6 ,2 3 6 
conditional,176,293,5,1,Physician,1.0,Male,1,1 0 ,1 7 0 ,1 7 0 
conditional,176,799,3,3,Journalist,0.0,Female,3,3 ,3 ,3 
conditional,176,1174,3,5,Teacher,0.0,Female,3,3 5 ,3 5 0 ,3 5 0 
conditional,176,591,2,2,Photographer,1.0,Male,2,2 8 ,2 4 8 0 ,2 8 0 
conditional,176,449,2,2,Photographer,1.0,Male,2,2 ,2 ,2 
conditional,176,1135,5,5,Teacher,0.0,Female,5,5 9 ,5 ,5 
conditional,176,1216,6,6,Dentist,1.0,Male,6,6 ,6 ,1 6 
conditional,176,1204,0,6,Dentist,1.0,Male,6,6 ,6 ,1 6 
conditional,176,313,1,1,Physician,0.0,Female,1,1 ,1 ,1 
conditional,176,237,1,1,Physician,0.0,Female,1,1 ,1 ,1 
conditional,176,1417,1,7,Surgeon,1.0,Male,1,1 ,1 ,1 
conditional,176,633,3,3,Journalist,0.0,Female,3,3 ,3 ,3 
conditional,176,1273,6,6,Dentist,0.0,Female,6,6 ,6 ,6 
conditional,176,1249,6,6,Dentist,0.0,Female,6,6 ,6 7 ,6 
conditional,176,991,4,4,Psychologist,1.0,Male,5,3 5 ,2 3 4 5 ,2 3 4 5 
conditional,176,85,8,0,Professor,1.0,Male,2,2 8 ,2 8 0 ,2 8 
conditional,176,688,3,3,Journalist,1.0,Male,3,3 ,3 ,3 0 
conditional,176,1639,8,8,Painter,1.0,Male,2,2 8 ,2 8 ,2 8 
conditional,176,495,2,2,Photographer,0.0,Female,2,2 ,2 ,2 
conditional,176,1560,7,7,Surgeon,0.0,Female,6,1 6 7 ,1 6 7 0 ,1 6 7 0 
conditional,176,873,4,4,Psychologist,1.0,Male,4,4 6 ,4 6 ,4 6 
conditional,176,1845,9,9,Model,0.0,Female,9,9 ,3 9 ,9 
conditional,176,1798,2,8,Painter,1.0,Male,8,2 8 ,2 8 ,2 8 
conditional,176,878,4,4,Psychologist,1.0,Male,0,4 0 ,4 6 0 ,4 6 0 
conditional,176,343,1,1,Physician,0.0,Female,1,1 6 ,1 6 ,1 6 
conditional,177,1586,7,7,Surgeon,1.0,Male,7,7 ,7 ,7 
conditional,177,804,1,4,Psychologist,0.0,Female,4,4 ,4 ,4 
conditional,177,1730,8,8,Painter,1.0,Male,8,8 ,8 ,8 
conditional,177,1417,7,7,Surgeon,1.0,Male,1,1 ,1 ,1 
conditional,177,312,1,1,Physician,1.0,Male,1,1 6 ,1 ,1 6 
conditional,177,616,3,3,Journalist,0.0,Female,3,3 ,3 ,3 
conditional,177,1016,0,5,Teacher,1.0,Male,5,5 0 ,4 5 0 ,4 5 0 
conditional,177,840,4,4,Psychologist,0.0,Female,4,4 ,4 ,4 
conditional,177,1604,8,8,Painter,0.0,Female,8,8 ,8 ,8 
conditional,177,1290,6,6,Dentist,1.0,Male,6,6 ,6 ,6 
conditional,177,79,1,0,Professor,0.0,Female,1,1 0 ,1 4 0 ,1 0 
conditional,177,294,1,1,Physician,0.0,Female,1,1 ,1 ,1 
conditional,177,991,4,4,Psychologist,1.0,Male,5,3 5 ,2 3 4 5 ,2 3 4 5 
conditional,177,1249,6,6,Dentist,0.0,Female,6,6 ,6 7 ,6 
conditional,177,1956,9,9,Model,0.0,Female,2,2 ,2 ,2 
conditional,177,86,0,0,Professor,0.0,Female,0,5 0 ,5 0 ,5 0 
conditional,177,1540,6,7,Surgeon,0.0,Female,6,6 7 ,6 7 ,6 
conditional,177,1915,9,9,Model,0.0,Female,9,9 ,9 ,9 
conditional,177,568,2,2,Photographer,1.0,Male,2,2 ,2 ,2 
conditional,177,1756,2,8,Painter,0.0,Female,8,2 8 ,2 8 9 ,2 8 9 
conditional,177,688,3,3,Journalist,1.0,Male,3,3 ,3 ,3 0 
conditional,177,1140,0,5,Teacher,1.0,Male,0,0 ,0 ,0 
conditional,177,1204,6,6,Dentist,1.0,Male,6,6 ,6 ,1 6 
conditional,177,1476,7,7,Surgeon,1.0,Male,7,7 ,7 ,6 7 
conditional,177,1174,3,5,Teacher,0.0,Female,3,3 5 ,3 5 0 ,3 5 0 
conditional,177,414,2,2,Photographer,1.0,Male,2,2 ,2 ,2 
conditional,177,383,1,1,Physician,1.0,Male,1,1 6 ,1 6 ,1 
conditional,177,153,5,0,Professor,1.0,Male,0,3 0 ,3 5 0 ,3 5 0 
conditional,177,1929,9,9,Model,0.0,Female,9,3 9 ,2 3 9 ,3 9 
conditional,177,409,2,2,Photographer,1.0,Male,2,2 ,2 ,2 3 
conditional,177,591,2,2,Photographer,1.0,Male,2,2 8 ,2 4 8 0 ,2 8 0 
conditional,177,449,2,2,Photographer,1.0,Male,2,2 ,2 ,2 
conditional,177,1268,6,6,Dentist,1.0,Male,6,6 ,6 ,6 7 
conditional,177,873,4,4,Psychologist,1.0,Male,4,4 6 ,4 6 ,4 6 
conditional,177,310,7,1,Physician,1.0,Male,1,1 7 ,1 6 7 ,1 7 
conditional,177,1185,5,5,Teacher,1.0,Male,5,5 7 ,5 7 ,5 7 
conditional,177,641,3,3,Journalist,0.0,Female,3,3 ,3 ,3 
conditional,177,110,1,0,Professor,0.0,Female,1,1 0 ,1 ,1 0 
conditional,177,865,4,4,Psychologist,0.0,Female,5,3 5 ,3 4 5 ,3 4 5 
conditional,177,1216,6,6,Dentist,1.0,Male,6,6 ,6 ,1 6 
conditional,177,1798,2,8,Painter,1.0,Male,8,2 8 ,2 8 ,2 8 
conditional,177,289,1,1,Physician,0.0,Female,1,1 ,1 ,1 
conditional,177,799,3,3,Journalist,0.0,Female,3,3 ,3 ,3 
conditional,177,1851,9,9,Model,1.0,Male,9,3 6 9 ,2 3 6 9 ,2 3 6 9 
conditional,177,1845,9,9,Model,0.0,Female,9,9 ,3 9 ,9 
conditional,177,1444,7,7,Surgeon,0.0,Female,7,1 7 ,1 7 ,1 7 
conditional,177,633,3,3,Journalist,0.0,Female,3,3 ,3 ,3 
conditional,177,1053,5,5,Teacher,0.0,Female,5,2 3 5 9 ,2 5 9 ,2 5 9 
conditional,177,1693,2,8,Painter,1.0,Male,8,2 3 5 8 ,2 3 5 8 ,2 3 5 8 
conditional,177,135,0,0,Professor,1.0,Male,0,0 ,0 ,0 
conditional,178,1965,9,9,Model,1.0,Male,3,3 6 ,2 3 6 ,2 3 6 
conditional,178,1995,9,9,Model,0.0,Female,9,9 ,9 ,9 
conditional,178,21,0,0,Professor,0.0,Female,0,0 ,0 ,0 
conditional,178,549,2,2,Photographer,1.0,Male,2,2 ,2 ,2 
conditional,178,304,1,1,Physician,1.0,Male,1,1 6 7 ,1 7 ,1 
conditional,178,1135,5,5,Teacher,0.0,Female,5,5 9 ,5 ,5 
conditional,178,877,4,4,Psychologist,0.0,Female,3,3 4 5 ,3 4 5 ,3 4 5 
conditional,178,1278,6,6,Dentist,1.0,Male,6,6 7 ,6 7 ,6 7 
conditional,178,433,2,2,Photographer,0.0,Female,2,2 ,2 ,2 
conditional,178,11,1,0,Professor,1.0,Male,0,1 0 ,1 0 ,1 0 
conditional,178,1110,5,5,Teacher,0.0,Female,5,3 5 ,3 5 ,5 
conditional,178,1976,9,9,Model,0.0,Female,3,3 5 9 ,2 3 5 9 ,3 5 9 
conditional,178,1296,5,6,Dentist,1.0,Male,7,7 ,5 7 ,5 7 
conditional,178,494,2,2,Photographer,0.0,Female,2,2 9 ,2 9 ,2 9 
conditional,178,437,2,2,Photographer,0.0,Female,2,2 ,2 ,2 
conditional,178,1657,5,8,Painter,1.0,Male,5,5 8 9 ,5 8 9 ,5 8 9 
conditional,178,1273,6,6,Dentist,0.0,Female,6,6 ,6 ,6 
conditional,178,1609,8,8,Painter,0.0,Female,8,8 ,8 0 ,8 
conditional,178,1401,1,7,Surgeon,1.0,Male,1,1 7 ,1 7 ,1 7 
conditional,178,1039,3,5,Teacher,1.0,Male,3,2 3 9 ,2 3 5 9 ,2 3 9 
conditional,178,686,3,3,Journalist,0.0,Female,3,3 ,3 ,3 
conditional,178,1941,9,9,Model,0.0,Female,9,9 ,9 ,9 
conditional,178,1560,7,7,Surgeon,0.0,Female,6,1 6 7 ,1 6 7 0 ,1 6 7 0 
conditional,178,235,1,1,Physician,0.0,Female,1,1 ,1 ,1 
conditional,178,669,3,3,Journalist,1.0,Male,3,2 3 ,2 3 ,2 3 
conditional,178,1639,2,8,Painter,1.0,Male,2,2 8 ,2 8 ,2 8 
conditional,178,1009,3,5,Teacher,1.0,Male,3,2 3 ,2 3 ,2 3 4 
conditional,178,1583,1,7,Surgeon,1.0,Male,3,3 7 ,3 7 ,3 7 
conditional,178,1768,3,8,Painter,0.0,Female,5,2 3 5 ,2 3 5 8 ,2 3 5 
conditional,178,225,1,1,Physician,0.0,Female,1,1 ,1 ,1 
conditional,178,849,4,4,Psychologist,0.0,Female,4,4 0 ,4 0 ,4 
conditional,178,1888,7,9,Model,0.0,Female,3,3 9 ,1 3 4 7 9 ,3 7 9 
conditional,178,765,1,3,Journalist,0.0,Female,3,3 ,3 ,3 
conditional,178,1294,6,6,Dentist,0.0,Female,6,6 ,6 ,6 
conditional,178,229,1,1,Physician,0.0,Female,1,1 ,1 ,1 
conditional,178,1505,3,7,Surgeon,1.0,Male,3,3 5 ,3 5 ,3 5 
conditional,178,1406,6,7,Surgeon,1.0,Male,7,1 6 7 ,1 6 7 0 ,1 6 7 0 
conditional,178,1399,7,6,Dentist,1.0,Male,6,6 ,6 ,6 7 
conditional,178,342,0,1,Physician,1.0,Male,0,1 0 ,0 ,1 0 
conditional,178,637,9,3,Journalist,0.0,Female,3,2 3 ,2 3 5 ,2 3 
conditional,178,982,4,4,Psychologist,0.0,Female,4,4 ,4 ,4 
conditional,178,973,4,4,Psychologist,0.0,Female,4,4 ,4 6 ,4 
conditional,178,508,2,2,Photographer,1.0,Male,2,2 ,2 ,2 
conditional,178,895,4,4,Psychologist,0.0,Female,4,4 0 ,3 4 0 ,4 0 
conditional,178,16,5,0,Professor,1.0,Male,5,5 ,5 ,5 
conditional,178,59,0,0,Professor,0.0,Female,0,0 ,0 ,0 
conditional,178,719,5,3,Journalist,1.0,Male,5,5 9 ,5 9 ,5 9 
conditional,178,1190,0,5,Teacher,1.0,Male,0,0 ,5 0 ,5 0 
conditional,178,1673,8,8,Painter,1.0,Male,8,8 ,8 ,8 
conditional,178,103,4,0,Professor,1.0,Male,0,0 ,0 ,4 0 
conditional,179,1135,5,5,Teacher,0.0,Female,5,5 9 ,5 ,5 
conditional,179,1444,7,7,Surgeon,0.0,Female,7,1 7 ,1 7 ,1 7 
conditional,179,1915,9,9,Model,0.0,Female,9,9 ,9 ,9 
conditional,179,1995,9,9,Model,0.0,Female,9,9 ,9 ,9 
conditional,179,1476,7,7,Surgeon,1.0,Male,7,7 ,7 ,6 7 
conditional,179,633,3,3,Journalist,0.0,Female,3,3 ,3 ,3 
conditional,179,1673,8,8,Painter,1.0,Male,8,8 ,8 ,8 
conditional,179,550,2,2,Photographer,1.0,Male,2,2 3 ,2 3 ,2 3 
conditional,179,1417,4,7,Surgeon,1.0,Male,1,1 ,1 ,1 
conditional,179,1930,9,9,Model,0.0,Female,9,9 ,9 ,9 
conditional,179,1269,6,6,Dentist,1.0,Male,6,6 ,6 ,6 7 
conditional,179,1845,9,9,Model,0.0,Female,9,9 ,3 9 ,9 
conditional,179,1016,0,5,Teacher,1.0,Male,5,5 0 ,4 5 0 ,4 5 0 
conditional,179,799,3,3,Journalist,0.0,Female,3,3 ,3 ,3 
conditional,179,848,4,4,Psychologist,0.0,Female,4,4 ,4 ,4 
conditional,179,865,4,4,Psychologist,0.0,Female,5,3 5 ,3 4 5 ,3 4 5 
conditional,179,873,4,4,Psychologist,1.0,Male,4,4 6 ,4 6 ,4 6 
conditional,179,1216,6,6,Dentist,1.0,Male,6,6 ,6 ,1 6 
conditional,179,1755,8,8,Painter,0.0,Female,8,8 ,8 ,8 
conditional,179,1956,2,9,Model,0.0,Female,2,2 ,2 ,2 
conditional,179,409,2,2,Photographer,1.0,Male,2,2 ,2 ,2 3 
conditional,179,1586,7,7,Surgeon,1.0,Male,7,7 ,7 ,7 
conditional,179,294,1,1,Physician,0.0,Female,1,1 ,1 ,1 
conditional,179,1604,8,8,Painter,0.0,Female,8,8 ,8 ,8 
conditional,179,1140,0,5,Teacher,1.0,Male,0,0 ,0 ,0 
conditional,179,1560,7,7,Surgeon,0.0,Female,6,1 6 7 ,1 6 7 0 ,1 6 7 0 
conditional,179,638,4,3,Journalist,0.0,Female,4,4 5 ,4 5 0 ,4 5 
conditional,179,1693,3,8,Painter,1.0,Male,8,2 3 5 8 ,2 3 5 8 ,2 3 5 8 
conditional,179,135,0,0,Professor,1.0,Male,0,0 ,0 ,0 
conditional,179,61,5,0,Professor,0.0,Female,0,0 ,0 ,0 
conditional,179,1249,6,6,Dentist,0.0,Female,6,6 ,6 7 ,6 
conditional,179,991,4,4,Psychologist,1.0,Male,5,3 5 ,2 3 4 5 ,2 3 4 5 
conditional,179,1798,2,8,Painter,1.0,Male,8,2 8 ,2 8 ,2 8 
conditional,179,110,7,0,Professor,0.0,Female,1,1 0 ,1 ,1 0 
conditional,179,313,1,1,Physician,0.0,Female,1,1 ,1 ,1 
conditional,179,85,8,0,Professor,1.0,Male,2,2 8 ,2 8 0 ,2 8 
conditional,179,310,7,1,Physician,1.0,Male,1,1 7 ,1 6 7 ,1 7 
conditional,179,343,1,1,Physician,0.0,Female,1,1 6 ,1 6 ,1 6 
conditional,179,591,8,2,Photographer,1.0,Male,2,2 8 ,2 4 8 0 ,2 8 0 
conditional,179,1204,6,6,Dentist,1.0,Male,6,6 ,6 ,1 6 
conditional,179,616,3,3,Journalist,0.0,Female,3,3 ,3 ,3 
conditional,179,1185,5,5,Teacher,1.0,Male,5,5 7 ,5 7 ,5 7 
conditional,179,153,0,0,Professor,1.0,Male,0,3 0 ,3 5 0 ,3 5 0 
conditional,179,1174,5,5,Teacher,0.0,Female,3,3 5 ,3 5 0 ,3 5 0 
conditional,179,1273,6,6,Dentist,0.0,Female,6,6 ,6 ,6 
conditional,179,448,3,2,Photographer,1.0,Male,3,3 5 ,3 5 ,3 5 
conditional,179,840,4,4,Psychologist,0.0,Female,4,4 ,4 ,4 
conditional,179,414,2,2,Photographer,1.0,Male,2,2 ,2 ,2 
conditional,179,689,3,3,Journalist,1.0,Male,3,3 ,3 ,3 5 
conditional,179,383,1,1,Physician,1.0,Male,1,1 6 ,1 6 ,1 
conditional,180,1949,9,9,Model,0.0,Female,9,3 9 ,3 9 ,3 9 
conditional,180,1768,3,8,Painter,0.0,Female,5,2 3 5 ,2 3 5 8 ,2 3 5 
conditional,180,1110,5,5,Teacher,0.0,Female,5,3 5 ,3 5 ,5 
conditional,180,1277,6,6,Dentist,1.0,Male,6,6 ,6 ,6 7 
conditional,180,255,1,1,Physician,0.0,Female,1,1 6 ,1 6 ,1 
conditional,180,1792,8,8,Painter,1.0,Male,8,8 ,8 ,8 
conditional,180,763,3,3,Journalist,1.0,Male,3,3 ,3 ,3 
conditional,180,1976,9,9,Model,0.0,Female,3,3 5 9 ,2 3 5 9 ,3 5 9 
conditional,180,1888,3,9,Model,0.0,Female,3,3 9 ,1 3 4 7 9 ,3 7 9 
conditional,180,1759,8,8,Painter,0.0,Female,8,8 ,8 ,8 
conditional,180,1157,5,5,Teacher,0.0,Female,5,1 5 0 ,5 0 ,5 0 
conditional,180,1810,0,9,Model,0.0,Female,9,9 ,9 ,9 
conditional,180,1487,4,7,Surgeon,0.0,Female,0,0 ,4 0 ,4 0 
conditional,180,10,0,0,Professor,0.0,Female,0,0 ,0 ,0 
conditional,180,437,2,2,Photographer,0.0,Female,2,2 ,2 ,2 
conditional,180,330,1,1,Physician,0.0,Female,1,1 6 ,1 6 ,1 
conditional,180,16,5,0,Professor,1.0,Male,5,5 ,5 ,5 
conditional,180,669,3,3,Journalist,1.0,Male,3,2 3 ,2 3 ,2 3 
conditional,180,680,4,3,Journalist,0.0,Female,0,4 0 ,1 4 7 0 ,4 0 
conditional,180,972,4,4,Psychologist,1.0,Male,4,1 4 ,4 ,4 
conditional,180,837,4,4,Psychologist,0.0,Female,4,4 ,4 ,4 
conditional,180,894,4,4,Psychologist,1.0,Male,4,4 ,4 ,4 0 
conditional,180,11,1,0,Professor,1.0,Male,0,1 0 ,1 0 ,1 0 
conditional,180,1583,7,7,Surgeon,1.0,Male,3,3 7 ,3 7 ,3 7 
conditional,180,1657,8,8,Painter,1.0,Male,5,5 8 9 ,5 8 9 ,5 8 9 
conditional,180,507,2,2,Photographer,1.0,Male,2,2 ,2 ,2 
conditional,180,833,4,4,Psychologist,1.0,Male,4,4 ,4 ,4 
conditional,180,1039,3,5,Teacher,1.0,Male,3,2 3 9 ,2 3 5 9 ,2 3 9 
conditional,180,138,3,0,Professor,1.0,Male,3,3 0 ,3 5 0 ,3 4 5 0 
conditional,180,665,3,3,Journalist,0.0,Female,3,3 ,3 ,3 
conditional,180,981,3,4,Psychologist,0.0,Female,3,2 3 5 ,2 3 ,2 3 
conditional,180,102,0,0,Professor,1.0,Male,0,4 0 ,4 0 ,4 0 
conditional,180,229,1,1,Physician,0.0,Female,1,1 ,1 ,1 
conditional,180,1941,0,9,Model,0.0,Female,9,9 ,9 ,9 
conditional,180,543,2,2,Photographer,0.0,Female,2,2 9 ,2 3 4 9 ,2 4 9 
conditional,180,1505,3,7,Surgeon,1.0,Male,3,3 5 ,3 5 ,3 5 
conditional,180,432,9,2,Photographer,1.0,Male,2,2 ,2 9 ,2 9 
conditional,180,1149,5,5,Teacher,1.0,Male,5,5 ,5 ,5 9 
conditional,180,1294,6,6,Dentist,0.0,Female,6,6 ,6 ,6 
conditional,180,267,1,1,Physician,0.0,Female,1,1 6 ,1 6 ,1 
conditional,180,1590,7,7,Surgeon,1.0,Male,7,7 ,7 ,6 7 
conditional,180,1609,8,8,Painter,0.0,Female,8,8 ,8 0 ,8 
conditional,180,1406,6,7,Surgeon,1.0,Male,7,1 6 7 ,1 6 7 0 ,1 6 7 0 
conditional,180,1373,6,6,Dentist,0.0,Female,6,6 ,6 ,6 
conditional,180,1189,4,5,Teacher,0.0,Female,4,4 5 ,4 5 ,4 
conditional,180,224,1,1,Physician,0.0,Female,1,1 6 ,1 6 ,1 6 
conditional,180,403,3,2,Photographer,1.0,Male,2,2 5 ,2 3 5 9 ,2 3 5 9 
conditional,180,1327,1,6,Dentist,0.0,Female,6,1 6 7 ,1 6 ,1 6 
conditional,180,1297,6,6,Dentist,1.0,Male,6,6 ,6 ,6 
conditional,180,718,3,3,Journalist,1.0,Male,3,3 5 ,3 5 ,3 5 
conditional,181,403,5,2,Photographer,1.0,Male,2,2 5 ,2 3 5 9 ,2 3 5 9 
conditional,181,1373,6,6,Dentist,0.0,Female,6,6 ,6 ,6 
conditional,181,1759,8,8,Painter,0.0,Female,8,8 ,8 ,8 
conditional,181,894,4,4,Psychologist,1.0,Male,4,4 ,4 ,4 0 
conditional,181,664,3,3,Journalist,1.0,Male,3,2 3 0 ,1 2 3 0 ,1 2 3 0 
conditional,181,837,4,4,Psychologist,0.0,Female,4,4 ,4 ,4 
conditional,181,669,2,3,Journalist,1.0,Male,3,2 3 ,2 3 ,2 3 
conditional,181,1777,8,8,Painter,0.0,Female,8,8 ,8 ,8 
conditional,181,1809,9,9,Model,0.0,Female,9,9 ,9 ,9 
conditional,181,1148,8,5,Teacher,1.0,Male,2,2 8 ,2 8 ,2 8 
conditional,181,138,3,0,Professor,1.0,Male,3,3 0 ,3 5 0 ,3 4 5 0 
conditional,181,1405,1,7,Surgeon,1.0,Male,7,7 ,7 ,1 7 
conditional,181,1505,5,7,Surgeon,1.0,Male,3,3 5 ,3 5 ,3 5 
conditional,181,1792,8,8,Painter,1.0,Male,8,8 ,8 ,8 
conditional,181,437,2,2,Photographer,0.0,Female,2,2 ,2 ,2 
conditional,181,1768,5,8,Painter,0.0,Female,5,2 3 5 ,2 3 5 8 ,2 3 5 
conditional,181,976,4,4,Psychologist,0.0,Female,4,1 4 ,4 ,4 
conditional,181,1327,6,6,Dentist,0.0,Female,6,1 6 7 ,1 6 ,1 6 
conditional,181,10,0,0,Professor,0.0,Female,0,0 ,0 ,0 
conditional,181,763,3,3,Journalist,1.0,Male,3,3 ,3 ,3 
conditional,181,94,0,0,Professor,0.0,Female,0,2 5 0 ,2 5 0 ,5 0 
conditional,181,543,9,2,Photographer,0.0,Female,2,2 9 ,2 3 4 9 ,2 4 9 
conditional,181,1109,5,5,Teacher,0.0,Female,5,5 ,5 ,5 
conditional,181,11,4,0,Professor,1.0,Male,0,1 0 ,1 0 ,1 0 
conditional,181,1157,5,5,Teacher,0.0,Female,5,1 5 0 ,5 0 ,5 0 
conditional,181,1229,6,6,Dentist,0.0,Female,6,6 7 ,6 7 ,6 7 
conditional,181,267,1,1,Physician,0.0,Female,1,1 6 ,1 6 ,1 
conditional,181,1658,8,8,Painter,1.0,Male,8,2 8 ,2 5 8 ,2 5 8 
conditional,181,1487,0,7,Surgeon,0.0,Female,0,0 ,4 0 ,4 0 
conditional,181,1949,3,9,Model,0.0,Female,9,3 9 ,3 9 ,3 9 
conditional,181,266,1,1,Physician,0.0,Female,1,1 6 ,1 ,1 
conditional,181,1038,5,5,Teacher,0.0,Female,5,5 ,5 ,5 
conditional,181,643,3,3,Journalist,1.0,Male,3,3 ,3 ,3 
conditional,181,1294,6,6,Dentist,0.0,Female,6,6 ,6 ,6 
conditional,181,1918,9,9,Model,1.0,Male,9,5 9 ,2 5 9 ,2 5 9 0 
conditional,181,330,1,1,Physician,0.0,Female,1,1 6 ,1 6 ,1 
conditional,181,1153,5,5,Teacher,1.0,Male,2,2 3 ,2 3 5 ,2 3 5 
conditional,181,1277,6,6,Dentist,1.0,Male,6,6 ,6 ,6 7 
conditional,181,254,1,1,Physician,0.0,Female,1,1 ,1 ,1 
conditional,181,833,4,4,Psychologist,1.0,Male,4,4 ,4 ,4 
conditional,181,1501,7,7,Surgeon,1.0,Male,7,1 6 7 ,1 6 7 ,1 6 7 
conditional,181,1590,7,7,Surgeon,1.0,Male,7,7 ,7 ,6 7 
conditional,181,971,0,4,Psychologist,0.0,Female,0,0 ,0 ,0 
conditional,181,1941,9,9,Model,0.0,Female,9,9 ,9 ,9 
conditional,181,432,2,2,Photographer,1.0,Male,2,2 ,2 9 ,2 9 
conditional,181,1888,9,9,Model,0.0,Female,3,3 9 ,1 3 4 7 9 ,3 7 9 
conditional,181,103,0,0,Professor,1.0,Male,0,0 ,0 ,4 0 
conditional,181,224,6,1,Physician,0.0,Female,1,1 6 ,1 6 ,1 6 
conditional,181,498,2,2,Photographer,1.0,Male,2,2 ,2 ,2 
conditional,181,631,3,3,Journalist,1.0,Male,3,3 ,3 ,2 3 
conditional,182,1995,9,9,Model,0.0,Female,9,9 ,9 ,9 
conditional,182,342,0,1,Physician,1.0,Male,0,1 0 ,0 ,1 0 
conditional,182,1941,9,9,Model,0.0,Female,9,9 ,9 ,9 
conditional,182,437,2,2,Photographer,0.0,Female,2,2 ,2 ,2 
conditional,182,550,2,2,Photographer,1.0,Male,2,2 3 ,2 3 ,2 3 
conditional,182,1965,3,9,Model,1.0,Male,3,3 6 ,2 3 6 ,2 3 6 
conditional,182,1185,9,5,Teacher,1.0,Male,5,5 7 ,5 7 ,5 7 
conditional,182,1399,6,6,Dentist,1.0,Male,6,6 ,6 ,6 7 
conditional,182,686,3,3,Journalist,0.0,Female,3,3 ,3 ,3 
conditional,182,895,4,4,Psychologist,0.0,Female,4,4 0 ,3 4 0 ,4 0 
conditional,182,1135,5,5,Teacher,0.0,Female,5,5 9 ,5 ,5 
conditional,182,1504,1,7,Surgeon,1.0,Male,7,1 7 ,1 7 ,1 7 
conditional,182,21,0,0,Professor,0.0,Female,0,0 ,0 ,0 
conditional,182,1190,5,5,Teacher,1.0,Male,0,0 ,5 0 ,5 0 
conditional,182,765,3,3,Journalist,0.0,Female,3,3 ,3 ,3 
conditional,182,225,1,1,Physician,0.0,Female,1,1 ,1 ,1 
conditional,182,134,0,0,Professor,1.0,Male,0,0 ,0 ,3 0 
conditional,182,1583,7,7,Surgeon,1.0,Male,3,3 7 ,3 7 ,3 7 
conditional,182,982,4,4,Psychologist,0.0,Female,4,4 ,4 ,4 
conditional,182,1560,7,7,Surgeon,0.0,Female,6,1 6 7 ,1 6 7 0 ,1 6 7 0 
conditional,182,1673,8,8,Painter,1.0,Male,8,8 ,8 ,8 
conditional,182,1976,9,9,Model,0.0,Female,3,3 5 9 ,2 3 5 9 ,3 5 9 
conditional,182,1401,1,7,Surgeon,1.0,Male,1,1 7 ,1 7 ,1 7 
conditional,182,413,9,2,Photographer,1.0,Male,8,8 ,8 ,2 8 
conditional,182,1957,9,9,Model,0.0,Female,9,9 ,2 9 ,9 
conditional,182,1110,5,5,Teacher,0.0,Female,5,3 5 ,3 5 ,5 
conditional,182,1297,6,6,Dentist,1.0,Male,6,6 ,6 ,6 
conditional,182,1639,2,8,Painter,1.0,Male,2,2 8 ,2 8 ,2 8 
conditional,182,17,3,0,Professor,1.0,Male,3,3 0 ,3 5 0 ,3 5 0 
conditional,182,1417,1,7,Surgeon,1.0,Male,1,1 ,1 ,1 
conditional,182,229,1,1,Physician,0.0,Female,1,1 ,1 ,1 
conditional,182,1604,8,8,Painter,0.0,Female,8,8 ,8 ,8 
conditional,182,509,2,2,Photographer,1.0,Male,2,2 ,2 ,2 
conditional,182,1008,5,5,Teacher,0.0,Female,5,3 5 ,3 5 8 ,3 5 8 
conditional,182,878,4,4,Psychologist,1.0,Male,0,4 0 ,4 6 0 ,4 6 0 
conditional,182,1609,3,8,Painter,0.0,Female,8,8 ,8 0 ,8 
conditional,182,1278,6,6,Dentist,1.0,Male,6,6 7 ,6 7 ,6 7 
conditional,182,59,0,0,Professor,0.0,Female,0,0 ,0 ,0 
conditional,182,719,2,3,Journalist,1.0,Male,5,5 9 ,5 9 ,5 9 
conditional,182,495,2,2,Photographer,0.0,Female,2,2 ,2 ,2 
conditional,182,309,1,1,Physician,0.0,Female,1,1 6 ,1 ,1 
conditional,182,689,3,3,Journalist,1.0,Male,3,3 ,3 ,3 5 
conditional,182,991,3,4,Psychologist,1.0,Male,5,3 5 ,2 3 4 5 ,2 3 4 5 
conditional,182,104,0,0,Professor,1.0,Male,0,0 ,0 ,0 
conditional,182,849,0,4,Psychologist,0.0,Female,4,4 0 ,4 0 ,4 
conditional,182,1273,6,6,Dentist,0.0,Female,6,6 ,6 ,6 
conditional,182,637,3,3,Journalist,0.0,Female,3,2 3 ,2 3 5 ,2 3 
conditional,182,236,1,1,Physician,0.0,Female,1,1 6 ,1 ,1 
conditional,182,1216,6,6,Dentist,1.0,Male,6,6 ,6 ,1 6 
conditional,182,1768,3,8,Painter,0.0,Female,5,2 3 5 ,2 3 5 8 ,2 3 5 
conditional,183,895,0,4,Psychologist,0.0,Female,4,4 0 ,3 4 0 ,4 0 
conditional,183,1673,8,8,Painter,1.0,Male,8,8 ,8 ,8 
conditional,183,849,4,4,Psychologist,0.0,Female,4,4 0 ,4 0 ,4 
conditional,183,1768,3,8,Painter,0.0,Female,5,2 3 5 ,2 3 5 8 ,2 3 5 
conditional,183,1965,3,9,Model,1.0,Male,3,3 6 ,2 3 6 ,2 3 6 
conditional,183,342,0,1,Physician,1.0,Male,0,1 0 ,0 ,1 0 
conditional,183,1401,7,7,Surgeon,1.0,Male,1,1 7 ,1 7 ,1 7 
conditional,183,1110,5,5,Teacher,0.0,Female,5,3 5 ,3 5 ,5 
conditional,183,669,3,3,Journalist,1.0,Male,3,2 3 ,2 3 ,2 3 
conditional,183,1135,5,5,Teacher,0.0,Female,5,5 9 ,5 ,5 
conditional,183,1976,9,9,Model,0.0,Female,3,3 5 9 ,2 3 5 9 ,3 5 9 
conditional,183,1888,9,9,Model,0.0,Female,3,3 9 ,1 3 4 7 9 ,3 7 9 
conditional,183,1406,6,7,Surgeon,1.0,Male,7,1 6 7 ,1 6 7 0 ,1 6 7 0 
conditional,183,229,1,1,Physician,0.0,Female,1,1 ,1 ,1 
conditional,183,637,3,3,Journalist,0.0,Female,3,2 3 ,2 3 5 ,2 3 
conditional,183,494,2,2,Photographer,0.0,Female,2,2 9 ,2 9 ,2 9 
conditional,183,1278,6,6,Dentist,1.0,Male,6,6 7 ,6 7 ,6 7 
conditional,183,304,1,1,Physician,1.0,Male,1,1 6 7 ,1 7 ,1 
conditional,183,103,4,0,Professor,1.0,Male,0,0 ,0 ,4 0 
conditional,183,719,9,3,Journalist,1.0,Male,5,5 9 ,5 9 ,5 9 
conditional,183,21,0,0,Professor,0.0,Female,0,0 ,0 ,0 
conditional,183,973,4,4,Psychologist,0.0,Female,4,4 ,4 6 ,4 
conditional,183,11,1,0,Professor,1.0,Male,0,1 0 ,1 0 ,1 0 
conditional,183,1399,6,6,Dentist,1.0,Male,6,6 ,6 ,6 7 
conditional,183,1009,2,5,Teacher,1.0,Male,3,2 3 ,2 3 ,2 3 4 
conditional,183,1273,6,6,Dentist,0.0,Female,6,6 ,6 ,6 
conditional,183,1995,9,9,Model,0.0,Female,9,9 ,9 ,9 
conditional,183,1657,5,8,Painter,1.0,Male,5,5 8 9 ,5 8 9 ,5 8 9 
conditional,183,1296,5,6,Dentist,1.0,Male,7,7 ,5 7 ,5 7 
conditional,183,1505,5,7,Surgeon,1.0,Male,3,3 5 ,3 5 ,3 5 
conditional,183,508,2,2,Photographer,1.0,Male,2,2 ,2 ,2 
conditional,183,765,3,3,Journalist,0.0,Female,3,3 ,3 ,3 
conditional,183,686,3,3,Journalist,0.0,Female,3,3 ,3 ,3 
conditional,183,1639,2,8,Painter,1.0,Male,2,2 8 ,2 8 ,2 8 
conditional,183,225,1,1,Physician,0.0,Female,1,1 ,1 ,1 
conditional,183,235,1,1,Physician,0.0,Female,1,1 ,1 ,1 
conditional,183,1190,5,5,Teacher,1.0,Male,0,0 ,5 0 ,5 0 
conditional,183,59,8,0,Professor,0.0,Female,0,0 ,0 ,0 
conditional,183,1609,8,8,Painter,0.0,Female,8,8 ,8 0 ,8 
conditional,183,437,3,2,Photographer,0.0,Female,2,2 ,2 ,2 
conditional,183,1941,9,9,Model,0.0,Female,9,9 ,9 ,9 
conditional,183,1039,8,5,Teacher,1.0,Male,3,2 3 9 ,2 3 5 9 ,2 3 9 
conditional,183,16,5,0,Professor,1.0,Male,5,5 ,5 ,5 
conditional,183,982,4,4,Psychologist,0.0,Female,4,4 ,4 ,4 
conditional,183,1560,0,7,Surgeon,0.0,Female,6,1 6 7 ,1 6 7 0 ,1 6 7 0 
conditional,183,877,3,4,Psychologist,0.0,Female,3,3 4 5 ,3 4 5 ,3 4 5 
conditional,183,1583,7,7,Surgeon,1.0,Male,3,3 7 ,3 7 ,3 7 
conditional,183,1294,6,6,Dentist,0.0,Female,6,6 ,6 ,6 
conditional,183,549,2,2,Photographer,1.0,Male,2,2 ,2 ,2 
conditional,183,433,2,2,Photographer,0.0,Female,2,2 ,2 ,2 
conditional,184,1730,8,8,Painter,1.0,Male,8,8 ,8 ,8 
conditional,184,799,3,3,Journalist,0.0,Female,3,3 ,3 ,3 
conditional,184,1845,9,9,Model,0.0,Female,9,9 ,3 9 ,9 
conditional,184,1476,7,7,Surgeon,1.0,Male,7,7 ,7 ,6 7 
conditional,184,641,3,3,Journalist,0.0,Female,3,3 ,3 ,3 
conditional,184,1204,6,6,Dentist,1.0,Male,6,6 ,6 ,1 6 
conditional,184,1174,0,5,Teacher,0.0,Female,3,3 5 ,3 5 0 ,3 5 0 
conditional,184,409,2,2,Photographer,1.0,Male,2,2 ,2 ,2 3 
conditional,184,79,1,0,Professor,0.0,Female,1,1 0 ,1 4 0 ,1 0 
conditional,184,1956,2,9,Model,0.0,Female,2,2 ,2 ,2 
conditional,184,1140,0,5,Teacher,1.0,Male,0,0 ,0 ,0 
conditional,184,804,4,4,Psychologist,0.0,Female,4,4 ,4 ,4 
conditional,184,591,2,2,Photographer,1.0,Male,2,2 8 ,2 4 8 0 ,2 8 0 
conditional,184,135,0,0,Professor,1.0,Male,0,0 ,0 ,0 
conditional,184,414,2,2,Photographer,1.0,Male,2,2 ,2 ,2 
conditional,184,873,4,4,Psychologist,1.0,Male,4,4 6 ,4 6 ,4 6 
conditional,184,568,2,2,Photographer,1.0,Male,2,2 ,2 ,2 
conditional,184,1915,9,9,Model,0.0,Female,9,9 ,9 ,9 
conditional,184,1604,8,8,Painter,0.0,Female,8,8 ,8 ,8 
conditional,184,1798,8,8,Painter,1.0,Male,8,2 8 ,2 8 ,2 8 
conditional,184,633,3,3,Journalist,0.0,Female,3,3 ,3 ,3 
conditional,184,1268,6,6,Dentist,1.0,Male,6,6 ,6 ,6 7 
conditional,184,1216,6,6,Dentist,1.0,Male,6,6 ,6 ,1 6 
conditional,184,289,1,1,Physician,0.0,Female,1,1 ,1 ,1 
conditional,184,1290,6,6,Dentist,1.0,Male,6,6 ,6 ,6 
conditional,184,1851,9,9,Model,1.0,Male,9,3 6 9 ,2 3 6 9 ,2 3 6 9 
conditional,184,1756,2,8,Painter,0.0,Female,8,2 8 ,2 8 9 ,2 8 9 
conditional,184,1185,5,5,Teacher,1.0,Male,5,5 7 ,5 7 ,5 7 
conditional,184,1586,7,7,Surgeon,1.0,Male,7,7 ,7 ,7 
conditional,184,110,1,0,Professor,0.0,Female,1,1 0 ,1 ,1 0 
conditional,184,294,9,1,Physician,0.0,Female,1,1 ,1 ,1 
conditional,184,840,4,4,Psychologist,0.0,Female,4,4 ,4 ,4 
conditional,184,1249,6,6,Dentist,0.0,Female,6,6 ,6 7 ,6 
conditional,184,616,3,3,Journalist,0.0,Female,3,3 ,3 ,3 
conditional,184,1540,6,7,Surgeon,0.0,Female,6,6 7 ,6 7 ,6 
conditional,184,312,1,1,Physician,1.0,Male,1,1 6 ,1 ,1 6 
conditional,184,1417,1,7,Surgeon,1.0,Male,1,1 ,1 ,1 
conditional,184,1016,0,5,Teacher,1.0,Male,5,5 0 ,4 5 0 ,4 5 0 
conditional,184,153,5,0,Professor,1.0,Male,0,3 0 ,3 5 0 ,3 5 0 
conditional,184,865,4,4,Psychologist,0.0,Female,5,3 5 ,3 4 5 ,3 4 5 
conditional,184,1929,3,9,Model,0.0,Female,9,3 9 ,2 3 9 ,3 9 
conditional,184,1693,2,8,Painter,1.0,Male,8,2 3 5 8 ,2 3 5 8 ,2 3 5 8 
conditional,184,1444,7,7,Surgeon,0.0,Female,7,1 7 ,1 7 ,1 7 
conditional,184,449,2,2,Photographer,1.0,Male,2,2 ,2 ,2 
conditional,184,310,7,1,Physician,1.0,Male,1,1 7 ,1 6 7 ,1 7 
conditional,184,991,3,4,Psychologist,1.0,Male,5,3 5 ,2 3 4 5 ,2 3 4 5 
conditional,184,688,0,3,Journalist,1.0,Male,3,3 ,3 ,3 0 
conditional,184,86,0,0,Professor,0.0,Female,0,5 0 ,5 0 ,5 0 
conditional,184,1053,5,5,Teacher,0.0,Female,5,2 3 5 9 ,2 5 9 ,2 5 9 
conditional,184,383,1,1,Physician,1.0,Male,1,1 6 ,1 6 ,1 
conditional,185,1501,7,7,Surgeon,1.0,Male,7,1 6 7 ,1 6 7 ,1 6 7 
conditional,185,1888,0,9,Model,0.0,Female,3,3 9 ,1 3 4 7 9 ,3 7 9 
conditional,185,1505,3,7,Surgeon,1.0,Male,3,3 5 ,3 5 ,3 5 
conditional,185,1109,5,5,Teacher,0.0,Female,5,5 ,5 ,5 
conditional,185,1405,7,7,Surgeon,1.0,Male,7,7 ,7 ,1 7 
conditional,185,1148,8,5,Teacher,1.0,Male,2,2 8 ,2 8 ,2 8 
conditional,185,437,2,2,Photographer,0.0,Female,2,2 ,2 ,2 
conditional,185,1294,6,6,Dentist,0.0,Female,6,6 ,6 ,6 
conditional,185,971,0,4,Psychologist,0.0,Female,0,0 ,0 ,0 
conditional,185,266,1,1,Physician,0.0,Female,1,1 6 ,1 ,1 
conditional,185,1038,5,5,Teacher,0.0,Female,5,5 ,5 ,5 
conditional,185,1277,6,6,Dentist,1.0,Male,6,6 ,6 ,6 7 
conditional,185,11,1,0,Professor,1.0,Male,0,1 0 ,1 0 ,1 0 
conditional,185,94,5,0,Professor,0.0,Female,0,2 5 0 ,2 5 0 ,5 0 
conditional,185,976,4,4,Psychologist,0.0,Female,4,1 4 ,4 ,4 
conditional,185,1949,9,9,Model,0.0,Female,9,3 9 ,3 9 ,3 9 
conditional,185,103,0,0,Professor,1.0,Male,0,0 ,0 ,4 0 
conditional,185,10,0,0,Professor,0.0,Female,0,0 ,0 ,0 
conditional,185,643,3,3,Journalist,1.0,Male,3,3 ,3 ,3 
conditional,185,664,3,3,Journalist,1.0,Male,3,2 3 0 ,1 2 3 0 ,1 2 3 0 
conditional,185,1809,9,9,Model,0.0,Female,9,9 ,9 ,9 
conditional,185,1327,6,6,Dentist,0.0,Female,6,1 6 7 ,1 6 ,1 6 
conditional,185,833,4,4,Psychologist,1.0,Male,4,4 ,4 ,4 
conditional,185,1768,3,8,Painter,0.0,Female,5,2 3 5 ,2 3 5 8 ,2 3 5 
conditional,185,1157,0,5,Teacher,0.0,Female,5,1 5 0 ,5 0 ,5 0 
conditional,185,1918,9,9,Model,1.0,Male,9,5 9 ,2 5 9 ,2 5 9 0 
conditional,185,763,3,3,Journalist,1.0,Male,3,3 ,3 ,3 
conditional,185,1658,8,8,Painter,1.0,Male,8,2 8 ,2 5 8 ,2 5 8 
conditional,185,1590,6,7,Surgeon,1.0,Male,7,7 ,7 ,6 7 
conditional,185,837,4,4,Psychologist,0.0,Female,4,4 ,4 ,4 
conditional,185,894,4,4,Psychologist,1.0,Male,4,4 ,4 ,4 0 
conditional,185,1759,8,8,Painter,0.0,Female,8,8 ,8 ,8 
conditional,185,543,2,2,Photographer,0.0,Female,2,2 9 ,2 3 4 9 ,2 4 9 
conditional,185,1373,6,6,Dentist,0.0,Female,6,6 ,6 ,6 
conditional,185,1792,8,8,Painter,1.0,Male,8,8 ,8 ,8 
conditional,185,330,1,1,Physician,0.0,Female,1,1 6 ,1 6 ,1 
conditional,185,403,3,2,Photographer,1.0,Male,2,2 5 ,2 3 5 9 ,2 3 5 9 
conditional,185,1941,9,9,Model,0.0,Female,9,9 ,9 ,9 
conditional,185,432,2,2,Photographer,1.0,Male,2,2 ,2 9 ,2 9 
conditional,185,267,1,1,Physician,0.0,Female,1,1 6 ,1 6 ,1 
conditional,185,498,2,2,Photographer,1.0,Male,2,2 ,2 ,2 
conditional,185,631,2,3,Journalist,1.0,Male,3,3 ,3 ,2 3 
conditional,185,1229,6,6,Dentist,0.0,Female,6,6 7 ,6 7 ,6 7 
conditional,185,1487,4,7,Surgeon,0.0,Female,0,0 ,4 0 ,4 0 
conditional,185,1153,3,5,Teacher,1.0,Male,2,2 3 ,2 3 5 ,2 3 5 
conditional,185,224,7,1,Physician,0.0,Female,1,1 6 ,1 6 ,1 6 
conditional,185,669,2,3,Journalist,1.0,Male,3,2 3 ,2 3 ,2 3 
conditional,185,254,1,1,Physician,0.0,Female,1,1 ,1 ,1 
conditional,185,1777,8,8,Painter,0.0,Female,8,8 ,8 ,8 
conditional,185,138,4,0,Professor,1.0,Male,3,3 0 ,3 5 0 ,3 4 5 0 
conditional,186,509,2,2,Photographer,1.0,Male,2,2 ,2 ,2 
conditional,186,343,1,1,Physician,0.0,Female,1,1 6 ,1 6 ,1 6 
conditional,186,1976,9,9,Model,0.0,Female,3,3 5 9 ,2 3 5 9 ,3 5 9 
conditional,186,310,7,1,Physician,1.0,Male,1,1 7 ,1 6 7 ,1 7 
conditional,186,991,4,4,Psychologist,1.0,Male,5,3 5 ,2 3 4 5 ,2 3 4 5 
conditional,186,109,4,0,Professor,1.0,Male,4,4 7 ,4 7 ,1 4 7 
conditional,186,873,4,4,Psychologist,1.0,Male,4,4 6 ,4 6 ,4 6 
conditional,186,413,2,2,Photographer,1.0,Male,8,8 ,8 ,2 8 
conditional,186,237,7,1,Physician,0.0,Female,1,1 ,1 ,1 
conditional,186,1609,8,8,Painter,0.0,Female,8,8 ,8 0 ,8 
conditional,186,799,3,3,Journalist,0.0,Female,3,3 ,3 ,3 
conditional,186,1190,5,5,Teacher,1.0,Male,0,0 ,5 0 ,5 0 
conditional,186,1673,8,8,Painter,1.0,Male,8,8 ,8 ,8 
conditional,186,550,2,2,Photographer,1.0,Male,2,2 3 ,2 3 ,2 3 
conditional,186,1185,5,5,Teacher,1.0,Male,5,5 7 ,5 7 ,5 7 
conditional,186,689,3,3,Journalist,1.0,Male,3,3 ,3 ,3 5 
conditional,186,1956,9,9,Model,0.0,Female,2,2 ,2 ,2 
conditional,186,1965,3,9,Model,1.0,Male,3,3 6 ,2 3 6 ,2 3 6 
conditional,186,878,6,4,Psychologist,1.0,Male,0,4 0 ,4 6 0 ,4 6 0 
conditional,186,1560,7,7,Surgeon,0.0,Female,6,1 6 7 ,1 6 7 0 ,1 6 7 0 
conditional,186,1401,1,7,Surgeon,1.0,Male,1,1 7 ,1 7 ,1 7 
conditional,186,17,3,0,Professor,1.0,Male,3,3 0 ,3 5 0 ,3 5 0 
conditional,186,1995,9,9,Model,0.0,Female,9,9 ,9 ,9 
conditional,186,449,2,2,Photographer,1.0,Male,2,2 ,2 ,2 
conditional,186,1444,1,7,Surgeon,0.0,Female,7,1 7 ,1 7 ,1 7 
conditional,186,1016,0,5,Teacher,1.0,Male,5,5 0 ,4 5 0 ,4 5 0 
conditional,186,1417,1,7,Surgeon,1.0,Male,1,1 ,1 ,1 
conditional,186,134,3,0,Professor,1.0,Male,0,0 ,0 ,3 0 
conditional,186,1249,6,6,Dentist,0.0,Female,6,6 ,6 7 ,6 
conditional,186,719,3,3,Journalist,1.0,Male,5,5 9 ,5 9 ,5 9 
conditional,186,638,5,3,Journalist,0.0,Female,4,4 5 ,4 5 0 ,4 5 
conditional,186,982,4,4,Psychologist,0.0,Female,4,4 ,4 ,4 
conditional,186,21,4,0,Professor,0.0,Female,0,0 ,0 ,0 
conditional,186,1273,6,6,Dentist,0.0,Female,6,6 ,6 ,6 
conditional,186,229,1,1,Physician,0.0,Female,1,1 ,1 ,1 
conditional,186,1639,8,8,Painter,1.0,Male,2,2 8 ,2 8 ,2 8 
conditional,186,1216,6,6,Dentist,1.0,Male,6,6 ,6 ,1 6 
conditional,186,1296,5,6,Dentist,1.0,Male,7,7 ,5 7 ,5 7 
conditional,186,686,3,3,Journalist,0.0,Female,3,3 ,3 ,3 
conditional,186,1135,5,5,Teacher,0.0,Female,5,5 9 ,5 ,5 
conditional,186,1799,8,8,Painter,0.0,Female,8,2 8 ,8 ,8 
conditional,186,1399,6,6,Dentist,1.0,Male,6,6 ,6 ,6 7 
conditional,186,293,5,1,Physician,1.0,Male,1,1 0 ,1 7 0 ,1 7 0 
conditional,186,1583,0,7,Surgeon,1.0,Male,3,3 7 ,3 7 ,3 7 
conditional,186,1009,3,5,Teacher,1.0,Male,3,2 3 ,2 3 ,2 3 4 
conditional,186,848,4,4,Psychologist,0.0,Female,4,4 ,4 ,4 
conditional,186,60,0,0,Professor,1.0,Male,0,0 ,0 ,0 
conditional,186,1914,9,9,Model,0.0,Female,9,9 ,9 ,9 
conditional,186,1604,8,8,Painter,0.0,Female,8,8 ,8 ,8 
conditional,186,495,2,2,Photographer,0.0,Female,2,2 ,2 ,2 
conditional,187,138,3,0,Professor,1.0,Male,3,3 0 ,3 5 0 ,3 4 5 0 
conditional,187,1157,5,5,Teacher,0.0,Female,5,1 5 0 ,5 0 ,5 0 
conditional,187,1405,7,7,Surgeon,1.0,Male,7,7 ,7 ,1 7 
conditional,187,1768,3,8,Painter,0.0,Female,5,2 3 5 ,2 3 5 8 ,2 3 5 
conditional,187,10,3,0,Professor,0.0,Female,0,0 ,0 ,0 
conditional,187,11,4,0,Professor,1.0,Male,0,1 0 ,1 0 ,1 0 
conditional,187,437,2,2,Photographer,0.0,Female,2,2 ,2 ,2 
conditional,187,1918,5,9,Model,1.0,Male,9,5 9 ,2 5 9 ,2 5 9 0 
conditional,187,1153,5,5,Teacher,1.0,Male,2,2 3 ,2 3 5 ,2 3 5 
conditional,187,1109,5,5,Teacher,0.0,Female,5,5 ,5 ,5 
conditional,187,498,2,2,Photographer,1.0,Male,2,2 ,2 ,2 
conditional,187,1148,8,5,Teacher,1.0,Male,2,2 8 ,2 8 ,2 8 
conditional,187,1277,6,6,Dentist,1.0,Male,6,6 ,6 ,6 7 
conditional,187,643,3,3,Journalist,1.0,Male,3,3 ,3 ,3 
conditional,187,330,1,1,Physician,0.0,Female,1,1 6 ,1 6 ,1 
conditional,187,403,5,2,Photographer,1.0,Male,2,2 5 ,2 3 5 9 ,2 3 5 9 
conditional,187,1327,1,6,Dentist,0.0,Female,6,1 6 7 ,1 6 ,1 6 
conditional,187,1759,8,8,Painter,0.0,Female,8,8 ,8 ,8 
conditional,187,763,3,3,Journalist,1.0,Male,3,3 ,3 ,3 
conditional,187,1792,8,8,Painter,1.0,Male,8,8 ,8 ,8 
conditional,187,1658,6,8,Painter,1.0,Male,8,2 8 ,2 5 8 ,2 5 8 
conditional,187,1501,1,7,Surgeon,1.0,Male,7,1 6 7 ,1 6 7 ,1 6 7 
conditional,187,669,2,3,Journalist,1.0,Male,3,2 3 ,2 3 ,2 3 
conditional,187,1229,6,6,Dentist,0.0,Female,6,6 7 ,6 7 ,6 7 
conditional,187,976,4,4,Psychologist,0.0,Female,4,1 4 ,4 ,4 
conditional,187,1888,3,9,Model,0.0,Female,3,3 9 ,1 3 4 7 9 ,3 7 9 
conditional,187,664,0,3,Journalist,1.0,Male,3,2 3 0 ,1 2 3 0 ,1 2 3 0 
conditional,187,1949,9,9,Model,0.0,Female,9,3 9 ,3 9 ,3 9 
conditional,187,224,6,1,Physician,0.0,Female,1,1 6 ,1 6 ,1 6 
conditional,187,267,1,1,Physician,0.0,Female,1,1 6 ,1 6 ,1 
conditional,187,254,1,1,Physician,0.0,Female,1,1 ,1 ,1 
conditional,187,837,4,4,Psychologist,0.0,Female,4,4 ,4 ,4 
conditional,187,894,4,4,Psychologist,1.0,Male,4,4 ,4 ,4 0 
conditional,187,103,4,0,Professor,1.0,Male,0,0 ,0 ,4 0 
conditional,187,1590,6,7,Surgeon,1.0,Male,7,7 ,7 ,6 7 
conditional,187,1038,5,5,Teacher,0.0,Female,5,5 ,5 ,5 
conditional,187,1777,8,8,Painter,0.0,Female,8,8 ,8 ,8 
conditional,187,1487,0,7,Surgeon,0.0,Female,0,0 ,4 0 ,4 0 
conditional,187,971,0,4,Psychologist,0.0,Female,0,0 ,0 ,0 
conditional,187,631,2,3,Journalist,1.0,Male,3,3 ,3 ,2 3 
conditional,187,1373,6,6,Dentist,0.0,Female,6,6 ,6 ,6 
conditional,187,94,5,0,Professor,0.0,Female,0,2 5 0 ,2 5 0 ,5 0 
conditional,187,1505,5,7,Surgeon,1.0,Male,3,3 5 ,3 5 ,3 5 
conditional,187,1941,9,9,Model,0.0,Female,9,9 ,9 ,9 
conditional,187,833,4,4,Psychologist,1.0,Male,4,4 ,4 ,4 
conditional,187,543,4,2,Photographer,0.0,Female,2,2 9 ,2 3 4 9 ,2 4 9 
conditional,187,1294,6,6,Dentist,0.0,Female,6,6 ,6 ,6 
conditional,187,1809,9,9,Model,0.0,Female,9,9 ,9 ,9 
conditional,187,266,1,1,Physician,0.0,Female,1,1 6 ,1 ,1 
conditional,187,432,2,2,Photographer,1.0,Male,2,2 ,2 9 ,2 9 
conditional,188,437,2,2,Photographer,0.0,Female,2,2 ,2 ,2 
conditional,188,877,4,4,Psychologist,0.0,Female,3,3 4 5 ,3 4 5 ,3 4 5 
conditional,188,1505,3,7,Surgeon,1.0,Male,3,3 5 ,3 5 ,3 5 
conditional,188,494,2,2,Photographer,0.0,Female,2,2 9 ,2 9 ,2 9 
conditional,188,433,2,2,Photographer,0.0,Female,2,2 ,2 ,2 
conditional,188,304,1,1,Physician,1.0,Male,1,1 6 7 ,1 7 ,1 
conditional,188,982,4,4,Psychologist,0.0,Female,4,4 ,4 ,4 
conditional,188,1609,8,8,Painter,0.0,Female,8,8 ,8 0 ,8 
conditional,188,1009,3,5,Teacher,1.0,Male,3,2 3 ,2 3 ,2 3 4 
conditional,188,1995,9,9,Model,0.0,Female,9,9 ,9 ,9 
conditional,188,1296,5,6,Dentist,1.0,Male,7,7 ,5 7 ,5 7 
conditional,188,1039,2,5,Teacher,1.0,Male,3,2 3 9 ,2 3 5 9 ,2 3 9 
conditional,188,669,3,3,Journalist,1.0,Male,3,2 3 ,2 3 ,2 3 
conditional,188,1639,2,8,Painter,1.0,Male,2,2 8 ,2 8 ,2 8 
conditional,188,59,0,0,Professor,0.0,Female,0,0 ,0 ,0 
conditional,188,1673,8,8,Painter,1.0,Male,8,8 ,8 ,8 
conditional,188,342,0,1,Physician,1.0,Male,0,1 0 ,0 ,1 0 
conditional,188,1273,6,6,Dentist,0.0,Female,6,6 ,6 ,6 
conditional,188,235,1,1,Physician,0.0,Female,1,1 ,1 ,1 
conditional,188,1583,7,7,Surgeon,1.0,Male,3,3 7 ,3 7 ,3 7 
conditional,188,849,4,4,Psychologist,0.0,Female,4,4 0 ,4 0 ,4 
conditional,188,1768,3,8,Painter,0.0,Female,5,2 3 5 ,2 3 5 8 ,2 3 5 
conditional,188,1976,9,9,Model,0.0,Female,3,3 5 9 ,2 3 5 9 ,3 5 9 
conditional,188,21,0,0,Professor,0.0,Female,0,0 ,0 ,0 
conditional,188,1110,5,5,Teacher,0.0,Female,5,3 5 ,3 5 ,5 
conditional,188,1560,7,7,Surgeon,0.0,Female,6,1 6 7 ,1 6 7 0 ,1 6 7 0 
conditional,188,508,2,2,Photographer,1.0,Male,2,2 ,2 ,2 
conditional,188,1399,6,6,Dentist,1.0,Male,6,6 ,6 ,6 7 
conditional,188,11,1,0,Professor,1.0,Male,0,1 0 ,1 0 ,1 0 
conditional,188,765,3,3,Journalist,0.0,Female,3,3 ,3 ,3 
conditional,188,973,4,4,Psychologist,0.0,Female,4,4 ,4 6 ,4 
conditional,188,549,2,2,Photographer,1.0,Male,2,2 ,2 ,2 
conditional,188,229,1,1,Physician,0.0,Female,1,1 ,1 ,1 
conditional,188,225,1,1,Physician,0.0,Female,1,1 ,1 ,1 
conditional,188,719,9,3,Journalist,1.0,Male,5,5 9 ,5 9 ,5 9 
conditional,188,103,4,0,Professor,1.0,Male,0,0 ,0 ,4 0 
conditional,188,895,3,4,Psychologist,0.0,Female,4,4 0 ,3 4 0 ,4 0 
conditional,188,1135,5,5,Teacher,0.0,Female,5,5 9 ,5 ,5 
conditional,188,686,3,3,Journalist,0.0,Female,3,3 ,3 ,3 
conditional,188,1657,8,8,Painter,1.0,Male,5,5 8 9 ,5 8 9 ,5 8 9 
conditional,188,1406,6,7,Surgeon,1.0,Male,7,1 6 7 ,1 6 7 0 ,1 6 7 0 
conditional,188,16,7,0,Professor,1.0,Male,5,5 ,5 ,5 
conditional,188,1294,6,6,Dentist,0.0,Female,6,6 ,6 ,6 
conditional,188,637,3,3,Journalist,0.0,Female,3,2 3 ,2 3 5 ,2 3 
conditional,188,1278,6,6,Dentist,1.0,Male,6,6 7 ,6 7 ,6 7 
conditional,188,1190,5,5,Teacher,1.0,Male,0,0 ,5 0 ,5 0 
conditional,188,1401,7,7,Surgeon,1.0,Male,1,1 7 ,1 7 ,1 7 
conditional,188,1888,3,9,Model,0.0,Female,3,3 9 ,1 3 4 7 9 ,3 7 9 
conditional,188,1941,9,9,Model,0.0,Female,9,9 ,9 ,9 
conditional,188,1965,3,9,Model,1.0,Male,3,3 6 ,2 3 6 ,2 3 6 
conditional,189,719,9,3,Journalist,1.0,Male,5,5 9 ,5 9 ,5 9 
conditional,189,686,3,3,Journalist,0.0,Female,3,3 ,3 ,3 
conditional,189,433,2,2,Photographer,0.0,Female,2,2 ,2 ,2 
conditional,189,21,0,0,Professor,0.0,Female,0,0 ,0 ,0 
conditional,189,1583,7,7,Surgeon,1.0,Male,3,3 7 ,3 7 ,3 7 
conditional,189,1273,6,6,Dentist,0.0,Female,6,6 ,6 ,6 
conditional,189,1401,1,7,Surgeon,1.0,Male,1,1 7 ,1 7 ,1 7 
conditional,189,1406,6,7,Surgeon,1.0,Male,7,1 6 7 ,1 6 7 0 ,1 6 7 0 
conditional,189,1296,5,6,Dentist,1.0,Male,7,7 ,5 7 ,5 7 
conditional,189,1505,3,7,Surgeon,1.0,Male,3,3 5 ,3 5 ,3 5 
conditional,189,235,1,1,Physician,0.0,Female,1,1 ,1 ,1 
conditional,189,1673,8,8,Painter,1.0,Male,8,8 ,8 ,8 
conditional,189,1657,8,8,Painter,1.0,Male,5,5 8 9 ,5 8 9 ,5 8 9 
conditional,189,1768,8,8,Painter,0.0,Female,5,2 3 5 ,2 3 5 8 ,2 3 5 
conditional,189,11,7,0,Professor,1.0,Male,0,1 0 ,1 0 ,1 0 
conditional,189,877,4,4,Psychologist,0.0,Female,3,3 4 5 ,3 4 5 ,3 4 5 
conditional,189,494,2,2,Photographer,0.0,Female,2,2 9 ,2 9 ,2 9 
conditional,189,304,7,1,Physician,1.0,Male,1,1 6 7 ,1 7 ,1 
conditional,189,765,3,3,Journalist,0.0,Female,3,3 ,3 ,3 
conditional,189,508,2,2,Photographer,1.0,Male,2,2 ,2 ,2 
conditional,189,1399,6,6,Dentist,1.0,Male,6,6 ,6 ,6 7 
conditional,189,1639,2,8,Painter,1.0,Male,2,2 8 ,2 8 ,2 8 
conditional,189,1039,5,5,Teacher,1.0,Male,3,2 3 9 ,2 3 5 9 ,2 3 9 
conditional,189,16,0,0,Professor,1.0,Male,5,5 ,5 ,5 
conditional,189,1294,6,6,Dentist,0.0,Female,6,6 ,6 ,6 
conditional,189,1560,7,7,Surgeon,0.0,Female,6,1 6 7 ,1 6 7 0 ,1 6 7 0 
conditional,189,342,0,1,Physician,1.0,Male,0,1 0 ,0 ,1 0 
conditional,189,59,0,0,Professor,0.0,Female,0,0 ,0 ,0 
conditional,189,1009,3,5,Teacher,1.0,Male,3,2 3 ,2 3 ,2 3 4 
conditional,189,1278,6,6,Dentist,1.0,Male,6,6 7 ,6 7 ,6 7 
conditional,189,1110,5,5,Teacher,0.0,Female,5,3 5 ,3 5 ,5 
conditional,189,1965,2,9,Model,1.0,Male,3,3 6 ,2 3 6 ,2 3 6 
conditional,189,1888,0,9,Model,0.0,Female,3,3 9 ,1 3 4 7 9 ,3 7 9 
conditional,189,225,7,1,Physician,0.0,Female,1,1 ,1 ,1 
conditional,189,1190,5,5,Teacher,1.0,Male,0,0 ,5 0 ,5 0 
conditional,189,437,2,2,Photographer,0.0,Female,2,2 ,2 ,2 
conditional,189,895,4,4,Psychologist,0.0,Female,4,4 0 ,3 4 0 ,4 0 
conditional,189,669,9,3,Journalist,1.0,Male,3,2 3 ,2 3 ,2 3 
conditional,189,229,1,1,Physician,0.0,Female,1,1 ,1 ,1 
conditional,189,849,4,4,Psychologist,0.0,Female,4,4 0 ,4 0 ,4 
conditional,189,1941,9,9,Model,0.0,Female,9,9 ,9 ,9 
conditional,189,1135,5,5,Teacher,0.0,Female,5,5 9 ,5 ,5 
conditional,189,1995,9,9,Model,0.0,Female,9,9 ,9 ,9 
conditional,189,549,2,2,Photographer,1.0,Male,2,2 ,2 ,2 
conditional,189,973,4,4,Psychologist,0.0,Female,4,4 ,4 6 ,4 
conditional,189,1609,8,8,Painter,0.0,Female,8,8 ,8 0 ,8 
conditional,189,103,0,0,Professor,1.0,Male,0,0 ,0 ,4 0 
conditional,189,982,4,4,Psychologist,0.0,Female,4,4 ,4 ,4 
conditional,189,637,3,3,Journalist,0.0,Female,3,2 3 ,2 3 5 ,2 3 
conditional,189,1976,3,9,Model,0.0,Female,3,3 5 9 ,2 3 5 9 ,3 5 9 
conditional,190,229,1,1,Physician,0.0,Female,1,1 ,1 ,1 
conditional,190,895,4,4,Psychologist,0.0,Female,4,4 0 ,3 4 0 ,4 0 
conditional,190,1941,9,9,Model,0.0,Female,9,9 ,9 ,9 
conditional,190,1965,2,9,Model,1.0,Male,3,3 6 ,2 3 6 ,2 3 6 
conditional,190,982,4,4,Psychologist,0.0,Female,4,4 ,4 ,4 
conditional,190,507,2,2,Photographer,1.0,Male,2,2 ,2 ,2 
conditional,190,1009,3,5,Teacher,1.0,Male,3,2 3 ,2 3 ,2 3 4 
conditional,190,1294,6,6,Dentist,0.0,Female,6,6 ,6 ,6 
conditional,190,267,1,1,Physician,0.0,Female,1,1 6 ,1 6 ,1 
conditional,190,1406,1,7,Surgeon,1.0,Male,7,1 6 7 ,1 6 7 0 ,1 6 7 0 
conditional,190,1609,3,8,Painter,0.0,Female,8,8 ,8 0 ,8 
conditional,190,1590,7,7,Surgeon,1.0,Male,7,7 ,7 ,6 7 
conditional,190,665,3,3,Journalist,0.0,Female,3,3 ,3 ,3 
conditional,190,11,0,0,Professor,1.0,Male,0,1 0 ,1 0 ,1 0 
conditional,190,1110,5,5,Teacher,0.0,Female,5,3 5 ,3 5 ,5 
conditional,190,685,3,3,Journalist,0.0,Female,3,3 ,3 ,3 
conditional,190,1149,0,5,Teacher,1.0,Male,5,5 ,5 ,5 9 
conditional,190,224,1,1,Physician,0.0,Female,1,1 6 ,1 6 ,1 6 
conditional,190,544,2,2,Photographer,1.0,Male,2,2 ,2 ,2 
conditional,190,1658,5,8,Painter,1.0,Male,8,2 8 ,2 5 8 ,2 5 8 
conditional,190,1888,0,9,Model,0.0,Female,3,3 9 ,1 3 4 7 9 ,3 7 9 
conditional,190,16,5,0,Professor,1.0,Male,5,5 ,5 ,5 
conditional,190,1809,9,9,Model,0.0,Female,9,9 ,9 ,9 
conditional,190,1792,8,8,Painter,1.0,Male,8,8 ,8 ,8 
conditional,190,973,4,4,Psychologist,0.0,Female,4,4 ,4 6 ,4 
conditional,190,1278,6,6,Dentist,1.0,Male,6,6 7 ,6 7 ,6 7 
conditional,190,138,3,0,Professor,1.0,Male,3,3 0 ,3 5 0 ,3 4 5 0 
conditional,190,103,0,0,Professor,1.0,Male,0,0 ,0 ,4 0 
conditional,190,433,2,2,Photographer,0.0,Female,2,2 ,2 ,2 
conditional,190,255,1,1,Physician,0.0,Female,1,1 6 ,1 6 ,1 
conditional,190,1399,6,6,Dentist,1.0,Male,6,6 ,6 ,6 7 
conditional,190,1327,6,6,Dentist,0.0,Female,6,1 6 7 ,1 6 ,1 6 
conditional,190,1976,9,9,Model,0.0,Female,3,3 5 9 ,2 3 5 9 ,3 5 9 
conditional,190,1639,8,8,Painter,1.0,Male,2,2 8 ,2 8 ,2 8 
conditional,190,1583,7,7,Surgeon,1.0,Male,3,3 7 ,3 7 ,3 7 
conditional,190,718,3,3,Journalist,1.0,Male,3,3 5 ,3 5 ,3 5 
conditional,190,837,4,4,Psychologist,0.0,Female,4,4 ,4 ,4 
conditional,190,764,3,3,Journalist,1.0,Male,3,3 ,3 ,3 
conditional,190,669,2,3,Journalist,1.0,Male,3,2 3 ,2 3 ,2 3 
conditional,190,877,3,4,Psychologist,0.0,Female,3,3 4 5 ,3 4 5 ,3 4 5 
conditional,190,1039,3,5,Teacher,1.0,Male,3,2 3 9 ,2 3 5 9 ,2 3 9 
conditional,190,494,2,2,Photographer,0.0,Female,2,2 9 ,2 9 ,2 9 
conditional,190,1768,3,8,Painter,0.0,Female,5,2 3 5 ,2 3 5 8 ,2 3 5 
conditional,190,1297,6,6,Dentist,1.0,Male,6,6 ,6 ,6 
conditional,190,1504,7,7,Surgeon,1.0,Male,7,1 7 ,1 7 ,1 7 
conditional,190,235,1,1,Physician,0.0,Female,1,1 ,1 ,1 
conditional,190,21,0,0,Professor,0.0,Female,0,0 ,0 ,0 
conditional,190,1189,0,5,Teacher,0.0,Female,4,4 5 ,4 5 ,4 
conditional,190,1401,7,7,Surgeon,1.0,Male,1,1 7 ,1 7 ,1 7 
conditional,190,437,2,2,Photographer,0.0,Female,2,2 ,2 ,2 
conditional,191,1399,6,6,Dentist,1.0,Male,6,6 ,6 ,6 7 
conditional,191,665,3,3,Journalist,0.0,Female,3,3 ,3 ,3 
conditional,191,1639,2,8,Painter,1.0,Male,2,2 8 ,2 8 ,2 8 
conditional,191,1504,7,7,Surgeon,1.0,Male,7,1 7 ,1 7 ,1 7 
conditional,191,764,3,3,Journalist,1.0,Male,3,3 ,3 ,3 
conditional,191,1590,7,7,Surgeon,1.0,Male,7,7 ,7 ,6 7 
conditional,191,1009,2,5,Teacher,1.0,Male,3,2 3 ,2 3 ,2 3 4 
conditional,191,494,2,2,Photographer,0.0,Female,2,2 9 ,2 9 ,2 9 
conditional,191,235,1,1,Physician,0.0,Female,1,1 ,1 ,1 
conditional,191,1297,6,6,Dentist,1.0,Male,6,6 ,6 ,6 
conditional,191,1401,1,7,Surgeon,1.0,Male,1,1 7 ,1 7 ,1 7 
conditional,191,1294,6,6,Dentist,0.0,Female,6,6 ,6 ,6 
conditional,191,1327,6,6,Dentist,0.0,Female,6,1 6 7 ,1 6 ,1 6 
conditional,191,837,4,4,Psychologist,0.0,Female,4,4 ,4 ,4 
conditional,191,229,1,1,Physician,0.0,Female,1,1 ,1 ,1 
conditional,191,1149,5,5,Teacher,1.0,Male,5,5 ,5 ,5 9 
conditional,191,267,7,1,Physician,0.0,Female,1,1 6 ,1 6 ,1 
conditional,191,103,4,0,Professor,1.0,Male,0,0 ,0 ,4 0 
conditional,191,1658,8,8,Painter,1.0,Male,8,2 8 ,2 5 8 ,2 5 8 
conditional,191,982,4,4,Psychologist,0.0,Female,4,4 ,4 ,4 
conditional,191,1039,2,5,Teacher,1.0,Male,3,2 3 9 ,2 3 5 9 ,2 3 9 
conditional,191,1583,1,7,Surgeon,1.0,Male,3,3 7 ,3 7 ,3 7 
conditional,191,224,7,1,Physician,0.0,Female,1,1 6 ,1 6 ,1 6 
conditional,191,544,2,2,Photographer,1.0,Male,2,2 ,2 ,2 
conditional,191,877,4,4,Psychologist,0.0,Female,3,3 4 5 ,3 4 5 ,3 4 5 
conditional,191,138,3,0,Professor,1.0,Male,3,3 0 ,3 5 0 ,3 4 5 0 
conditional,191,685,3,3,Journalist,0.0,Female,3,3 ,3 ,3 
conditional,191,433,2,2,Photographer,0.0,Female,2,2 ,2 ,2 
conditional,191,1941,9,9,Model,0.0,Female,9,9 ,9 ,9 
conditional,191,1768,8,8,Painter,0.0,Female,5,2 3 5 ,2 3 5 8 ,2 3 5 
conditional,191,1406,6,7,Surgeon,1.0,Male,7,1 6 7 ,1 6 7 0 ,1 6 7 0 
conditional,191,1110,5,5,Teacher,0.0,Female,5,3 5 ,3 5 ,5 
conditional,191,1278,6,6,Dentist,1.0,Male,6,6 7 ,6 7 ,6 7 
conditional,191,669,3,3,Journalist,1.0,Male,3,2 3 ,2 3 ,2 3 
conditional,191,255,7,1,Physician,0.0,Female,1,1 6 ,1 6 ,1 
conditional,191,21,0,0,Professor,0.0,Female,0,0 ,0 ,0 
conditional,191,1792,8,8,Painter,1.0,Male,8,8 ,8 ,8 
conditional,191,437,2,2,Photographer,0.0,Female,2,2 ,2 ,2 
conditional,191,718,3,3,Journalist,1.0,Male,3,3 5 ,3 5 ,3 5 
conditional,191,11,1,0,Professor,1.0,Male,0,1 0 ,1 0 ,1 0 
conditional,191,973,4,4,Psychologist,0.0,Female,4,4 ,4 6 ,4 
conditional,191,1888,3,9,Model,0.0,Female,3,3 9 ,1 3 4 7 9 ,3 7 9 
conditional,191,1609,8,8,Painter,0.0,Female,8,8 ,8 0 ,8 
conditional,191,1976,9,9,Model,0.0,Female,3,3 5 9 ,2 3 5 9 ,3 5 9 
conditional,191,16,5,0,Professor,1.0,Male,5,5 ,5 ,5 
conditional,191,1965,2,9,Model,1.0,Male,3,3 6 ,2 3 6 ,2 3 6 
conditional,191,1809,9,9,Model,0.0,Female,9,9 ,9 ,9 
conditional,191,507,2,2,Photographer,1.0,Male,2,2 ,2 ,2 
conditional,191,1189,4,5,Teacher,0.0,Female,4,4 5 ,4 5 ,4 
conditional,191,895,4,4,Psychologist,0.0,Female,4,4 0 ,3 4 0 ,4 0 
conditional,192,138,3,0,Professor,1.0,Male,3,3 0 ,3 5 0 ,3 4 5 0 
conditional,192,1153,9,5,Teacher,1.0,Male,2,2 3 ,2 3 5 ,2 3 5 
conditional,192,330,1,1,Physician,0.0,Female,1,1 6 ,1 6 ,1 
conditional,192,631,3,3,Journalist,1.0,Male,3,3 ,3 ,2 3 
conditional,192,1501,7,7,Surgeon,1.0,Male,7,1 6 7 ,1 6 7 ,1 6 7 
conditional,192,1326,6,6,Dentist,0.0,Female,6,6 ,6 ,6 
conditional,192,951,4,4,Psychologist,1.0,Male,4,4 ,4 ,4 
conditional,192,1590,9,7,Surgeon,1.0,Male,7,7 ,7 ,6 7 
conditional,192,643,3,3,Journalist,1.0,Male,3,3 ,3 ,3 
conditional,192,832,4,4,Psychologist,1.0,Male,4,4 ,4 ,4 
conditional,192,262,7,1,Physician,0.0,Female,1,1 ,1 6 ,1 6 
conditional,192,542,2,2,Photographer,0.0,Female,2,2 ,2 ,2 
conditional,192,837,4,4,Psychologist,0.0,Female,4,4 ,4 ,4 
conditional,192,1810,9,9,Model,0.0,Female,9,9 ,9 ,9 
conditional,192,1888,0,9,Model,0.0,Female,3,3 9 ,1 3 4 7 9 ,3 7 9 
conditional,192,43,0,0,Professor,0.0,Female,0,0 ,0 ,4 0 
conditional,192,267,7,1,Physician,0.0,Female,1,1 6 ,1 6 ,1 
conditional,192,706,3,3,Journalist,1.0,Male,3,3 ,3 ,3 
conditional,192,1405,7,7,Surgeon,1.0,Male,7,7 ,7 ,1 7 
conditional,192,402,3,2,Photographer,1.0,Male,2,2 ,2 ,2 
conditional,192,664,3,3,Journalist,1.0,Male,3,2 3 0 ,1 2 3 0 ,1 2 3 0 
conditional,192,1557,1,7,Surgeon,1.0,Male,7,7 ,7 ,1 7 
conditional,192,1833,9,9,Model,0.0,Female,2,2 3 5 9 ,2 3 5 9 ,2 3 9 
conditional,192,255,7,1,Physician,0.0,Female,1,1 6 ,1 6 ,1 
conditional,192,266,1,1,Physician,0.0,Female,1,1 6 ,1 ,1 
conditional,192,95,5,0,Professor,0.0,Female,0,0 ,0 ,0 
conditional,192,1104,5,5,Teacher,0.0,Female,5,5 ,5 ,5 
conditional,192,867,4,4,Psychologist,0.0,Female,4,4 ,4 ,4 
conditional,192,1646,8,8,Painter,0.0,Female,2,2 ,2 5 8 ,2 8 
conditional,192,1759,8,8,Painter,0.0,Female,8,8 ,8 ,8 
conditional,192,1372,6,6,Dentist,0.0,Female,6,6 ,6 ,6 
conditional,192,403,0,2,Photographer,1.0,Male,2,2 5 ,2 3 5 9 ,2 3 5 9 
conditional,192,1147,5,5,Teacher,0.0,Female,5,5 ,5 ,5 
conditional,192,10,5,0,Professor,0.0,Female,0,0 ,0 ,0 
conditional,192,1918,9,9,Model,1.0,Male,9,5 9 ,2 5 9 ,2 5 9 0 
conditional,192,1487,0,7,Surgeon,0.0,Female,0,0 ,4 0 ,4 0 
conditional,192,11,1,0,Professor,1.0,Male,0,1 0 ,1 0 ,1 0 
conditional,192,1949,9,9,Model,0.0,Female,9,3 9 ,3 9 ,3 9 
conditional,192,1293,6,6,Dentist,1.0,Male,6,6 ,6 ,6 
conditional,192,1777,8,8,Painter,0.0,Female,8,8 ,8 ,8 
conditional,192,971,4,4,Psychologist,0.0,Female,0,0 ,0 ,0 
conditional,192,1225,6,6,Dentist,1.0,Male,6,6 7 ,6 7 ,6 7 
conditional,192,1038,5,5,Teacher,0.0,Female,5,5 ,5 ,5 
conditional,192,1157,5,5,Teacher,0.0,Female,5,1 5 0 ,5 0 ,5 0 
conditional,192,1658,8,8,Painter,1.0,Male,8,2 8 ,2 5 8 ,2 5 8 
conditional,192,498,2,2,Photographer,1.0,Male,2,2 ,2 ,2 
conditional,192,1734,8,8,Painter,1.0,Male,8,8 ,8 ,8 
conditional,192,1229,6,6,Dentist,0.0,Female,6,6 7 ,6 7 ,6 7 
conditional,192,432,2,2,Photographer,1.0,Male,2,2 ,2 9 ,2 9 
conditional,192,669,3,3,Journalist,1.0,Male,3,2 3 ,2 3 ,2 3 
conditional,193,1777,8,8,Painter,0.0,Female,8,8 ,8 ,8 
conditional,193,894,4,4,Psychologist,1.0,Male,4,4 ,4 ,4 0 
conditional,193,1153,2,5,Teacher,1.0,Male,2,2 3 ,2 3 5 ,2 3 5 
conditional,193,1157,5,5,Teacher,0.0,Female,5,1 5 0 ,5 0 ,5 0 
conditional,193,971,4,4,Psychologist,0.0,Female,0,0 ,0 ,0 
conditional,193,1487,4,7,Surgeon,0.0,Female,0,0 ,4 0 ,4 0 
conditional,193,833,4,4,Psychologist,1.0,Male,4,4 ,4 ,4 
conditional,193,1792,8,8,Painter,1.0,Male,8,8 ,8 ,8 
conditional,193,1505,5,7,Surgeon,1.0,Male,3,3 5 ,3 5 ,3 5 
conditional,193,669,4,3,Journalist,1.0,Male,3,2 3 ,2 3 ,2 3 
conditional,193,1941,9,9,Model,0.0,Female,9,9 ,9 ,9 
conditional,193,763,3,3,Journalist,1.0,Male,3,3 ,3 ,3 
conditional,193,1277,6,6,Dentist,1.0,Male,6,6 ,6 ,6 7 
conditional,193,103,4,0,Professor,1.0,Male,0,0 ,0 ,4 0 
conditional,193,1229,6,6,Dentist,0.0,Female,6,6 7 ,6 7 ,6 7 
conditional,193,631,3,3,Journalist,1.0,Male,3,3 ,3 ,2 3 
conditional,193,1148,3,5,Teacher,1.0,Male,2,2 8 ,2 8 ,2 8 
conditional,193,1327,6,6,Dentist,0.0,Female,6,1 6 7 ,1 6 ,1 6 
conditional,193,94,5,0,Professor,0.0,Female,0,2 5 0 ,2 5 0 ,5 0 
conditional,193,10,0,0,Professor,0.0,Female,0,0 ,0 ,0 
conditional,193,1918,9,9,Model,1.0,Male,9,5 9 ,2 5 9 ,2 5 9 0 
conditional,193,267,7,1,Physician,0.0,Female,1,1 6 ,1 6 ,1 
conditional,193,1768,3,8,Painter,0.0,Female,5,2 3 5 ,2 3 5 8 ,2 3 5 
conditional,193,1888,3,9,Model,0.0,Female,3,3 9 ,1 3 4 7 9 ,3 7 9 
conditional,193,1759,8,8,Painter,0.0,Female,8,8 ,8 ,8 
conditional,193,498,2,2,Photographer,1.0,Male,2,2 ,2 ,2 
conditional,193,266,1,1,Physician,0.0,Female,1,1 6 ,1 ,1 
conditional,193,11,1,0,Professor,1.0,Male,0,1 0 ,1 0 ,1 0 
conditional,193,1109,5,5,Teacher,0.0,Female,5,5 ,5 ,5 
conditional,193,1038,5,5,Teacher,0.0,Female,5,5 ,5 ,5 
conditional,193,643,3,3,Journalist,1.0,Male,3,3 ,3 ,3 
conditional,193,1809,9,9,Model,0.0,Female,9,9 ,9 ,9 
conditional,193,543,2,2,Photographer,0.0,Female,2,2 9 ,2 3 4 9 ,2 4 9 
conditional,193,837,4,4,Psychologist,0.0,Female,4,4 ,4 ,4 
conditional,193,1373,6,6,Dentist,0.0,Female,6,6 ,6 ,6 
conditional,193,224,5,1,Physician,0.0,Female,1,1 6 ,1 6 ,1 6 
conditional,193,437,2,2,Photographer,0.0,Female,2,2 ,2 ,2 
conditional,193,664,0,3,Journalist,1.0,Male,3,2 3 0 ,1 2 3 0 ,1 2 3 0 
conditional,193,1658,8,8,Painter,1.0,Male,8,2 8 ,2 5 8 ,2 5 8 
conditional,193,138,3,0,Professor,1.0,Male,3,3 0 ,3 5 0 ,3 4 5 0 
conditional,193,403,5,2,Photographer,1.0,Male,2,2 5 ,2 3 5 9 ,2 3 5 9 
conditional,193,432,9,2,Photographer,1.0,Male,2,2 ,2 9 ,2 9 
conditional,193,1405,7,7,Surgeon,1.0,Male,7,7 ,7 ,1 7 
conditional,193,330,1,1,Physician,0.0,Female,1,1 6 ,1 6 ,1 
conditional,193,976,4,4,Psychologist,0.0,Female,4,1 4 ,4 ,4 
conditional,193,1501,6,7,Surgeon,1.0,Male,7,1 6 7 ,1 6 7 ,1 6 7 
conditional,193,254,1,1,Physician,0.0,Female,1,1 ,1 ,1 
conditional,193,1590,7,7,Surgeon,1.0,Male,7,7 ,7 ,6 7 
conditional,193,1294,6,6,Dentist,0.0,Female,6,6 ,6 ,6 
conditional,193,1949,3,9,Model,0.0,Female,9,3 9 ,3 9 ,3 9 
conditional,194,972,0,4,Psychologist,1.0,Male,4,1 4 ,4 ,4 
conditional,194,894,4,4,Psychologist,1.0,Male,4,4 ,4 ,4 0 
conditional,194,11,4,0,Professor,1.0,Male,0,1 0 ,1 0 ,1 0 
conditional,194,507,2,2,Photographer,1.0,Male,2,2 ,2 ,2 
conditional,194,1157,5,5,Teacher,0.0,Female,5,1 5 0 ,5 0 ,5 0 
conditional,194,763,3,3,Journalist,1.0,Male,3,3 ,3 ,3 
conditional,194,1888,9,9,Model,0.0,Female,3,3 9 ,1 3 4 7 9 ,3 7 9 
conditional,194,1297,6,6,Dentist,1.0,Male,6,6 ,6 ,6 
conditional,194,102,0,0,Professor,1.0,Male,0,4 0 ,4 0 ,4 0 
conditional,194,1657,8,8,Painter,1.0,Male,5,5 8 9 ,5 8 9 ,5 8 9 
conditional,194,1590,7,7,Surgeon,1.0,Male,7,7 ,7 ,6 7 
conditional,194,1505,3,7,Surgeon,1.0,Male,3,3 5 ,3 5 ,3 5 
conditional,194,1294,6,6,Dentist,0.0,Female,6,6 ,6 ,6 
conditional,194,981,3,4,Psychologist,0.0,Female,3,2 3 5 ,2 3 ,2 3 
conditional,194,718,3,3,Journalist,1.0,Male,3,3 5 ,3 5 ,3 5 
conditional,194,1941,9,9,Model,0.0,Female,9,9 ,9 ,9 
conditional,194,1768,8,8,Painter,0.0,Female,5,2 3 5 ,2 3 5 8 ,2 3 5 
conditional,194,1277,6,6,Dentist,1.0,Male,6,6 ,6 ,6 7 
conditional,194,224,7,1,Physician,0.0,Female,1,1 6 ,1 6 ,1 6 
conditional,194,1373,6,6,Dentist,0.0,Female,6,6 ,6 ,6 
conditional,194,437,2,2,Photographer,0.0,Female,2,2 ,2 ,2 
conditional,194,1039,8,5,Teacher,1.0,Male,3,2 3 9 ,2 3 5 9 ,2 3 9 
conditional,194,680,3,3,Journalist,0.0,Female,0,4 0 ,1 4 7 0 ,4 0 
conditional,194,255,7,1,Physician,0.0,Female,1,1 6 ,1 6 ,1 
conditional,194,1949,3,9,Model,0.0,Female,9,3 9 ,3 9 ,3 9 
conditional,194,833,4,4,Psychologist,1.0,Male,4,4 ,4 ,4 
conditional,194,1110,5,5,Teacher,0.0,Female,5,3 5 ,3 5 ,5 
conditional,194,1189,5,5,Teacher,0.0,Female,4,4 5 ,4 5 ,4 
conditional,194,432,2,2,Photographer,1.0,Male,2,2 ,2 9 ,2 9 
conditional,194,1583,7,7,Surgeon,1.0,Male,3,3 7 ,3 7 ,3 7 
conditional,194,1406,7,7,Surgeon,1.0,Male,7,1 6 7 ,1 6 7 0 ,1 6 7 0 
conditional,194,1759,8,8,Painter,0.0,Female,8,8 ,8 ,8 
conditional,194,837,4,4,Psychologist,0.0,Female,4,4 ,4 ,4 
conditional,194,1327,6,6,Dentist,0.0,Female,6,1 6 7 ,1 6 ,1 6 
conditional,194,1792,8,8,Painter,1.0,Male,8,8 ,8 ,8 
conditional,194,1609,3,8,Painter,0.0,Female,8,8 ,8 0 ,8 
conditional,194,267,7,1,Physician,0.0,Female,1,1 6 ,1 6 ,1 
conditional,194,1810,9,9,Model,0.0,Female,9,9 ,9 ,9 
conditional,194,330,1,1,Physician,0.0,Female,1,1 6 ,1 6 ,1 
conditional,194,1487,0,7,Surgeon,0.0,Female,0,0 ,4 0 ,4 0 
conditional,194,665,3,3,Journalist,0.0,Female,3,3 ,3 ,3 
conditional,194,1976,3,9,Model,0.0,Female,3,3 5 9 ,2 3 5 9 ,3 5 9 
conditional,194,138,3,0,Professor,1.0,Male,3,3 0 ,3 5 0 ,3 4 5 0 
conditional,194,1149,5,5,Teacher,1.0,Male,5,5 ,5 ,5 9 
conditional,194,229,1,1,Physician,0.0,Female,1,1 ,1 ,1 
conditional,194,669,3,3,Journalist,1.0,Male,3,2 3 ,2 3 ,2 3 
conditional,194,16,5,0,Professor,1.0,Male,5,5 ,5 ,5 
conditional,194,543,2,2,Photographer,0.0,Female,2,2 9 ,2 3 4 9 ,2 4 9 
conditional,194,403,3,2,Photographer,1.0,Male,2,2 5 ,2 3 5 9 ,2 3 5 9 
conditional,194,10,0,0,Professor,0.0,Female,0,0 ,0 ,0 
conditional,195,310,7,1,Physician,1.0,Male,1,1 7 ,1 6 7 ,1 7 
conditional,195,1756,8,8,Painter,0.0,Female,8,2 8 ,2 8 9 ,2 8 9 
conditional,195,110,7,0,Professor,0.0,Female,1,1 0 ,1 ,1 0 
conditional,195,1693,3,8,Painter,1.0,Male,8,2 3 5 8 ,2 3 5 8 ,2 3 5 8 
conditional,195,1851,3,9,Model,1.0,Male,9,3 6 9 ,2 3 6 9 ,2 3 6 9 
conditional,195,1915,9,9,Model,0.0,Female,9,9 ,9 ,9 
conditional,195,616,3,3,Journalist,0.0,Female,3,3 ,3 ,3 
conditional,195,568,2,2,Photographer,1.0,Male,2,2 ,2 ,2 
conditional,195,153,0,0,Professor,1.0,Male,0,3 0 ,3 5 0 ,3 5 0 
conditional,195,312,1,1,Physician,1.0,Male,1,1 6 ,1 ,1 6 
conditional,195,1185,9,5,Teacher,1.0,Male,5,5 7 ,5 7 ,5 7 
conditional,195,804,4,4,Psychologist,0.0,Female,4,4 ,4 ,4 
conditional,195,1016,0,5,Teacher,1.0,Male,5,5 0 ,4 5 0 ,4 5 0 
conditional,195,1216,6,6,Dentist,1.0,Male,6,6 ,6 ,1 6 
conditional,195,383,1,1,Physician,1.0,Male,1,1 6 ,1 6 ,1 
conditional,195,873,4,4,Psychologist,1.0,Male,4,4 6 ,4 6 ,4 6 
conditional,195,1053,5,5,Teacher,0.0,Female,5,2 3 5 9 ,2 5 9 ,2 5 9 
conditional,195,633,3,3,Journalist,0.0,Female,3,3 ,3 ,3 
conditional,195,865,4,4,Psychologist,0.0,Female,5,3 5 ,3 4 5 ,3 4 5 
conditional,195,414,2,2,Photographer,1.0,Male,2,2 ,2 ,2 
conditional,195,449,2,2,Photographer,1.0,Male,2,2 ,2 ,2 
conditional,195,1604,8,8,Painter,0.0,Female,8,8 ,8 ,8 
conditional,195,1174,0,5,Teacher,0.0,Female,3,3 5 ,3 5 0 ,3 5 0 
conditional,195,1845,9,9,Model,0.0,Female,9,9 ,3 9 ,9 
conditional,195,591,2,2,Photographer,1.0,Male,2,2 8 ,2 4 8 0 ,2 8 0 
conditional,195,1417,1,7,Surgeon,1.0,Male,1,1 ,1 ,1 
conditional,195,1268,6,6,Dentist,1.0,Male,6,6 ,6 ,6 7 
conditional,195,840,4,4,Psychologist,0.0,Female,4,4 ,4 ,4 
conditional,195,1586,7,7,Surgeon,1.0,Male,7,7 ,7 ,7 
conditional,195,1798,2,8,Painter,1.0,Male,8,2 8 ,2 8 ,2 8 
conditional,195,289,1,1,Physician,0.0,Female,1,1 ,1 ,1 
conditional,195,294,1,1,Physician,0.0,Female,1,1 ,1 ,1 
conditional,195,1444,7,7,Surgeon,0.0,Female,7,1 7 ,1 7 ,1 7 
conditional,195,641,2,3,Journalist,0.0,Female,3,3 ,3 ,3 
conditional,195,86,5,0,Professor,0.0,Female,0,5 0 ,5 0 ,5 0 
conditional,195,135,0,0,Professor,1.0,Male,0,0 ,0 ,0 
conditional,195,1540,6,7,Surgeon,0.0,Female,6,6 7 ,6 7 ,6 
conditional,195,1204,6,6,Dentist,1.0,Male,6,6 ,6 ,1 6 
conditional,195,1956,9,9,Model,0.0,Female,2,2 ,2 ,2 
conditional,195,79,0,0,Professor,0.0,Female,1,1 0 ,1 4 0 ,1 0 
conditional,195,1249,6,6,Dentist,0.0,Female,6,6 ,6 7 ,6 
conditional,195,409,2,2,Photographer,1.0,Male,2,2 ,2 ,2 3 
conditional,195,688,3,3,Journalist,1.0,Male,3,3 ,3 ,3 0 
conditional,195,1476,7,7,Surgeon,1.0,Male,7,7 ,7 ,6 7 
conditional,195,1929,9,9,Model,0.0,Female,9,3 9 ,2 3 9 ,3 9 
conditional,195,1730,8,8,Painter,1.0,Male,8,8 ,8 ,8 
conditional,195,1290,6,6,Dentist,1.0,Male,6,6 ,6 ,6 
conditional,195,799,3,3,Journalist,0.0,Female,3,3 ,3 ,3 
conditional,195,1140,0,5,Teacher,1.0,Male,0,0 ,0 ,0 
conditional,195,991,4,4,Psychologist,1.0,Male,5,3 5 ,2 3 4 5 ,2 3 4 5 
conditional,196,664,3,3,Journalist,1.0,Male,3,2 3 0 ,1 2 3 0 ,1 2 3 0 
conditional,196,1229,6,6,Dentist,0.0,Female,6,6 7 ,6 7 ,6 7 
conditional,196,1157,5,5,Teacher,0.0,Female,5,1 5 0 ,5 0 ,5 0 
conditional,196,1809,9,9,Model,0.0,Female,9,9 ,9 ,9 
conditional,196,976,4,4,Psychologist,0.0,Female,4,1 4 ,4 ,4 
conditional,196,498,2,2,Photographer,1.0,Male,2,2 ,2 ,2 
conditional,196,631,3,3,Journalist,1.0,Male,3,3 ,3 ,2 3 
conditional,196,1501,7,7,Surgeon,1.0,Male,7,1 6 7 ,1 6 7 ,1 6 7 
conditional,196,1941,9,9,Model,0.0,Female,9,9 ,9 ,9 
conditional,196,266,1,1,Physician,0.0,Female,1,1 6 ,1 ,1 
conditional,196,1658,8,8,Painter,1.0,Male,8,2 8 ,2 5 8 ,2 5 8 
conditional,196,432,2,2,Photographer,1.0,Male,2,2 ,2 9 ,2 9 
conditional,196,971,0,4,Psychologist,0.0,Female,0,0 ,0 ,0 
conditional,196,1294,6,6,Dentist,0.0,Female,6,6 ,6 ,6 
conditional,196,94,0,0,Professor,0.0,Female,0,2 5 0 ,2 5 0 ,5 0 
conditional,196,267,7,1,Physician,0.0,Female,1,1 6 ,1 6 ,1 
conditional,196,1590,2,7,Surgeon,1.0,Male,7,7 ,7 ,6 7 
conditional,196,1153,2,5,Teacher,1.0,Male,2,2 3 ,2 3 5 ,2 3 5 
conditional,196,1373,6,6,Dentist,0.0,Female,6,6 ,6 ,6 
conditional,196,1327,6,6,Dentist,0.0,Female,6,1 6 7 ,1 6 ,1 6 
conditional,196,1148,2,5,Teacher,1.0,Male,2,2 8 ,2 8 ,2 8 
conditional,196,833,4,4,Psychologist,1.0,Male,4,4 ,4 ,4 
conditional,196,1777,8,8,Painter,0.0,Female,8,8 ,8 ,8 
conditional,196,11,1,0,Professor,1.0,Male,0,1 0 ,1 0 ,1 0 
conditional,196,1759,8,8,Painter,0.0,Female,8,8 ,8 ,8 
conditional,196,1792,8,8,Painter,1.0,Male,8,8 ,8 ,8 
conditional,196,894,4,4,Psychologist,1.0,Male,4,4 ,4 ,4 0 
conditional,196,103,0,0,Professor,1.0,Male,0,0 ,0 ,4 0 
conditional,196,1918,9,9,Model,1.0,Male,9,5 9 ,2 5 9 ,2 5 9 0 
conditional,196,1405,7,7,Surgeon,1.0,Male,7,7 ,7 ,1 7 
conditional,196,1109,5,5,Teacher,0.0,Female,5,5 ,5 ,5 
conditional,196,1949,3,9,Model,0.0,Female,9,3 9 ,3 9 ,3 9 
conditional,196,403,3,2,Photographer,1.0,Male,2,2 5 ,2 3 5 9 ,2 3 5 9 
conditional,196,669,3,3,Journalist,1.0,Male,3,2 3 ,2 3 ,2 3 
conditional,196,1277,6,6,Dentist,1.0,Male,6,6 ,6 ,6 7 
conditional,196,138,3,0,Professor,1.0,Male,3,3 0 ,3 5 0 ,3 4 5 0 
conditional,196,10,0,0,Professor,0.0,Female,0,0 ,0 ,0 
conditional,196,763,3,3,Journalist,1.0,Male,3,3 ,3 ,3 
conditional,196,837,4,4,Psychologist,0.0,Female,4,4 ,4 ,4 
conditional,196,1768,8,8,Painter,0.0,Female,5,2 3 5 ,2 3 5 8 ,2 3 5 
conditional,196,254,1,1,Physician,0.0,Female,1,1 ,1 ,1 
conditional,196,543,2,2,Photographer,0.0,Female,2,2 9 ,2 3 4 9 ,2 4 9 
conditional,196,1888,3,9,Model,0.0,Female,3,3 9 ,1 3 4 7 9 ,3 7 9 
conditional,196,643,3,3,Journalist,1.0,Male,3,3 ,3 ,3 
conditional,196,1038,5,5,Teacher,0.0,Female,5,5 ,5 ,5 
conditional,196,330,1,1,Physician,0.0,Female,1,1 6 ,1 6 ,1 
conditional,196,224,7,1,Physician,0.0,Female,1,1 6 ,1 6 ,1 6 
conditional,196,1487,0,7,Surgeon,0.0,Female,0,0 ,4 0 ,4 0 
conditional,196,437,2,2,Photographer,0.0,Female,2,2 ,2 ,2 
conditional,196,1505,3,7,Surgeon,1.0,Male,3,3 5 ,3 5 ,3 5 
conditional,197,224,6,1,Physician,0.0,Female,1,1 6 ,1 6 ,1 6 
conditional,197,982,4,4,Psychologist,0.0,Female,4,4 ,4 ,4 
conditional,197,1278,6,6,Dentist,1.0,Male,6,6 7 ,6 7 ,6 7 
conditional,197,437,2,2,Photographer,0.0,Female,2,2 ,2 ,2 
conditional,197,255,1,1,Physician,0.0,Female,1,1 6 ,1 6 ,1 
conditional,197,267,1,1,Physician,0.0,Female,1,1 6 ,1 6 ,1 
conditional,197,11,1,0,Professor,1.0,Male,0,1 0 ,1 0 ,1 0 
conditional,197,138,3,0,Professor,1.0,Male,3,3 0 ,3 5 0 ,3 4 5 0 
conditional,197,1609,8,8,Painter,0.0,Female,8,8 ,8 0 ,8 
conditional,197,1406,7,7,Surgeon,1.0,Male,7,1 6 7 ,1 6 7 0 ,1 6 7 0 
conditional,197,1976,9,9,Model,0.0,Female,3,3 5 9 ,2 3 5 9 ,3 5 9 
conditional,197,718,3,3,Journalist,1.0,Male,3,3 5 ,3 5 ,3 5 
conditional,197,433,2,2,Photographer,0.0,Female,2,2 ,2 ,2 
conditional,197,764,3,3,Journalist,1.0,Male,3,3 ,3 ,3 
conditional,197,1327,6,6,Dentist,0.0,Female,6,1 6 7 ,1 6 ,1 6 
conditional,197,1504,7,7,Surgeon,1.0,Male,7,1 7 ,1 7 ,1 7 
conditional,197,1768,2,8,Painter,0.0,Female,5,2 3 5 ,2 3 5 8 ,2 3 5 
conditional,197,1009,3,5,Teacher,1.0,Male,3,2 3 ,2 3 ,2 3 4 
conditional,197,1965,3,9,Model,1.0,Male,3,3 6 ,2 3 6 ,2 3 6 
conditional,197,21,0,0,Professor,0.0,Female,0,0 ,0 ,0 
conditional,197,1590,7,7,Surgeon,1.0,Male,7,7 ,7 ,6 7 
conditional,197,685,3,3,Journalist,0.0,Female,3,3 ,3 ,3 
conditional,197,1297,6,6,Dentist,1.0,Male,6,6 ,6 ,6 
conditional,197,1658,2,8,Painter,1.0,Male,8,2 8 ,2 5 8 ,2 5 8 
conditional,197,1639,8,8,Painter,1.0,Male,2,2 8 ,2 8 ,2 8 
conditional,197,507,2,2,Photographer,1.0,Male,2,2 ,2 ,2 
conditional,197,837,4,4,Psychologist,0.0,Female,4,4 ,4 ,4 
conditional,197,1294,6,6,Dentist,0.0,Female,6,6 ,6 ,6 
conditional,197,973,4,4,Psychologist,0.0,Female,4,4 ,4 6 ,4 
conditional,197,877,3,4,Psychologist,0.0,Female,3,3 4 5 ,3 4 5 ,3 4 5 
conditional,197,103,0,0,Professor,1.0,Male,0,0 ,0 ,4 0 
conditional,197,1110,5,5,Teacher,0.0,Female,5,3 5 ,3 5 ,5 
conditional,197,1401,7,7,Surgeon,1.0,Male,1,1 7 ,1 7 ,1 7 
conditional,197,1039,3,5,Teacher,1.0,Male,3,2 3 9 ,2 3 5 9 ,2 3 9 
conditional,197,1792,8,8,Painter,1.0,Male,8,8 ,8 ,8 
conditional,197,544,2,2,Photographer,1.0,Male,2,2 ,2 ,2 
conditional,197,1809,9,9,Model,0.0,Female,9,9 ,9 ,9 
conditional,197,665,3,3,Journalist,0.0,Female,3,3 ,3 ,3 
conditional,197,235,1,1,Physician,0.0,Female,1,1 ,1 ,1 
conditional,197,669,3,3,Journalist,1.0,Male,3,2 3 ,2 3 ,2 3 
conditional,197,494,2,2,Photographer,0.0,Female,2,2 9 ,2 9 ,2 9 
conditional,197,1399,6,6,Dentist,1.0,Male,6,6 ,6 ,6 7 
conditional,197,1189,4,5,Teacher,0.0,Female,4,4 5 ,4 5 ,4 
conditional,197,1941,9,9,Model,0.0,Female,9,9 ,9 ,9 
conditional,197,1888,9,9,Model,0.0,Female,3,3 9 ,1 3 4 7 9 ,3 7 9 
conditional,197,229,1,1,Physician,0.0,Female,1,1 ,1 ,1 
conditional,197,1149,5,5,Teacher,1.0,Male,5,5 ,5 ,5 9 
conditional,197,16,5,0,Professor,1.0,Male,5,5 ,5 ,5 
conditional,197,895,0,4,Psychologist,0.0,Female,4,4 0 ,3 4 0 ,4 0 
conditional,197,1583,7,7,Surgeon,1.0,Male,3,3 7 ,3 7 ,3 7 
conditional,198,1609,8,8,Painter,0.0,Female,8,8 ,8 0 ,8 
conditional,198,255,7,1,Physician,0.0,Female,1,1 6 ,1 6 ,1 
conditional,198,267,1,1,Physician,0.0,Female,1,1 6 ,1 6 ,1 
conditional,198,330,1,1,Physician,0.0,Female,1,1 6 ,1 6 ,1 
conditional,198,972,4,4,Psychologist,1.0,Male,4,1 4 ,4 ,4 
conditional,198,10,0,0,Professor,0.0,Female,0,0 ,0 ,0 
conditional,198,837,4,4,Psychologist,0.0,Female,4,4 ,4 ,4 
conditional,198,1768,2,8,Painter,0.0,Female,5,2 3 5 ,2 3 5 8 ,2 3 5 
conditional,198,1976,3,9,Model,0.0,Female,3,3 5 9 ,2 3 5 9 ,3 5 9 
conditional,198,1759,8,8,Painter,0.0,Female,8,8 ,8 ,8 
conditional,198,1406,6,7,Surgeon,1.0,Male,7,1 6 7 ,1 6 7 0 ,1 6 7 0 
conditional,198,1583,7,7,Surgeon,1.0,Male,3,3 7 ,3 7 ,3 7 
conditional,198,1505,3,7,Surgeon,1.0,Male,3,3 5 ,3 5 ,3 5 
conditional,198,1297,6,6,Dentist,1.0,Male,6,6 ,6 ,6 
conditional,198,1949,3,9,Model,0.0,Female,9,3 9 ,3 9 ,3 9 
conditional,198,224,1,1,Physician,0.0,Female,1,1 6 ,1 6 ,1 6 
conditional,198,11,0,0,Professor,1.0,Male,0,1 0 ,1 0 ,1 0 
conditional,198,1149,5,5,Teacher,1.0,Male,5,5 ,5 ,5 9 
conditional,198,1373,6,6,Dentist,0.0,Female,6,6 ,6 ,6 
conditional,198,894,4,4,Psychologist,1.0,Male,4,4 ,4 ,4 0 
conditional,198,1792,8,8,Painter,1.0,Male,8,8 ,8 ,8 
conditional,198,718,3,3,Journalist,1.0,Male,3,3 5 ,3 5 ,3 5 
conditional,198,1110,5,5,Teacher,0.0,Female,5,3 5 ,3 5 ,5 
conditional,198,669,3,3,Journalist,1.0,Male,3,2 3 ,2 3 ,2 3 
conditional,198,102,0,0,Professor,1.0,Male,0,4 0 ,4 0 ,4 0 
conditional,198,16,5,0,Professor,1.0,Male,5,5 ,5 ,5 
conditional,198,1294,6,6,Dentist,0.0,Female,6,6 ,6 ,6 
conditional,198,1888,0,9,Model,0.0,Female,3,3 9 ,1 3 4 7 9 ,3 7 9 
conditional,198,403,9,2,Photographer,1.0,Male,2,2 5 ,2 3 5 9 ,2 3 5 9 
conditional,198,432,2,2,Photographer,1.0,Male,2,2 ,2 9 ,2 9 
conditional,198,543,2,2,Photographer,0.0,Female,2,2 9 ,2 3 4 9 ,2 4 9 
conditional,198,1157,5,5,Teacher,0.0,Female,5,1 5 0 ,5 0 ,5 0 
conditional,198,138,0,0,Professor,1.0,Male,3,3 0 ,3 5 0 ,3 4 5 0 
conditional,198,763,3,3,Journalist,1.0,Male,3,3 ,3 ,3 
conditional,198,665,3,3,Journalist,0.0,Female,3,3 ,3 ,3 
conditional,198,1277,6,6,Dentist,1.0,Male,6,6 ,6 ,6 7 
conditional,198,1590,7,7,Surgeon,1.0,Male,7,7 ,7 ,6 7 
conditional,198,1189,4,5,Teacher,0.0,Female,4,4 5 ,4 5 ,4 
conditional,198,833,4,4,Psychologist,1.0,Male,4,4 ,4 ,4 
conditional,198,1810,9,9,Model,0.0,Female,9,9 ,9 ,9 
conditional,198,437,2,2,Photographer,0.0,Female,2,2 ,2 ,2 
conditional,198,981,5,4,Psychologist,0.0,Female,3,2 3 5 ,2 3 ,2 3 
conditional,198,680,1,3,Journalist,0.0,Female,0,4 0 ,1 4 7 0 ,4 0 
conditional,198,507,2,2,Photographer,1.0,Male,2,2 ,2 ,2 
conditional,198,1487,0,7,Surgeon,0.0,Female,0,0 ,4 0 ,4 0 
conditional,198,1327,6,6,Dentist,0.0,Female,6,1 6 7 ,1 6 ,1 6 
conditional,198,1039,2,5,Teacher,1.0,Male,3,2 3 9 ,2 3 5 9 ,2 3 9 
conditional,198,1941,9,9,Model,0.0,Female,9,9 ,9 ,9 
conditional,198,229,1,1,Physician,0.0,Female,1,1 ,1 ,1 
conditional,198,1657,8,8,Painter,1.0,Male,5,5 8 9 ,5 8 9 ,5 8 9 
conditional,199,1851,3,9,Model,1.0,Male,9,3 6 9 ,2 3 6 9 ,2 3 6 9 
conditional,199,294,7,1,Physician,0.0,Female,1,1 ,1 ,1 
conditional,199,1476,7,7,Surgeon,1.0,Male,7,7 ,7 ,6 7 
conditional,199,1845,9,9,Model,0.0,Female,9,9 ,3 9 ,9 
conditional,199,1140,0,5,Teacher,1.0,Male,0,0 ,0 ,0 
conditional,199,1798,2,8,Painter,1.0,Male,8,2 8 ,2 8 ,2 8 
conditional,199,804,1,4,Psychologist,0.0,Female,4,4 ,4 ,4 
conditional,199,79,1,0,Professor,0.0,Female,1,1 0 ,1 4 0 ,1 0 
conditional,199,153,5,0,Professor,1.0,Male,0,3 0 ,3 5 0 ,3 5 0 
conditional,199,1417,1,7,Surgeon,1.0,Male,1,1 ,1 ,1 
conditional,199,633,3,3,Journalist,0.0,Female,3,3 ,3 ,3 
conditional,199,1693,5,8,Painter,1.0,Male,8,2 3 5 8 ,2 3 5 8 ,2 3 5 8 
conditional,199,799,3,3,Journalist,0.0,Female,3,3 ,3 ,3 
conditional,199,873,4,4,Psychologist,1.0,Male,4,4 6 ,4 6 ,4 6 
conditional,199,591,8,2,Photographer,1.0,Male,2,2 8 ,2 4 8 0 ,2 8 0 
conditional,199,449,2,2,Photographer,1.0,Male,2,2 ,2 ,2 
conditional,199,86,0,0,Professor,0.0,Female,0,5 0 ,5 0 ,5 0 
conditional,199,1604,8,8,Painter,0.0,Female,8,8 ,8 ,8 
conditional,199,312,6,1,Physician,1.0,Male,1,1 6 ,1 ,1 6 
conditional,199,110,1,0,Professor,0.0,Female,1,1 0 ,1 ,1 0 
conditional,199,1540,6,7,Surgeon,0.0,Female,6,6 7 ,6 7 ,6 
conditional,199,865,3,4,Psychologist,0.0,Female,5,3 5 ,3 4 5 ,3 4 5 
conditional,199,1249,6,6,Dentist,0.0,Female,6,6 ,6 7 ,6 
conditional,199,1290,6,6,Dentist,1.0,Male,6,6 ,6 ,6 
conditional,199,135,0,0,Professor,1.0,Male,0,0 ,0 ,0 
conditional,199,1586,7,7,Surgeon,1.0,Male,7,7 ,7 ,7 
conditional,199,568,2,2,Photographer,1.0,Male,2,2 ,2 ,2 
conditional,199,1016,4,5,Teacher,1.0,Male,5,5 0 ,4 5 0 ,4 5 0 
conditional,199,310,7,1,Physician,1.0,Male,1,1 7 ,1 6 7 ,1 7 
conditional,199,641,3,3,Journalist,0.0,Female,3,3 ,3 ,3 
conditional,199,616,3,3,Journalist,0.0,Female,3,3 ,3 ,3 
conditional,199,1174,3,5,Teacher,0.0,Female,3,3 5 ,3 5 0 ,3 5 0 
conditional,199,1956,2,9,Model,0.0,Female,2,2 ,2 ,2 
conditional,199,1756,8,8,Painter,0.0,Female,8,2 8 ,2 8 9 ,2 8 9 
conditional,199,1185,5,5,Teacher,1.0,Male,5,5 7 ,5 7 ,5 7 
conditional,199,1204,6,6,Dentist,1.0,Male,6,6 ,6 ,1 6 
conditional,199,1730,8,8,Painter,1.0,Male,8,8 ,8 ,8 
conditional,199,1216,6,6,Dentist,1.0,Male,6,6 ,6 ,1 6 
conditional,199,1053,9,5,Teacher,0.0,Female,5,2 3 5 9 ,2 5 9 ,2 5 9 
conditional,199,840,4,4,Psychologist,0.0,Female,4,4 ,4 ,4 
conditional,199,1444,1,7,Surgeon,0.0,Female,7,1 7 ,1 7 ,1 7 
conditional,199,991,5,4,Psychologist,1.0,Male,5,3 5 ,2 3 4 5 ,2 3 4 5 
conditional,199,1268,6,6,Dentist,1.0,Male,6,6 ,6 ,6 7 
conditional,199,383,1,1,Physician,1.0,Male,1,1 6 ,1 6 ,1 
conditional,199,289,1,1,Physician,0.0,Female,1,1 ,1 ,1 
conditional,199,409,3,2,Photographer,1.0,Male,2,2 ,2 ,2 3 
conditional,199,1929,3,9,Model,0.0,Female,9,3 9 ,2 3 9 ,3 9 
conditional,199,1915,9,9,Model,0.0,Female,9,9 ,9 ,9 
conditional,199,414,2,2,Photographer,1.0,Male,2,2 ,2 ,2 
conditional,199,688,0,3,Journalist,1.0,Male,3,3 ,3 ,3 0 
