experiment,participant_id,prompt_idx,response,label,label_text,group,group_text,top1,avgk_set,conformal_marginal_set,conformal_conditional_set
control,400,177,2,3,Happy,1.0,Female,1,1 2 4,1 2 4,1 2 4
control,400,59,6,6,Fearful,1.0,Female,6,3 4 6,3 4 6,3 4 6
control,400,272,5,5,Angry,1.0,Female,5,5 8,5 8,5 8
control,400,198,1,1,Neutral,1.0,Female,2,1 2,1 2,1 2
control,400,228,5,5,Angry,0.0,Male,5,5,5,5
control,400,148,2,2,Calm,1.0,Female,2,2,2 4,2
control,400,214,6,8,Surprised,0.0,Male,8,3 6 8,3 6 8,3 6 8
control,400,120,7,7,Disgust,0.0,Male,7,2 4 7,2 4 7,2 4 7
control,400,110,7,6,Fearful,0.0,Male,6,3 4 6,3 4 6,3 4 6
control,400,219,8,7,Disgust,0.0,Male,7,7,7,5 7
control,400,218,3,3,Happy,0.0,Male,1,1 2,1 2 8,1 2 8
control,400,212,5,5,Angry,0.0,Male,5,5 8,3 5 8,3 5 8
control,400,96,2,2,Calm,0.0,Male,2,2,2,1 2
control,400,14,3,8,Surprised,0.0,Male,8,3 6 8,3 6 8,3 6 8
control,400,209,2,2,Calm,1.0,Female,2,2,2,2
control,400,252,3,3,Happy,0.0,Male,3,3 4 6 8,3 6 8,3 6 8
control,400,305,8,8,Surprised,1.0,Female,8,3 8,8,8
control,400,23,8,8,Surprised,1.0,Female,8,3 8,3 8,3 8
control,400,289,4,4,Sad,0.0,Male,4,1 2 4,1 2 4,1 2 4
control,400,168,7,5,Angry,1.0,Female,5,5,5,5
control,400,242,2,2,Calm,1.0,Female,2,2,2,2
control,400,354,5,5,Angry,1.0,Female,5,5,5,5
control,400,344,6,6,Fearful,1.0,Female,6,3 6,3 4 6,3 6
control,400,79,7,6,Fearful,1.0,Female,6,3 6,3 6 8,3 6
control,400,317,5,7,Disgust,1.0,Female,7,7,7,7
control,400,283,2,1,Neutral,0.0,Male,1,1 2,1 2,1 2 4
control,400,350,3,7,Disgust,1.0,Female,7,5 7,5 7,7
control,400,136,5,5,Angry,1.0,Female,5,5,5,5
control,400,319,3,1,Neutral,1.0,Female,2,1 2,1 2,1 2
control,400,287,2,4,Sad,0.0,Male,2,1 2 4,1 2 4,1 2 4
control,400,197,7,7,Disgust,1.0,Female,7,7,7,7
control,400,179,6,6,Fearful,0.0,Male,6,3 6,3 6 8,3 6 8
control,400,307,3,3,Happy,1.0,Female,3,3 4 6,3 4 6,3 4 6
control,400,290,8,3,Happy,1.0,Female,6,3 6,3 4 6,3 6
control,400,80,7,7,Disgust,1.0,Female,7,5 7,5 7,5 7
control,400,321,3,8,Surprised,1.0,Female,8,3 8,3 8,8
control,400,355,4,4,Sad,1.0,Female,4,2 4,2 4,2 4
control,400,152,3,4,Sad,0.0,Male,4,4,4,2 4
control,400,5,4,4,Sad,0.0,Male,4,2 4,2 4,2 4
control,400,155,2,4,Sad,1.0,Female,2,2,2,2
control,400,72,4,4,Sad,1.0,Female,4,4,4,4
control,400,44,6,6,Fearful,0.0,Male,3,3 4 6,3 4 6,3 4 6
control,400,82,7,6,Fearful,0.0,Male,4,3 4 6,3 4 6,3 4 6
control,400,103,2,2,Calm,0.0,Male,2,2,2,1 2
control,400,33,8,8,Surprised,0.0,Male,8,3 8,3 8,3 8
control,400,175,1,2,Calm,1.0,Female,2,1 2,1 2,1 2
control,400,160,5,5,Angry,1.0,Female,5,5,5,5
control,400,135,2,2,Calm,1.0,Female,2,1 2,2,2
control,400,351,3,3,Happy,0.0,Male,6,3 6 8,3 6 8,3 6 8
control,400,188,8,8,Surprised,0.0,Male,8,3 6 8,3 8,3 6 8
control,401,212,7,5,Angry,0.0,Male,5,5 8,3 5 8,3 5 8
control,401,206,7,5,Angry,1.0,Female,5,5,5,5
control,401,32,5,7,Disgust,1.0,Female,7,5 7,7,7
control,401,76,2,7,Disgust,0.0,Male,7,5 7,7,5 7
control,401,2,6,6,Fearful,1.0,Female,6,3 6,3 6,3 6
control,401,251,6,6,Fearful,0.0,Male,6,3 6 8,3 6 8,3 6 8
control,401,98,6,6,Fearful,0.0,Male,6,3 6,3 4 6,3 4 6
control,401,23,8,8,Surprised,1.0,Female,8,3 8,3 8,3 8
control,401,96,2,2,Calm,0.0,Male,2,2,2,1 2
control,401,14,8,8,Surprised,0.0,Male,8,3 6 8,3 6 8,3 6 8
control,401,104,7,3,Happy,0.0,Male,6,3 5 6 8,3 5 6,3 5 6
control,401,233,6,6,Fearful,1.0,Female,6,3 6,3 5 6,3 5 6
control,401,94,5,5,Angry,1.0,Female,5,5,5,5
control,401,275,2,2,Calm,0.0,Male,2,2,2,1 2
control,401,198,1,1,Neutral,1.0,Female,2,1 2,1 2,1 2
control,401,114,4,2,Calm,1.0,Female,2,1 2,1 2,2
control,401,118,3,3,Happy,1.0,Female,1,1 2,1 2 4,1 2
control,401,111,2,2,Calm,0.0,Male,2,1 2,2,1 2
control,401,226,1,4,Sad,0.0,Male,2,2,2,1 2 4
control,401,47,7,7,Disgust,1.0,Female,7,5 7,7,7
control,401,1,2,6,Fearful,0.0,Male,4,2 4,2 4,1 2 4
control,401,298,8,8,Surprised,0.0,Male,8,1 3 8,1 3 8,1 3 8
control,401,155,4,4,Sad,1.0,Female,2,2,2,2
control,401,81,8,8,Surprised,1.0,Female,8,3 8,8,8
control,401,166,2,3,Happy,0.0,Male,8,3 6 8,3 6 8,3 6 8
control,401,101,7,7,Disgust,0.0,Male,7,5 7,5 7,5 7
control,401,109,4,1,Neutral,1.0,Female,2,1 2,1 2,1 2
control,401,45,3,7,Disgust,1.0,Female,7,7,7,7
control,401,211,4,2,Calm,0.0,Male,2,2,2,1 2
control,401,121,6,4,Sad,0.0,Male,4,3 4,3 4 6,3 4 6
control,401,115,5,5,Angry,0.0,Male,5,5,5,5
control,401,247,4,4,Sad,1.0,Female,4,3 4 6,3 4,3 4 6
control,401,60,3,3,Happy,0.0,Male,1,1 2,1 2,1 2 4
control,401,174,5,5,Angry,0.0,Male,5,5,5,5
control,401,313,5,5,Angry,0.0,Male,5,5,5,5
control,401,201,8,5,Angry,0.0,Male,5,5,5,5
control,401,97,8,8,Surprised,0.0,Male,8,1 3 6 8,1 3 8,1 3 8
control,401,193,5,5,Angry,1.0,Female,5,5,5,5
control,401,83,3,3,Happy,0.0,Male,3,3 4 6,3 4 6,3 4 6
control,401,137,6,6,Fearful,1.0,Female,6,3 4 6,3 4 6,3 4 6
control,401,70,2,2,Calm,0.0,Male,2,2,2,1 2
control,401,260,4,3,Happy,0.0,Male,2,1 2,1 2,1 2
control,401,357,4,4,Sad,1.0,Female,4,2 4,4,4
control,401,112,8,8,Surprised,0.0,Male,8,3 8,3 8,3 8
control,401,267,4,1,Neutral,0.0,Male,2,1 2,1 2,1 2
control,401,304,7,7,Disgust,0.0,Male,7,7,7,7
control,401,257,2,2,Calm,1.0,Female,2,1 2,1 2,1 2
control,401,27,7,7,Disgust,1.0,Female,7,7,7,7
control,401,167,4,1,Neutral,0.0,Male,2,1 2,1 2,1 2
control,401,349,2,1,Neutral,0.0,Male,2,1 2,1 2,1 2 4
control,402,284,1,5,Angry,1.0,Female,5,5,5,5
control,402,101,7,7,Disgust,0.0,Male,7,5 7,5 7,5 7
control,402,46,6,4,Sad,0.0,Male,4,4,4,2 3 4
control,402,123,3,2,Calm,0.0,Male,2,1 2,2,1 2
control,402,12,5,5,Angry,1.0,Female,5,5,5,5
control,402,58,4,4,Sad,1.0,Female,2,2,2 4,2
control,402,83,3,3,Happy,0.0,Male,3,3 4 6,3 4 6,3 4 6
control,402,45,7,7,Disgust,1.0,Female,7,7,7,7
control,402,62,8,8,Surprised,1.0,Female,8,3 8,8,8
control,402,108,4,4,Sad,0.0,Male,2,2 4,2 4,2 4 7
control,402,147,2,3,Happy,0.0,Male,1,1 2,1 2,1 2 4
control,402,30,5,2,Calm,1.0,Female,2,2,2,2
control,402,7,7,1,Neutral,0.0,Male,2,1 2,1 2,1 2
control,402,298,8,8,Surprised,0.0,Male,8,1 3 8,1 3 8,1 3 8
control,402,228,5,5,Angry,0.0,Male,5,5,5,5
control,402,242,2,2,Calm,1.0,Female,2,2,2,2
control,402,76,7,7,Disgust,0.0,Male,7,5 7,7,5 7
control,402,224,3,3,Happy,0.0,Male,4,1 2 3 4,1 2 4,1 2 4
control,402,294,3,3,Happy,1.0,Female,1,1 3 8,1 3 8,1 3 8
control,402,110,6,6,Fearful,0.0,Male,6,3 4 6,3 4 6,3 4 6
control,402,205,1,3,Happy,1.0,Female,1,1 3 4 8,1 3 8,1 3 8
control,402,203,5,7,Disgust,1.0,Female,7,5 7,5 7,5 7
control,402,144,1,1,Neutral,0.0,Male,2,1 2,1 2,1 2
control,402,115,5,5,Angry,0.0,Male,5,5,5,5
control,402,100,8,8,Surprised,1.0,Female,8,3 8,3 8,8
control,402,214,6,8,Surprised,0.0,Male,8,3 6 8,3 6 8,3 6 8
control,402,271,6,6,Fearful,1.0,Female,6,3 6,3 6,3 6
control,402,134,5,5,Angry,1.0,Female,5,5,5,5
control,402,275,2,2,Calm,0.0,Male,2,2,2,1 2
control,402,329,5,5,Angry,0.0,Male,5,5,5,5
control,402,235,5,5,Angry,0.0,Male,5,5,5,5
control,402,142,8,8,Surprised,0.0,Male,8,3 8,8,3 8
control,402,116,7,7,Disgust,0.0,Male,7,5 7,5 7,5 7
control,402,169,6,6,Fearful,1.0,Female,6,3 6,3 6 8,3 6
control,402,216,3,3,Happy,1.0,Female,6,3 6 8,3 6 8,3 6
control,402,153,2,1,Neutral,1.0,Female,2,1 2,1 2,1 2
control,402,341,6,7,Disgust,1.0,Female,7,7,7,7
control,402,197,7,7,Disgust,1.0,Female,7,7,7,7
control,402,21,7,7,Disgust,1.0,Female,7,7,7,7
control,402,316,5,5,Angry,1.0,Female,5,5,5,5
control,402,157,7,7,Disgust,1.0,Female,7,7,7,7
control,402,355,6,4,Sad,1.0,Female,4,2 4,2 4,2 4
control,402,346,4,4,Sad,0.0,Male,2,2 4,2 4,1 2 4
control,402,172,2,2,Calm,1.0,Female,2,2,2,2
control,402,102,1,3,Happy,1.0,Female,1,1 2,1 2 4,1 2
control,402,222,3,8,Surprised,0.0,Male,8,3 8,3 8,1 3 8
control,402,281,3,3,Happy,0.0,Male,8,3 6 8,3 6 8,3 6 8
control,402,60,3,3,Happy,0.0,Male,1,1 2,1 2,1 2 4
control,402,173,5,6,Fearful,0.0,Male,8,3 5 6 8,3 6 8,3 6 8
control,402,274,1,6,Fearful,0.0,Male,3,3 4 6,3 4 6,3 4 6
control,403,147,1,3,Happy,0.0,Male,1,1 2,1 2,1 2 4
control,403,23,6,8,Surprised,1.0,Female,8,3 8,3 8,3 8
control,403,94,5,5,Angry,1.0,Female,5,5,5,5
control,403,310,7,7,Disgust,1.0,Female,7,5 7,5 7,7
control,403,245,5,5,Angry,1.0,Female,5,5,5,5
control,403,218,1,3,Happy,0.0,Male,1,1 2,1 2 8,1 2 8
control,403,45,3,7,Disgust,1.0,Female,7,7,7,7
control,403,222,2,8,Surprised,0.0,Male,8,3 8,3 8,1 3 8
control,403,300,2,4,Sad,1.0,Female,2,2 4,2 4,2 4
control,403,164,2,2,Calm,1.0,Female,2,1 2,1 2,2
control,403,70,2,2,Calm,0.0,Male,2,2,2,1 2
control,403,33,8,8,Surprised,0.0,Male,8,3 8,3 8,3 8
control,403,139,6,6,Fearful,1.0,Female,6,3 6,3 6,3 6
control,403,57,2,2,Calm,0.0,Male,2,2,2,1 2
control,403,103,2,2,Calm,0.0,Male,2,2,2,1 2
control,403,337,3,8,Surprised,1.0,Female,1,1 3 8,1 3 8,1 3 8
control,403,249,7,7,Disgust,0.0,Male,7,7,7,7
control,403,178,5,5,Angry,1.0,Female,5,5 8,1 5 8,5 8
control,403,205,3,3,Happy,1.0,Female,1,1 3 4 8,1 3 8,1 3 8
control,403,51,1,8,Surprised,0.0,Male,1,1 3 8,1 3 8,1 3 8
control,403,201,5,5,Angry,0.0,Male,5,5,5,5
control,403,215,6,4,Sad,0.0,Male,4,3 4,3 4,3 4 6
control,403,254,1,3,Happy,0.0,Male,1,1 2,1 2 4,1 2 4
control,403,290,8,3,Happy,1.0,Female,6,3 6,3 4 6,3 6
control,403,110,6,6,Fearful,0.0,Male,6,3 4 6,3 4 6,3 4 6
control,403,343,7,5,Angry,1.0,Female,5,5,5,5
control,403,44,6,6,Fearful,0.0,Male,3,3 4 6,3 4 6,3 4 6
control,403,357,4,4,Sad,1.0,Female,4,2 4,4,4
control,403,286,6,7,Disgust,0.0,Male,7,4 7,7,4 7
control,403,61,8,6,Fearful,0.0,Male,6,3 6 8,3 6 8,3 6 8
control,403,59,6,6,Fearful,1.0,Female,6,3 4 6,3 4 6,3 4 6
control,403,119,8,6,Fearful,0.0,Male,8,3 8,3 8,3 6 8
control,403,246,3,3,Happy,1.0,Female,1,1 3 4 8,1 3 4,1 3 4
control,403,272,5,5,Angry,1.0,Female,5,5 8,5 8,5 8
control,403,30,2,2,Calm,1.0,Female,2,2,2,2
control,403,144,1,1,Neutral,0.0,Male,2,1 2,1 2,1 2
control,403,267,1,1,Neutral,0.0,Male,2,1 2,1 2,1 2
control,403,226,2,4,Sad,0.0,Male,2,2,2,1 2 4
control,403,2,6,6,Fearful,1.0,Female,6,3 6,3 6,3 6
control,403,5,4,4,Sad,0.0,Male,4,2 4,2 4,2 4
control,403,34,5,5,Angry,0.0,Male,5,5,5,5
control,403,242,2,2,Calm,1.0,Female,2,2,2,2
control,403,97,3,8,Surprised,0.0,Male,8,1 3 6 8,1 3 8,1 3 8
control,403,305,8,8,Surprised,1.0,Female,8,3 8,8,8
control,403,86,1,7,Disgust,1.0,Female,2,2,2,2
control,403,175,2,2,Calm,1.0,Female,2,1 2,1 2,1 2
control,403,220,3,3,Happy,1.0,Female,1,1 2,1 2 4,1 2
control,403,18,4,4,Sad,0.0,Male,2,1 2 4,1 2 4,1 2 4
control,403,234,5,5,Angry,1.0,Female,5,5,5,5
control,403,285,3,4,Sad,0.0,Male,4,2 4,2 4,2 4
control,404,300,4,4,Sad,1.0,Female,2,2 4,2 4,2 4
control,404,23,8,8,Surprised,1.0,Female,8,3 8,3 8,3 8
control,404,110,6,6,Fearful,0.0,Male,6,3 4 6,3 4 6,3 4 6
control,404,57,2,2,Calm,0.0,Male,2,2,2,1 2
control,404,61,6,6,Fearful,0.0,Male,6,3 6 8,3 6 8,3 6 8
control,404,178,7,5,Angry,1.0,Female,5,5 8,1 5 8,5 8
control,404,290,6,3,Happy,1.0,Female,6,3 6,3 4 6,3 6
control,404,226,2,4,Sad,0.0,Male,2,2,2,1 2 4
control,404,45,7,7,Disgust,1.0,Female,7,7,7,7
control,404,286,7,7,Disgust,0.0,Male,7,4 7,7,4 7
control,404,218,1,3,Happy,0.0,Male,1,1 2,1 2 8,1 2 8
control,404,33,8,8,Surprised,0.0,Male,8,3 8,3 8,3 8
control,404,44,6,6,Fearful,0.0,Male,3,3 4 6,3 4 6,3 4 6
control,404,267,1,1,Neutral,0.0,Male,2,1 2,1 2,1 2
control,404,205,3,3,Happy,1.0,Female,1,1 3 4 8,1 3 8,1 3 8
control,404,34,6,5,Angry,0.0,Male,5,5,5,5
control,404,254,1,3,Happy,0.0,Male,1,1 2,1 2 4,1 2 4
control,404,285,6,4,Sad,0.0,Male,4,2 4,2 4,2 4
control,404,5,4,4,Sad,0.0,Male,4,2 4,2 4,2 4
control,404,305,8,8,Surprised,1.0,Female,8,3 8,8,8
control,404,175,1,2,Calm,1.0,Female,2,1 2,1 2,1 2
control,404,343,7,5,Angry,1.0,Female,5,5,5,5
control,404,86,1,7,Disgust,1.0,Female,2,2,2,2
control,404,30,7,2,Calm,1.0,Female,2,2,2,2
control,404,70,2,2,Calm,0.0,Male,2,2,2,1 2
control,404,59,6,6,Fearful,1.0,Female,6,3 4 6,3 4 6,3 4 6
control,404,119,6,6,Fearful,0.0,Male,8,3 8,3 8,3 6 8
control,404,94,5,5,Angry,1.0,Female,5,5,5,5
control,404,242,2,2,Calm,1.0,Female,2,2,2,2
control,404,215,4,4,Sad,0.0,Male,4,3 4,3 4,3 4 6
control,404,97,8,8,Surprised,0.0,Male,8,1 3 6 8,1 3 8,1 3 8
control,404,246,4,3,Happy,1.0,Female,1,1 3 4 8,1 3 4,1 3 4
control,404,2,6,6,Fearful,1.0,Female,6,3 6,3 6,3 6
control,404,337,8,8,Surprised,1.0,Female,1,1 3 8,1 3 8,1 3 8
control,404,147,1,3,Happy,0.0,Male,1,1 2,1 2,1 2 4
control,404,249,7,7,Disgust,0.0,Male,7,7,7,7
control,404,245,5,5,Angry,1.0,Female,5,5,5,5
control,404,201,5,5,Angry,0.0,Male,5,5,5,5
control,404,51,7,8,Surprised,0.0,Male,1,1 3 8,1 3 8,1 3 8
control,404,139,6,6,Fearful,1.0,Female,6,3 6,3 6,3 6
control,404,272,7,5,Angry,1.0,Female,5,5 8,5 8,5 8
control,404,164,2,2,Calm,1.0,Female,2,1 2,1 2,2
control,404,357,4,4,Sad,1.0,Female,4,2 4,4,4
control,404,220,3,3,Happy,1.0,Female,1,1 2,1 2 4,1 2
control,404,222,8,8,Surprised,0.0,Male,8,3 8,3 8,1 3 8
control,404,103,2,2,Calm,0.0,Male,2,2,2,1 2
control,404,18,4,4,Sad,0.0,Male,2,1 2 4,1 2 4,1 2 4
control,404,234,5,5,Angry,1.0,Female,5,5,5,5
control,404,310,6,7,Disgust,1.0,Female,7,5 7,5 7,7
control,404,144,1,1,Neutral,0.0,Male,2,1 2,1 2,1 2
control,405,154,8,7,Disgust,0.0,Male,7,4 7,2 4 7,2 4 7
control,405,239,8,8,Surprised,0.0,Male,8,3 8,3 8,3 8
control,405,69,3,8,Surprised,0.0,Male,8,3 5 6 8,3 6 8,3 6 8
control,405,18,4,4,Sad,0.0,Male,2,1 2 4,1 2 4,1 2 4
control,405,128,7,7,Disgust,1.0,Female,7,7,7,7
control,405,309,6,6,Fearful,0.0,Male,6,3 5 6 8,3 6 8,3 6 8
control,405,232,4,4,Sad,0.0,Male,4,2 4,2 4,1 2 4
control,405,288,8,8,Surprised,1.0,Female,8,3 8,3 8,8
control,405,160,5,5,Angry,1.0,Female,5,5,5,5
control,405,281,3,3,Happy,0.0,Male,8,3 6 8,3 6 8,3 6 8
control,405,226,2,4,Sad,0.0,Male,2,2,2,1 2 4
control,405,5,4,4,Sad,0.0,Male,4,2 4,2 4,2 4
control,405,185,6,6,Fearful,1.0,Female,6,3 6,3 6,3 6
control,405,247,4,4,Sad,1.0,Female,4,3 4 6,3 4,3 4 6
control,405,234,7,5,Angry,1.0,Female,5,5,5,5
control,405,291,7,7,Disgust,1.0,Female,7,5 7,5 7,5 7
control,405,220,3,3,Happy,1.0,Female,1,1 2,1 2 4,1 2
control,405,350,7,7,Disgust,1.0,Female,7,5 7,5 7,7
control,405,255,6,6,Fearful,1.0,Female,6,3 4 6,3 4 6,3 6
control,405,249,7,7,Disgust,0.0,Male,7,7,7,7
control,405,333,1,1,Neutral,0.0,Male,2,1 2,1 2,1 2
control,405,90,7,5,Angry,1.0,Female,5,2 5 7,2 5 7,2 5 7
control,405,190,4,4,Sad,1.0,Female,4,4,4,4
control,405,343,7,5,Angry,1.0,Female,5,5,5,5
control,405,205,1,3,Happy,1.0,Female,1,1 3 4 8,1 3 8,1 3 8
control,405,114,2,2,Calm,1.0,Female,2,1 2,1 2,2
control,405,283,1,1,Neutral,0.0,Male,1,1 2,1 2,1 2 4
control,405,307,3,3,Happy,1.0,Female,3,3 4 6,3 4 6,3 4 6
control,405,238,8,8,Surprised,0.0,Male,8,3 8,8,3 8
control,405,141,7,7,Disgust,0.0,Male,7,7,7,2 4 7
control,405,178,5,5,Angry,1.0,Female,5,5 8,1 5 8,5 8
control,405,144,1,1,Neutral,0.0,Male,2,1 2,1 2,1 2
control,405,300,7,4,Sad,1.0,Female,2,2 4,2 4,2 4
control,405,274,2,6,Fearful,0.0,Male,3,3 4 6,3 4 6,3 4 6
control,405,143,4,7,Disgust,0.0,Male,7,7,7,7
control,405,82,8,6,Fearful,0.0,Male,4,3 4 6,3 4 6,3 4 6
control,405,180,5,5,Angry,1.0,Female,5,5,5,5
control,405,358,8,3,Happy,1.0,Female,6,3 6 8,3 6 8,3 6 8
control,405,230,2,2,Calm,0.0,Male,2,2,2,1 2
control,405,106,7,7,Disgust,0.0,Male,7,7,7,5 7
control,405,148,2,2,Calm,1.0,Female,2,2,2 4,2
control,405,318,6,6,Fearful,1.0,Female,6,3 6 8,3 6 8,3 6
control,405,67,2,2,Calm,0.0,Male,2,2 4,2 4,2 4 7
control,405,313,5,5,Angry,0.0,Male,5,5,5,5
control,405,174,5,5,Angry,0.0,Male,5,5,5,5
control,405,298,8,8,Surprised,0.0,Male,8,1 3 8,1 3 8,1 3 8
control,405,51,1,8,Surprised,0.0,Male,1,1 3 8,1 3 8,1 3 8
control,405,189,4,4,Sad,1.0,Female,2,2 4,1 2 4,2 4
control,405,177,3,3,Happy,1.0,Female,1,1 2 4,1 2 4,1 2 4
control,405,117,7,4,Sad,1.0,Female,2,2,2,2
control,406,43,6,6,Fearful,0.0,Male,6,3 6,3 6,3 6 8
control,406,339,2,4,Sad,0.0,Male,2,2 4,2 4,1 2 4
control,406,70,2,2,Calm,0.0,Male,2,2,2,1 2
control,406,267,1,1,Neutral,0.0,Male,2,1 2,1 2,1 2
control,406,274,6,6,Fearful,0.0,Male,3,3 4 6,3 4 6,3 4 6
control,406,180,5,5,Angry,1.0,Female,5,5,5,5
control,406,144,1,1,Neutral,0.0,Male,2,1 2,1 2,1 2
control,406,244,1,3,Happy,1.0,Female,4,1 3 4 6,1 3 4,1 3 4
control,406,210,2,1,Neutral,1.0,Female,2,1 2,1 2,1 2
control,406,152,4,4,Sad,0.0,Male,4,4,4,2 4
control,406,214,8,8,Surprised,0.0,Male,8,3 6 8,3 6 8,3 6 8
control,406,155,4,4,Sad,1.0,Female,2,2,2,2
control,406,143,7,7,Disgust,0.0,Male,7,7,7,7
control,406,238,8,8,Surprised,0.0,Male,8,3 8,8,3 8
control,406,239,7,8,Surprised,0.0,Male,8,3 8,3 8,3 8
control,406,262,3,3,Happy,0.0,Male,1,1 2,1 2 4,1 2 4
control,406,347,4,4,Sad,0.0,Male,4,1 2 3 4,1 2 4,1 2 4
control,406,329,5,5,Angry,0.0,Male,5,5,5,5
control,406,192,5,5,Angry,1.0,Female,5,5,5,5
control,406,87,8,8,Surprised,0.0,Male,8,3 8,3 8,3 6 8
control,406,331,2,1,Neutral,0.0,Male,2,1 2,1 2,1 2
control,406,10,6,6,Fearful,1.0,Female,6,3 6 8,3 6 8,3 6
control,406,197,7,7,Disgust,1.0,Female,7,7,7,7
control,406,285,4,4,Sad,0.0,Male,4,2 4,2 4,2 4
control,406,268,2,2,Calm,0.0,Male,2,1 2,2,1 2
control,406,313,5,5,Angry,0.0,Male,5,5,5,5
control,406,64,2,2,Calm,1.0,Female,2,2,2,2
control,406,217,8,8,Surprised,1.0,Female,8,8,8,8
control,406,60,1,3,Happy,0.0,Male,1,1 2,1 2,1 2 4
control,406,15,4,4,Sad,1.0,Female,4,2 4,2 4 7,2 4
control,406,157,5,7,Disgust,1.0,Female,7,7,7,7
control,406,237,5,5,Angry,1.0,Female,5,5,5,5
control,406,8,1,8,Surprised,0.0,Male,4,1 2 4,1 2 4,1 2 4
control,406,102,1,3,Happy,1.0,Female,1,1 2,1 2 4,1 2
control,406,199,6,4,Sad,0.0,Male,4,2 4,2 4,1 2 4
control,406,243,4,2,Calm,0.0,Male,2,2,2,1 2
control,406,174,5,5,Angry,0.0,Male,5,5,5,5
control,406,219,8,7,Disgust,0.0,Male,7,7,7,5 7
control,406,321,8,8,Surprised,1.0,Female,8,3 8,3 8,8
control,406,123,2,2,Calm,0.0,Male,2,1 2,2,1 2
control,406,21,7,7,Disgust,1.0,Female,7,7,7,7
control,406,42,6,6,Fearful,0.0,Male,6,3 6,3 6,3 6 8
control,406,352,7,7,Disgust,1.0,Female,7,5 7,5 7,7
control,406,309,6,6,Fearful,0.0,Male,6,3 5 6 8,3 6 8,3 6 8
control,406,290,3,3,Happy,1.0,Female,6,3 6,3 4 6,3 6
control,406,153,2,1,Neutral,1.0,Female,2,1 2,1 2,1 2
control,406,122,5,5,Angry,1.0,Female,5,5,5,5
control,406,101,7,7,Disgust,0.0,Male,7,5 7,5 7,5 7
control,406,30,1,2,Calm,1.0,Female,2,2,2,2
control,406,75,5,5,Angry,0.0,Male,5,5,5,5
control,407,77,2,2,Calm,1.0,Female,2,1 2,2,2
control,407,134,5,5,Angry,1.0,Female,5,5,5,5
control,407,220,3,3,Happy,1.0,Female,1,1 2,1 2 4,1 2
control,407,97,1,8,Surprised,0.0,Male,8,1 3 6 8,1 3 8,1 3 8
control,407,310,6,7,Disgust,1.0,Female,7,5 7,5 7,7
control,407,194,6,6,Fearful,1.0,Female,6,3 5 6,3 5 6,3 5 6
control,407,10,7,6,Fearful,1.0,Female,6,3 6 8,3 6 8,3 6
control,407,187,8,6,Fearful,1.0,Female,6,3 4 6,3 4 6,3 4 6
control,407,271,6,6,Fearful,1.0,Female,6,3 6,3 6,3 6
control,407,104,3,3,Happy,0.0,Male,6,3 5 6 8,3 5 6,3 5 6
control,407,74,2,2,Calm,0.0,Male,2,2,2,1 2
control,407,235,5,5,Angry,0.0,Male,5,5,5,5
control,407,161,8,8,Surprised,1.0,Female,8,3 8,1 3 8,8
control,407,42,6,6,Fearful,0.0,Male,6,3 6,3 6,3 6 8
control,407,214,8,8,Surprised,0.0,Male,8,3 6 8,3 6 8,3 6 8
control,407,52,7,7,Disgust,0.0,Male,7,7,7,7
control,407,152,4,4,Sad,0.0,Male,4,4,4,2 4
control,407,215,4,4,Sad,0.0,Male,4,3 4,3 4,3 4 6
control,407,272,5,5,Angry,1.0,Female,5,5 8,5 8,5 8
control,407,181,2,2,Calm,1.0,Female,2,2,2,2
control,407,89,8,8,Surprised,1.0,Female,8,3 8,3 8,3 8
control,407,78,1,1,Neutral,0.0,Male,2,1 2,1 2,1 2 4
control,407,300,2,4,Sad,1.0,Female,2,2 4,2 4,2 4
control,407,354,5,5,Angry,1.0,Female,5,5,5,5
control,407,329,5,5,Angry,0.0,Male,5,5,5,5
control,407,68,1,8,Surprised,0.0,Male,8,1 3 4 6 8,3 6 8,3 6 8
control,407,290,3,3,Happy,1.0,Female,6,3 6,3 4 6,3 6
control,407,100,8,8,Surprised,1.0,Female,8,3 8,3 8,8
control,407,293,1,3,Happy,0.0,Male,1,1 2,1 2 4,1 2 4
control,407,75,6,5,Angry,0.0,Male,5,5,5,5
control,407,203,5,7,Disgust,1.0,Female,7,5 7,5 7,5 7
control,407,45,7,7,Disgust,1.0,Female,7,7,7,7
control,407,281,3,3,Happy,0.0,Male,8,3 6 8,3 6 8,3 6 8
control,407,182,6,3,Happy,1.0,Female,3,3 5 6 8,3 6 8,3 6 8
control,407,260,2,3,Happy,0.0,Male,2,1 2,1 2,1 2
control,407,172,2,2,Calm,1.0,Female,2,2,2,2
control,407,330,1,2,Calm,1.0,Female,2,1 2,1 2,2
control,407,312,2,2,Calm,1.0,Female,2,2,2 4,2
control,407,14,5,8,Surprised,0.0,Male,8,3 6 8,3 6 8,3 6 8
control,407,122,5,5,Angry,1.0,Female,5,5,5,5
control,407,276,2,8,Surprised,0.0,Male,8,1 3 8,1 3 8,1 3 8
control,407,291,7,7,Disgust,1.0,Female,7,5 7,5 7,5 7
control,407,229,4,4,Sad,1.0,Female,4,4,4 6,4
control,407,320,4,6,Fearful,1.0,Female,4,4,2 4,4
control,407,335,2,6,Fearful,0.0,Male,4,3 4 6,3 4 6,3 4 6
control,407,24,5,5,Angry,0.0,Male,5,5,5,5
control,407,72,4,4,Sad,1.0,Female,4,4,4,4
control,407,120,2,7,Disgust,0.0,Male,7,2 4 7,2 4 7,2 4 7
control,407,218,1,3,Happy,0.0,Male,1,1 2,1 2 8,1 2 8
control,407,4,6,6,Fearful,1.0,Female,6,3 6,3 6 8,3 6
control,408,358,3,3,Happy,1.0,Female,6,3 6 8,3 6 8,3 6 8
control,408,80,7,7,Disgust,1.0,Female,7,5 7,5 7,5 7
control,408,153,2,1,Neutral,1.0,Female,2,1 2,1 2,1 2
control,408,340,7,7,Disgust,1.0,Female,7,7,7,7
control,408,315,1,1,Neutral,1.0,Female,1,1 2,1 2,1 2
control,408,19,2,3,Happy,0.0,Male,1,1 2,1 2 4,1 2 4
control,408,308,5,7,Disgust,1.0,Female,7,2 7,2 7,2 7
control,408,231,5,5,Angry,0.0,Male,5,5,5,5
control,408,351,8,3,Happy,0.0,Male,6,3 6 8,3 6 8,3 6 8
control,408,124,8,8,Surprised,0.0,Male,8,3 8,3 8,3 8
control,408,194,6,6,Fearful,1.0,Female,6,3 5 6,3 5 6,3 5 6
control,408,121,4,4,Sad,0.0,Male,4,3 4,3 4 6,3 4 6
control,408,8,8,8,Surprised,0.0,Male,4,1 2 4,1 2 4,1 2 4
control,408,354,7,5,Angry,1.0,Female,5,5,5,5
control,408,278,8,8,Surprised,0.0,Male,8,3 8,8,3 8
control,408,15,4,4,Sad,1.0,Female,4,2 4,2 4 7,2 4
control,408,341,7,7,Disgust,1.0,Female,7,7,7,7
control,408,311,6,4,Sad,1.0,Female,2,1 2 4,1 2 4,1 2 4
control,408,180,4,5,Angry,1.0,Female,5,5,5,5
control,408,169,6,6,Fearful,1.0,Female,6,3 6,3 6 8,3 6
control,408,136,5,5,Angry,1.0,Female,5,5,5,5
control,408,297,2,2,Calm,1.0,Female,2,1 2,2,2
control,408,62,8,8,Surprised,1.0,Female,8,3 8,8,8
control,408,71,4,4,Sad,0.0,Male,2,1 2,1 2,1 2 4
control,408,256,2,2,Calm,0.0,Male,2,1 2,2,1 2
control,408,265,6,6,Fearful,0.0,Male,6,3 6 8,3 6 8,3 6 8
control,408,299,8,6,Fearful,1.0,Female,8,3 6 8,3 6 8,3 6 8
control,408,283,2,1,Neutral,0.0,Male,1,1 2,1 2,1 2 4
control,408,237,5,5,Angry,1.0,Female,5,5,5,5
control,408,186,5,5,Angry,0.0,Male,4,3 4 6,3 4 6,3 4 6
control,408,350,7,7,Disgust,1.0,Female,7,5 7,5 7,7
control,408,255,6,6,Fearful,1.0,Female,6,3 4 6,3 4 6,3 6
control,408,238,8,8,Surprised,0.0,Male,8,3 8,8,3 8
control,408,129,4,4,Sad,1.0,Female,2,2,2,2
control,408,221,8,8,Surprised,0.0,Male,8,3 8,1 3 8,1 3 8
control,408,332,7,4,Sad,1.0,Female,4,4,4,4
control,408,244,3,3,Happy,1.0,Female,4,1 3 4 6,1 3 4,1 3 4
control,408,78,2,1,Neutral,0.0,Male,2,1 2,1 2,1 2 4
control,408,79,6,6,Fearful,1.0,Female,6,3 6,3 6 8,3 6
control,408,173,5,6,Fearful,0.0,Male,8,3 5 6 8,3 6 8,3 6 8
control,408,268,1,2,Calm,0.0,Male,2,1 2,2,1 2
control,408,160,5,5,Angry,1.0,Female,5,5,5,5
control,408,27,7,7,Disgust,1.0,Female,7,7,7,7
control,408,225,8,8,Surprised,1.0,Female,8,3 8,8,8
control,408,104,6,3,Happy,0.0,Male,6,3 5 6 8,3 5 6,3 5 6
control,408,85,1,7,Disgust,0.0,Male,7,7,7,7
control,408,210,7,1,Neutral,1.0,Female,2,1 2,1 2,1 2
control,408,205,8,3,Happy,1.0,Female,1,1 3 4 8,1 3 8,1 3 8
control,408,148,4,2,Calm,1.0,Female,2,2,2 4,2
control,408,105,6,4,Sad,0.0,Male,4,3 4 6,3 4,3 4 6
control,409,188,8,8,Surprised,0.0,Male,8,3 6 8,3 8,3 6 8
control,409,155,4,4,Sad,1.0,Female,2,2,2,2
control,409,242,2,2,Calm,1.0,Female,2,2,2,2
control,409,305,8,8,Surprised,1.0,Female,8,3 8,8,8
control,409,321,6,8,Surprised,1.0,Female,8,3 8,3 8,8
control,409,120,7,7,Disgust,0.0,Male,7,2 4 7,2 4 7,2 4 7
control,409,177,1,3,Happy,1.0,Female,1,1 2 4,1 2 4,1 2 4
control,409,197,7,7,Disgust,1.0,Female,7,7,7,7
control,409,79,6,6,Fearful,1.0,Female,6,3 6,3 6 8,3 6
control,409,82,7,6,Fearful,0.0,Male,4,3 4 6,3 4 6,3 4 6
control,409,212,7,5,Angry,0.0,Male,5,5 8,3 5 8,3 5 8
control,409,44,6,6,Fearful,0.0,Male,3,3 4 6,3 4 6,3 4 6
control,409,198,4,1,Neutral,1.0,Female,2,1 2,1 2,1 2
control,409,350,7,7,Disgust,1.0,Female,7,5 7,5 7,7
control,409,179,6,6,Fearful,0.0,Male,6,3 6,3 6 8,3 6 8
control,409,283,1,1,Neutral,0.0,Male,1,1 2,1 2,1 2 4
control,409,355,6,4,Sad,1.0,Female,4,2 4,2 4,2 4
control,409,289,4,4,Sad,0.0,Male,4,1 2 4,1 2 4,1 2 4
control,409,287,2,4,Sad,0.0,Male,2,1 2 4,1 2 4,1 2 4
control,409,135,2,2,Calm,1.0,Female,2,1 2,2,2
control,409,290,8,3,Happy,1.0,Female,6,3 6,3 4 6,3 6
control,409,317,7,7,Disgust,1.0,Female,7,7,7,7
control,409,80,7,7,Disgust,1.0,Female,7,5 7,5 7,5 7
control,409,160,5,5,Angry,1.0,Female,5,5,5,5
control,409,72,4,4,Sad,1.0,Female,4,4,4,4
control,409,175,1,2,Calm,1.0,Female,2,1 2,1 2,1 2
control,409,307,5,3,Happy,1.0,Female,3,3 4 6,3 4 6,3 4 6
control,409,5,4,4,Sad,0.0,Male,4,2 4,2 4,2 4
control,409,354,7,5,Angry,1.0,Female,5,5,5,5
control,409,252,6,3,Happy,0.0,Male,3,3 4 6 8,3 6 8,3 6 8
control,409,351,3,3,Happy,0.0,Male,6,3 6 8,3 6 8,3 6 8
control,409,214,8,8,Surprised,0.0,Male,8,3 6 8,3 6 8,3 6 8
control,409,14,8,8,Surprised,0.0,Male,8,3 6 8,3 6 8,3 6 8
control,409,228,5,5,Angry,0.0,Male,5,5,5,5
control,409,168,5,5,Angry,1.0,Female,5,5,5,5
control,409,319,2,1,Neutral,1.0,Female,2,1 2,1 2,1 2
control,409,219,8,7,Disgust,0.0,Male,7,7,7,5 7
control,409,96,4,2,Calm,0.0,Male,2,2,2,1 2
control,409,218,1,3,Happy,0.0,Male,1,1 2,1 2 8,1 2 8
control,409,344,6,6,Fearful,1.0,Female,6,3 6,3 4 6,3 6
control,409,23,6,8,Surprised,1.0,Female,8,3 8,3 8,3 8
control,409,110,6,6,Fearful,0.0,Male,6,3 4 6,3 4 6,3 4 6
control,409,103,2,2,Calm,0.0,Male,2,2,2,1 2
control,409,33,8,8,Surprised,0.0,Male,8,3 8,3 8,3 8
control,409,59,6,6,Fearful,1.0,Female,6,3 4 6,3 4 6,3 4 6
control,409,136,5,5,Angry,1.0,Female,5,5,5,5
control,409,272,5,5,Angry,1.0,Female,5,5 8,5 8,5 8
control,409,209,2,2,Calm,1.0,Female,2,2,2,2
control,409,148,1,2,Calm,1.0,Female,2,2,2 4,2
control,409,152,4,4,Sad,0.0,Male,4,4,4,2 4
control,410,100,8,8,Surprised,1.0,Female,8,3 8,3 8,8
control,410,139,6,6,Fearful,1.0,Female,6,3 6,3 6,3 6
control,410,296,1,2,Calm,0.0,Male,2,1 2,2,1 2
control,410,246,1,3,Happy,1.0,Female,1,1 3 4 8,1 3 4,1 3 4
control,410,105,6,4,Sad,0.0,Male,4,3 4 6,3 4,3 4 6
control,410,93,8,8,Surprised,1.0,Female,8,3 8,3 8,8
control,410,171,2,1,Neutral,1.0,Female,2,1 2,1 2,1 2
control,410,61,6,6,Fearful,0.0,Male,6,3 6 8,3 6 8,3 6 8
control,410,309,3,6,Fearful,0.0,Male,6,3 5 6 8,3 6 8,3 6 8
control,410,289,4,4,Sad,0.0,Male,4,1 2 4,1 2 4,1 2 4
control,410,57,2,2,Calm,0.0,Male,2,2,2,1 2
control,410,70,2,2,Calm,0.0,Male,2,2,2,1 2
control,410,83,3,3,Happy,0.0,Male,3,3 4 6,3 4 6,3 4 6
control,410,196,5,5,Angry,0.0,Male,5,5,5,5
control,410,262,1,3,Happy,0.0,Male,1,1 2,1 2 4,1 2 4
control,410,319,1,1,Neutral,1.0,Female,2,1 2,1 2,1 2
control,410,80,5,7,Disgust,1.0,Female,7,5 7,5 7,5 7
control,410,197,7,7,Disgust,1.0,Female,7,7,7,7
control,410,164,2,2,Calm,1.0,Female,2,1 2,1 2,2
control,410,341,7,7,Disgust,1.0,Female,7,7,7,7
control,410,269,1,4,Sad,1.0,Female,2,1 2,1 2,1 2
control,410,358,8,3,Happy,1.0,Female,6,3 6 8,3 6 8,3 6 8
control,410,124,8,8,Surprised,0.0,Male,8,3 8,3 8,3 8
control,410,306,1,2,Calm,1.0,Female,2,2,2,2
control,410,290,6,3,Happy,1.0,Female,6,3 6,3 4 6,3 6
control,410,331,1,1,Neutral,0.0,Male,2,1 2,1 2,1 2
control,410,188,8,8,Surprised,0.0,Male,8,3 6 8,3 8,3 6 8
control,410,355,4,4,Sad,1.0,Female,4,2 4,2 4,2 4
control,410,276,1,8,Surprised,0.0,Male,8,1 3 8,1 3 8,1 3 8
control,410,152,3,4,Sad,0.0,Male,4,4,4,2 4
control,410,76,8,7,Disgust,0.0,Male,7,5 7,7,5 7
control,410,191,2,2,Calm,1.0,Female,2,2,2,2
control,410,88,8,7,Disgust,0.0,Male,5,5 7,5 7,5 7
control,410,106,7,7,Disgust,0.0,Male,7,7,7,5 7
control,410,185,6,6,Fearful,1.0,Female,6,3 6,3 6,3 6
control,410,270,5,3,Happy,1.0,Female,3,3 6 8,3 6 8,3 6 8
control,410,117,2,4,Sad,1.0,Female,2,2,2,2
control,410,73,6,8,Surprised,0.0,Male,3,3 6 8,3 6 8,3 6 8
control,410,156,4,4,Sad,0.0,Male,4,4,4,2 3 4
control,410,115,5,5,Angry,0.0,Male,5,5,5,5
control,410,329,5,5,Angry,0.0,Male,5,5,5,5
control,410,227,5,6,Fearful,1.0,Female,6,3 4 6,3 4 6,3 4 6
control,410,301,8,8,Surprised,1.0,Female,8,1 3 8,1 3 8,1 3 8
control,410,111,1,2,Calm,0.0,Male,2,1 2,2,1 2
control,410,320,7,6,Fearful,1.0,Female,4,4,2 4,4
control,410,154,6,7,Disgust,0.0,Male,7,4 7,2 4 7,2 4 7
control,410,10,6,6,Fearful,1.0,Female,6,3 6 8,3 6 8,3 6
control,410,77,1,2,Calm,1.0,Female,2,1 2,2,2
control,410,99,6,6,Fearful,0.0,Male,4,3 4,3 4,3 4 6
control,410,5,6,4,Sad,0.0,Male,4,2 4,2 4,2 4
control,411,103,2,2,Calm,0.0,Male,2,2,2,1 2
control,411,328,8,8,Surprised,1.0,Female,1,1 2 8,1 2 8,1 2 8
control,411,76,7,7,Disgust,0.0,Male,7,5 7,7,5 7
control,411,47,5,7,Disgust,1.0,Female,7,5 7,7,7
control,411,267,1,1,Neutral,0.0,Male,2,1 2,1 2,1 2
control,411,245,5,5,Angry,1.0,Female,5,5,5,5
control,411,188,8,8,Surprised,0.0,Male,8,3 6 8,3 8,3 6 8
control,411,178,7,5,Angry,1.0,Female,5,5 8,1 5 8,5 8
control,411,113,2,2,Calm,1.0,Female,2,2,2,2
control,411,289,6,4,Sad,0.0,Male,4,1 2 4,1 2 4,1 2 4
control,411,268,1,2,Calm,0.0,Male,2,1 2,2,1 2
control,411,173,6,6,Fearful,0.0,Male,8,3 5 6 8,3 6 8,3 6 8
control,411,19,3,3,Happy,0.0,Male,1,1 2,1 2 4,1 2 4
control,411,62,8,8,Surprised,1.0,Female,8,3 8,8,8
control,411,160,5,5,Angry,1.0,Female,5,5,5,5
control,411,1,1,6,Fearful,0.0,Male,4,2 4,2 4,1 2 4
control,411,316,5,5,Angry,1.0,Female,5,5,5,5
control,411,319,8,1,Neutral,1.0,Female,2,1 2,1 2,1 2
control,411,207,7,7,Disgust,0.0,Male,7,7,7,7
control,411,199,6,4,Sad,0.0,Male,4,2 4,2 4,1 2 4
control,411,223,6,4,Sad,1.0,Female,4,4,4,4
control,411,97,8,8,Surprised,0.0,Male,8,1 3 6 8,1 3 8,1 3 8
control,411,91,3,3,Happy,1.0,Female,1,1 2 3 4,1 2 4,1 2 4
control,411,242,2,2,Calm,1.0,Female,2,2,2,2
control,411,215,4,4,Sad,0.0,Male,4,3 4,3 4,3 4 6
control,411,236,3,3,Happy,1.0,Female,3,3 4 6,3 4 6,3 4 6
control,411,298,8,8,Surprised,0.0,Male,8,1 3 8,1 3 8,1 3 8
control,411,37,6,6,Fearful,1.0,Female,6,3 5 6 8,3 6 8,3 6 8
control,411,35,2,2,Calm,0.0,Male,2,2,2,1 2 4
control,411,197,7,7,Disgust,1.0,Female,7,7,7,7
control,411,105,4,4,Sad,0.0,Male,4,3 4 6,3 4,3 4 6
control,411,141,1,7,Disgust,0.0,Male,7,7,7,2 4 7
control,411,111,2,2,Calm,0.0,Male,2,1 2,2,1 2
control,411,154,8,7,Disgust,0.0,Male,7,4 7,2 4 7,2 4 7
control,411,26,5,5,Angry,0.0,Male,5,5,5,5
control,411,210,5,1,Neutral,1.0,Female,2,1 2,1 2,1 2
control,411,352,7,7,Disgust,1.0,Female,7,5 7,5 7,7
control,411,194,6,6,Fearful,1.0,Female,6,3 5 6,3 5 6,3 5 6
control,411,307,1,3,Happy,1.0,Female,3,3 4 6,3 4 6,3 4 6
control,411,39,2,1,Neutral,1.0,Female,2,1 2,1 2,1 2
control,411,299,7,6,Fearful,1.0,Female,8,3 6 8,3 6 8,3 6 8
control,411,84,5,3,Happy,1.0,Female,5,3 5,3 5 6,5
control,411,174,5,5,Angry,0.0,Male,5,5,5,5
control,411,129,1,4,Sad,1.0,Female,2,2,2,2
control,411,152,4,4,Sad,0.0,Male,4,4,4,2 4
control,411,318,6,6,Fearful,1.0,Female,6,3 6 8,3 6 8,3 6
control,411,233,6,6,Fearful,1.0,Female,6,3 6,3 5 6,3 5 6
control,411,202,4,4,Sad,0.0,Male,2,2 4,2 4,1 2 4
control,411,130,8,8,Surprised,1.0,Female,8,3 8,8,8
control,411,257,1,2,Calm,1.0,Female,2,1 2,1 2,1 2
control,412,285,4,4,Sad,0.0,Male,4,2 4,2 4,2 4
control,412,5,6,4,Sad,0.0,Male,4,2 4,2 4,2 4
control,412,45,7,7,Disgust,1.0,Female,7,7,7,7
control,412,44,6,6,Fearful,0.0,Male,3,3 4 6,3 4 6,3 4 6
control,412,218,1,3,Happy,0.0,Male,1,1 2,1 2 8,1 2 8
control,412,249,7,7,Disgust,0.0,Male,7,7,7,7
control,412,290,8,3,Happy,1.0,Female,6,3 6,3 4 6,3 6
control,412,234,5,5,Angry,1.0,Female,5,5,5,5
control,412,205,5,3,Happy,1.0,Female,1,1 3 4 8,1 3 8,1 3 8
control,412,30,7,2,Calm,1.0,Female,2,2,2,2
control,412,34,5,5,Angry,0.0,Male,5,5,5,5
control,412,70,2,2,Calm,0.0,Male,2,2,2,1 2
control,412,337,8,8,Surprised,1.0,Female,1,1 3 8,1 3 8,1 3 8
control,412,310,7,7,Disgust,1.0,Female,7,5 7,5 7,7
control,412,110,6,6,Fearful,0.0,Male,6,3 4 6,3 4 6,3 4 6
control,412,226,1,4,Sad,0.0,Male,2,2,2,1 2 4
control,412,18,4,4,Sad,0.0,Male,2,1 2 4,1 2 4,1 2 4
control,412,139,6,6,Fearful,1.0,Female,6,3 6,3 6,3 6
control,412,267,1,1,Neutral,0.0,Male,2,1 2,1 2,1 2
control,412,201,8,5,Angry,0.0,Male,5,5,5,5
control,412,33,8,8,Surprised,0.0,Male,8,3 8,3 8,3 8
control,412,246,3,3,Happy,1.0,Female,1,1 3 4 8,1 3 4,1 3 4
control,412,286,7,7,Disgust,0.0,Male,7,4 7,7,4 7
control,412,2,6,6,Fearful,1.0,Female,6,3 6,3 6,3 6
control,412,97,2,8,Surprised,0.0,Male,8,1 3 6 8,1 3 8,1 3 8
control,412,86,2,7,Disgust,1.0,Female,2,2,2,2
control,412,119,2,6,Fearful,0.0,Male,8,3 8,3 8,3 6 8
control,412,61,8,6,Fearful,0.0,Male,6,3 6 8,3 6 8,3 6 8
control,412,222,2,8,Surprised,0.0,Male,8,3 8,3 8,1 3 8
control,412,305,8,8,Surprised,1.0,Female,8,3 8,8,8
control,412,357,4,4,Sad,1.0,Female,4,2 4,4,4
control,412,272,5,5,Angry,1.0,Female,5,5 8,5 8,5 8
control,412,242,2,2,Calm,1.0,Female,2,2,2,2
control,412,59,6,6,Fearful,1.0,Female,6,3 4 6,3 4 6,3 4 6
control,412,220,3,3,Happy,1.0,Female,1,1 2,1 2 4,1 2
control,412,103,2,2,Calm,0.0,Male,2,2,2,1 2
control,412,57,7,2,Calm,0.0,Male,2,2,2,1 2
control,412,147,3,3,Happy,0.0,Male,1,1 2,1 2,1 2 4
control,412,94,5,5,Angry,1.0,Female,5,5,5,5
control,412,144,1,1,Neutral,0.0,Male,2,1 2,1 2,1 2
control,412,175,2,2,Calm,1.0,Female,2,1 2,1 2,1 2
control,412,343,7,5,Angry,1.0,Female,5,5,5,5
control,412,300,2,4,Sad,1.0,Female,2,2 4,2 4,2 4
control,412,23,8,8,Surprised,1.0,Female,8,3 8,3 8,3 8
control,412,254,3,3,Happy,0.0,Male,1,1 2,1 2 4,1 2 4
control,412,51,8,8,Surprised,0.0,Male,1,1 3 8,1 3 8,1 3 8
control,412,178,5,5,Angry,1.0,Female,5,5 8,1 5 8,5 8
control,412,245,5,5,Angry,1.0,Female,5,5,5,5
control,412,164,2,2,Calm,1.0,Female,2,1 2,1 2,2
control,412,215,4,4,Sad,0.0,Male,4,3 4,3 4,3 4 6
control,413,81,8,8,Surprised,1.0,Female,8,3 8,8,8
control,413,60,2,3,Happy,0.0,Male,1,1 2,1 2,1 2 4
control,413,96,7,2,Calm,0.0,Male,2,2,2,1 2
control,413,118,3,3,Happy,1.0,Female,1,1 2,1 2 4,1 2
control,413,137,6,6,Fearful,1.0,Female,6,3 4 6,3 4 6,3 4 6
control,413,76,7,7,Disgust,0.0,Male,7,5 7,7,5 7
control,413,94,5,5,Angry,1.0,Female,5,5,5,5
control,413,206,7,5,Angry,1.0,Female,5,5,5,5
control,413,111,1,2,Calm,0.0,Male,2,1 2,2,1 2
control,413,114,2,2,Calm,1.0,Female,2,1 2,1 2,2
control,413,27,7,7,Disgust,1.0,Female,7,7,7,7
control,413,257,1,2,Calm,1.0,Female,2,1 2,1 2,1 2
control,413,115,7,5,Angry,0.0,Male,5,5,5,5
control,413,166,8,3,Happy,0.0,Male,8,3 6 8,3 6 8,3 6 8
control,413,174,7,5,Angry,0.0,Male,5,5,5,5
control,413,212,3,5,Angry,0.0,Male,5,5 8,3 5 8,3 5 8
control,413,211,4,2,Calm,0.0,Male,2,2,2,1 2
control,413,101,7,7,Disgust,0.0,Male,7,5 7,5 7,5 7
control,413,109,2,1,Neutral,1.0,Female,2,1 2,1 2,1 2
control,413,47,7,7,Disgust,1.0,Female,7,5 7,7,7
control,413,201,7,5,Angry,0.0,Male,5,5,5,5
control,413,233,6,6,Fearful,1.0,Female,6,3 6,3 5 6,3 5 6
control,413,83,3,3,Happy,0.0,Male,3,3 4 6,3 4 6,3 4 6
control,413,167,2,1,Neutral,0.0,Male,2,1 2,1 2,1 2
control,413,298,8,8,Surprised,0.0,Male,8,1 3 8,1 3 8,1 3 8
control,413,198,1,1,Neutral,1.0,Female,2,1 2,1 2,1 2
control,413,304,8,7,Disgust,0.0,Male,7,7,7,7
control,413,2,6,6,Fearful,1.0,Female,6,3 6,3 6,3 6
control,413,32,8,7,Disgust,1.0,Female,7,5 7,7,7
control,413,267,2,1,Neutral,0.0,Male,2,1 2,1 2,1 2
control,413,112,3,8,Surprised,0.0,Male,8,3 8,3 8,3 8
control,413,104,7,3,Happy,0.0,Male,6,3 5 6 8,3 5 6,3 5 6
control,413,357,6,4,Sad,1.0,Female,4,2 4,4,4
control,413,98,8,6,Fearful,0.0,Male,6,3 6,3 4 6,3 4 6
control,413,121,2,4,Sad,0.0,Male,4,3 4,3 4 6,3 4 6
control,413,247,4,4,Sad,1.0,Female,4,3 4 6,3 4,3 4 6
control,413,45,8,7,Disgust,1.0,Female,7,7,7,7
control,413,193,5,5,Angry,1.0,Female,5,5,5,5
control,413,97,2,8,Surprised,0.0,Male,8,1 3 6 8,1 3 8,1 3 8
control,413,23,8,8,Surprised,1.0,Female,8,3 8,3 8,3 8
control,413,14,5,8,Surprised,0.0,Male,8,3 6 8,3 6 8,3 6 8
control,413,70,2,2,Calm,0.0,Male,2,2,2,1 2
control,413,1,1,6,Fearful,0.0,Male,4,2 4,2 4,1 2 4
control,413,226,1,4,Sad,0.0,Male,2,2,2,1 2 4
control,413,275,2,2,Calm,0.0,Male,2,2,2,1 2
control,413,260,1,3,Happy,0.0,Male,2,1 2,1 2,1 2
control,413,313,5,5,Angry,0.0,Male,5,5,5,5
control,413,251,7,6,Fearful,0.0,Male,6,3 6 8,3 6 8,3 6 8
control,413,155,1,4,Sad,1.0,Female,2,2,2,2
control,413,349,2,1,Neutral,0.0,Male,2,1 2,1 2,1 2 4
control,414,97,3,8,Surprised,0.0,Male,8,1 3 6 8,1 3 8,1 3 8
control,414,34,5,5,Angry,0.0,Male,5,5,5,5
control,414,222,2,8,Surprised,0.0,Male,8,3 8,3 8,1 3 8
control,414,18,4,4,Sad,0.0,Male,2,1 2 4,1 2 4,1 2 4
control,414,164,2,2,Calm,1.0,Female,2,1 2,1 2,2
control,414,59,6,6,Fearful,1.0,Female,6,3 4 6,3 4 6,3 4 6
control,414,357,4,4,Sad,1.0,Female,4,2 4,4,4
control,414,5,4,4,Sad,0.0,Male,4,2 4,2 4,2 4
control,414,103,7,2,Calm,0.0,Male,2,2,2,1 2
control,414,343,5,5,Angry,1.0,Female,5,5,5,5
control,414,139,6,6,Fearful,1.0,Female,6,3 6,3 6,3 6
control,414,286,6,7,Disgust,0.0,Male,7,4 7,7,4 7
control,414,119,6,6,Fearful,0.0,Male,8,3 8,3 8,3 6 8
control,414,285,4,4,Sad,0.0,Male,4,2 4,2 4,2 4
control,414,144,1,1,Neutral,0.0,Male,2,1 2,1 2,1 2
control,414,23,8,8,Surprised,1.0,Female,8,3 8,3 8,3 8
control,414,178,7,5,Angry,1.0,Female,5,5 8,1 5 8,5 8
control,414,86,2,7,Disgust,1.0,Female,2,2,2,2
control,414,310,7,7,Disgust,1.0,Female,7,5 7,5 7,7
control,414,44,6,6,Fearful,0.0,Male,3,3 4 6,3 4 6,3 4 6
control,414,242,2,2,Calm,1.0,Female,2,2,2,2
control,414,70,7,2,Calm,0.0,Male,2,2,2,1 2
control,414,51,8,8,Surprised,0.0,Male,1,1 3 8,1 3 8,1 3 8
control,414,254,3,3,Happy,0.0,Male,1,1 2,1 2 4,1 2 4
control,414,226,6,4,Sad,0.0,Male,2,2,2,1 2 4
control,414,45,7,7,Disgust,1.0,Female,7,7,7,7
control,414,147,3,3,Happy,0.0,Male,1,1 2,1 2,1 2 4
control,414,249,7,7,Disgust,0.0,Male,7,7,7,7
control,414,175,1,2,Calm,1.0,Female,2,1 2,1 2,1 2
control,414,300,4,4,Sad,1.0,Female,2,2 4,2 4,2 4
control,414,110,6,6,Fearful,0.0,Male,6,3 4 6,3 4 6,3 4 6
control,414,220,3,3,Happy,1.0,Female,1,1 2,1 2 4,1 2
control,414,57,4,2,Calm,0.0,Male,2,2,2,1 2
control,414,30,7,2,Calm,1.0,Female,2,2,2,2
control,414,290,6,3,Happy,1.0,Female,6,3 6,3 4 6,3 6
control,414,272,5,5,Angry,1.0,Female,5,5 8,5 8,5 8
control,414,61,6,6,Fearful,0.0,Male,6,3 6 8,3 6 8,3 6 8
control,414,218,3,3,Happy,0.0,Male,1,1 2,1 2 8,1 2 8
control,414,337,8,8,Surprised,1.0,Female,1,1 3 8,1 3 8,1 3 8
control,414,246,6,3,Happy,1.0,Female,1,1 3 4 8,1 3 4,1 3 4
control,414,201,8,5,Angry,0.0,Male,5,5,5,5
control,414,2,6,6,Fearful,1.0,Female,6,3 6,3 6,3 6
control,414,245,5,5,Angry,1.0,Female,5,5,5,5
control,414,215,4,4,Sad,0.0,Male,4,3 4,3 4,3 4 6
control,414,94,5,5,Angry,1.0,Female,5,5,5,5
control,414,205,3,3,Happy,1.0,Female,1,1 3 4 8,1 3 8,1 3 8
control,414,305,8,8,Surprised,1.0,Female,8,3 8,8,8
control,414,267,1,1,Neutral,0.0,Male,2,1 2,1 2,1 2
control,414,234,5,5,Angry,1.0,Female,5,5,5,5
control,414,33,8,8,Surprised,0.0,Male,8,3 8,3 8,3 8
control,415,341,8,7,Disgust,1.0,Female,7,7,7,7
control,415,106,8,7,Disgust,0.0,Male,7,7,7,5 7
control,415,188,8,8,Surprised,0.0,Male,8,3 6 8,3 8,3 6 8
control,415,270,5,3,Happy,1.0,Female,3,3 6 8,3 6 8,3 6 8
control,415,124,8,8,Surprised,0.0,Male,8,3 8,3 8,3 8
control,415,358,3,3,Happy,1.0,Female,6,3 6 8,3 6 8,3 6 8
control,415,306,1,2,Calm,1.0,Female,2,2,2,2
control,415,10,6,6,Fearful,1.0,Female,6,3 6 8,3 6 8,3 6
control,415,156,4,4,Sad,0.0,Male,4,4,4,2 3 4
control,415,171,1,1,Neutral,1.0,Female,2,1 2,1 2,1 2
control,415,152,4,4,Sad,0.0,Male,4,4,4,2 4
control,415,105,6,4,Sad,0.0,Male,4,3 4 6,3 4,3 4 6
control,415,329,5,5,Angry,0.0,Male,5,5,5,5
control,415,83,3,3,Happy,0.0,Male,3,3 4 6,3 4 6,3 4 6
control,415,290,3,3,Happy,1.0,Female,6,3 6,3 4 6,3 6
control,415,154,7,7,Disgust,0.0,Male,7,4 7,2 4 7,2 4 7
control,415,196,5,5,Angry,0.0,Male,5,5,5,5
control,415,70,2,2,Calm,0.0,Male,2,2,2,1 2
control,415,80,7,7,Disgust,1.0,Female,7,5 7,5 7,5 7
control,415,197,2,7,Disgust,1.0,Female,7,7,7,7
control,415,320,2,6,Fearful,1.0,Female,4,4,2 4,4
control,415,355,2,4,Sad,1.0,Female,4,2 4,2 4,2 4
control,415,331,2,1,Neutral,0.0,Male,2,1 2,1 2,1 2
control,415,76,5,7,Disgust,0.0,Male,7,5 7,7,5 7
control,415,319,2,1,Neutral,1.0,Female,2,1 2,1 2,1 2
control,415,100,7,8,Surprised,1.0,Female,8,3 8,3 8,8
control,415,111,2,2,Calm,0.0,Male,2,1 2,2,1 2
control,415,191,2,2,Calm,1.0,Female,2,2,2,2
control,415,227,6,6,Fearful,1.0,Female,6,3 4 6,3 4 6,3 4 6
control,415,289,6,4,Sad,0.0,Male,4,1 2 4,1 2 4,1 2 4
control,415,262,3,3,Happy,0.0,Male,1,1 2,1 2 4,1 2 4
control,415,309,6,6,Fearful,0.0,Male,6,3 5 6 8,3 6 8,3 6 8
control,415,296,2,2,Calm,0.0,Male,2,1 2,2,1 2
control,415,301,8,8,Surprised,1.0,Female,8,1 3 8,1 3 8,1 3 8
control,415,99,6,6,Fearful,0.0,Male,4,3 4,3 4,3 4 6
control,415,88,7,7,Disgust,0.0,Male,5,5 7,5 7,5 7
control,415,269,1,4,Sad,1.0,Female,2,1 2,1 2,1 2
control,415,117,2,4,Sad,1.0,Female,2,2,2,2
control,415,93,8,8,Surprised,1.0,Female,8,3 8,3 8,8
control,415,276,3,8,Surprised,0.0,Male,8,1 3 8,1 3 8,1 3 8
control,415,73,3,8,Surprised,0.0,Male,3,3 6 8,3 6 8,3 6 8
control,415,77,2,2,Calm,1.0,Female,2,1 2,2,2
control,415,61,6,6,Fearful,0.0,Male,6,3 6 8,3 6 8,3 6 8
control,415,185,6,6,Fearful,1.0,Female,6,3 6,3 6,3 6
control,415,57,2,2,Calm,0.0,Male,2,2,2,1 2
control,415,115,7,5,Angry,0.0,Male,5,5,5,5
control,415,164,8,2,Calm,1.0,Female,2,1 2,1 2,2
control,415,139,6,6,Fearful,1.0,Female,6,3 6,3 6,3 6
control,415,246,3,3,Happy,1.0,Female,1,1 3 4 8,1 3 4,1 3 4
control,415,5,6,4,Sad,0.0,Male,4,2 4,2 4,2 4
control,416,347,6,4,Sad,0.0,Male,4,1 2 3 4,1 2 4,1 2 4
control,416,15,2,4,Sad,1.0,Female,4,2 4,2 4 7,2 4
control,416,192,5,5,Angry,1.0,Female,5,5,5,5
control,416,155,2,4,Sad,1.0,Female,2,2,2,2
control,416,313,5,5,Angry,0.0,Male,5,5,5,5
control,416,144,1,1,Neutral,0.0,Male,2,1 2,1 2,1 2
control,416,290,6,3,Happy,1.0,Female,6,3 6,3 4 6,3 6
control,416,30,3,2,Calm,1.0,Female,2,2,2,2
control,416,152,3,4,Sad,0.0,Male,4,4,4,2 4
control,416,153,2,1,Neutral,1.0,Female,2,1 2,1 2,1 2
control,416,157,8,7,Disgust,1.0,Female,7,7,7,7
control,416,268,2,2,Calm,0.0,Male,2,1 2,2,1 2
control,416,331,1,1,Neutral,0.0,Male,2,1 2,1 2,1 2
control,416,197,6,7,Disgust,1.0,Female,7,7,7,7
control,416,214,8,8,Surprised,0.0,Male,8,3 6 8,3 6 8,3 6 8
control,416,43,6,6,Fearful,0.0,Male,6,3 6,3 6,3 6 8
control,416,217,8,8,Surprised,1.0,Female,8,8,8,8
control,416,262,2,3,Happy,0.0,Male,1,1 2,1 2 4,1 2 4
control,416,309,6,6,Fearful,0.0,Male,6,3 5 6 8,3 6 8,3 6 8
control,416,8,2,8,Surprised,0.0,Male,4,1 2 4,1 2 4,1 2 4
control,416,238,6,8,Surprised,0.0,Male,8,3 8,8,3 8
control,416,352,5,7,Disgust,1.0,Female,7,5 7,5 7,7
control,416,122,5,5,Angry,1.0,Female,5,5,5,5
control,416,285,2,4,Sad,0.0,Male,4,2 4,2 4,2 4
control,416,42,6,6,Fearful,0.0,Male,6,3 6,3 6,3 6 8
control,416,102,2,3,Happy,1.0,Female,1,1 2,1 2 4,1 2
control,416,239,8,8,Surprised,0.0,Male,8,3 8,3 8,3 8
control,416,243,2,2,Calm,0.0,Male,2,2,2,1 2
control,416,75,5,5,Angry,0.0,Male,5,5,5,5
control,416,180,7,5,Angry,1.0,Female,5,5,5,5
control,416,199,1,4,Sad,0.0,Male,4,2 4,2 4,1 2 4
control,416,123,2,2,Calm,0.0,Male,2,1 2,2,1 2
control,416,60,8,3,Happy,0.0,Male,1,1 2,1 2,1 2 4
control,416,339,6,4,Sad,0.0,Male,2,2 4,2 4,1 2 4
control,416,87,8,8,Surprised,0.0,Male,8,3 8,3 8,3 6 8
control,416,267,5,1,Neutral,0.0,Male,2,1 2,1 2,1 2
control,416,70,2,2,Calm,0.0,Male,2,2,2,1 2
control,416,321,6,8,Surprised,1.0,Female,8,3 8,3 8,8
control,416,143,5,7,Disgust,0.0,Male,7,7,7,7
control,416,174,5,5,Angry,0.0,Male,5,5,5,5
control,416,21,6,7,Disgust,1.0,Female,7,7,7,7
control,416,237,5,5,Angry,1.0,Female,5,5,5,5
control,416,329,5,5,Angry,0.0,Male,5,5,5,5
control,416,244,1,3,Happy,1.0,Female,4,1 3 4 6,1 3 4,1 3 4
control,416,219,3,7,Disgust,0.0,Male,7,7,7,5 7
control,416,210,2,1,Neutral,1.0,Female,2,1 2,1 2,1 2
control,416,64,2,2,Calm,1.0,Female,2,2,2,2
control,416,10,6,6,Fearful,1.0,Female,6,3 6 8,3 6 8,3 6
control,416,101,7,7,Disgust,0.0,Male,7,5 7,5 7,5 7
control,416,274,6,6,Fearful,0.0,Male,3,3 4 6,3 4 6,3 4 6
control,417,318,6,6,Fearful,1.0,Female,6,3 6 8,3 6 8,3 6
control,417,343,7,5,Angry,1.0,Female,5,5,5,5
control,417,180,5,5,Angry,1.0,Female,5,5,5,5
control,417,69,8,8,Surprised,0.0,Male,8,3 5 6 8,3 6 8,3 6 8
control,417,189,2,4,Sad,1.0,Female,2,2 4,1 2 4,2 4
control,417,82,7,6,Fearful,0.0,Male,4,3 4 6,3 4 6,3 4 6
control,417,160,5,5,Angry,1.0,Female,5,5,5,5
control,417,288,8,8,Surprised,1.0,Female,8,3 8,3 8,8
control,417,220,7,3,Happy,1.0,Female,1,1 2,1 2 4,1 2
control,417,238,3,8,Surprised,0.0,Male,8,3 8,8,3 8
control,417,143,4,7,Disgust,0.0,Male,7,7,7,7
control,417,114,2,2,Calm,1.0,Female,2,1 2,1 2,2
control,417,174,5,5,Angry,0.0,Male,5,5,5,5
control,417,190,4,4,Sad,1.0,Female,4,4,4,4
control,417,283,7,1,Neutral,0.0,Male,1,1 2,1 2,1 2 4
control,417,307,8,3,Happy,1.0,Female,3,3 4 6,3 4 6,3 4 6
control,417,141,4,7,Disgust,0.0,Male,7,7,7,2 4 7
control,417,117,1,4,Sad,1.0,Female,2,2,2,2
control,417,154,8,7,Disgust,0.0,Male,7,4 7,2 4 7,2 4 7
control,417,90,5,5,Angry,1.0,Female,5,2 5 7,2 5 7,2 5 7
control,417,106,7,7,Disgust,0.0,Male,7,7,7,5 7
control,417,309,6,6,Fearful,0.0,Male,6,3 5 6 8,3 6 8,3 6 8
control,417,234,5,5,Angry,1.0,Female,5,5,5,5
control,417,333,6,1,Neutral,0.0,Male,2,1 2,1 2,1 2
control,417,177,2,3,Happy,1.0,Female,1,1 2 4,1 2 4,1 2 4
control,417,148,2,2,Calm,1.0,Female,2,2,2 4,2
control,417,230,1,2,Calm,0.0,Male,2,2,2,1 2
control,417,291,7,7,Disgust,1.0,Female,7,5 7,5 7,5 7
control,417,313,5,5,Angry,0.0,Male,5,5,5,5
control,417,255,6,6,Fearful,1.0,Female,6,3 4 6,3 4 6,3 6
control,417,205,8,3,Happy,1.0,Female,1,1 3 4 8,1 3 8,1 3 8
control,417,67,1,2,Calm,0.0,Male,2,2 4,2 4,2 4 7
control,417,358,8,3,Happy,1.0,Female,6,3 6 8,3 6 8,3 6 8
control,417,5,4,4,Sad,0.0,Male,4,2 4,2 4,2 4
control,417,350,4,7,Disgust,1.0,Female,7,5 7,5 7,7
control,417,247,4,4,Sad,1.0,Female,4,3 4 6,3 4,3 4 6
control,417,300,1,4,Sad,1.0,Female,2,2 4,2 4,2 4
control,417,239,8,8,Surprised,0.0,Male,8,3 8,3 8,3 8
control,417,249,6,7,Disgust,0.0,Male,7,7,7,7
control,417,51,4,8,Surprised,0.0,Male,1,1 3 8,1 3 8,1 3 8
control,417,232,4,4,Sad,0.0,Male,4,2 4,2 4,1 2 4
control,417,144,1,1,Neutral,0.0,Male,2,1 2,1 2,1 2
control,417,128,7,7,Disgust,1.0,Female,7,7,7,7
control,417,298,8,8,Surprised,0.0,Male,8,1 3 8,1 3 8,1 3 8
control,417,226,6,4,Sad,0.0,Male,2,2,2,1 2 4
control,417,281,3,3,Happy,0.0,Male,8,3 6 8,3 6 8,3 6 8
control,417,185,6,6,Fearful,1.0,Female,6,3 6,3 6,3 6
control,417,178,1,5,Angry,1.0,Female,5,5 8,1 5 8,5 8
control,417,18,4,4,Sad,0.0,Male,2,1 2 4,1 2 4,1 2 4
control,417,274,2,6,Fearful,0.0,Male,3,3 4 6,3 4 6,3 4 6
control,418,337,8,8,Surprised,1.0,Female,1,1 3 8,1 3 8,1 3 8
control,418,51,1,8,Surprised,0.0,Male,1,1 3 8,1 3 8,1 3 8
control,418,61,6,6,Fearful,0.0,Male,6,3 6 8,3 6 8,3 6 8
control,418,164,1,2,Calm,1.0,Female,2,1 2,1 2,2
control,418,205,3,3,Happy,1.0,Female,1,1 3 4 8,1 3 8,1 3 8
control,418,290,6,3,Happy,1.0,Female,6,3 6,3 4 6,3 6
control,418,357,4,4,Sad,1.0,Female,4,2 4,4,4
control,418,139,6,6,Fearful,1.0,Female,6,3 6,3 6,3 6
control,418,86,1,7,Disgust,1.0,Female,2,2,2,2
control,418,23,8,8,Surprised,1.0,Female,8,3 8,3 8,3 8
control,418,300,4,4,Sad,1.0,Female,2,2 4,2 4,2 4
control,418,94,5,5,Angry,1.0,Female,5,5,5,5
control,418,119,7,6,Fearful,0.0,Male,8,3 8,3 8,3 6 8
control,418,59,6,6,Fearful,1.0,Female,6,3 4 6,3 4 6,3 4 6
control,418,44,6,6,Fearful,0.0,Male,3,3 4 6,3 4 6,3 4 6
control,418,267,1,1,Neutral,0.0,Male,2,1 2,1 2,1 2
control,418,18,4,4,Sad,0.0,Male,2,1 2 4,1 2 4,1 2 4
control,418,30,2,2,Calm,1.0,Female,2,2,2,2
control,418,226,4,4,Sad,0.0,Male,2,2,2,1 2 4
control,418,103,7,2,Calm,0.0,Male,2,2,2,1 2
control,418,2,6,6,Fearful,1.0,Female,6,3 6,3 6,3 6
control,418,45,7,7,Disgust,1.0,Female,7,7,7,7
control,418,272,5,5,Angry,1.0,Female,5,5 8,5 8,5 8
control,418,254,3,3,Happy,0.0,Male,1,1 2,1 2 4,1 2 4
control,418,178,7,5,Angry,1.0,Female,5,5 8,1 5 8,5 8
control,418,220,3,3,Happy,1.0,Female,1,1 2,1 2 4,1 2
control,418,70,4,2,Calm,0.0,Male,2,2,2,1 2
control,418,310,6,7,Disgust,1.0,Female,7,5 7,5 7,7
control,418,343,7,5,Angry,1.0,Female,5,5,5,5
control,418,144,1,1,Neutral,0.0,Male,2,1 2,1 2,1 2
control,418,33,8,8,Surprised,0.0,Male,8,3 8,3 8,3 8
control,418,147,3,3,Happy,0.0,Male,1,1 2,1 2,1 2 4
control,418,215,4,4,Sad,0.0,Male,4,3 4,3 4,3 4 6
control,418,110,6,6,Fearful,0.0,Male,6,3 4 6,3 4 6,3 4 6
control,418,286,7,7,Disgust,0.0,Male,7,4 7,7,4 7
control,418,234,5,5,Angry,1.0,Female,5,5,5,5
control,418,246,3,3,Happy,1.0,Female,1,1 3 4 8,1 3 4,1 3 4
control,418,242,2,2,Calm,1.0,Female,2,2,2,2
control,418,201,5,5,Angry,0.0,Male,5,5,5,5
control,418,57,4,2,Calm,0.0,Male,2,2,2,1 2
control,418,222,8,8,Surprised,0.0,Male,8,3 8,3 8,1 3 8
control,418,97,3,8,Surprised,0.0,Male,8,1 3 6 8,1 3 8,1 3 8
control,418,249,7,7,Disgust,0.0,Male,7,7,7,7
control,418,34,5,5,Angry,0.0,Male,5,5,5,5
control,418,305,8,8,Surprised,1.0,Female,8,3 8,8,8
control,418,175,4,2,Calm,1.0,Female,2,1 2,1 2,1 2
control,418,285,4,4,Sad,0.0,Male,4,2 4,2 4,2 4
control,418,218,3,3,Happy,0.0,Male,1,1 2,1 2 8,1 2 8
control,418,245,5,5,Angry,1.0,Female,5,5,5,5
control,418,5,4,4,Sad,0.0,Male,4,2 4,2 4,2 4
control,419,290,3,3,Happy,1.0,Female,6,3 6,3 4 6,3 6
control,419,171,1,1,Neutral,1.0,Female,2,1 2,1 2,1 2
control,419,124,8,8,Surprised,0.0,Male,8,3 8,3 8,3 8
control,419,61,6,6,Fearful,0.0,Male,6,3 6 8,3 6 8,3 6 8
control,419,73,7,8,Surprised,0.0,Male,3,3 6 8,3 6 8,3 6 8
control,419,111,2,2,Calm,0.0,Male,2,1 2,2,1 2
control,419,57,4,2,Calm,0.0,Male,2,2,2,1 2
control,419,139,6,6,Fearful,1.0,Female,6,3 6,3 6,3 6
control,419,100,2,8,Surprised,1.0,Female,8,3 8,3 8,8
control,419,106,7,7,Disgust,0.0,Male,7,7,7,5 7
control,419,309,6,6,Fearful,0.0,Male,6,3 5 6 8,3 6 8,3 6 8
control,419,227,6,6,Fearful,1.0,Female,6,3 4 6,3 4 6,3 4 6
control,419,164,1,2,Calm,1.0,Female,2,1 2,1 2,2
control,419,197,2,7,Disgust,1.0,Female,7,7,7,7
control,419,156,4,4,Sad,0.0,Male,4,4,4,2 3 4
control,419,88,5,7,Disgust,0.0,Male,5,5 7,5 7,5 7
control,419,154,7,7,Disgust,0.0,Male,7,4 7,2 4 7,2 4 7
control,419,115,5,5,Angry,0.0,Male,5,5,5,5
control,419,306,1,2,Calm,1.0,Female,2,2,2,2
control,419,355,6,4,Sad,1.0,Female,4,2 4,2 4,2 4
control,419,191,1,2,Calm,1.0,Female,2,2,2,2
control,419,319,8,1,Neutral,1.0,Female,2,1 2,1 2,1 2
control,419,262,2,3,Happy,0.0,Male,1,1 2,1 2 4,1 2 4
control,419,117,2,4,Sad,1.0,Female,2,2,2,2
control,419,358,8,3,Happy,1.0,Female,6,3 6 8,3 6 8,3 6 8
control,419,83,3,3,Happy,0.0,Male,3,3 4 6,3 4 6,3 4 6
control,419,99,6,6,Fearful,0.0,Male,4,3 4,3 4,3 4 6
control,419,70,2,2,Calm,0.0,Male,2,2,2,1 2
control,419,152,4,4,Sad,0.0,Male,4,4,4,2 4
control,419,196,5,5,Angry,0.0,Male,5,5,5,5
control,419,185,6,6,Fearful,1.0,Female,6,3 6,3 6,3 6
control,419,188,8,8,Surprised,0.0,Male,8,3 6 8,3 8,3 6 8
control,419,301,8,8,Surprised,1.0,Female,8,1 3 8,1 3 8,1 3 8
control,419,296,2,2,Calm,0.0,Male,2,1 2,2,1 2
control,419,269,1,4,Sad,1.0,Female,2,1 2,1 2,1 2
control,419,246,3,3,Happy,1.0,Female,1,1 3 4 8,1 3 4,1 3 4
control,419,276,8,8,Surprised,0.0,Male,8,1 3 8,1 3 8,1 3 8
control,419,5,4,4,Sad,0.0,Male,4,2 4,2 4,2 4
control,419,289,4,4,Sad,0.0,Male,4,1 2 4,1 2 4,1 2 4
control,419,80,5,7,Disgust,1.0,Female,7,5 7,5 7,5 7
control,419,105,6,4,Sad,0.0,Male,4,3 4 6,3 4,3 4 6
control,419,76,7,7,Disgust,0.0,Male,7,5 7,7,5 7
control,419,10,6,6,Fearful,1.0,Female,6,3 6 8,3 6 8,3 6
control,419,329,5,5,Angry,0.0,Male,5,5,5,5
control,419,341,7,7,Disgust,1.0,Female,7,7,7,7
control,419,320,4,6,Fearful,1.0,Female,4,4,2 4,4
control,419,77,2,2,Calm,1.0,Female,2,1 2,2,2
control,419,93,3,8,Surprised,1.0,Female,8,3 8,3 8,8
control,419,270,3,3,Happy,1.0,Female,3,3 6 8,3 6 8,3 6 8
control,419,331,7,1,Neutral,0.0,Male,2,1 2,1 2,1 2
control,420,77,2,2,Calm,1.0,Female,2,1 2,2,2
control,420,164,1,2,Calm,1.0,Female,2,1 2,1 2,2
control,420,188,8,8,Surprised,0.0,Male,8,3 6 8,3 8,3 6 8
control,420,115,5,5,Angry,0.0,Male,5,5,5,5
control,420,301,8,8,Surprised,1.0,Female,8,1 3 8,1 3 8,1 3 8
control,420,355,6,4,Sad,1.0,Female,4,2 4,2 4,2 4
control,420,99,6,6,Fearful,0.0,Male,4,3 4,3 4,3 4 6
control,420,100,8,8,Surprised,1.0,Female,8,3 8,3 8,8
control,420,156,4,4,Sad,0.0,Male,4,4,4,2 3 4
control,420,289,1,4,Sad,0.0,Male,4,1 2 4,1 2 4,1 2 4
control,420,309,6,6,Fearful,0.0,Male,6,3 5 6 8,3 6 8,3 6 8
control,420,296,1,2,Calm,0.0,Male,2,1 2,2,1 2
control,420,70,2,2,Calm,0.0,Male,2,2,2,1 2
control,420,319,1,1,Neutral,1.0,Female,2,1 2,1 2,1 2
control,420,196,5,5,Angry,0.0,Male,5,5,5,5
control,420,341,6,7,Disgust,1.0,Female,7,7,7,7
control,420,124,8,8,Surprised,0.0,Male,8,3 8,3 8,3 8
control,420,93,8,8,Surprised,1.0,Female,8,3 8,3 8,8
control,420,5,4,4,Sad,0.0,Male,4,2 4,2 4,2 4
control,420,76,7,7,Disgust,0.0,Male,7,5 7,7,5 7
control,420,152,4,4,Sad,0.0,Male,4,4,4,2 4
control,420,290,3,3,Happy,1.0,Female,6,3 6,3 4 6,3 6
control,420,306,1,2,Calm,1.0,Female,2,2,2,2
control,420,276,8,8,Surprised,0.0,Male,8,1 3 8,1 3 8,1 3 8
control,420,331,1,1,Neutral,0.0,Male,2,1 2,1 2,1 2
control,420,57,2,2,Calm,0.0,Male,2,2,2,1 2
control,420,191,2,2,Calm,1.0,Female,2,2,2,2
control,420,246,3,3,Happy,1.0,Female,1,1 3 4 8,1 3 4,1 3 4
control,420,139,6,6,Fearful,1.0,Female,6,3 6,3 6,3 6
control,420,117,2,4,Sad,1.0,Female,2,2,2,2
control,420,105,6,4,Sad,0.0,Male,4,3 4 6,3 4,3 4 6
control,420,329,5,5,Angry,0.0,Male,5,5,5,5
control,420,197,8,7,Disgust,1.0,Female,7,7,7,7
control,420,10,6,6,Fearful,1.0,Female,6,3 6 8,3 6 8,3 6
control,420,73,8,8,Surprised,0.0,Male,3,3 6 8,3 6 8,3 6 8
control,420,88,7,7,Disgust,0.0,Male,5,5 7,5 7,5 7
control,420,154,6,7,Disgust,0.0,Male,7,4 7,2 4 7,2 4 7
control,420,171,1,1,Neutral,1.0,Female,2,1 2,1 2,1 2
control,420,61,8,6,Fearful,0.0,Male,6,3 6 8,3 6 8,3 6 8
control,420,185,6,6,Fearful,1.0,Female,6,3 6,3 6,3 6
control,420,111,1,2,Calm,0.0,Male,2,1 2,2,1 2
control,420,83,3,3,Happy,0.0,Male,3,3 4 6,3 4 6,3 4 6
control,420,262,3,3,Happy,0.0,Male,1,1 2,1 2 4,1 2 4
control,420,270,3,3,Happy,1.0,Female,3,3 6 8,3 6 8,3 6 8
control,420,80,7,7,Disgust,1.0,Female,7,5 7,5 7,5 7
control,420,106,7,7,Disgust,0.0,Male,7,7,7,5 7
control,420,358,3,3,Happy,1.0,Female,6,3 6 8,3 6 8,3 6 8
control,420,320,1,6,Fearful,1.0,Female,4,4,2 4,4
control,420,269,1,4,Sad,1.0,Female,2,1 2,1 2,1 2
control,420,227,6,6,Fearful,1.0,Female,6,3 4 6,3 4 6,3 4 6
control,421,23,8,8,Surprised,1.0,Female,8,3 8,3 8,3 8
control,421,212,5,5,Angry,0.0,Male,5,5 8,3 5 8,3 5 8
control,421,307,5,3,Happy,1.0,Female,3,3 4 6,3 4 6,3 4 6
control,421,136,5,5,Angry,1.0,Female,5,5,5,5
control,421,283,2,1,Neutral,0.0,Male,1,1 2,1 2,1 2 4
control,421,148,2,2,Calm,1.0,Female,2,2,2 4,2
control,421,110,1,6,Fearful,0.0,Male,6,3 4 6,3 4 6,3 4 6
control,421,188,3,8,Surprised,0.0,Male,8,3 6 8,3 8,3 6 8
control,421,79,6,6,Fearful,1.0,Female,6,3 6,3 6 8,3 6
control,421,272,5,5,Angry,1.0,Female,5,5 8,5 8,5 8
control,421,344,6,6,Fearful,1.0,Female,6,3 6,3 4 6,3 6
control,421,177,2,3,Happy,1.0,Female,1,1 2 4,1 2 4,1 2 4
control,421,5,4,4,Sad,0.0,Male,4,2 4,2 4,2 4
control,421,168,5,5,Angry,1.0,Female,5,5,5,5
control,421,351,3,3,Happy,0.0,Male,6,3 6 8,3 6 8,3 6 8
control,421,135,2,2,Calm,1.0,Female,2,1 2,2,2
control,421,59,7,6,Fearful,1.0,Female,6,3 4 6,3 4 6,3 4 6
control,421,252,3,3,Happy,0.0,Male,3,3 4 6 8,3 6 8,3 6 8
control,421,160,5,5,Angry,1.0,Female,5,5,5,5
control,421,350,7,7,Disgust,1.0,Female,7,5 7,5 7,7
control,421,179,8,6,Fearful,0.0,Male,6,3 6,3 6 8,3 6 8
control,421,214,2,8,Surprised,0.0,Male,8,3 6 8,3 6 8,3 6 8
control,421,155,2,4,Sad,1.0,Female,2,2,2,2
control,421,82,1,6,Fearful,0.0,Male,4,3 4 6,3 4 6,3 4 6
control,421,287,1,4,Sad,0.0,Male,2,1 2 4,1 2 4,1 2 4
control,421,219,8,7,Disgust,0.0,Male,7,7,7,5 7
control,421,33,8,8,Surprised,0.0,Male,8,3 8,3 8,3 8
control,421,355,4,4,Sad,1.0,Female,4,2 4,2 4,2 4
control,421,290,3,3,Happy,1.0,Female,6,3 6,3 4 6,3 6
control,421,197,7,7,Disgust,1.0,Female,7,7,7,7
control,421,175,2,2,Calm,1.0,Female,2,1 2,1 2,1 2
control,421,14,5,8,Surprised,0.0,Male,8,3 6 8,3 6 8,3 6 8
control,421,44,7,6,Fearful,0.0,Male,3,3 4 6,3 4 6,3 4 6
control,421,96,2,2,Calm,0.0,Male,2,2,2,1 2
control,421,103,1,2,Calm,0.0,Male,2,2,2,1 2
control,421,319,8,1,Neutral,1.0,Female,2,1 2,1 2,1 2
control,421,80,5,7,Disgust,1.0,Female,7,5 7,5 7,5 7
control,421,242,2,2,Calm,1.0,Female,2,2,2,2
control,421,72,4,4,Sad,1.0,Female,4,4,4,4
control,421,198,1,1,Neutral,1.0,Female,2,1 2,1 2,1 2
control,421,289,4,4,Sad,0.0,Male,4,1 2 4,1 2 4,1 2 4
control,421,305,8,8,Surprised,1.0,Female,8,3 8,8,8
control,421,120,2,7,Disgust,0.0,Male,7,2 4 7,2 4 7,2 4 7
control,421,321,8,8,Surprised,1.0,Female,8,3 8,3 8,8
control,421,152,4,4,Sad,0.0,Male,4,4,4,2 4
control,421,209,2,2,Calm,1.0,Female,2,2,2,2
control,421,317,7,7,Disgust,1.0,Female,7,7,7,7
control,421,228,5,5,Angry,0.0,Male,5,5,5,5
control,421,354,5,5,Angry,1.0,Female,5,5,5,5
control,421,218,3,3,Happy,0.0,Male,1,1 2,1 2 8,1 2 8
control,422,233,6,6,Fearful,1.0,Female,6,3 6,3 5 6,3 5 6
control,422,37,6,6,Fearful,1.0,Female,6,3 5 6 8,3 6 8,3 6 8
control,422,199,2,4,Sad,0.0,Male,4,2 4,2 4,1 2 4
control,422,223,4,4,Sad,1.0,Female,4,4,4,4
control,422,173,6,6,Fearful,0.0,Male,8,3 5 6 8,3 6 8,3 6 8
control,422,307,3,3,Happy,1.0,Female,3,3 4 6,3 4 6,3 4 6
control,422,242,4,2,Calm,1.0,Female,2,2,2,2
control,422,76,2,7,Disgust,0.0,Male,7,5 7,7,5 7
control,422,47,5,7,Disgust,1.0,Female,7,5 7,7,7
control,422,318,6,6,Fearful,1.0,Female,6,3 6 8,3 6 8,3 6
control,422,105,4,4,Sad,0.0,Male,4,3 4 6,3 4,3 4 6
control,422,207,7,7,Disgust,0.0,Male,7,7,7,7
control,422,202,4,4,Sad,0.0,Male,2,2 4,2 4,1 2 4
control,422,299,6,6,Fearful,1.0,Female,8,3 6 8,3 6 8,3 6 8
control,422,35,2,2,Calm,0.0,Male,2,2,2,1 2 4
control,422,84,5,3,Happy,1.0,Female,5,3 5,3 5 6,5
control,422,111,2,2,Calm,0.0,Male,2,1 2,2,1 2
control,422,245,5,5,Angry,1.0,Female,5,5,5,5
control,422,257,1,2,Calm,1.0,Female,2,1 2,1 2,1 2
control,422,174,7,5,Angry,0.0,Male,5,5,5,5
control,422,328,8,8,Surprised,1.0,Female,1,1 2 8,1 2 8,1 2 8
control,422,319,1,1,Neutral,1.0,Female,2,1 2,1 2,1 2
control,422,26,5,5,Angry,0.0,Male,5,5,5,5
control,422,130,8,8,Surprised,1.0,Female,8,3 8,8,8
control,422,298,8,8,Surprised,0.0,Male,8,1 3 8,1 3 8,1 3 8
control,422,236,3,3,Happy,1.0,Female,3,3 4 6,3 4 6,3 4 6
control,422,103,2,2,Calm,0.0,Male,2,2,2,1 2
control,422,154,6,7,Disgust,0.0,Male,7,4 7,2 4 7,2 4 7
control,422,210,7,1,Neutral,1.0,Female,2,1 2,1 2,1 2
control,422,178,5,5,Angry,1.0,Female,5,5 8,1 5 8,5 8
control,422,97,1,8,Surprised,0.0,Male,8,1 3 6 8,1 3 8,1 3 8
control,422,141,7,7,Disgust,0.0,Male,7,7,7,2 4 7
control,422,267,1,1,Neutral,0.0,Male,2,1 2,1 2,1 2
control,422,160,5,5,Angry,1.0,Female,5,5,5,5
control,422,129,4,4,Sad,1.0,Female,2,2,2,2
control,422,197,7,7,Disgust,1.0,Female,7,7,7,7
control,422,39,4,1,Neutral,1.0,Female,2,1 2,1 2,1 2
control,422,62,8,8,Surprised,1.0,Female,8,3 8,8,8
control,422,113,4,2,Calm,1.0,Female,2,2,2,2
control,422,188,8,8,Surprised,0.0,Male,8,3 6 8,3 8,3 6 8
control,422,1,2,6,Fearful,0.0,Male,4,2 4,2 4,1 2 4
control,422,19,1,3,Happy,0.0,Male,1,1 2,1 2 4,1 2 4
control,422,215,4,4,Sad,0.0,Male,4,3 4,3 4,3 4 6
control,422,268,2,2,Calm,0.0,Male,2,1 2,2,1 2
control,422,194,6,6,Fearful,1.0,Female,6,3 5 6,3 5 6,3 5 6
control,422,91,1,3,Happy,1.0,Female,1,1 2 3 4,1 2 4,1 2 4
control,422,352,7,7,Disgust,1.0,Female,7,5 7,5 7,7
control,422,289,4,4,Sad,0.0,Male,4,1 2 4,1 2 4,1 2 4
control,422,316,5,5,Angry,1.0,Female,5,5,5,5
control,422,152,6,4,Sad,0.0,Male,4,4,4,2 4
control,423,10,6,6,Fearful,1.0,Female,6,3 6 8,3 6 8,3 6
control,423,217,8,8,Surprised,1.0,Female,8,8,8,8
control,423,8,7,8,Surprised,0.0,Male,4,1 2 4,1 2 4,1 2 4
control,423,123,2,2,Calm,0.0,Male,2,1 2,2,1 2
control,423,214,6,8,Surprised,0.0,Male,8,3 6 8,3 6 8,3 6 8
control,423,87,8,8,Surprised,0.0,Male,8,3 8,3 8,3 6 8
control,423,237,5,5,Angry,1.0,Female,5,5,5,5
control,423,64,2,2,Calm,1.0,Female,2,2,2,2
control,423,101,7,7,Disgust,0.0,Male,7,5 7,5 7,5 7
control,423,238,3,8,Surprised,0.0,Male,8,3 8,8,3 8
control,423,143,2,7,Disgust,0.0,Male,7,7,7,7
control,423,42,6,6,Fearful,0.0,Male,6,3 6,3 6,3 6 8
control,423,352,1,7,Disgust,1.0,Female,7,5 7,5 7,7
control,423,309,6,6,Fearful,0.0,Male,6,3 5 6 8,3 6 8,3 6 8
control,423,122,5,5,Angry,1.0,Female,5,5,5,5
control,423,262,3,3,Happy,0.0,Male,1,1 2,1 2 4,1 2 4
control,423,75,5,5,Angry,0.0,Male,5,5,5,5
control,423,15,2,4,Sad,1.0,Female,4,2 4,2 4 7,2 4
control,423,347,1,4,Sad,0.0,Male,4,1 2 3 4,1 2 4,1 2 4
control,423,174,5,5,Angry,0.0,Male,5,5,5,5
control,423,43,6,6,Fearful,0.0,Male,6,3 6,3 6,3 6 8
control,423,152,3,4,Sad,0.0,Male,4,4,4,2 4
control,423,102,2,3,Happy,1.0,Female,1,1 2,1 2 4,1 2
control,423,30,2,2,Calm,1.0,Female,2,2,2,2
control,423,210,1,1,Neutral,1.0,Female,2,1 2,1 2,1 2
control,423,243,2,2,Calm,0.0,Male,2,2,2,1 2
control,423,70,7,2,Calm,0.0,Male,2,2,2,1 2
control,423,180,5,5,Angry,1.0,Female,5,5,5,5
control,423,199,1,4,Sad,0.0,Male,4,2 4,2 4,1 2 4
control,423,285,6,4,Sad,0.0,Male,4,2 4,2 4,2 4
control,423,60,1,3,Happy,0.0,Male,1,1 2,1 2,1 2 4
control,423,331,7,1,Neutral,0.0,Male,2,1 2,1 2,1 2
control,423,144,2,1,Neutral,0.0,Male,2,1 2,1 2,1 2
control,423,197,7,7,Disgust,1.0,Female,7,7,7,7
control,423,290,3,3,Happy,1.0,Female,6,3 6,3 4 6,3 6
control,423,239,8,8,Surprised,0.0,Male,8,3 8,3 8,3 8
control,423,155,2,4,Sad,1.0,Female,2,2,2,2
control,423,329,5,5,Angry,0.0,Male,5,5,5,5
control,423,339,4,4,Sad,0.0,Male,2,2 4,2 4,1 2 4
control,423,244,3,3,Happy,1.0,Female,4,1 3 4 6,1 3 4,1 3 4
control,423,157,8,7,Disgust,1.0,Female,7,7,7,7
control,423,153,1,1,Neutral,1.0,Female,2,1 2,1 2,1 2
control,423,267,2,1,Neutral,0.0,Male,2,1 2,1 2,1 2
control,423,268,2,2,Calm,0.0,Male,2,1 2,2,1 2
control,423,313,5,5,Angry,0.0,Male,5,5,5,5
control,423,274,1,6,Fearful,0.0,Male,3,3 4 6,3 4 6,3 4 6
control,423,321,8,8,Surprised,1.0,Female,8,3 8,3 8,8
control,423,192,5,5,Angry,1.0,Female,5,5,5,5
control,423,219,6,7,Disgust,0.0,Male,7,7,7,5 7
control,423,21,7,7,Disgust,1.0,Female,7,7,7,7
control,424,224,3,3,Happy,0.0,Male,4,1 2 3 4,1 2 4,1 2 4
control,424,316,5,5,Angry,1.0,Female,5,5,5,5
control,424,76,7,7,Disgust,0.0,Male,7,5 7,7,5 7
control,424,100,8,8,Surprised,1.0,Female,8,3 8,3 8,8
control,424,21,7,7,Disgust,1.0,Female,7,7,7,7
control,424,123,2,2,Calm,0.0,Male,2,1 2,2,1 2
control,424,172,4,2,Calm,1.0,Female,2,2,2,2
control,424,62,3,8,Surprised,1.0,Female,8,3 8,8,8
control,424,173,6,6,Fearful,0.0,Male,8,3 5 6 8,3 6 8,3 6 8
control,424,144,1,1,Neutral,0.0,Male,2,1 2,1 2,1 2
control,424,60,7,3,Happy,0.0,Male,1,1 2,1 2,1 2 4
control,424,216,8,3,Happy,1.0,Female,6,3 6 8,3 6 8,3 6
control,424,110,6,6,Fearful,0.0,Male,6,3 4 6,3 4 6,3 4 6
control,424,115,5,5,Angry,0.0,Male,5,5,5,5
control,424,341,7,7,Disgust,1.0,Female,7,7,7,7
control,424,346,2,4,Sad,0.0,Male,2,2 4,2 4,1 2 4
control,424,12,5,5,Angry,1.0,Female,5,5,5,5
control,424,108,4,4,Sad,0.0,Male,2,2 4,2 4,2 4 7
control,424,46,8,4,Sad,0.0,Male,4,4,4,2 3 4
control,424,274,2,6,Fearful,0.0,Male,3,3 4 6,3 4 6,3 4 6
control,424,83,3,3,Happy,0.0,Male,3,3 4 6,3 4 6,3 4 6
control,424,30,6,2,Calm,1.0,Female,2,2,2,2
control,424,169,6,6,Fearful,1.0,Female,6,3 6,3 6 8,3 6
control,424,235,7,5,Angry,0.0,Male,5,5,5,5
control,424,153,1,1,Neutral,1.0,Female,2,1 2,1 2,1 2
control,424,197,7,7,Disgust,1.0,Female,7,7,7,7
control,424,205,2,3,Happy,1.0,Female,1,1 3 4 8,1 3 8,1 3 8
control,424,214,8,8,Surprised,0.0,Male,8,3 6 8,3 6 8,3 6 8
control,424,134,7,5,Angry,1.0,Female,5,5,5,5
control,424,275,2,2,Calm,0.0,Male,2,2,2,1 2
control,424,228,5,5,Angry,0.0,Male,5,5,5,5
control,424,102,4,3,Happy,1.0,Female,1,1 2,1 2 4,1 2
control,424,271,6,6,Fearful,1.0,Female,6,3 6,3 6,3 6
control,424,355,4,4,Sad,1.0,Female,4,2 4,2 4,2 4
control,424,101,7,7,Disgust,0.0,Male,7,5 7,5 7,5 7
control,424,58,4,4,Sad,1.0,Female,2,2,2 4,2
control,424,298,8,8,Surprised,0.0,Male,8,1 3 8,1 3 8,1 3 8
control,424,45,5,7,Disgust,1.0,Female,7,7,7,7
control,424,147,1,3,Happy,0.0,Male,1,1 2,1 2,1 2 4
control,424,242,2,2,Calm,1.0,Female,2,2,2,2
control,424,203,5,7,Disgust,1.0,Female,7,5 7,5 7,5 7
control,424,294,8,3,Happy,1.0,Female,1,1 3 8,1 3 8,1 3 8
control,424,329,5,5,Angry,0.0,Male,5,5,5,5
control,424,157,7,7,Disgust,1.0,Female,7,7,7,7
control,424,7,4,1,Neutral,0.0,Male,2,1 2,1 2,1 2
control,424,284,6,5,Angry,1.0,Female,5,5,5,5
control,424,116,5,7,Disgust,0.0,Male,7,5 7,5 7,5 7
control,424,142,8,8,Surprised,0.0,Male,8,3 8,8,3 8
control,424,281,8,3,Happy,0.0,Male,8,3 6 8,3 6 8,3 6 8
control,424,222,8,8,Surprised,0.0,Male,8,3 8,3 8,1 3 8
control,425,238,8,8,Surprised,0.0,Male,8,3 8,8,3 8
control,425,307,3,3,Happy,1.0,Female,3,3 4 6,3 4 6,3 4 6
control,425,114,2,2,Calm,1.0,Female,2,1 2,1 2,2
control,425,309,6,6,Fearful,0.0,Male,6,3 5 6 8,3 6 8,3 6 8
control,425,117,3,4,Sad,1.0,Female,2,2,2,2
control,425,143,7,7,Disgust,0.0,Male,7,7,7,7
control,425,274,8,6,Fearful,0.0,Male,3,3 4 6,3 4 6,3 4 6
control,425,67,2,2,Calm,0.0,Male,2,2 4,2 4,2 4 7
control,425,128,5,7,Disgust,1.0,Female,7,7,7,7
control,425,230,2,2,Calm,0.0,Male,2,2,2,1 2
control,425,234,5,5,Angry,1.0,Female,5,5,5,5
control,425,298,8,8,Surprised,0.0,Male,8,1 3 8,1 3 8,1 3 8
control,425,232,6,4,Sad,0.0,Male,4,2 4,2 4,1 2 4
control,425,358,3,3,Happy,1.0,Female,6,3 6 8,3 6 8,3 6 8
control,425,174,5,5,Angry,0.0,Male,5,5,5,5
control,425,148,2,2,Calm,1.0,Female,2,2,2 4,2
control,425,288,6,8,Surprised,1.0,Female,8,3 8,3 8,8
control,425,190,6,4,Sad,1.0,Female,4,4,4,4
control,425,247,6,4,Sad,1.0,Female,4,3 4 6,3 4,3 4 6
control,425,281,6,3,Happy,0.0,Male,8,3 6 8,3 6 8,3 6 8
control,425,180,5,5,Angry,1.0,Female,5,5,5,5
control,425,226,2,4,Sad,0.0,Male,2,2,2,1 2 4
control,425,318,6,6,Fearful,1.0,Female,6,3 6 8,3 6 8,3 6
control,425,106,8,7,Disgust,0.0,Male,7,7,7,5 7
control,425,313,5,5,Angry,0.0,Male,5,5,5,5
control,425,51,2,8,Surprised,0.0,Male,1,1 3 8,1 3 8,1 3 8
control,425,90,1,5,Angry,1.0,Female,5,2 5 7,2 5 7,2 5 7
control,425,5,6,4,Sad,0.0,Male,4,2 4,2 4,2 4
control,425,69,3,8,Surprised,0.0,Male,8,3 5 6 8,3 6 8,3 6 8
control,425,154,2,7,Disgust,0.0,Male,7,4 7,2 4 7,2 4 7
control,425,189,2,4,Sad,1.0,Female,2,2 4,1 2 4,2 4
control,425,291,7,7,Disgust,1.0,Female,7,5 7,5 7,5 7
control,425,333,1,1,Neutral,0.0,Male,2,1 2,1 2,1 2
control,425,18,6,4,Sad,0.0,Male,2,1 2 4,1 2 4,1 2 4
control,425,283,2,1,Neutral,0.0,Male,1,1 2,1 2,1 2 4
control,425,141,3,7,Disgust,0.0,Male,7,7,7,2 4 7
control,425,300,2,4,Sad,1.0,Female,2,2 4,2 4,2 4
control,425,220,3,3,Happy,1.0,Female,1,1 2,1 2 4,1 2
control,425,177,1,3,Happy,1.0,Female,1,1 2 4,1 2 4,1 2 4
control,425,205,4,3,Happy,1.0,Female,1,1 3 4 8,1 3 8,1 3 8
control,425,249,2,7,Disgust,0.0,Male,7,7,7,7
control,425,178,4,5,Angry,1.0,Female,5,5 8,1 5 8,5 8
control,425,343,4,5,Angry,1.0,Female,5,5,5,5
control,425,82,7,6,Fearful,0.0,Male,4,3 4 6,3 4 6,3 4 6
control,425,144,3,1,Neutral,0.0,Male,2,1 2,1 2,1 2
control,425,255,6,6,Fearful,1.0,Female,6,3 4 6,3 4 6,3 6
control,425,185,5,6,Fearful,1.0,Female,6,3 6,3 6,3 6
control,425,350,6,7,Disgust,1.0,Female,7,5 7,5 7,7
control,425,160,5,5,Angry,1.0,Female,5,5,5,5
control,425,239,8,8,Surprised,0.0,Male,8,3 8,3 8,3 8
control,426,238,8,8,Surprised,0.0,Male,8,3 8,8,3 8
control,426,60,7,3,Happy,0.0,Male,1,1 2,1 2,1 2 4
control,426,210,7,1,Neutral,1.0,Female,2,1 2,1 2,1 2
control,426,102,8,3,Happy,1.0,Female,1,1 2,1 2 4,1 2
control,426,285,7,4,Sad,0.0,Male,4,2 4,2 4,2 4
control,426,42,6,6,Fearful,0.0,Male,6,3 6,3 6,3 6 8
control,426,219,8,7,Disgust,0.0,Male,7,7,7,5 7
control,426,43,6,6,Fearful,0.0,Male,6,3 6,3 6,3 6 8
control,426,290,4,3,Happy,1.0,Female,6,3 6,3 4 6,3 6
control,426,237,5,5,Angry,1.0,Female,5,5,5,5
control,426,8,4,8,Surprised,0.0,Male,4,1 2 4,1 2 4,1 2 4
control,426,329,5,5,Angry,0.0,Male,5,5,5,5
control,426,174,7,5,Angry,0.0,Male,5,5,5,5
control,426,10,6,6,Fearful,1.0,Female,6,3 6 8,3 6 8,3 6
control,426,122,5,5,Angry,1.0,Female,5,5,5,5
control,426,309,3,6,Fearful,0.0,Male,6,3 5 6 8,3 6 8,3 6 8
control,426,339,2,4,Sad,0.0,Male,2,2 4,2 4,1 2 4
control,426,153,1,1,Neutral,1.0,Female,2,1 2,1 2,1 2
control,426,192,5,5,Angry,1.0,Female,5,5,5,5
control,426,352,7,7,Disgust,1.0,Female,7,5 7,5 7,7
control,426,123,2,2,Calm,0.0,Male,2,1 2,2,1 2
control,426,30,4,2,Calm,1.0,Female,2,2,2,2
control,426,199,4,4,Sad,0.0,Male,4,2 4,2 4,1 2 4
control,426,152,4,4,Sad,0.0,Male,4,4,4,2 4
control,426,214,7,8,Surprised,0.0,Male,8,3 6 8,3 6 8,3 6 8
control,426,87,8,8,Surprised,0.0,Male,8,3 8,3 8,3 6 8
control,426,267,1,1,Neutral,0.0,Male,2,1 2,1 2,1 2
control,426,262,2,3,Happy,0.0,Male,1,1 2,1 2 4,1 2 4
control,426,64,1,2,Calm,1.0,Female,2,2,2,2
control,426,197,7,7,Disgust,1.0,Female,7,7,7,7
control,426,70,2,2,Calm,0.0,Male,2,2,2,1 2
control,426,157,7,7,Disgust,1.0,Female,7,7,7,7
control,426,331,1,1,Neutral,0.0,Male,2,1 2,1 2,1 2
control,426,21,7,7,Disgust,1.0,Female,7,7,7,7
control,426,274,8,6,Fearful,0.0,Male,3,3 4 6,3 4 6,3 4 6
control,426,101,7,7,Disgust,0.0,Male,7,5 7,5 7,5 7
control,426,239,5,8,Surprised,0.0,Male,8,3 8,3 8,3 8
control,426,155,2,4,Sad,1.0,Female,2,2,2,2
control,426,347,6,4,Sad,0.0,Male,4,1 2 3 4,1 2 4,1 2 4
control,426,321,8,8,Surprised,1.0,Female,8,3 8,3 8,8
control,426,15,4,4,Sad,1.0,Female,4,2 4,2 4 7,2 4
control,426,75,5,5,Angry,0.0,Male,5,5,5,5
control,426,268,2,2,Calm,0.0,Male,2,1 2,2,1 2
control,426,313,5,5,Angry,0.0,Male,5,5,5,5
control,426,244,3,3,Happy,1.0,Female,4,1 3 4 6,1 3 4,1 3 4
control,426,217,8,8,Surprised,1.0,Female,8,8,8,8
control,426,143,7,7,Disgust,0.0,Male,7,7,7,7
control,426,243,1,2,Calm,0.0,Male,2,2,2,1 2
control,426,180,5,5,Angry,1.0,Female,5,5,5,5
control,426,144,1,1,Neutral,0.0,Male,2,1 2,1 2,1 2
control,427,358,3,3,Happy,1.0,Female,6,3 6 8,3 6 8,3 6 8
control,427,194,6,6,Fearful,1.0,Female,6,3 5 6,3 5 6,3 5 6
control,427,332,7,4,Sad,1.0,Female,4,4,4,4
control,427,237,5,5,Angry,1.0,Female,5,5,5,5
control,427,79,6,6,Fearful,1.0,Female,6,3 6,3 6 8,3 6
control,427,268,1,2,Calm,0.0,Male,2,1 2,2,1 2
control,427,221,8,8,Surprised,0.0,Male,8,3 8,1 3 8,1 3 8
control,427,256,1,2,Calm,0.0,Male,2,1 2,2,1 2
control,427,186,5,5,Angry,0.0,Male,4,3 4 6,3 4 6,3 4 6
control,427,311,4,4,Sad,1.0,Female,2,1 2 4,1 2 4,1 2 4
control,427,78,1,1,Neutral,0.0,Male,2,1 2,1 2,1 2 4
control,427,85,5,7,Disgust,0.0,Male,7,7,7,7
control,427,105,6,4,Sad,0.0,Male,4,3 4 6,3 4,3 4 6
control,427,153,1,1,Neutral,1.0,Female,2,1 2,1 2,1 2
control,427,283,1,1,Neutral,0.0,Male,1,1 2,1 2,1 2 4
control,427,350,7,7,Disgust,1.0,Female,7,5 7,5 7,7
control,427,104,3,3,Happy,0.0,Male,6,3 5 6 8,3 5 6,3 5 6
control,427,205,7,3,Happy,1.0,Female,1,1 3 4 8,1 3 8,1 3 8
control,427,297,2,2,Calm,1.0,Female,2,1 2,2,2
control,427,136,5,5,Angry,1.0,Female,5,5,5,5
control,427,244,3,3,Happy,1.0,Female,4,1 3 4 6,1 3 4,1 3 4
control,427,8,3,8,Surprised,0.0,Male,4,1 2 4,1 2 4,1 2 4
control,427,265,6,6,Fearful,0.0,Male,6,3 6 8,3 6 8,3 6 8
control,427,27,7,7,Disgust,1.0,Female,7,7,7,7
control,427,354,5,5,Angry,1.0,Female,5,5,5,5
control,427,308,2,7,Disgust,1.0,Female,7,2 7,2 7,2 7
control,427,340,7,7,Disgust,1.0,Female,7,7,7,7
control,427,80,5,7,Disgust,1.0,Female,7,5 7,5 7,5 7
control,427,225,8,8,Surprised,1.0,Female,8,3 8,8,8
control,427,180,5,5,Angry,1.0,Female,5,5,5,5
control,427,341,2,7,Disgust,1.0,Female,7,7,7,7
control,427,71,6,4,Sad,0.0,Male,2,1 2,1 2,1 2 4
control,427,148,2,2,Calm,1.0,Female,2,2,2 4,2
control,427,299,6,6,Fearful,1.0,Female,8,3 6 8,3 6 8,3 6 8
control,427,238,8,8,Surprised,0.0,Male,8,3 8,8,3 8
control,427,351,3,3,Happy,0.0,Male,6,3 6 8,3 6 8,3 6 8
control,427,231,5,5,Angry,0.0,Male,5,5,5,5
control,427,160,7,5,Angry,1.0,Female,5,5,5,5
control,427,15,2,4,Sad,1.0,Female,4,2 4,2 4 7,2 4
control,427,315,1,1,Neutral,1.0,Female,1,1 2,1 2,1 2
control,427,210,7,1,Neutral,1.0,Female,2,1 2,1 2,1 2
control,427,129,4,4,Sad,1.0,Female,2,2,2,2
control,427,62,8,8,Surprised,1.0,Female,8,3 8,8,8
control,427,121,4,4,Sad,0.0,Male,4,3 4,3 4 6,3 4 6
control,427,278,8,8,Surprised,0.0,Male,8,3 8,8,3 8
control,427,255,6,6,Fearful,1.0,Female,6,3 4 6,3 4 6,3 6
control,427,19,3,3,Happy,0.0,Male,1,1 2,1 2 4,1 2 4
control,427,169,6,6,Fearful,1.0,Female,6,3 6,3 6 8,3 6
control,427,124,8,8,Surprised,0.0,Male,8,3 8,3 8,3 8
control,427,173,6,6,Fearful,0.0,Male,8,3 5 6 8,3 6 8,3 6 8
control,428,210,2,1,Neutral,1.0,Female,2,1 2,1 2,1 2
control,428,78,2,1,Neutral,0.0,Male,2,1 2,1 2,1 2 4
control,428,205,5,3,Happy,1.0,Female,1,1 3 4 8,1 3 8,1 3 8
control,428,104,6,3,Happy,0.0,Male,6,3 5 6 8,3 5 6,3 5 6
control,428,71,4,4,Sad,0.0,Male,2,1 2,1 2,1 2 4
control,428,180,5,5,Angry,1.0,Female,5,5,5,5
control,428,283,1,1,Neutral,0.0,Male,1,1 2,1 2,1 2 4
control,428,121,6,4,Sad,0.0,Male,4,3 4,3 4 6,3 4 6
control,428,278,8,8,Surprised,0.0,Male,8,3 8,8,3 8
control,428,186,4,5,Angry,0.0,Male,4,3 4 6,3 4 6,3 4 6
control,428,129,4,4,Sad,1.0,Female,2,2,2,2
control,428,221,8,8,Surprised,0.0,Male,8,3 8,1 3 8,1 3 8
control,428,297,2,2,Calm,1.0,Female,2,1 2,2,2
control,428,80,5,7,Disgust,1.0,Female,7,5 7,5 7,5 7
control,428,169,6,6,Fearful,1.0,Female,6,3 6,3 6 8,3 6
control,428,268,2,2,Calm,0.0,Male,2,1 2,2,1 2
control,428,19,3,3,Happy,0.0,Male,1,1 2,1 2 4,1 2 4
control,428,265,4,6,Fearful,0.0,Male,6,3 6 8,3 6 8,3 6 8
control,428,231,5,5,Angry,0.0,Male,5,5,5,5
control,428,160,5,5,Angry,1.0,Female,5,5,5,5
control,428,256,1,2,Calm,0.0,Male,2,1 2,2,1 2
control,428,308,3,7,Disgust,1.0,Female,7,2 7,2 7,2 7
control,428,136,5,5,Angry,1.0,Female,5,5,5,5
control,428,173,6,6,Fearful,0.0,Male,8,3 5 6 8,3 6 8,3 6 8
control,428,315,1,1,Neutral,1.0,Female,1,1 2,1 2,1 2
control,428,148,2,2,Calm,1.0,Female,2,2,2 4,2
control,428,358,8,3,Happy,1.0,Female,6,3 6 8,3 6 8,3 6 8
control,428,225,8,8,Surprised,1.0,Female,8,3 8,8,8
control,428,238,8,8,Surprised,0.0,Male,8,3 8,8,3 8
control,428,85,4,7,Disgust,0.0,Male,7,7,7,7
control,428,79,6,6,Fearful,1.0,Female,6,3 6,3 6 8,3 6
control,428,340,7,7,Disgust,1.0,Female,7,7,7,7
control,428,311,6,4,Sad,1.0,Female,2,1 2 4,1 2 4,1 2 4
control,428,255,6,6,Fearful,1.0,Female,6,3 4 6,3 4 6,3 6
control,428,105,4,4,Sad,0.0,Male,4,3 4 6,3 4,3 4 6
control,428,237,5,5,Angry,1.0,Female,5,5,5,5
control,428,244,1,3,Happy,1.0,Female,4,1 3 4 6,1 3 4,1 3 4
control,428,341,7,7,Disgust,1.0,Female,7,7,7,7
control,428,153,2,1,Neutral,1.0,Female,2,1 2,1 2,1 2
control,428,350,7,7,Disgust,1.0,Female,7,5 7,5 7,7
control,428,354,5,5,Angry,1.0,Female,5,5,5,5
control,428,27,7,7,Disgust,1.0,Female,7,7,7,7
control,428,15,4,4,Sad,1.0,Female,4,2 4,2 4 7,2 4
control,428,8,6,8,Surprised,0.0,Male,4,1 2 4,1 2 4,1 2 4
control,428,299,8,6,Fearful,1.0,Female,8,3 6 8,3 6 8,3 6 8
control,428,124,8,8,Surprised,0.0,Male,8,3 8,3 8,3 8
control,428,332,6,4,Sad,1.0,Female,4,4,4,4
control,428,62,8,8,Surprised,1.0,Female,8,3 8,8,8
control,428,194,5,6,Fearful,1.0,Female,6,3 5 6,3 5 6,3 5 6
control,428,351,7,3,Happy,0.0,Male,6,3 6 8,3 6 8,3 6 8
control,429,341,8,7,Disgust,1.0,Female,7,7,7,7
control,429,308,2,7,Disgust,1.0,Female,7,2 7,2 7,2 7
control,429,194,6,6,Fearful,1.0,Female,6,3 5 6,3 5 6,3 5 6
control,429,354,5,5,Angry,1.0,Female,5,5,5,5
control,429,15,2,4,Sad,1.0,Female,4,2 4,2 4 7,2 4
control,429,129,2,4,Sad,1.0,Female,2,2,2,2
control,429,225,8,8,Surprised,1.0,Female,8,3 8,8,8
control,429,311,3,4,Sad,1.0,Female,2,1 2 4,1 2 4,1 2 4
control,429,340,5,7,Disgust,1.0,Female,7,7,7,7
control,429,299,8,6,Fearful,1.0,Female,8,3 6 8,3 6 8,3 6 8
control,429,173,6,6,Fearful,0.0,Male,8,3 5 6 8,3 6 8,3 6 8
control,429,62,8,8,Surprised,1.0,Female,8,3 8,8,8
control,429,237,5,5,Angry,1.0,Female,5,5,5,5
control,429,283,6,1,Neutral,0.0,Male,1,1 2,1 2,1 2 4
control,429,27,7,7,Disgust,1.0,Female,7,7,7,7
control,429,124,8,8,Surprised,0.0,Male,8,3 8,3 8,3 8
control,429,71,4,4,Sad,0.0,Male,2,1 2,1 2,1 2 4
control,429,160,5,5,Angry,1.0,Female,5,5,5,5
control,429,186,1,5,Angry,0.0,Male,4,3 4 6,3 4 6,3 4 6
control,429,278,8,8,Surprised,0.0,Male,8,3 8,8,3 8
control,429,221,2,8,Surprised,0.0,Male,8,3 8,1 3 8,1 3 8
control,429,255,6,6,Fearful,1.0,Female,6,3 4 6,3 4 6,3 6
control,429,256,2,2,Calm,0.0,Male,2,1 2,2,1 2
control,429,358,6,3,Happy,1.0,Female,6,3 6 8,3 6 8,3 6 8
control,429,180,5,5,Angry,1.0,Female,5,5,5,5
control,429,332,6,4,Sad,1.0,Female,4,4,4,4
control,429,153,2,1,Neutral,1.0,Female,2,1 2,1 2,1 2
control,429,85,5,7,Disgust,0.0,Male,7,7,7,7
control,429,78,3,1,Neutral,0.0,Male,2,1 2,1 2,1 2 4
control,429,297,3,2,Calm,1.0,Female,2,1 2,2,2
control,429,205,7,3,Happy,1.0,Female,1,1 3 4 8,1 3 8,1 3 8
control,429,169,7,6,Fearful,1.0,Female,6,3 6,3 6 8,3 6
control,429,19,1,3,Happy,0.0,Male,1,1 2,1 2 4,1 2 4
control,429,238,8,8,Surprised,0.0,Male,8,3 8,8,3 8
control,429,148,1,2,Calm,1.0,Female,2,2,2 4,2
control,429,79,8,6,Fearful,1.0,Female,6,3 6,3 6 8,3 6
control,429,265,2,6,Fearful,0.0,Male,6,3 6 8,3 6 8,3 6 8
control,429,244,7,3,Happy,1.0,Female,4,1 3 4 6,1 3 4,1 3 4
control,429,351,6,3,Happy,0.0,Male,6,3 6 8,3 6 8,3 6 8
control,429,210,5,1,Neutral,1.0,Female,2,1 2,1 2,1 2
control,429,268,4,2,Calm,0.0,Male,2,1 2,2,1 2
control,429,104,6,3,Happy,0.0,Male,6,3 5 6 8,3 5 6,3 5 6
control,429,231,5,5,Angry,0.0,Male,5,5,5,5
control,429,105,6,4,Sad,0.0,Male,4,3 4 6,3 4,3 4 6
control,429,136,5,5,Angry,1.0,Female,5,5,5,5
control,429,80,7,7,Disgust,1.0,Female,7,5 7,5 7,5 7
control,429,121,6,4,Sad,0.0,Male,4,3 4,3 4 6,3 4 6
control,429,8,8,8,Surprised,0.0,Male,4,1 2 4,1 2 4,1 2 4
control,429,315,7,1,Neutral,1.0,Female,1,1 2,1 2,1 2
control,429,350,6,7,Disgust,1.0,Female,7,5 7,5 7,7
control,430,57,1,2,Calm,0.0,Male,2,2,2,1 2
control,430,254,1,3,Happy,0.0,Male,1,1 2,1 2 4,1 2 4
control,430,249,2,7,Disgust,0.0,Male,7,7,7,7
control,430,61,8,6,Fearful,0.0,Male,6,3 6 8,3 6 8,3 6 8
control,430,86,2,7,Disgust,1.0,Female,2,2,2,2
control,430,205,3,3,Happy,1.0,Female,1,1 3 4 8,1 3 8,1 3 8
control,430,226,2,4,Sad,0.0,Male,2,2,2,1 2 4
control,430,246,3,3,Happy,1.0,Female,1,1 3 4 8,1 3 4,1 3 4
control,430,337,8,8,Surprised,1.0,Female,1,1 3 8,1 3 8,1 3 8
control,430,310,7,7,Disgust,1.0,Female,7,5 7,5 7,7
control,430,23,6,8,Surprised,1.0,Female,8,3 8,3 8,3 8
control,430,201,5,5,Angry,0.0,Male,5,5,5,5
control,430,103,4,2,Calm,0.0,Male,2,2,2,1 2
control,430,119,4,6,Fearful,0.0,Male,8,3 8,3 8,3 6 8
control,430,285,6,4,Sad,0.0,Male,4,2 4,2 4,2 4
control,430,286,6,7,Disgust,0.0,Male,7,4 7,7,4 7
control,430,300,4,4,Sad,1.0,Female,2,2 4,2 4,2 4
control,430,5,5,4,Sad,0.0,Male,4,2 4,2 4,2 4
control,430,245,7,5,Angry,1.0,Female,5,5,5,5
control,430,222,2,8,Surprised,0.0,Male,8,3 8,3 8,1 3 8
control,430,30,2,2,Calm,1.0,Female,2,2,2,2
control,430,33,8,8,Surprised,0.0,Male,8,3 8,3 8,3 8
control,430,147,2,3,Happy,0.0,Male,1,1 2,1 2,1 2 4
control,430,343,5,5,Angry,1.0,Female,5,5,5,5
control,430,2,6,6,Fearful,1.0,Female,6,3 6,3 6,3 6
control,430,45,3,7,Disgust,1.0,Female,7,7,7,7
control,430,175,5,2,Calm,1.0,Female,2,1 2,1 2,1 2
control,430,18,6,4,Sad,0.0,Male,2,1 2 4,1 2 4,1 2 4
control,430,290,3,3,Happy,1.0,Female,6,3 6,3 4 6,3 6
control,430,110,6,6,Fearful,0.0,Male,6,3 4 6,3 4 6,3 4 6
control,430,267,2,1,Neutral,0.0,Male,2,1 2,1 2,1 2
control,430,70,2,2,Calm,0.0,Male,2,2,2,1 2
control,430,218,3,3,Happy,0.0,Male,1,1 2,1 2 8,1 2 8
control,430,164,2,2,Calm,1.0,Female,2,1 2,1 2,2
control,430,59,8,6,Fearful,1.0,Female,6,3 4 6,3 4 6,3 4 6
control,430,139,6,6,Fearful,1.0,Female,6,3 6,3 6,3 6
control,430,215,7,4,Sad,0.0,Male,4,3 4,3 4,3 4 6
control,430,234,5,5,Angry,1.0,Female,5,5,5,5
control,430,305,7,8,Surprised,1.0,Female,8,3 8,8,8
control,430,94,7,5,Angry,1.0,Female,5,5,5,5
control,430,144,1,1,Neutral,0.0,Male,2,1 2,1 2,1 2
control,430,242,2,2,Calm,1.0,Female,2,2,2,2
control,430,51,2,8,Surprised,0.0,Male,1,1 3 8,1 3 8,1 3 8
control,430,357,6,4,Sad,1.0,Female,4,2 4,4,4
control,430,272,7,5,Angry,1.0,Female,5,5 8,5 8,5 8
control,430,44,4,6,Fearful,0.0,Male,3,3 4 6,3 4 6,3 4 6
control,430,34,7,5,Angry,0.0,Male,5,5,5,5
control,430,97,3,8,Surprised,0.0,Male,8,1 3 6 8,1 3 8,1 3 8
control,430,220,3,3,Happy,1.0,Female,1,1 2,1 2 4,1 2
control,430,178,4,5,Angry,1.0,Female,5,5 8,1 5 8,5 8
control,431,39,1,1,Neutral,1.0,Female,2,1 2,1 2,1 2
control,431,111,1,2,Calm,0.0,Male,2,1 2,2,1 2
control,431,245,5,5,Angry,1.0,Female,5,5,5,5
control,431,37,6,6,Fearful,1.0,Female,6,3 5 6 8,3 6 8,3 6 8
control,431,130,3,8,Surprised,1.0,Female,8,3 8,8,8
control,431,103,2,2,Calm,0.0,Male,2,2,2,1 2
control,431,257,1,2,Calm,1.0,Female,2,1 2,1 2,1 2
control,431,207,8,7,Disgust,0.0,Male,7,7,7,7
control,431,268,2,2,Calm,0.0,Male,2,1 2,2,1 2
control,431,307,3,3,Happy,1.0,Female,3,3 4 6,3 4 6,3 4 6
control,431,154,6,7,Disgust,0.0,Male,7,4 7,2 4 7,2 4 7
control,431,160,5,5,Angry,1.0,Female,5,5,5,5
control,431,298,8,8,Surprised,0.0,Male,8,1 3 8,1 3 8,1 3 8
control,431,328,3,8,Surprised,1.0,Female,1,1 2 8,1 2 8,1 2 8
control,431,197,4,7,Disgust,1.0,Female,7,7,7,7
control,431,129,2,4,Sad,1.0,Female,2,2,2,2
control,431,267,1,1,Neutral,0.0,Male,2,1 2,1 2,1 2
control,431,223,6,4,Sad,1.0,Female,4,4,4,4
control,431,178,7,5,Angry,1.0,Female,5,5 8,1 5 8,5 8
control,431,173,6,6,Fearful,0.0,Male,8,3 5 6 8,3 6 8,3 6 8
control,431,352,7,7,Disgust,1.0,Female,7,5 7,5 7,7
control,431,199,4,4,Sad,0.0,Male,4,2 4,2 4,1 2 4
control,431,35,2,2,Calm,0.0,Male,2,2,2,1 2 4
control,431,316,5,5,Angry,1.0,Female,5,5,5,5
control,431,105,6,4,Sad,0.0,Male,4,3 4 6,3 4,3 4 6
control,431,19,3,3,Happy,0.0,Male,1,1 2,1 2 4,1 2 4
control,431,152,4,4,Sad,0.0,Male,4,4,4,2 4
control,431,215,4,4,Sad,0.0,Male,4,3 4,3 4,3 4 6
control,431,1,1,6,Fearful,0.0,Male,4,2 4,2 4,1 2 4
control,431,319,1,1,Neutral,1.0,Female,2,1 2,1 2,1 2
control,431,62,8,8,Surprised,1.0,Female,8,3 8,8,8
control,431,202,6,4,Sad,0.0,Male,2,2 4,2 4,1 2 4
control,431,299,6,6,Fearful,1.0,Female,8,3 6 8,3 6 8,3 6 8
control,431,76,7,7,Disgust,0.0,Male,7,5 7,7,5 7
control,431,113,2,2,Calm,1.0,Female,2,2,2,2
control,431,233,6,6,Fearful,1.0,Female,6,3 6,3 5 6,3 5 6
control,431,174,7,5,Angry,0.0,Male,5,5,5,5
control,431,188,8,8,Surprised,0.0,Male,8,3 6 8,3 8,3 6 8
control,431,318,6,6,Fearful,1.0,Female,6,3 6 8,3 6 8,3 6
control,431,236,3,3,Happy,1.0,Female,3,3 4 6,3 4 6,3 4 6
control,431,84,5,3,Happy,1.0,Female,5,3 5,3 5 6,5
control,431,210,1,1,Neutral,1.0,Female,2,1 2,1 2,1 2
control,431,26,5,5,Angry,0.0,Male,5,5,5,5
control,431,47,7,7,Disgust,1.0,Female,7,5 7,7,7
control,431,194,6,6,Fearful,1.0,Female,6,3 5 6,3 5 6,3 5 6
control,431,91,3,3,Happy,1.0,Female,1,1 2 3 4,1 2 4,1 2 4
control,431,242,2,2,Calm,1.0,Female,2,2,2,2
control,431,141,7,7,Disgust,0.0,Male,7,7,7,2 4 7
control,431,97,1,8,Surprised,0.0,Male,8,1 3 6 8,1 3 8,1 3 8
control,431,289,6,4,Sad,0.0,Male,4,1 2 4,1 2 4,1 2 4
control,432,129,4,4,Sad,1.0,Female,2,2,2,2
control,432,236,3,3,Happy,1.0,Female,3,3 4 6,3 4 6,3 4 6
control,432,202,6,4,Sad,0.0,Male,2,2 4,2 4,1 2 4
control,432,84,5,3,Happy,1.0,Female,5,3 5,3 5 6,5
control,432,37,8,6,Fearful,1.0,Female,6,3 5 6 8,3 6 8,3 6 8
control,432,207,7,7,Disgust,0.0,Male,7,7,7,7
control,432,299,8,6,Fearful,1.0,Female,8,3 6 8,3 6 8,3 6 8
control,432,174,5,5,Angry,0.0,Male,5,5,5,5
control,432,194,6,6,Fearful,1.0,Female,6,3 5 6,3 5 6,3 5 6
control,432,39,4,1,Neutral,1.0,Female,2,1 2,1 2,1 2
control,432,178,1,5,Angry,1.0,Female,5,5 8,1 5 8,5 8
control,432,298,8,8,Surprised,0.0,Male,8,1 3 8,1 3 8,1 3 8
control,432,215,3,4,Sad,0.0,Male,4,3 4,3 4,3 4 6
control,432,113,2,2,Calm,1.0,Female,2,2,2,2
control,432,160,5,5,Angry,1.0,Female,5,5,5,5
control,432,245,5,5,Angry,1.0,Female,5,5,5,5
control,432,130,3,8,Surprised,1.0,Female,8,3 8,8,8
control,432,233,6,6,Fearful,1.0,Female,6,3 6,3 5 6,3 5 6
control,432,111,2,2,Calm,0.0,Male,2,1 2,2,1 2
control,432,223,4,4,Sad,1.0,Female,4,4,4,4
control,432,199,1,4,Sad,0.0,Male,4,2 4,2 4,1 2 4
control,432,1,1,6,Fearful,0.0,Male,4,2 4,2 4,1 2 4
control,432,197,2,7,Disgust,1.0,Female,7,7,7,7
control,432,91,1,3,Happy,1.0,Female,1,1 2 3 4,1 2 4,1 2 4
control,432,188,8,8,Surprised,0.0,Male,8,3 6 8,3 8,3 6 8
control,432,242,2,2,Calm,1.0,Female,2,2,2,2
control,432,97,3,8,Surprised,0.0,Male,8,1 3 6 8,1 3 8,1 3 8
control,432,210,4,1,Neutral,1.0,Female,2,1 2,1 2,1 2
control,432,268,1,2,Calm,0.0,Male,2,1 2,2,1 2
control,432,103,4,2,Calm,0.0,Male,2,2,2,1 2
control,432,105,6,4,Sad,0.0,Male,4,3 4 6,3 4,3 4 6
control,432,154,7,7,Disgust,0.0,Male,7,4 7,2 4 7,2 4 7
control,432,316,5,5,Angry,1.0,Female,5,5,5,5
control,432,352,4,7,Disgust,1.0,Female,7,5 7,5 7,7
control,432,307,5,3,Happy,1.0,Female,3,3 4 6,3 4 6,3 4 6
control,432,19,2,3,Happy,0.0,Male,1,1 2,1 2 4,1 2 4
control,432,35,2,2,Calm,0.0,Male,2,2,2,1 2 4
control,432,141,1,7,Disgust,0.0,Male,7,7,7,2 4 7
control,432,47,8,7,Disgust,1.0,Female,7,5 7,7,7
control,432,26,5,5,Angry,0.0,Male,5,5,5,5
control,432,289,6,4,Sad,0.0,Male,4,1 2 4,1 2 4,1 2 4
control,432,257,2,2,Calm,1.0,Female,2,1 2,1 2,1 2
control,432,328,8,8,Surprised,1.0,Female,1,1 2 8,1 2 8,1 2 8
control,432,76,7,7,Disgust,0.0,Male,7,5 7,7,5 7
control,432,173,5,6,Fearful,0.0,Male,8,3 5 6 8,3 6 8,3 6 8
control,432,319,2,1,Neutral,1.0,Female,2,1 2,1 2,1 2
control,432,267,1,1,Neutral,0.0,Male,2,1 2,1 2,1 2
control,432,152,3,4,Sad,0.0,Male,4,4,4,2 4
control,432,62,8,8,Surprised,1.0,Female,8,3 8,8,8
control,432,318,3,6,Fearful,1.0,Female,6,3 6 8,3 6 8,3 6
control,433,313,5,5,Angry,0.0,Male,5,5,5,5
control,433,70,2,2,Calm,0.0,Male,2,2,2,1 2
control,433,121,6,4,Sad,0.0,Male,4,3 4,3 4 6,3 4 6
control,433,27,4,7,Disgust,1.0,Female,7,7,7,7
control,433,357,5,4,Sad,1.0,Female,4,2 4,4,4
control,433,275,2,2,Calm,0.0,Male,2,2,2,1 2
control,433,193,5,5,Angry,1.0,Female,5,5,5,5
control,433,304,7,7,Disgust,0.0,Male,7,7,7,7
control,433,97,8,8,Surprised,0.0,Male,8,1 3 6 8,1 3 8,1 3 8
control,433,1,1,6,Fearful,0.0,Male,4,2 4,2 4,1 2 4
control,433,349,1,1,Neutral,0.0,Male,2,1 2,1 2,1 2 4
control,433,233,5,6,Fearful,1.0,Female,6,3 6,3 5 6,3 5 6
control,433,115,5,5,Angry,0.0,Male,5,5,5,5
control,433,174,7,5,Angry,0.0,Male,5,5,5,5
control,433,114,2,2,Calm,1.0,Female,2,1 2,1 2,2
control,433,226,1,4,Sad,0.0,Male,2,2,2,1 2 4
control,433,166,4,3,Happy,0.0,Male,8,3 6 8,3 6 8,3 6 8
control,433,23,7,8,Surprised,1.0,Female,8,3 8,3 8,3 8
control,433,14,4,8,Surprised,0.0,Male,8,3 6 8,3 6 8,3 6 8
control,433,137,6,6,Fearful,1.0,Female,6,3 4 6,3 4 6,3 4 6
control,433,83,3,3,Happy,0.0,Male,3,3 4 6,3 4 6,3 4 6
control,433,198,2,1,Neutral,1.0,Female,2,1 2,1 2,1 2
control,433,98,5,6,Fearful,0.0,Male,6,3 6,3 4 6,3 4 6
control,433,298,8,8,Surprised,0.0,Male,8,1 3 8,1 3 8,1 3 8
control,433,2,6,6,Fearful,1.0,Female,6,3 6,3 6,3 6
control,433,101,7,7,Disgust,0.0,Male,7,5 7,5 7,5 7
control,433,212,4,5,Angry,0.0,Male,5,5 8,3 5 8,3 5 8
control,433,32,5,7,Disgust,1.0,Female,7,5 7,7,7
control,433,81,5,8,Surprised,1.0,Female,8,3 8,8,8
control,433,267,2,1,Neutral,0.0,Male,2,1 2,1 2,1 2
control,433,201,5,5,Angry,0.0,Male,5,5,5,5
control,433,60,8,3,Happy,0.0,Male,1,1 2,1 2,1 2 4
control,433,211,2,2,Calm,0.0,Male,2,2,2,1 2
control,433,260,3,3,Happy,0.0,Male,2,1 2,1 2,1 2
control,433,251,5,6,Fearful,0.0,Male,6,3 6 8,3 6 8,3 6 8
control,433,104,3,3,Happy,0.0,Male,6,3 5 6 8,3 5 6,3 5 6
control,433,155,2,4,Sad,1.0,Female,2,2,2,2
control,433,167,2,1,Neutral,0.0,Male,2,1 2,1 2,1 2
control,433,109,1,1,Neutral,1.0,Female,2,1 2,1 2,1 2
control,433,47,7,7,Disgust,1.0,Female,7,5 7,7,7
control,433,76,8,7,Disgust,0.0,Male,7,5 7,7,5 7
control,433,112,6,8,Surprised,0.0,Male,8,3 8,3 8,3 8
control,433,96,8,2,Calm,0.0,Male,2,2,2,1 2
control,433,94,5,5,Angry,1.0,Female,5,5,5,5
control,433,118,3,3,Happy,1.0,Female,1,1 2,1 2 4,1 2
control,433,257,2,2,Calm,1.0,Female,2,1 2,1 2,1 2
control,433,45,3,7,Disgust,1.0,Female,7,7,7,7
control,433,247,4,4,Sad,1.0,Female,4,3 4 6,3 4,3 4 6
control,433,206,7,5,Angry,1.0,Female,5,5,5,5
control,433,111,2,2,Calm,0.0,Male,2,1 2,2,1 2
control,434,62,8,8,Surprised,1.0,Female,8,3 8,8,8
control,434,318,6,6,Fearful,1.0,Female,6,3 6 8,3 6 8,3 6
control,434,103,7,2,Calm,0.0,Male,2,2,2,1 2
control,434,319,1,1,Neutral,1.0,Female,2,1 2,1 2,1 2
control,434,316,5,5,Angry,1.0,Female,5,5,5,5
control,434,210,1,1,Neutral,1.0,Female,2,1 2,1 2,1 2
control,434,47,5,7,Disgust,1.0,Female,7,5 7,7,7
control,434,39,1,1,Neutral,1.0,Female,2,1 2,1 2,1 2
control,434,160,5,5,Angry,1.0,Female,5,5,5,5
control,434,242,2,2,Calm,1.0,Female,2,2,2,2
control,434,174,5,5,Angry,0.0,Male,5,5,5,5
control,434,97,8,8,Surprised,0.0,Male,8,1 3 6 8,1 3 8,1 3 8
control,434,197,7,7,Disgust,1.0,Female,7,7,7,7
control,434,26,5,5,Angry,0.0,Male,5,5,5,5
control,434,35,2,2,Calm,0.0,Male,2,2,2,1 2 4
control,434,352,7,7,Disgust,1.0,Female,7,5 7,5 7,7
control,434,307,3,3,Happy,1.0,Female,3,3 4 6,3 4 6,3 4 6
control,434,245,5,5,Angry,1.0,Female,5,5,5,5
control,434,173,6,6,Fearful,0.0,Male,8,3 5 6 8,3 6 8,3 6 8
control,434,267,6,1,Neutral,0.0,Male,2,1 2,1 2,1 2
control,434,236,1,3,Happy,1.0,Female,3,3 4 6,3 4 6,3 4 6
control,434,113,2,2,Calm,1.0,Female,2,2,2,2
control,434,178,1,5,Angry,1.0,Female,5,5 8,1 5 8,5 8
control,434,105,6,4,Sad,0.0,Male,4,3 4 6,3 4,3 4 6
control,434,207,7,7,Disgust,0.0,Male,7,7,7,7
control,434,1,1,6,Fearful,0.0,Male,4,2 4,2 4,1 2 4
control,434,152,6,4,Sad,0.0,Male,4,4,4,2 4
control,434,199,1,4,Sad,0.0,Male,4,2 4,2 4,1 2 4
control,434,257,2,2,Calm,1.0,Female,2,1 2,1 2,1 2
control,434,91,1,3,Happy,1.0,Female,1,1 2 3 4,1 2 4,1 2 4
control,434,129,4,4,Sad,1.0,Female,2,2,2,2
control,434,268,2,2,Calm,0.0,Male,2,1 2,2,1 2
control,434,37,6,6,Fearful,1.0,Female,6,3 5 6 8,3 6 8,3 6 8
control,434,76,7,7,Disgust,0.0,Male,7,5 7,7,5 7
control,434,111,1,2,Calm,0.0,Male,2,1 2,2,1 2
control,434,223,4,4,Sad,1.0,Female,4,4,4,4
control,434,299,8,6,Fearful,1.0,Female,8,3 6 8,3 6 8,3 6 8
control,434,289,6,4,Sad,0.0,Male,4,1 2 4,1 2 4,1 2 4
control,434,130,8,8,Surprised,1.0,Female,8,3 8,8,8
control,434,215,6,4,Sad,0.0,Male,4,3 4,3 4,3 4 6
control,434,19,1,3,Happy,0.0,Male,1,1 2,1 2 4,1 2 4
control,434,298,8,8,Surprised,0.0,Male,8,1 3 8,1 3 8,1 3 8
control,434,202,7,4,Sad,0.0,Male,2,2 4,2 4,1 2 4
control,434,84,7,3,Happy,1.0,Female,5,3 5,3 5 6,5
control,434,194,6,6,Fearful,1.0,Female,6,3 5 6,3 5 6,3 5 6
control,434,188,8,8,Surprised,0.0,Male,8,3 6 8,3 8,3 6 8
control,434,141,7,7,Disgust,0.0,Male,7,7,7,2 4 7
control,434,154,8,7,Disgust,0.0,Male,7,4 7,2 4 7,2 4 7
control,434,328,8,8,Surprised,1.0,Female,1,1 2 8,1 2 8,1 2 8
control,434,233,6,6,Fearful,1.0,Female,6,3 6,3 5 6,3 5 6
control,435,114,2,2,Calm,1.0,Female,2,1 2,1 2,2
control,435,143,7,7,Disgust,0.0,Male,7,7,7,7
control,435,226,2,4,Sad,0.0,Male,2,2,2,1 2 4
control,435,232,4,4,Sad,0.0,Male,4,2 4,2 4,1 2 4
control,435,255,6,6,Fearful,1.0,Female,6,3 4 6,3 4 6,3 6
control,435,313,5,5,Angry,0.0,Male,5,5,5,5
control,435,154,7,7,Disgust,0.0,Male,7,4 7,2 4 7,2 4 7
control,435,238,8,8,Surprised,0.0,Male,8,3 8,8,3 8
control,435,309,6,6,Fearful,0.0,Male,6,3 5 6 8,3 6 8,3 6 8
control,435,220,1,3,Happy,1.0,Female,1,1 2,1 2 4,1 2
control,435,300,1,4,Sad,1.0,Female,2,2 4,2 4,2 4
control,435,281,3,3,Happy,0.0,Male,8,3 6 8,3 6 8,3 6 8
control,435,106,7,7,Disgust,0.0,Male,7,7,7,5 7
control,435,148,4,2,Calm,1.0,Female,2,2,2 4,2
control,435,239,5,8,Surprised,0.0,Male,8,3 8,3 8,3 8
control,435,333,1,1,Neutral,0.0,Male,2,1 2,1 2,1 2
control,435,274,8,6,Fearful,0.0,Male,3,3 4 6,3 4 6,3 4 6
control,435,90,5,5,Angry,1.0,Female,5,2 5 7,2 5 7,2 5 7
control,435,307,3,3,Happy,1.0,Female,3,3 4 6,3 4 6,3 4 6
control,435,205,1,3,Happy,1.0,Female,1,1 3 4 8,1 3 8,1 3 8
control,435,318,6,6,Fearful,1.0,Female,6,3 6 8,3 6 8,3 6
control,435,185,6,6,Fearful,1.0,Female,6,3 6,3 6,3 6
control,435,69,3,8,Surprised,0.0,Male,8,3 5 6 8,3 6 8,3 6 8
control,435,144,1,1,Neutral,0.0,Male,2,1 2,1 2,1 2
control,435,350,7,7,Disgust,1.0,Female,7,5 7,5 7,7
control,435,67,4,2,Calm,0.0,Male,2,2 4,2 4,2 4 7
control,435,160,5,5,Angry,1.0,Female,5,5,5,5
control,435,343,7,5,Angry,1.0,Female,5,5,5,5
control,435,82,8,6,Fearful,0.0,Male,4,3 4 6,3 4 6,3 4 6
control,435,247,4,4,Sad,1.0,Female,4,3 4 6,3 4,3 4 6
control,435,283,2,1,Neutral,0.0,Male,1,1 2,1 2,1 2 4
control,435,174,5,5,Angry,0.0,Male,5,5,5,5
control,435,51,6,8,Surprised,0.0,Male,1,1 3 8,1 3 8,1 3 8
control,435,190,4,4,Sad,1.0,Female,4,4,4,4
control,435,358,3,3,Happy,1.0,Female,6,3 6 8,3 6 8,3 6 8
control,435,234,6,5,Angry,1.0,Female,5,5,5,5
control,435,5,4,4,Sad,0.0,Male,4,2 4,2 4,2 4
control,435,180,5,5,Angry,1.0,Female,5,5,5,5
control,435,249,1,7,Disgust,0.0,Male,7,7,7,7
control,435,18,4,4,Sad,0.0,Male,2,1 2 4,1 2 4,1 2 4
control,435,141,7,7,Disgust,0.0,Male,7,7,7,2 4 7
control,435,291,7,7,Disgust,1.0,Female,7,5 7,5 7,5 7
control,435,128,7,7,Disgust,1.0,Female,7,7,7,7
control,435,230,2,2,Calm,0.0,Male,2,2,2,1 2
control,435,189,4,4,Sad,1.0,Female,2,2 4,1 2 4,2 4
control,435,117,2,4,Sad,1.0,Female,2,2,2,2
control,435,288,6,8,Surprised,1.0,Female,8,3 8,3 8,8
control,435,177,1,3,Happy,1.0,Female,1,1 2 4,1 2 4,1 2 4
control,435,178,5,5,Angry,1.0,Female,5,5 8,1 5 8,5 8
control,435,298,8,8,Surprised,0.0,Male,8,1 3 8,1 3 8,1 3 8
control,436,152,4,4,Sad,0.0,Male,4,4,4,2 4
control,436,10,6,6,Fearful,1.0,Female,6,3 6 8,3 6 8,3 6
control,436,111,2,2,Calm,0.0,Male,2,1 2,2,1 2
control,436,320,1,6,Fearful,1.0,Female,4,4,2 4,4
control,436,319,1,1,Neutral,1.0,Female,2,1 2,1 2,1 2
control,436,106,7,7,Disgust,0.0,Male,7,7,7,5 7
control,436,77,2,2,Calm,1.0,Female,2,1 2,2,2
control,436,73,8,8,Surprised,0.0,Male,3,3 6 8,3 6 8,3 6 8
control,436,115,5,5,Angry,0.0,Male,5,5,5,5
control,436,290,3,3,Happy,1.0,Female,6,3 6,3 4 6,3 6
control,436,61,6,6,Fearful,0.0,Male,6,3 6 8,3 6 8,3 6 8
control,436,105,4,4,Sad,0.0,Male,4,3 4 6,3 4,3 4 6
control,436,139,6,6,Fearful,1.0,Female,6,3 6,3 6,3 6
control,436,329,5,5,Angry,0.0,Male,5,5,5,5
control,436,57,4,2,Calm,0.0,Male,2,2,2,1 2
control,436,70,2,2,Calm,0.0,Male,2,2,2,1 2
control,436,154,7,7,Disgust,0.0,Male,7,4 7,2 4 7,2 4 7
control,436,196,5,5,Angry,0.0,Male,5,5,5,5
control,436,100,5,8,Surprised,1.0,Female,8,3 8,3 8,8
control,436,76,7,7,Disgust,0.0,Male,7,5 7,7,5 7
control,436,341,5,7,Disgust,1.0,Female,7,7,7,7
control,436,301,3,8,Surprised,1.0,Female,8,1 3 8,1 3 8,1 3 8
control,436,269,1,4,Sad,1.0,Female,2,1 2,1 2,1 2
control,436,296,1,2,Calm,0.0,Male,2,1 2,2,1 2
control,436,191,2,2,Calm,1.0,Female,2,2,2,2
control,436,156,4,4,Sad,0.0,Male,4,4,4,2 3 4
control,436,270,5,3,Happy,1.0,Female,3,3 6 8,3 6 8,3 6 8
control,436,331,2,1,Neutral,0.0,Male,2,1 2,1 2,1 2
control,436,262,3,3,Happy,0.0,Male,1,1 2,1 2 4,1 2 4
control,436,306,1,2,Calm,1.0,Female,2,2,2,2
control,436,117,2,4,Sad,1.0,Female,2,2,2,2
control,436,355,6,4,Sad,1.0,Female,4,2 4,2 4,2 4
control,436,227,5,6,Fearful,1.0,Female,6,3 4 6,3 4 6,3 4 6
control,436,309,6,6,Fearful,0.0,Male,6,3 5 6 8,3 6 8,3 6 8
control,436,80,5,7,Disgust,1.0,Female,7,5 7,5 7,5 7
control,436,185,6,6,Fearful,1.0,Female,6,3 6,3 6,3 6
control,436,188,5,8,Surprised,0.0,Male,8,3 6 8,3 8,3 6 8
control,436,276,8,8,Surprised,0.0,Male,8,1 3 8,1 3 8,1 3 8
control,436,93,8,8,Surprised,1.0,Female,8,3 8,3 8,8
control,436,289,6,4,Sad,0.0,Male,4,1 2 4,1 2 4,1 2 4
control,436,83,3,3,Happy,0.0,Male,3,3 4 6,3 4 6,3 4 6
control,436,5,4,4,Sad,0.0,Male,4,2 4,2 4,2 4
control,436,171,1,1,Neutral,1.0,Female,2,1 2,1 2,1 2
control,436,99,4,6,Fearful,0.0,Male,4,3 4,3 4,3 4 6
control,436,164,2,2,Calm,1.0,Female,2,1 2,1 2,2
control,436,88,7,7,Disgust,0.0,Male,5,5 7,5 7,5 7
control,436,246,8,3,Happy,1.0,Female,1,1 3 4 8,1 3 4,1 3 4
control,436,124,2,8,Surprised,0.0,Male,8,3 8,3 8,3 8
control,436,358,3,3,Happy,1.0,Female,6,3 6 8,3 6 8,3 6 8
control,436,197,7,7,Disgust,1.0,Female,7,7,7,7
control,437,341,6,7,Disgust,1.0,Female,7,7,7,7
control,437,124,8,8,Surprised,0.0,Male,8,3 8,3 8,3 8
control,437,320,6,6,Fearful,1.0,Female,4,4,2 4,4
control,437,5,4,4,Sad,0.0,Male,4,2 4,2 4,2 4
control,437,61,6,6,Fearful,0.0,Male,6,3 6 8,3 6 8,3 6 8
control,437,106,7,7,Disgust,0.0,Male,7,7,7,5 7
control,437,276,2,8,Surprised,0.0,Male,8,1 3 8,1 3 8,1 3 8
control,437,80,7,7,Disgust,1.0,Female,7,5 7,5 7,5 7
control,437,57,2,2,Calm,0.0,Male,2,2,2,1 2
control,437,76,7,7,Disgust,0.0,Male,7,5 7,7,5 7
control,437,306,1,2,Calm,1.0,Female,2,2,2,2
control,437,139,6,6,Fearful,1.0,Female,6,3 6,3 6,3 6
control,437,270,7,3,Happy,1.0,Female,3,3 6 8,3 6 8,3 6 8
control,437,355,4,4,Sad,1.0,Female,4,2 4,2 4,2 4
control,437,246,2,3,Happy,1.0,Female,1,1 3 4 8,1 3 4,1 3 4
control,437,289,2,4,Sad,0.0,Male,4,1 2 4,1 2 4,1 2 4
control,437,331,1,1,Neutral,0.0,Male,2,1 2,1 2,1 2
control,437,70,3,2,Calm,0.0,Male,2,2,2,1 2
control,437,188,8,8,Surprised,0.0,Male,8,3 6 8,3 8,3 6 8
control,437,164,2,2,Calm,1.0,Female,2,1 2,1 2,2
control,437,196,5,5,Angry,0.0,Male,5,5,5,5
control,437,93,8,8,Surprised,1.0,Female,8,3 8,3 8,8
control,437,10,6,6,Fearful,1.0,Female,6,3 6 8,3 6 8,3 6
control,437,73,6,8,Surprised,0.0,Male,3,3 6 8,3 6 8,3 6 8
control,437,115,5,5,Angry,0.0,Male,5,5,5,5
control,437,105,6,4,Sad,0.0,Male,4,3 4 6,3 4,3 4 6
control,437,309,6,6,Fearful,0.0,Male,6,3 5 6 8,3 6 8,3 6 8
control,437,111,1,2,Calm,0.0,Male,2,1 2,2,1 2
control,437,301,8,8,Surprised,1.0,Female,8,1 3 8,1 3 8,1 3 8
control,437,77,1,2,Calm,1.0,Female,2,1 2,2,2
control,437,197,7,7,Disgust,1.0,Female,7,7,7,7
control,437,296,1,2,Calm,0.0,Male,2,1 2,2,1 2
control,437,88,5,7,Disgust,0.0,Male,5,5 7,5 7,5 7
control,437,154,6,7,Disgust,0.0,Male,7,4 7,2 4 7,2 4 7
control,437,269,2,4,Sad,1.0,Female,2,1 2,1 2,1 2
control,437,262,3,3,Happy,0.0,Male,1,1 2,1 2 4,1 2 4
control,437,290,6,3,Happy,1.0,Female,6,3 6,3 4 6,3 6
control,437,156,4,4,Sad,0.0,Male,4,4,4,2 3 4
control,437,171,1,1,Neutral,1.0,Female,2,1 2,1 2,1 2
control,437,100,2,8,Surprised,1.0,Female,8,3 8,3 8,8
control,437,227,6,6,Fearful,1.0,Female,6,3 4 6,3 4 6,3 4 6
control,437,191,2,2,Calm,1.0,Female,2,2,2,2
control,437,319,2,1,Neutral,1.0,Female,2,1 2,1 2,1 2
control,437,152,5,4,Sad,0.0,Male,4,4,4,2 4
control,437,358,8,3,Happy,1.0,Female,6,3 6 8,3 6 8,3 6 8
control,437,185,6,6,Fearful,1.0,Female,6,3 6,3 6,3 6
control,437,329,5,5,Angry,0.0,Male,5,5,5,5
control,437,83,3,3,Happy,0.0,Male,3,3 4 6,3 4 6,3 4 6
control,437,99,2,6,Fearful,0.0,Male,4,3 4,3 4,3 4 6
control,437,117,2,4,Sad,1.0,Female,2,2,2,2
control,438,144,1,1,Neutral,0.0,Male,2,1 2,1 2,1 2
control,438,5,4,4,Sad,0.0,Male,4,2 4,2 4,2 4
control,438,267,1,1,Neutral,0.0,Male,2,1 2,1 2,1 2
control,438,86,7,7,Disgust,1.0,Female,2,2,2,2
control,438,175,2,2,Calm,1.0,Female,2,1 2,1 2,1 2
control,438,139,6,6,Fearful,1.0,Female,6,3 6,3 6,3 6
control,438,61,8,6,Fearful,0.0,Male,6,3 6 8,3 6 8,3 6 8
control,438,286,4,7,Disgust,0.0,Male,7,4 7,7,4 7
control,438,94,5,5,Angry,1.0,Female,5,5,5,5
control,438,234,5,5,Angry,1.0,Female,5,5,5,5
control,438,45,7,7,Disgust,1.0,Female,7,7,7,7
control,438,110,6,6,Fearful,0.0,Male,6,3 4 6,3 4 6,3 4 6
control,438,226,4,4,Sad,0.0,Male,2,2,2,1 2 4
control,438,215,4,4,Sad,0.0,Male,4,3 4,3 4,3 4 6
control,438,242,2,2,Calm,1.0,Female,2,2,2,2
control,438,23,8,8,Surprised,1.0,Female,8,3 8,3 8,3 8
control,438,103,2,2,Calm,0.0,Male,2,2,2,1 2
control,438,310,7,7,Disgust,1.0,Female,7,5 7,5 7,7
control,438,97,1,8,Surprised,0.0,Male,8,1 3 6 8,1 3 8,1 3 8
control,438,305,8,8,Surprised,1.0,Female,8,3 8,8,8
control,438,201,8,5,Angry,0.0,Male,5,5,5,5
control,438,18,4,4,Sad,0.0,Male,2,1 2 4,1 2 4,1 2 4
control,438,70,2,2,Calm,0.0,Male,2,2,2,1 2
control,438,57,2,2,Calm,0.0,Male,2,2,2,1 2
control,438,119,6,6,Fearful,0.0,Male,8,3 8,3 8,3 6 8
control,438,249,4,7,Disgust,0.0,Male,7,7,7,7
control,438,205,5,3,Happy,1.0,Female,1,1 3 4 8,1 3 8,1 3 8
control,438,2,6,6,Fearful,1.0,Female,6,3 6,3 6,3 6
control,438,222,3,8,Surprised,0.0,Male,8,3 8,3 8,1 3 8
control,438,272,5,5,Angry,1.0,Female,5,5 8,5 8,5 8
control,438,59,6,6,Fearful,1.0,Female,6,3 4 6,3 4 6,3 4 6
control,438,164,2,2,Calm,1.0,Female,2,1 2,1 2,2
control,438,220,7,3,Happy,1.0,Female,1,1 2,1 2 4,1 2
control,438,178,5,5,Angry,1.0,Female,5,5 8,1 5 8,5 8
control,438,147,1,3,Happy,0.0,Male,1,1 2,1 2,1 2 4
control,438,30,2,2,Calm,1.0,Female,2,2,2,2
control,438,218,1,3,Happy,0.0,Male,1,1 2,1 2 8,1 2 8
control,438,343,5,5,Angry,1.0,Female,5,5,5,5
control,438,337,8,8,Surprised,1.0,Female,1,1 3 8,1 3 8,1 3 8
control,438,33,8,8,Surprised,0.0,Male,8,3 8,3 8,3 8
control,438,290,6,3,Happy,1.0,Female,6,3 6,3 4 6,3 6
control,438,300,4,4,Sad,1.0,Female,2,2 4,2 4,2 4
control,438,246,7,3,Happy,1.0,Female,1,1 3 4 8,1 3 4,1 3 4
control,438,245,5,5,Angry,1.0,Female,5,5,5,5
control,438,357,4,4,Sad,1.0,Female,4,2 4,4,4
control,438,254,1,3,Happy,0.0,Male,1,1 2,1 2 4,1 2 4
control,438,285,4,4,Sad,0.0,Male,4,2 4,2 4,2 4
control,438,51,2,8,Surprised,0.0,Male,1,1 3 8,1 3 8,1 3 8
control,438,44,6,6,Fearful,0.0,Male,3,3 4 6,3 4 6,3 4 6
control,438,34,5,5,Angry,0.0,Male,5,5,5,5
control,439,34,5,5,Angry,0.0,Male,5,5,5,5
control,439,337,8,8,Surprised,1.0,Female,1,1 3 8,1 3 8,1 3 8
control,439,220,1,3,Happy,1.0,Female,1,1 2,1 2 4,1 2
control,439,59,6,6,Fearful,1.0,Female,6,3 4 6,3 4 6,3 4 6
control,439,110,6,6,Fearful,0.0,Male,6,3 4 6,3 4 6,3 4 6
control,439,310,7,7,Disgust,1.0,Female,7,5 7,5 7,7
control,439,245,5,5,Angry,1.0,Female,5,5,5,5
control,439,86,1,7,Disgust,1.0,Female,2,2,2,2
control,439,5,4,4,Sad,0.0,Male,4,2 4,2 4,2 4
control,439,103,2,2,Calm,0.0,Male,2,2,2,1 2
control,439,57,4,2,Calm,0.0,Male,2,2,2,1 2
control,439,290,3,3,Happy,1.0,Female,6,3 6,3 4 6,3 6
control,439,147,1,3,Happy,0.0,Male,1,1 2,1 2,1 2 4
control,439,201,5,5,Angry,0.0,Male,5,5,5,5
control,439,222,8,8,Surprised,0.0,Male,8,3 8,3 8,1 3 8
control,439,218,3,3,Happy,0.0,Male,1,1 2,1 2 8,1 2 8
control,439,205,3,3,Happy,1.0,Female,1,1 3 4 8,1 3 8,1 3 8
control,439,94,5,5,Angry,1.0,Female,5,5,5,5
control,439,215,4,4,Sad,0.0,Male,4,3 4,3 4,3 4 6
control,439,234,5,5,Angry,1.0,Female,5,5,5,5
control,439,272,1,5,Angry,1.0,Female,5,5 8,5 8,5 8
control,439,178,1,5,Angry,1.0,Female,5,5 8,1 5 8,5 8
control,439,343,5,5,Angry,1.0,Female,5,5,5,5
control,439,139,6,6,Fearful,1.0,Female,6,3 6,3 6,3 6
control,439,226,1,4,Sad,0.0,Male,2,2,2,1 2 4
control,439,18,4,4,Sad,0.0,Male,2,1 2 4,1 2 4,1 2 4
control,439,23,8,8,Surprised,1.0,Female,8,3 8,3 8,3 8
control,439,97,8,8,Surprised,0.0,Male,8,1 3 6 8,1 3 8,1 3 8
control,439,357,4,4,Sad,1.0,Female,4,2 4,4,4
control,439,30,2,2,Calm,1.0,Female,2,2,2,2
control,439,175,1,2,Calm,1.0,Female,2,1 2,1 2,1 2
control,439,305,8,8,Surprised,1.0,Female,8,3 8,8,8
control,439,246,3,3,Happy,1.0,Female,1,1 3 4 8,1 3 4,1 3 4
control,439,119,5,6,Fearful,0.0,Male,8,3 8,3 8,3 6 8
control,439,61,6,6,Fearful,0.0,Male,6,3 6 8,3 6 8,3 6 8
control,439,300,2,4,Sad,1.0,Female,2,2 4,2 4,2 4
control,439,249,7,7,Disgust,0.0,Male,7,7,7,7
control,439,44,6,6,Fearful,0.0,Male,3,3 4 6,3 4 6,3 4 6
control,439,70,2,2,Calm,0.0,Male,2,2,2,1 2
control,439,164,2,2,Calm,1.0,Female,2,1 2,1 2,2
control,439,267,1,1,Neutral,0.0,Male,2,1 2,1 2,1 2
control,439,144,1,1,Neutral,0.0,Male,2,1 2,1 2,1 2
control,439,286,7,7,Disgust,0.0,Male,7,4 7,7,4 7
control,439,51,8,8,Surprised,0.0,Male,1,1 3 8,1 3 8,1 3 8
control,439,33,8,8,Surprised,0.0,Male,8,3 8,3 8,3 8
control,439,2,6,6,Fearful,1.0,Female,6,3 6,3 6,3 6
control,439,254,3,3,Happy,0.0,Male,1,1 2,1 2 4,1 2 4
control,439,45,7,7,Disgust,1.0,Female,7,7,7,7
control,439,242,2,2,Calm,1.0,Female,2,2,2,2
control,439,285,4,4,Sad,0.0,Male,4,2 4,2 4,2 4
control,440,319,1,1,Neutral,1.0,Female,2,1 2,1 2,1 2
control,440,19,2,3,Happy,0.0,Male,1,1 2,1 2 4,1 2 4
control,440,173,8,6,Fearful,0.0,Male,8,3 5 6 8,3 6 8,3 6 8
control,440,318,6,6,Fearful,1.0,Female,6,3 6 8,3 6 8,3 6
control,440,97,8,8,Surprised,0.0,Male,8,1 3 6 8,1 3 8,1 3 8
control,440,299,6,6,Fearful,1.0,Female,8,3 6 8,3 6 8,3 6 8
control,440,35,2,2,Calm,0.0,Male,2,2,2,1 2 4
control,440,174,5,5,Angry,0.0,Male,5,5,5,5
control,440,245,5,5,Angry,1.0,Female,5,5,5,5
control,440,215,4,4,Sad,0.0,Male,4,3 4,3 4,3 4 6
control,440,62,8,8,Surprised,1.0,Female,8,3 8,8,8
control,440,152,4,4,Sad,0.0,Male,4,4,4,2 4
control,440,197,7,7,Disgust,1.0,Female,7,7,7,7
control,440,188,6,8,Surprised,0.0,Male,8,3 6 8,3 8,3 6 8
control,440,154,7,7,Disgust,0.0,Male,7,4 7,2 4 7,2 4 7
control,440,76,7,7,Disgust,0.0,Male,7,5 7,7,5 7
control,440,267,1,1,Neutral,0.0,Male,2,1 2,1 2,1 2
control,440,103,2,2,Calm,0.0,Male,2,2,2,1 2
control,440,111,2,2,Calm,0.0,Male,2,1 2,2,1 2
control,440,307,3,3,Happy,1.0,Female,3,3 4 6,3 4 6,3 4 6
control,440,199,1,4,Sad,0.0,Male,4,2 4,2 4,1 2 4
control,440,352,7,7,Disgust,1.0,Female,7,5 7,5 7,7
control,440,141,5,7,Disgust,0.0,Male,7,7,7,2 4 7
control,440,105,6,4,Sad,0.0,Male,4,3 4 6,3 4,3 4 6
control,440,236,3,3,Happy,1.0,Female,3,3 4 6,3 4 6,3 4 6
control,440,39,1,1,Neutral,1.0,Female,2,1 2,1 2,1 2
control,440,113,2,2,Calm,1.0,Female,2,2,2,2
control,440,160,5,5,Angry,1.0,Female,5,5,5,5
control,440,298,8,8,Surprised,0.0,Male,8,1 3 8,1 3 8,1 3 8
control,440,210,5,1,Neutral,1.0,Female,2,1 2,1 2,1 2
control,440,91,1,3,Happy,1.0,Female,1,1 2 3 4,1 2 4,1 2 4
control,440,233,6,6,Fearful,1.0,Female,6,3 6,3 5 6,3 5 6
control,440,268,2,2,Calm,0.0,Male,2,1 2,2,1 2
control,440,316,5,5,Angry,1.0,Female,5,5,5,5
control,440,130,8,8,Surprised,1.0,Female,8,3 8,8,8
control,440,223,6,4,Sad,1.0,Female,4,4,4,4
control,440,47,7,7,Disgust,1.0,Female,7,5 7,7,7
control,440,328,8,8,Surprised,1.0,Female,1,1 2 8,1 2 8,1 2 8
control,440,129,4,4,Sad,1.0,Female,2,2,2,2
control,440,257,1,2,Calm,1.0,Female,2,1 2,1 2,1 2
control,440,84,5,3,Happy,1.0,Female,5,3 5,3 5 6,5
control,440,26,5,5,Angry,0.0,Male,5,5,5,5
control,440,242,2,2,Calm,1.0,Female,2,2,2,2
control,440,194,6,6,Fearful,1.0,Female,6,3 5 6,3 5 6,3 5 6
control,440,37,6,6,Fearful,1.0,Female,6,3 5 6 8,3 6 8,3 6 8
control,440,1,4,6,Fearful,0.0,Male,4,2 4,2 4,1 2 4
control,440,207,7,7,Disgust,0.0,Male,7,7,7,7
control,440,202,4,4,Sad,0.0,Male,2,2 4,2 4,1 2 4
control,440,178,5,5,Angry,1.0,Female,5,5 8,1 5 8,5 8
control,440,289,6,4,Sad,0.0,Male,4,1 2 4,1 2 4,1 2 4
control,441,90,5,5,Angry,1.0,Female,5,2 5 7,2 5 7,2 5 7
control,441,238,8,8,Surprised,0.0,Male,8,3 8,8,3 8
control,441,291,7,7,Disgust,1.0,Female,7,5 7,5 7,5 7
control,441,307,1,3,Happy,1.0,Female,3,3 4 6,3 4 6,3 4 6
control,441,343,7,5,Angry,1.0,Female,5,5,5,5
control,441,274,1,6,Fearful,0.0,Male,3,3 4 6,3 4 6,3 4 6
control,441,189,2,4,Sad,1.0,Female,2,2 4,1 2 4,2 4
control,441,67,2,2,Calm,0.0,Male,2,2 4,2 4,2 4 7
control,441,239,3,8,Surprised,0.0,Male,8,3 8,3 8,3 8
control,441,174,5,5,Angry,0.0,Male,5,5,5,5
control,441,333,1,1,Neutral,0.0,Male,2,1 2,1 2,1 2
control,441,249,6,7,Disgust,0.0,Male,7,7,7,7
control,441,180,5,5,Angry,1.0,Female,5,5,5,5
control,441,350,7,7,Disgust,1.0,Female,7,5 7,5 7,7
control,441,220,3,3,Happy,1.0,Female,1,1 2,1 2 4,1 2
control,441,148,2,2,Calm,1.0,Female,2,2,2 4,2
control,441,230,1,2,Calm,0.0,Male,2,2,2,1 2
control,441,358,3,3,Happy,1.0,Female,6,3 6 8,3 6 8,3 6 8
control,441,69,3,8,Surprised,0.0,Male,8,3 5 6 8,3 6 8,3 6 8
control,441,190,4,4,Sad,1.0,Female,4,4,4,4
control,441,318,3,6,Fearful,1.0,Female,6,3 6 8,3 6 8,3 6
control,441,160,5,5,Angry,1.0,Female,5,5,5,5
control,441,300,4,4,Sad,1.0,Female,2,2 4,2 4,2 4
control,441,141,7,7,Disgust,0.0,Male,7,7,7,2 4 7
control,441,288,3,8,Surprised,1.0,Female,8,3 8,3 8,8
control,441,154,7,7,Disgust,0.0,Male,7,4 7,2 4 7,2 4 7
control,441,298,8,8,Surprised,0.0,Male,8,1 3 8,1 3 8,1 3 8
control,441,255,6,6,Fearful,1.0,Female,6,3 4 6,3 4 6,3 6
control,441,232,4,4,Sad,0.0,Male,4,2 4,2 4,1 2 4
control,441,247,4,4,Sad,1.0,Female,4,3 4 6,3 4,3 4 6
control,441,114,2,2,Calm,1.0,Female,2,1 2,1 2,2
control,441,313,5,5,Angry,0.0,Male,5,5,5,5
control,441,309,6,6,Fearful,0.0,Male,6,3 5 6 8,3 6 8,3 6 8
control,441,51,1,8,Surprised,0.0,Male,1,1 3 8,1 3 8,1 3 8
control,441,5,4,4,Sad,0.0,Male,4,2 4,2 4,2 4
control,441,281,4,3,Happy,0.0,Male,8,3 6 8,3 6 8,3 6 8
control,441,283,1,1,Neutral,0.0,Male,1,1 2,1 2,1 2 4
control,441,106,5,7,Disgust,0.0,Male,7,7,7,5 7
control,441,234,5,5,Angry,1.0,Female,5,5,5,5
control,441,18,4,4,Sad,0.0,Male,2,1 2 4,1 2 4,1 2 4
control,441,82,2,6,Fearful,0.0,Male,4,3 4 6,3 4 6,3 4 6
control,441,177,3,3,Happy,1.0,Female,1,1 2 4,1 2 4,1 2 4
control,441,226,7,4,Sad,0.0,Male,2,2,2,1 2 4
control,441,185,6,6,Fearful,1.0,Female,6,3 6,3 6,3 6
control,441,144,1,1,Neutral,0.0,Male,2,1 2,1 2,1 2
control,441,205,7,3,Happy,1.0,Female,1,1 3 4 8,1 3 8,1 3 8
control,441,117,5,4,Sad,1.0,Female,2,2,2,2
control,441,128,8,7,Disgust,1.0,Female,7,7,7,7
control,441,143,4,7,Disgust,0.0,Male,7,7,7,7
control,441,178,7,5,Angry,1.0,Female,5,5 8,1 5 8,5 8
control,442,96,2,2,Calm,0.0,Male,2,2,2,1 2
control,442,344,6,6,Fearful,1.0,Female,6,3 6,3 4 6,3 6
control,442,120,2,7,Disgust,0.0,Male,7,2 4 7,2 4 7,2 4 7
control,442,218,2,3,Happy,0.0,Male,1,1 2,1 2 8,1 2 8
control,442,103,2,2,Calm,0.0,Male,2,2,2,1 2
control,442,110,6,6,Fearful,0.0,Male,6,3 4 6,3 4 6,3 4 6
control,442,290,5,3,Happy,1.0,Female,6,3 6,3 4 6,3 6
control,442,168,5,5,Angry,1.0,Female,5,5,5,5
control,442,188,8,8,Surprised,0.0,Male,8,3 6 8,3 8,3 6 8
control,442,33,1,8,Surprised,0.0,Male,8,3 8,3 8,3 8
control,442,177,2,3,Happy,1.0,Female,1,1 2 4,1 2 4,1 2 4
control,442,350,3,7,Disgust,1.0,Female,7,5 7,5 7,7
control,442,82,1,6,Fearful,0.0,Male,4,3 4 6,3 4 6,3 4 6
control,442,289,6,4,Sad,0.0,Male,4,1 2 4,1 2 4,1 2 4
control,442,80,7,7,Disgust,1.0,Female,7,5 7,5 7,5 7
control,442,212,3,5,Angry,0.0,Male,5,5 8,3 5 8,3 5 8
control,442,252,4,3,Happy,0.0,Male,3,3 4 6 8,3 6 8,3 6 8
control,442,242,2,2,Calm,1.0,Female,2,2,2,2
control,442,14,5,8,Surprised,0.0,Male,8,3 6 8,3 6 8,3 6 8
control,442,305,8,8,Surprised,1.0,Female,8,3 8,8,8
control,442,152,3,4,Sad,0.0,Male,4,4,4,2 4
control,442,59,4,6,Fearful,1.0,Female,6,3 4 6,3 4 6,3 4 6
control,442,5,4,4,Sad,0.0,Male,4,2 4,2 4,2 4
control,442,355,4,4,Sad,1.0,Female,4,2 4,2 4,2 4
control,442,228,5,5,Angry,0.0,Male,5,5,5,5
control,442,283,1,1,Neutral,0.0,Male,1,1 2,1 2,1 2 4
control,442,72,4,4,Sad,1.0,Female,4,4,4,4
control,442,148,2,2,Calm,1.0,Female,2,2,2 4,2
control,442,317,7,7,Disgust,1.0,Female,7,7,7,7
control,442,155,2,4,Sad,1.0,Female,2,2,2,2
control,442,319,2,1,Neutral,1.0,Female,2,1 2,1 2,1 2
control,442,160,5,5,Angry,1.0,Female,5,5,5,5
control,442,136,5,5,Angry,1.0,Female,5,5,5,5
control,442,23,6,8,Surprised,1.0,Female,8,3 8,3 8,3 8
control,442,219,6,7,Disgust,0.0,Male,7,7,7,5 7
control,442,354,7,5,Angry,1.0,Female,5,5,5,5
control,442,209,2,2,Calm,1.0,Female,2,2,2,2
control,442,198,1,1,Neutral,1.0,Female,2,1 2,1 2,1 2
control,442,179,6,6,Fearful,0.0,Male,6,3 6,3 6 8,3 6 8
control,442,197,8,7,Disgust,1.0,Female,7,7,7,7
control,442,351,3,3,Happy,0.0,Male,6,3 6 8,3 6 8,3 6 8
control,442,44,4,6,Fearful,0.0,Male,3,3 4 6,3 4 6,3 4 6
control,442,272,5,5,Angry,1.0,Female,5,5 8,5 8,5 8
control,442,79,8,6,Fearful,1.0,Female,6,3 6,3 6 8,3 6
control,442,135,2,2,Calm,1.0,Female,2,1 2,2,2
control,442,321,8,8,Surprised,1.0,Female,8,3 8,3 8,8
control,442,287,4,4,Sad,0.0,Male,2,1 2 4,1 2 4,1 2 4
control,442,175,2,2,Calm,1.0,Female,2,1 2,1 2,1 2
control,442,307,3,3,Happy,1.0,Female,3,3 4 6,3 4 6,3 4 6
control,442,214,5,8,Surprised,0.0,Male,8,3 6 8,3 6 8,3 6 8
control,443,177,2,3,Happy,1.0,Female,1,1 2 4,1 2 4,1 2 4
control,443,281,3,3,Happy,0.0,Male,8,3 6 8,3 6 8,3 6 8
control,443,117,2,4,Sad,1.0,Female,2,2,2,2
control,443,247,6,4,Sad,1.0,Female,4,3 4 6,3 4,3 4 6
control,443,300,4,4,Sad,1.0,Female,2,2 4,2 4,2 4
control,443,189,2,4,Sad,1.0,Female,2,2 4,1 2 4,2 4
control,443,226,2,4,Sad,0.0,Male,2,2,2,1 2 4
control,443,238,3,8,Surprised,0.0,Male,8,3 8,8,3 8
control,443,283,6,1,Neutral,0.0,Male,1,1 2,1 2,1 2 4
control,443,205,3,3,Happy,1.0,Female,1,1 3 4 8,1 3 8,1 3 8
control,443,230,4,2,Calm,0.0,Male,2,2,2,1 2
control,443,180,5,5,Angry,1.0,Female,5,5,5,5
control,443,239,8,8,Surprised,0.0,Male,8,3 8,3 8,3 8
control,443,190,4,4,Sad,1.0,Female,4,4,4,4
control,443,358,6,3,Happy,1.0,Female,6,3 6 8,3 6 8,3 6 8
control,443,274,1,6,Fearful,0.0,Male,3,3 4 6,3 4 6,3 4 6
control,443,232,4,4,Sad,0.0,Male,4,2 4,2 4,1 2 4
control,443,288,3,8,Surprised,1.0,Female,8,3 8,3 8,8
control,443,51,2,8,Surprised,0.0,Male,1,1 3 8,1 3 8,1 3 8
control,443,114,2,2,Calm,1.0,Female,2,1 2,1 2,2
control,443,309,6,6,Fearful,0.0,Male,6,3 5 6 8,3 6 8,3 6 8
control,443,174,5,5,Angry,0.0,Male,5,5,5,5
control,443,333,2,1,Neutral,0.0,Male,2,1 2,1 2,1 2
control,443,220,3,3,Happy,1.0,Female,1,1 2,1 2 4,1 2
control,443,291,7,7,Disgust,1.0,Female,7,5 7,5 7,5 7
control,443,90,7,5,Angry,1.0,Female,5,2 5 7,2 5 7,2 5 7
control,443,185,6,6,Fearful,1.0,Female,6,3 6,3 6,3 6
control,443,298,2,8,Surprised,0.0,Male,8,1 3 8,1 3 8,1 3 8
control,443,178,8,5,Angry,1.0,Female,5,5 8,1 5 8,5 8
control,443,5,4,4,Sad,0.0,Male,4,2 4,2 4,2 4
control,443,144,1,1,Neutral,0.0,Male,2,1 2,1 2,1 2
control,443,128,7,7,Disgust,1.0,Female,7,7,7,7
control,443,141,5,7,Disgust,0.0,Male,7,7,7,2 4 7
control,443,69,8,8,Surprised,0.0,Male,8,3 5 6 8,3 6 8,3 6 8
control,443,249,5,7,Disgust,0.0,Male,7,7,7,7
control,443,67,6,2,Calm,0.0,Male,2,2 4,2 4,2 4 7
control,443,106,7,7,Disgust,0.0,Male,7,7,7,5 7
control,443,143,7,7,Disgust,0.0,Male,7,7,7,7
control,443,350,7,7,Disgust,1.0,Female,7,5 7,5 7,7
control,443,148,2,2,Calm,1.0,Female,2,2,2 4,2
control,443,234,5,5,Angry,1.0,Female,5,5,5,5
control,443,313,5,5,Angry,0.0,Male,5,5,5,5
control,443,343,7,5,Angry,1.0,Female,5,5,5,5
control,443,160,5,5,Angry,1.0,Female,5,5,5,5
control,443,255,6,6,Fearful,1.0,Female,6,3 4 6,3 4 6,3 6
control,443,18,4,4,Sad,0.0,Male,2,1 2 4,1 2 4,1 2 4
control,443,82,5,6,Fearful,0.0,Male,4,3 4 6,3 4 6,3 4 6
control,443,318,6,6,Fearful,1.0,Female,6,3 6 8,3 6 8,3 6
control,443,307,5,3,Happy,1.0,Female,3,3 4 6,3 4 6,3 4 6
control,443,154,6,7,Disgust,0.0,Male,7,4 7,2 4 7,2 4 7
control,444,199,4,4,Sad,0.0,Male,4,2 4,2 4,1 2 4
control,444,328,8,8,Surprised,1.0,Female,1,1 2 8,1 2 8,1 2 8
control,444,202,4,4,Sad,0.0,Male,2,2 4,2 4,1 2 4
control,444,257,4,2,Calm,1.0,Female,2,1 2,1 2,1 2
control,444,174,5,5,Angry,0.0,Male,5,5,5,5
control,444,319,2,1,Neutral,1.0,Female,2,1 2,1 2,1 2
control,444,105,6,4,Sad,0.0,Male,4,3 4 6,3 4,3 4 6
control,444,103,7,2,Calm,0.0,Male,2,2,2,1 2
control,444,268,1,2,Calm,0.0,Male,2,1 2,2,1 2
control,444,76,7,7,Disgust,0.0,Male,7,5 7,7,5 7
control,444,152,4,4,Sad,0.0,Male,4,4,4,2 4
control,444,19,3,3,Happy,0.0,Male,1,1 2,1 2 4,1 2 4
control,444,130,8,8,Surprised,1.0,Female,8,3 8,8,8
control,444,215,4,4,Sad,0.0,Male,4,3 4,3 4,3 4 6
control,444,223,6,4,Sad,1.0,Female,4,4,4,4
control,444,178,5,5,Angry,1.0,Female,5,5 8,1 5 8,5 8
control,444,233,5,6,Fearful,1.0,Female,6,3 6,3 5 6,3 5 6
control,444,35,7,2,Calm,0.0,Male,2,2,2,1 2 4
control,444,210,7,1,Neutral,1.0,Female,2,1 2,1 2,1 2
control,444,242,2,2,Calm,1.0,Female,2,2,2,2
control,444,160,5,5,Angry,1.0,Female,5,5,5,5
control,444,173,6,6,Fearful,0.0,Male,8,3 5 6 8,3 6 8,3 6 8
control,444,352,7,7,Disgust,1.0,Female,7,5 7,5 7,7
control,444,1,1,6,Fearful,0.0,Male,4,2 4,2 4,1 2 4
control,444,113,2,2,Calm,1.0,Female,2,2,2,2
control,444,39,1,1,Neutral,1.0,Female,2,1 2,1 2,1 2
control,444,47,7,7,Disgust,1.0,Female,7,5 7,7,7
control,444,207,5,7,Disgust,0.0,Male,7,7,7,7
control,444,267,1,1,Neutral,0.0,Male,2,1 2,1 2,1 2
control,444,26,5,5,Angry,0.0,Male,5,5,5,5
control,444,129,4,4,Sad,1.0,Female,2,2,2,2
control,444,299,6,6,Fearful,1.0,Female,8,3 6 8,3 6 8,3 6 8
control,444,245,5,5,Angry,1.0,Female,5,5,5,5
control,444,197,7,7,Disgust,1.0,Female,7,7,7,7
control,444,188,8,8,Surprised,0.0,Male,8,3 6 8,3 8,3 6 8
control,444,316,5,5,Angry,1.0,Female,5,5,5,5
control,444,91,3,3,Happy,1.0,Female,1,1 2 3 4,1 2 4,1 2 4
control,444,298,8,8,Surprised,0.0,Male,8,1 3 8,1 3 8,1 3 8
control,444,62,8,8,Surprised,1.0,Female,8,3 8,8,8
control,444,37,6,6,Fearful,1.0,Female,6,3 5 6 8,3 6 8,3 6 8
control,444,97,3,8,Surprised,0.0,Male,8,1 3 6 8,1 3 8,1 3 8
control,444,141,7,7,Disgust,0.0,Male,7,7,7,2 4 7
control,444,289,4,4,Sad,0.0,Male,4,1 2 4,1 2 4,1 2 4
control,444,194,6,6,Fearful,1.0,Female,6,3 5 6,3 5 6,3 5 6
control,444,84,7,3,Happy,1.0,Female,5,3 5,3 5 6,5
control,444,318,3,6,Fearful,1.0,Female,6,3 6 8,3 6 8,3 6
control,444,307,5,3,Happy,1.0,Female,3,3 4 6,3 4 6,3 4 6
control,444,111,1,2,Calm,0.0,Male,2,1 2,2,1 2
control,444,154,7,7,Disgust,0.0,Male,7,4 7,2 4 7,2 4 7
control,444,236,3,3,Happy,1.0,Female,3,3 4 6,3 4 6,3 4 6
control,445,5,4,4,Sad,0.0,Male,4,2 4,2 4,2 4
control,445,90,5,5,Angry,1.0,Female,5,2 5 7,2 5 7,2 5 7
control,445,82,5,6,Fearful,0.0,Male,4,3 4 6,3 4 6,3 4 6
control,445,239,8,8,Surprised,0.0,Male,8,3 8,3 8,3 8
control,445,300,2,4,Sad,1.0,Female,2,2 4,2 4,2 4
control,445,220,3,3,Happy,1.0,Female,1,1 2,1 2 4,1 2
control,445,358,3,3,Happy,1.0,Female,6,3 6 8,3 6 8,3 6 8
control,445,117,4,4,Sad,1.0,Female,2,2,2,2
control,445,177,3,3,Happy,1.0,Female,1,1 2 4,1 2 4,1 2 4
control,445,333,1,1,Neutral,0.0,Male,2,1 2,1 2,1 2
control,445,309,6,6,Fearful,0.0,Male,6,3 5 6 8,3 6 8,3 6 8
control,445,178,7,5,Angry,1.0,Female,5,5 8,1 5 8,5 8
control,445,148,2,2,Calm,1.0,Female,2,2,2 4,2
control,445,143,7,7,Disgust,0.0,Male,7,7,7,7
control,445,249,7,7,Disgust,0.0,Male,7,7,7,7
control,445,106,5,7,Disgust,0.0,Male,7,7,7,5 7
control,445,190,4,4,Sad,1.0,Female,4,4,4,4
control,445,234,5,5,Angry,1.0,Female,5,5,5,5
control,445,307,3,3,Happy,1.0,Female,3,3 4 6,3 4 6,3 4 6
control,445,298,8,8,Surprised,0.0,Male,8,1 3 8,1 3 8,1 3 8
control,445,141,7,7,Disgust,0.0,Male,7,7,7,2 4 7
control,445,238,8,8,Surprised,0.0,Male,8,3 8,8,3 8
control,445,189,4,4,Sad,1.0,Female,2,2 4,1 2 4,2 4
control,445,230,4,2,Calm,0.0,Male,2,2,2,1 2
control,445,288,8,8,Surprised,1.0,Female,8,3 8,3 8,8
control,445,174,5,5,Angry,0.0,Male,5,5,5,5
control,445,247,4,4,Sad,1.0,Female,4,3 4 6,3 4,3 4 6
control,445,185,6,6,Fearful,1.0,Female,6,3 6,3 6,3 6
control,445,160,5,5,Angry,1.0,Female,5,5,5,5
control,445,283,1,1,Neutral,0.0,Male,1,1 2,1 2,1 2 4
control,445,205,3,3,Happy,1.0,Female,1,1 3 4 8,1 3 8,1 3 8
control,445,350,4,7,Disgust,1.0,Female,7,5 7,5 7,7
control,445,154,6,7,Disgust,0.0,Male,7,4 7,2 4 7,2 4 7
control,445,69,3,8,Surprised,0.0,Male,8,3 5 6 8,3 6 8,3 6 8
control,445,226,4,4,Sad,0.0,Male,2,2,2,1 2 4
control,445,281,3,3,Happy,0.0,Male,8,3 6 8,3 6 8,3 6 8
control,445,274,2,6,Fearful,0.0,Male,3,3 4 6,3 4 6,3 4 6
control,445,232,4,4,Sad,0.0,Male,4,2 4,2 4,1 2 4
control,445,67,2,2,Calm,0.0,Male,2,2 4,2 4,2 4 7
control,445,18,4,4,Sad,0.0,Male,2,1 2 4,1 2 4,1 2 4
control,445,318,6,6,Fearful,1.0,Female,6,3 6 8,3 6 8,3 6
control,445,51,2,8,Surprised,0.0,Male,1,1 3 8,1 3 8,1 3 8
control,445,343,7,5,Angry,1.0,Female,5,5,5,5
control,445,180,5,5,Angry,1.0,Female,5,5,5,5
control,445,114,2,2,Calm,1.0,Female,2,1 2,1 2,2
control,445,255,6,6,Fearful,1.0,Female,6,3 4 6,3 4 6,3 6
control,445,313,5,5,Angry,0.0,Male,5,5,5,5
control,445,128,7,7,Disgust,1.0,Female,7,7,7,7
control,445,291,7,7,Disgust,1.0,Female,7,5 7,5 7,5 7
control,445,144,1,1,Neutral,0.0,Male,2,1 2,1 2,1 2
control,446,344,6,6,Fearful,1.0,Female,6,3 6,3 4 6,3 6
control,446,14,7,8,Surprised,0.0,Male,8,3 6 8,3 6 8,3 6 8
control,446,317,7,7,Disgust,1.0,Female,7,7,7,7
control,446,177,1,3,Happy,1.0,Female,1,1 2 4,1 2 4,1 2 4
control,446,219,7,7,Disgust,0.0,Male,7,7,7,5 7
control,446,305,8,8,Surprised,1.0,Female,8,3 8,8,8
control,446,96,2,2,Calm,0.0,Male,2,2,2,1 2
control,446,214,6,8,Surprised,0.0,Male,8,3 6 8,3 6 8,3 6 8
control,446,120,4,7,Disgust,0.0,Male,7,2 4 7,2 4 7,2 4 7
control,446,197,7,7,Disgust,1.0,Female,7,7,7,7
control,446,23,8,8,Surprised,1.0,Female,8,3 8,3 8,3 8
control,446,72,4,4,Sad,1.0,Female,4,4,4,4
control,446,321,8,8,Surprised,1.0,Female,8,3 8,3 8,8
control,446,209,2,2,Calm,1.0,Female,2,2,2,2
control,446,350,7,7,Disgust,1.0,Female,7,5 7,5 7,7
control,446,103,1,2,Calm,0.0,Male,2,2,2,1 2
control,446,152,6,4,Sad,0.0,Male,4,4,4,2 4
control,446,59,6,6,Fearful,1.0,Female,6,3 4 6,3 4 6,3 4 6
control,446,283,1,1,Neutral,0.0,Male,1,1 2,1 2,1 2 4
control,446,5,4,4,Sad,0.0,Male,4,2 4,2 4,2 4
control,446,351,5,3,Happy,0.0,Male,6,3 6 8,3 6 8,3 6 8
control,446,228,1,5,Angry,0.0,Male,5,5,5,5
control,446,160,5,5,Angry,1.0,Female,5,5,5,5
control,446,242,2,2,Calm,1.0,Female,2,2,2,2
control,446,82,6,6,Fearful,0.0,Male,4,3 4 6,3 4 6,3 4 6
control,446,79,6,6,Fearful,1.0,Female,6,3 6,3 6 8,3 6
control,446,272,7,5,Angry,1.0,Female,5,5 8,5 8,5 8
control,446,287,1,4,Sad,0.0,Male,2,1 2 4,1 2 4,1 2 4
control,446,198,2,1,Neutral,1.0,Female,2,1 2,1 2,1 2
control,446,175,1,2,Calm,1.0,Female,2,1 2,1 2,1 2
control,446,148,2,2,Calm,1.0,Female,2,2,2 4,2
control,446,252,5,3,Happy,0.0,Male,3,3 4 6 8,3 6 8,3 6 8
control,446,319,1,1,Neutral,1.0,Female,2,1 2,1 2,1 2
control,446,110,6,6,Fearful,0.0,Male,6,3 4 6,3 4 6,3 4 6
control,446,307,3,3,Happy,1.0,Female,3,3 4 6,3 4 6,3 4 6
control,446,136,5,5,Angry,1.0,Female,5,5,5,5
control,446,212,8,5,Angry,0.0,Male,5,5 8,3 5 8,3 5 8
control,446,33,8,8,Surprised,0.0,Male,8,3 8,3 8,3 8
control,446,188,8,8,Surprised,0.0,Male,8,3 6 8,3 8,3 6 8
control,446,135,2,2,Calm,1.0,Female,2,1 2,2,2
control,446,218,1,3,Happy,0.0,Male,1,1 2,1 2 8,1 2 8
control,446,354,5,5,Angry,1.0,Female,5,5,5,5
control,446,168,7,5,Angry,1.0,Female,5,5,5,5
control,446,179,6,6,Fearful,0.0,Male,6,3 6,3 6 8,3 6 8
control,446,155,2,4,Sad,1.0,Female,2,2,2,2
control,446,80,5,7,Disgust,1.0,Female,7,5 7,5 7,5 7
control,446,44,6,6,Fearful,0.0,Male,3,3 4 6,3 4 6,3 4 6
control,446,290,3,3,Happy,1.0,Female,6,3 6,3 4 6,3 6
control,446,355,4,4,Sad,1.0,Female,4,2 4,2 4,2 4
control,446,289,4,4,Sad,0.0,Male,4,1 2 4,1 2 4,1 2 4
control,447,335,7,6,Fearful,0.0,Male,4,3 4 6,3 4 6,3 4 6
control,447,300,1,4,Sad,1.0,Female,2,2 4,2 4,2 4
control,447,4,6,6,Fearful,1.0,Female,6,3 6,3 6 8,3 6
control,447,293,2,3,Happy,0.0,Male,1,1 2,1 2 4,1 2 4
control,447,276,2,8,Surprised,0.0,Male,8,1 3 8,1 3 8,1 3 8
control,447,172,4,2,Calm,1.0,Female,2,2,2,2
control,447,218,1,3,Happy,0.0,Male,1,1 2,1 2 8,1 2 8
control,447,122,5,5,Angry,1.0,Female,5,5,5,5
control,447,290,6,3,Happy,1.0,Female,6,3 6,3 4 6,3 6
control,447,100,3,8,Surprised,1.0,Female,8,3 8,3 8,8
control,447,72,4,4,Sad,1.0,Female,4,4,4,4
control,447,260,4,3,Happy,0.0,Male,2,1 2,1 2,1 2
control,447,97,8,8,Surprised,0.0,Male,8,1 3 6 8,1 3 8,1 3 8
control,447,329,5,5,Angry,0.0,Male,5,5,5,5
control,447,203,5,7,Disgust,1.0,Female,7,5 7,5 7,5 7
control,447,291,7,7,Disgust,1.0,Female,7,5 7,5 7,5 7
control,447,77,2,2,Calm,1.0,Female,2,1 2,2,2
control,447,152,3,4,Sad,0.0,Male,4,4,4,2 4
control,447,75,5,5,Angry,0.0,Male,5,5,5,5
control,447,281,3,3,Happy,0.0,Male,8,3 6 8,3 6 8,3 6 8
control,447,215,4,4,Sad,0.0,Male,4,3 4,3 4,3 4 6
control,447,134,5,5,Angry,1.0,Female,5,5,5,5
control,447,310,7,7,Disgust,1.0,Female,7,5 7,5 7,7
control,447,89,8,8,Surprised,1.0,Female,8,3 8,3 8,3 8
control,447,52,4,7,Disgust,0.0,Male,7,7,7,7
control,447,14,8,8,Surprised,0.0,Male,8,3 6 8,3 6 8,3 6 8
control,447,220,3,3,Happy,1.0,Female,1,1 2,1 2 4,1 2
control,447,354,7,5,Angry,1.0,Female,5,5,5,5
control,447,187,6,6,Fearful,1.0,Female,6,3 4 6,3 4 6,3 4 6
control,447,320,6,6,Fearful,1.0,Female,4,4,2 4,4
control,447,181,2,2,Calm,1.0,Female,2,2,2,2
control,447,271,6,6,Fearful,1.0,Female,6,3 6,3 6,3 6
control,447,42,6,6,Fearful,0.0,Male,6,3 6,3 6,3 6 8
control,447,104,5,3,Happy,0.0,Male,6,3 5 6 8,3 5 6,3 5 6
control,447,74,2,2,Calm,0.0,Male,2,2,2,1 2
control,447,161,8,8,Surprised,1.0,Female,8,3 8,1 3 8,8
control,447,272,3,5,Angry,1.0,Female,5,5 8,5 8,5 8
control,447,120,4,7,Disgust,0.0,Male,7,2 4 7,2 4 7,2 4 7
control,447,78,2,1,Neutral,0.0,Male,2,1 2,1 2,1 2 4
control,447,214,3,8,Surprised,0.0,Male,8,3 6 8,3 6 8,3 6 8
control,447,10,6,6,Fearful,1.0,Female,6,3 6 8,3 6 8,3 6
control,447,330,2,2,Calm,1.0,Female,2,1 2,1 2,2
control,447,229,4,4,Sad,1.0,Female,4,4,4 6,4
control,447,45,7,7,Disgust,1.0,Female,7,7,7,7
control,447,194,6,6,Fearful,1.0,Female,6,3 5 6,3 5 6,3 5 6
control,447,235,5,5,Angry,0.0,Male,5,5,5,5
control,447,68,3,8,Surprised,0.0,Male,8,1 3 4 6 8,3 6 8,3 6 8
control,447,24,5,5,Angry,0.0,Male,5,5,5,5
control,447,312,2,2,Calm,1.0,Female,2,2,2 4,2
control,447,182,8,3,Happy,1.0,Female,3,3 5 6 8,3 6 8,3 6 8
control,448,98,8,6,Fearful,0.0,Male,6,3 6,3 4 6,3 4 6
control,448,97,8,8,Surprised,0.0,Male,8,1 3 6 8,1 3 8,1 3 8
control,448,155,2,4,Sad,1.0,Female,2,2,2,2
control,448,109,2,1,Neutral,1.0,Female,2,1 2,1 2,1 2
control,448,114,4,2,Calm,1.0,Female,2,1 2,1 2,2
control,448,298,8,8,Surprised,0.0,Male,8,1 3 8,1 3 8,1 3 8
control,448,32,5,7,Disgust,1.0,Female,7,5 7,7,7
control,448,94,5,5,Angry,1.0,Female,5,5,5,5
control,448,47,7,7,Disgust,1.0,Female,7,5 7,7,7
control,448,313,5,5,Angry,0.0,Male,5,5,5,5
control,448,45,7,7,Disgust,1.0,Female,7,7,7,7
control,448,60,2,3,Happy,0.0,Male,1,1 2,1 2,1 2 4
control,448,357,4,4,Sad,1.0,Female,4,2 4,4,4
control,448,121,3,4,Sad,0.0,Male,4,3 4,3 4 6,3 4 6
control,448,275,2,2,Calm,0.0,Male,2,2,2,1 2
control,448,115,5,5,Angry,0.0,Male,5,5,5,5
control,448,76,7,7,Disgust,0.0,Male,7,5 7,7,5 7
control,448,166,8,3,Happy,0.0,Male,8,3 6 8,3 6 8,3 6 8
control,448,70,2,2,Calm,0.0,Male,2,2,2,1 2
control,448,2,6,6,Fearful,1.0,Female,6,3 6,3 6,3 6
control,448,193,5,5,Angry,1.0,Female,5,5,5,5
control,448,27,8,7,Disgust,1.0,Female,7,7,7,7
control,448,206,7,5,Angry,1.0,Female,5,5,5,5
control,448,137,3,6,Fearful,1.0,Female,6,3 4 6,3 4 6,3 4 6
control,448,118,3,3,Happy,1.0,Female,1,1 2,1 2 4,1 2
control,448,14,6,8,Surprised,0.0,Male,8,3 6 8,3 6 8,3 6 8
control,448,174,5,5,Angry,0.0,Male,5,5,5,5
control,448,211,2,2,Calm,0.0,Male,2,2,2,1 2
control,448,198,1,1,Neutral,1.0,Female,2,1 2,1 2,1 2
control,448,247,4,4,Sad,1.0,Female,4,3 4 6,3 4,3 4 6
control,448,233,6,6,Fearful,1.0,Female,6,3 6,3 5 6,3 5 6
control,448,111,1,2,Calm,0.0,Male,2,1 2,2,1 2
control,448,267,1,1,Neutral,0.0,Male,2,1 2,1 2,1 2
control,448,81,7,8,Surprised,1.0,Female,8,3 8,8,8
control,448,96,2,2,Calm,0.0,Male,2,2,2,1 2
control,448,304,7,7,Disgust,0.0,Male,7,7,7,7
control,448,260,1,3,Happy,0.0,Male,2,1 2,1 2,1 2
control,448,167,1,1,Neutral,0.0,Male,2,1 2,1 2,1 2
control,448,1,2,6,Fearful,0.0,Male,4,2 4,2 4,1 2 4
control,448,212,8,5,Angry,0.0,Male,5,5 8,3 5 8,3 5 8
control,448,112,5,8,Surprised,0.0,Male,8,3 8,3 8,3 8
control,448,104,3,3,Happy,0.0,Male,6,3 5 6 8,3 5 6,3 5 6
control,448,101,7,7,Disgust,0.0,Male,7,5 7,5 7,5 7
control,448,83,3,3,Happy,0.0,Male,3,3 4 6,3 4 6,3 4 6
control,448,349,2,1,Neutral,0.0,Male,2,1 2,1 2,1 2 4
control,448,23,8,8,Surprised,1.0,Female,8,3 8,3 8,3 8
control,448,251,6,6,Fearful,0.0,Male,6,3 6 8,3 6 8,3 6 8
control,448,257,2,2,Calm,1.0,Female,2,1 2,1 2,1 2
control,448,226,2,4,Sad,0.0,Male,2,2,2,1 2 4
control,448,201,7,5,Angry,0.0,Male,5,5,5,5
control,449,68,3,8,Surprised,0.0,Male,8,1 3 4 6 8,3 6 8,3 6 8
control,449,354,5,5,Angry,1.0,Female,5,5,5,5
control,449,104,6,3,Happy,0.0,Male,6,3 5 6 8,3 5 6,3 5 6
control,449,152,4,4,Sad,0.0,Male,4,4,4,2 4
control,449,235,7,5,Angry,0.0,Male,5,5,5,5
control,449,214,3,8,Surprised,0.0,Male,8,3 6 8,3 6 8,3 6 8
control,449,220,1,3,Happy,1.0,Female,1,1 2,1 2 4,1 2
control,449,182,6,3,Happy,1.0,Female,3,3 5 6 8,3 6 8,3 6 8
control,449,172,2,2,Calm,1.0,Female,2,2,2,2
control,449,312,2,2,Calm,1.0,Female,2,2,2 4,2
control,449,100,8,8,Surprised,1.0,Female,8,3 8,3 8,8
control,449,272,5,5,Angry,1.0,Female,5,5 8,5 8,5 8
control,449,290,3,3,Happy,1.0,Female,6,3 6,3 4 6,3 6
control,449,203,7,7,Disgust,1.0,Female,7,5 7,5 7,5 7
control,449,78,1,1,Neutral,0.0,Male,2,1 2,1 2,1 2 4
control,449,97,8,8,Surprised,0.0,Male,8,1 3 6 8,1 3 8,1 3 8
control,449,42,6,6,Fearful,0.0,Male,6,3 6,3 6,3 6 8
control,449,276,8,8,Surprised,0.0,Male,8,1 3 8,1 3 8,1 3 8
control,449,271,6,6,Fearful,1.0,Female,6,3 6,3 6,3 6
control,449,194,6,6,Fearful,1.0,Female,6,3 5 6,3 5 6,3 5 6
control,449,74,2,2,Calm,0.0,Male,2,2,2,1 2
control,449,89,6,8,Surprised,1.0,Female,8,3 8,3 8,3 8
control,449,14,5,8,Surprised,0.0,Male,8,3 6 8,3 6 8,3 6 8
control,449,161,8,8,Surprised,1.0,Female,8,3 8,1 3 8,8
control,449,229,4,4,Sad,1.0,Female,4,4,4 6,4
control,449,134,5,5,Angry,1.0,Female,5,5,5,5
control,449,293,2,3,Happy,0.0,Male,1,1 2,1 2 4,1 2 4
control,449,260,2,3,Happy,0.0,Male,2,1 2,1 2,1 2
control,449,310,7,7,Disgust,1.0,Female,7,5 7,5 7,7
control,449,330,2,2,Calm,1.0,Female,2,1 2,1 2,2
control,449,187,3,6,Fearful,1.0,Female,6,3 4 6,3 4 6,3 4 6
control,449,215,4,4,Sad,0.0,Male,4,3 4,3 4,3 4 6
control,449,52,8,7,Disgust,0.0,Male,7,7,7,7
control,449,72,4,4,Sad,1.0,Female,4,4,4,4
control,449,218,2,3,Happy,0.0,Male,1,1 2,1 2 8,1 2 8
control,449,320,1,6,Fearful,1.0,Female,4,4,2 4,4
control,449,10,6,6,Fearful,1.0,Female,6,3 6 8,3 6 8,3 6
control,449,45,7,7,Disgust,1.0,Female,7,7,7,7
control,449,120,2,7,Disgust,0.0,Male,7,2 4 7,2 4 7,2 4 7
control,449,4,6,6,Fearful,1.0,Female,6,3 6,3 6 8,3 6
control,449,329,5,5,Angry,0.0,Male,5,5,5,5
control,449,77,1,2,Calm,1.0,Female,2,1 2,2,2
control,449,181,2,2,Calm,1.0,Female,2,2,2,2
control,449,335,2,6,Fearful,0.0,Male,4,3 4 6,3 4 6,3 4 6
control,449,122,5,5,Angry,1.0,Female,5,5,5,5
control,449,281,3,3,Happy,0.0,Male,8,3 6 8,3 6 8,3 6 8
control,449,75,5,5,Angry,0.0,Male,5,5,5,5
control,449,24,5,5,Angry,0.0,Male,5,5,5,5
control,449,300,2,4,Sad,1.0,Female,2,2 4,2 4,2 4
control,449,291,7,7,Disgust,1.0,Female,7,5 7,5 7,5 7
avgk,450,226,2,4,Sad,0.0,Male,2,2,2,1 2 4
avgk,450,242,2,2,Calm,1.0,Female,2,2,2,2
avgk,450,175,1,2,Calm,1.0,Female,2,1 2,1 2,1 2
avgk,450,59,6,6,Fearful,1.0,Female,6,3 4 6,3 4 6,3 4 6
avgk,450,45,8,7,Disgust,1.0,Female,7,7,7,7
avgk,450,44,6,6,Fearful,0.0,Male,3,3 4 6,3 4 6,3 4 6
avgk,450,103,2,2,Calm,0.0,Male,2,2,2,1 2
avgk,450,139,6,6,Fearful,1.0,Female,6,3 6,3 6,3 6
avgk,450,205,1,3,Happy,1.0,Female,1,1 3 4 8,1 3 8,1 3 8
avgk,450,30,2,2,Calm,1.0,Female,2,2,2,2
avgk,450,51,1,8,Surprised,0.0,Male,1,1 3 8,1 3 8,1 3 8
avgk,450,34,4,5,Angry,0.0,Male,5,5,5,5
avgk,450,201,5,5,Angry,0.0,Male,5,5,5,5
avgk,450,57,2,2,Calm,0.0,Male,2,2,2,1 2
avgk,450,144,2,1,Neutral,0.0,Male,2,1 2,1 2,1 2
avgk,450,285,2,4,Sad,0.0,Male,4,2 4,2 4,2 4
avgk,450,215,4,4,Sad,0.0,Male,4,3 4,3 4,3 4 6
avgk,450,110,6,6,Fearful,0.0,Male,6,3 4 6,3 4 6,3 4 6
avgk,450,5,4,4,Sad,0.0,Male,4,2 4,2 4,2 4
avgk,450,300,2,4,Sad,1.0,Female,2,2 4,2 4,2 4
avgk,450,357,4,4,Sad,1.0,Female,4,2 4,4,4
avgk,450,222,8,8,Surprised,0.0,Male,8,3 8,3 8,1 3 8
avgk,450,267,2,1,Neutral,0.0,Male,2,1 2,1 2,1 2
avgk,450,86,2,7,Disgust,1.0,Female,2,2,2,2
avgk,450,246,4,3,Happy,1.0,Female,1,1 3 4 8,1 3 4,1 3 4
avgk,450,178,8,5,Angry,1.0,Female,5,5 8,1 5 8,5 8
avgk,450,164,1,2,Calm,1.0,Female,2,1 2,1 2,2
avgk,450,337,8,8,Surprised,1.0,Female,1,1 3 8,1 3 8,1 3 8
avgk,450,343,5,5,Angry,1.0,Female,5,5,5,5
avgk,450,119,3,6,Fearful,0.0,Male,8,3 8,3 8,3 6 8
avgk,450,305,8,8,Surprised,1.0,Female,8,3 8,8,8
avgk,450,286,7,7,Disgust,0.0,Male,7,4 7,7,4 7
avgk,450,310,7,7,Disgust,1.0,Female,7,5 7,5 7,7
avgk,450,147,1,3,Happy,0.0,Male,1,1 2,1 2,1 2 4
avgk,450,23,8,8,Surprised,1.0,Female,8,3 8,3 8,3 8
avgk,450,2,6,6,Fearful,1.0,Female,6,3 6,3 6,3 6
avgk,450,234,5,5,Angry,1.0,Female,5,5,5,5
avgk,450,70,2,2,Calm,0.0,Male,2,2,2,1 2
avgk,450,254,2,3,Happy,0.0,Male,1,1 2,1 2 4,1 2 4
avgk,450,18,4,4,Sad,0.0,Male,2,1 2 4,1 2 4,1 2 4
avgk,450,272,8,5,Angry,1.0,Female,5,5 8,5 8,5 8
avgk,450,245,5,5,Angry,1.0,Female,5,5,5,5
avgk,450,218,1,3,Happy,0.0,Male,1,1 2,1 2 8,1 2 8
avgk,450,220,2,3,Happy,1.0,Female,1,1 2,1 2 4,1 2
avgk,450,97,3,8,Surprised,0.0,Male,8,1 3 6 8,1 3 8,1 3 8
avgk,450,61,6,6,Fearful,0.0,Male,6,3 6 8,3 6 8,3 6 8
avgk,450,94,5,5,Angry,1.0,Female,5,5,5,5
avgk,450,290,6,3,Happy,1.0,Female,6,3 6,3 4 6,3 6
avgk,450,33,8,8,Surprised,0.0,Male,8,3 8,3 8,3 8
avgk,450,249,7,7,Disgust,0.0,Male,7,7,7,7
avgk,451,197,7,7,Disgust,1.0,Female,7,7,7,7
avgk,451,154,6,7,Disgust,0.0,Male,7,4 7,2 4 7,2 4 7
avgk,451,299,8,6,Fearful,1.0,Female,8,3 6 8,3 6 8,3 6 8
avgk,451,210,1,1,Neutral,1.0,Female,2,1 2,1 2,1 2
avgk,451,352,7,7,Disgust,1.0,Female,7,5 7,5 7,7
avgk,451,97,1,8,Surprised,0.0,Male,8,1 3 6 8,1 3 8,1 3 8
avgk,451,298,8,8,Surprised,0.0,Male,8,1 3 8,1 3 8,1 3 8
avgk,451,76,7,7,Disgust,0.0,Male,7,5 7,7,5 7
avgk,451,111,1,2,Calm,0.0,Male,2,1 2,2,1 2
avgk,451,91,3,3,Happy,1.0,Female,1,1 2 3 4,1 2 4,1 2 4
avgk,451,188,8,8,Surprised,0.0,Male,8,3 6 8,3 8,3 6 8
avgk,451,242,2,2,Calm,1.0,Female,2,2,2,2
avgk,451,328,8,8,Surprised,1.0,Female,1,1 2 8,1 2 8,1 2 8
avgk,451,223,6,4,Sad,1.0,Female,4,4,4,4
avgk,451,152,4,4,Sad,0.0,Male,4,4,4,2 4
avgk,451,245,5,5,Angry,1.0,Female,5,5,5,5
avgk,451,103,2,2,Calm,0.0,Male,2,2,2,1 2
avgk,451,35,2,2,Calm,0.0,Male,2,2,2,1 2 4
avgk,451,233,6,6,Fearful,1.0,Female,6,3 6,3 5 6,3 5 6
avgk,451,318,6,6,Fearful,1.0,Female,6,3 6 8,3 6 8,3 6
avgk,451,307,3,3,Happy,1.0,Female,3,3 4 6,3 4 6,3 4 6
avgk,451,84,3,3,Happy,1.0,Female,5,3 5,3 5 6,5
avgk,451,130,8,8,Surprised,1.0,Female,8,3 8,8,8
avgk,451,199,4,4,Sad,0.0,Male,4,2 4,2 4,1 2 4
avgk,451,194,6,6,Fearful,1.0,Female,6,3 5 6,3 5 6,3 5 6
avgk,451,62,8,8,Surprised,1.0,Female,8,3 8,8,8
avgk,451,173,5,6,Fearful,0.0,Male,8,3 5 6 8,3 6 8,3 6 8
avgk,451,37,6,6,Fearful,1.0,Female,6,3 5 6 8,3 6 8,3 6 8
avgk,451,47,7,7,Disgust,1.0,Female,7,5 7,7,7
avgk,451,178,8,5,Angry,1.0,Female,5,5 8,1 5 8,5 8
avgk,451,160,5,5,Angry,1.0,Female,5,5,5,5
avgk,451,316,5,5,Angry,1.0,Female,5,5,5,5
avgk,451,202,4,4,Sad,0.0,Male,2,2 4,2 4,1 2 4
avgk,451,39,2,1,Neutral,1.0,Female,2,1 2,1 2,1 2
avgk,451,174,5,5,Angry,0.0,Male,5,5,5,5
avgk,451,26,5,5,Angry,0.0,Male,5,5,5,5
avgk,451,215,4,4,Sad,0.0,Male,4,3 4,3 4,3 4 6
avgk,451,268,2,2,Calm,0.0,Male,2,1 2,2,1 2
avgk,451,267,1,1,Neutral,0.0,Male,2,1 2,1 2,1 2
avgk,451,105,6,4,Sad,0.0,Male,4,3 4 6,3 4,3 4 6
avgk,451,113,2,2,Calm,1.0,Female,2,2,2,2
avgk,451,19,1,3,Happy,0.0,Male,1,1 2,1 2 4,1 2 4
avgk,451,257,1,2,Calm,1.0,Female,2,1 2,1 2,1 2
avgk,451,207,7,7,Disgust,0.0,Male,7,7,7,7
avgk,451,1,2,6,Fearful,0.0,Male,4,2 4,2 4,1 2 4
avgk,451,236,6,3,Happy,1.0,Female,3,3 4 6,3 4 6,3 4 6
avgk,451,289,4,4,Sad,0.0,Male,4,1 2 4,1 2 4,1 2 4
avgk,451,319,3,1,Neutral,1.0,Female,2,1 2,1 2,1 2
avgk,451,141,7,7,Disgust,0.0,Male,7,7,7,2 4 7
avgk,451,129,2,4,Sad,1.0,Female,2,2,2,2
avgk,452,90,5,5,Angry,1.0,Female,5,2 5 7,2 5 7,2 5 7
avgk,452,5,4,4,Sad,0.0,Male,4,2 4,2 4,2 4
avgk,452,128,7,7,Disgust,1.0,Female,7,7,7,7
avgk,452,141,7,7,Disgust,0.0,Male,7,7,7,2 4 7
avgk,452,239,8,8,Surprised,0.0,Male,8,3 8,3 8,3 8
avgk,452,117,2,4,Sad,1.0,Female,2,2,2,2
avgk,452,313,5,5,Angry,0.0,Male,5,5,5,5
avgk,452,350,7,7,Disgust,1.0,Female,7,5 7,5 7,7
avgk,452,69,3,8,Surprised,0.0,Male,8,3 5 6 8,3 6 8,3 6 8
avgk,452,185,6,6,Fearful,1.0,Female,6,3 6,3 6,3 6
avgk,452,274,4,6,Fearful,0.0,Male,3,3 4 6,3 4 6,3 4 6
avgk,452,318,6,6,Fearful,1.0,Female,6,3 6 8,3 6 8,3 6
avgk,452,358,8,3,Happy,1.0,Female,6,3 6 8,3 6 8,3 6 8
avgk,452,178,7,5,Angry,1.0,Female,5,5 8,1 5 8,5 8
avgk,452,114,2,2,Calm,1.0,Female,2,1 2,1 2,2
avgk,452,333,1,1,Neutral,0.0,Male,2,1 2,1 2,1 2
avgk,452,281,3,3,Happy,0.0,Male,8,3 6 8,3 6 8,3 6 8
avgk,452,205,1,3,Happy,1.0,Female,1,1 3 4 8,1 3 8,1 3 8
avgk,452,144,1,1,Neutral,0.0,Male,2,1 2,1 2,1 2
avgk,452,180,5,5,Angry,1.0,Female,5,5,5,5
avgk,452,148,2,2,Calm,1.0,Female,2,2,2 4,2
avgk,452,189,4,4,Sad,1.0,Female,2,2 4,1 2 4,2 4
avgk,452,234,5,5,Angry,1.0,Female,5,5,5,5
avgk,452,154,8,7,Disgust,0.0,Male,7,4 7,2 4 7,2 4 7
avgk,452,307,3,3,Happy,1.0,Female,3,3 4 6,3 4 6,3 4 6
avgk,452,300,4,4,Sad,1.0,Female,2,2 4,2 4,2 4
avgk,452,288,8,8,Surprised,1.0,Female,8,3 8,3 8,8
avgk,452,143,7,7,Disgust,0.0,Male,7,7,7,7
avgk,452,298,8,8,Surprised,0.0,Male,8,1 3 8,1 3 8,1 3 8
avgk,452,51,1,8,Surprised,0.0,Male,1,1 3 8,1 3 8,1 3 8
avgk,452,190,4,4,Sad,1.0,Female,4,4,4,4
avgk,452,232,4,4,Sad,0.0,Male,4,2 4,2 4,1 2 4
avgk,452,67,2,2,Calm,0.0,Male,2,2 4,2 4,2 4 7
avgk,452,230,2,2,Calm,0.0,Male,2,2,2,1 2
avgk,452,283,1,1,Neutral,0.0,Male,1,1 2,1 2,1 2 4
avgk,452,18,4,4,Sad,0.0,Male,2,1 2 4,1 2 4,1 2 4
avgk,452,82,6,6,Fearful,0.0,Male,4,3 4 6,3 4 6,3 4 6
avgk,452,174,5,5,Angry,0.0,Male,5,5,5,5
avgk,452,160,5,5,Angry,1.0,Female,5,5,5,5
avgk,452,309,8,6,Fearful,0.0,Male,6,3 5 6 8,3 6 8,3 6 8
avgk,452,106,7,7,Disgust,0.0,Male,7,7,7,5 7
avgk,452,255,6,6,Fearful,1.0,Female,6,3 4 6,3 4 6,3 6
avgk,452,291,7,7,Disgust,1.0,Female,7,5 7,5 7,5 7
avgk,452,249,7,7,Disgust,0.0,Male,7,7,7,7
avgk,452,343,7,5,Angry,1.0,Female,5,5,5,5
avgk,452,238,8,8,Surprised,0.0,Male,8,3 8,8,3 8
avgk,452,226,2,4,Sad,0.0,Male,2,2,2,1 2 4
avgk,452,247,6,4,Sad,1.0,Female,4,3 4 6,3 4,3 4 6
avgk,452,177,2,3,Happy,1.0,Female,1,1 2 4,1 2 4,1 2 4
avgk,452,220,1,3,Happy,1.0,Female,1,1 2,1 2 4,1 2
avgk,453,174,5,5,Angry,0.0,Male,5,5,5,5
avgk,453,15,4,4,Sad,1.0,Female,4,2 4,2 4 7,2 4
avgk,453,199,6,4,Sad,0.0,Male,4,2 4,2 4,1 2 4
avgk,453,244,3,3,Happy,1.0,Female,4,1 3 4 6,1 3 4,1 3 4
avgk,453,267,1,1,Neutral,0.0,Male,2,1 2,1 2,1 2
avgk,453,143,7,7,Disgust,0.0,Male,7,7,7,7
avgk,453,331,1,1,Neutral,0.0,Male,2,1 2,1 2,1 2
avgk,453,214,6,8,Surprised,0.0,Male,8,3 6 8,3 6 8,3 6 8
avgk,453,42,6,6,Fearful,0.0,Male,6,3 6,3 6,3 6 8
avgk,453,30,2,2,Calm,1.0,Female,2,2,2,2
avgk,453,321,8,8,Surprised,1.0,Female,8,3 8,3 8,8
avgk,453,329,8,5,Angry,0.0,Male,5,5,5,5
avgk,453,243,2,2,Calm,0.0,Male,2,2,2,1 2
avgk,453,262,2,3,Happy,0.0,Male,1,1 2,1 2 4,1 2 4
avgk,453,10,6,6,Fearful,1.0,Female,6,3 6 8,3 6 8,3 6
avgk,453,347,4,4,Sad,0.0,Male,4,1 2 3 4,1 2 4,1 2 4
avgk,453,43,6,6,Fearful,0.0,Male,6,3 6,3 6,3 6 8
avgk,453,21,7,7,Disgust,1.0,Female,7,7,7,7
avgk,453,75,5,5,Angry,0.0,Male,5,5,5,5
avgk,453,197,7,7,Disgust,1.0,Female,7,7,7,7
avgk,453,237,5,5,Angry,1.0,Female,5,5,5,5
avgk,453,144,1,1,Neutral,0.0,Male,2,1 2,1 2,1 2
avgk,453,238,3,8,Surprised,0.0,Male,8,3 8,8,3 8
avgk,453,157,7,7,Disgust,1.0,Female,7,7,7,7
avgk,453,274,4,6,Fearful,0.0,Male,3,3 4 6,3 4 6,3 4 6
avgk,453,64,2,2,Calm,1.0,Female,2,2,2,2
avgk,453,352,5,7,Disgust,1.0,Female,7,5 7,5 7,7
avgk,453,70,2,2,Calm,0.0,Male,2,2,2,1 2
avgk,453,290,6,3,Happy,1.0,Female,6,3 6,3 4 6,3 6
avgk,453,153,2,1,Neutral,1.0,Female,2,1 2,1 2,1 2
avgk,453,123,2,2,Calm,0.0,Male,2,1 2,2,1 2
avgk,453,8,7,8,Surprised,0.0,Male,4,1 2 4,1 2 4,1 2 4
avgk,453,239,8,8,Surprised,0.0,Male,8,3 8,3 8,3 8
avgk,453,87,8,8,Surprised,0.0,Male,8,3 8,3 8,3 6 8
avgk,453,102,1,3,Happy,1.0,Female,1,1 2,1 2 4,1 2
avgk,453,192,5,5,Angry,1.0,Female,5,5,5,5
avgk,453,313,5,5,Angry,0.0,Male,5,5,5,5
avgk,453,180,5,5,Angry,1.0,Female,5,5,5,5
avgk,453,152,3,4,Sad,0.0,Male,4,4,4,2 4
avgk,453,285,4,4,Sad,0.0,Male,4,2 4,2 4,2 4
avgk,453,155,2,4,Sad,1.0,Female,2,2,2,2
avgk,453,210,1,1,Neutral,1.0,Female,2,1 2,1 2,1 2
avgk,453,339,6,4,Sad,0.0,Male,2,2 4,2 4,1 2 4
avgk,453,217,8,8,Surprised,1.0,Female,8,8,8,8
avgk,453,101,7,7,Disgust,0.0,Male,7,5 7,5 7,5 7
avgk,453,219,7,7,Disgust,0.0,Male,7,7,7,5 7
avgk,453,309,8,6,Fearful,0.0,Male,6,3 5 6 8,3 6 8,3 6 8
avgk,453,60,1,3,Happy,0.0,Male,1,1 2,1 2,1 2 4
avgk,453,122,5,5,Angry,1.0,Female,5,5,5,5
avgk,453,268,2,2,Calm,0.0,Male,2,1 2,2,1 2
avgk,454,45,7,7,Disgust,1.0,Female,7,7,7,7
avgk,454,305,8,8,Surprised,1.0,Female,8,3 8,8,8
avgk,454,175,2,2,Calm,1.0,Female,2,1 2,1 2,1 2
avgk,454,343,5,5,Angry,1.0,Female,5,5,5,5
avgk,454,286,7,7,Disgust,0.0,Male,7,4 7,7,4 7
avgk,454,144,1,1,Neutral,0.0,Male,2,1 2,1 2,1 2
avgk,454,44,6,6,Fearful,0.0,Male,3,3 4 6,3 4 6,3 4 6
avgk,454,201,5,5,Angry,0.0,Male,5,5,5,5
avgk,454,59,6,6,Fearful,1.0,Female,6,3 4 6,3 4 6,3 4 6
avgk,454,272,5,5,Angry,1.0,Female,5,5 8,5 8,5 8
avgk,454,215,4,4,Sad,0.0,Male,4,3 4,3 4,3 4 6
avgk,454,290,3,3,Happy,1.0,Female,6,3 6,3 4 6,3 6
avgk,454,51,8,8,Surprised,0.0,Male,1,1 3 8,1 3 8,1 3 8
avgk,454,234,5,5,Angry,1.0,Female,5,5,5,5
avgk,454,2,6,6,Fearful,1.0,Female,6,3 6,3 6,3 6
avgk,454,18,4,4,Sad,0.0,Male,2,1 2 4,1 2 4,1 2 4
avgk,454,30,2,2,Calm,1.0,Female,2,2,2,2
avgk,454,218,1,3,Happy,0.0,Male,1,1 2,1 2 8,1 2 8
avgk,454,267,2,1,Neutral,0.0,Male,2,1 2,1 2,1 2
avgk,454,103,2,2,Calm,0.0,Male,2,2,2,1 2
avgk,454,61,3,6,Fearful,0.0,Male,6,3 6 8,3 6 8,3 6 8
avgk,454,119,8,6,Fearful,0.0,Male,8,3 8,3 8,3 6 8
avgk,454,23,8,8,Surprised,1.0,Female,8,3 8,3 8,3 8
avgk,454,97,8,8,Surprised,0.0,Male,8,1 3 6 8,1 3 8,1 3 8
avgk,454,300,4,4,Sad,1.0,Female,2,2 4,2 4,2 4
avgk,454,57,2,2,Calm,0.0,Male,2,2,2,1 2
avgk,454,70,2,2,Calm,0.0,Male,2,2,2,1 2
avgk,454,226,4,4,Sad,0.0,Male,2,2,2,1 2 4
avgk,454,205,3,3,Happy,1.0,Female,1,1 3 4 8,1 3 8,1 3 8
avgk,454,222,8,8,Surprised,0.0,Male,8,3 8,3 8,1 3 8
avgk,454,5,4,4,Sad,0.0,Male,4,2 4,2 4,2 4
avgk,454,285,4,4,Sad,0.0,Male,4,2 4,2 4,2 4
avgk,454,357,4,4,Sad,1.0,Female,4,2 4,4,4
avgk,454,337,8,8,Surprised,1.0,Female,1,1 3 8,1 3 8,1 3 8
avgk,454,110,6,6,Fearful,0.0,Male,6,3 4 6,3 4 6,3 4 6
avgk,454,139,6,6,Fearful,1.0,Female,6,3 6,3 6,3 6
avgk,454,245,5,5,Angry,1.0,Female,5,5,5,5
avgk,454,33,8,8,Surprised,0.0,Male,8,3 8,3 8,3 8
avgk,454,249,7,7,Disgust,0.0,Male,7,7,7,7
avgk,454,310,7,7,Disgust,1.0,Female,7,5 7,5 7,7
avgk,454,178,5,5,Angry,1.0,Female,5,5 8,1 5 8,5 8
avgk,454,147,3,3,Happy,0.0,Male,1,1 2,1 2,1 2 4
avgk,454,164,2,2,Calm,1.0,Female,2,1 2,1 2,2
avgk,454,94,5,5,Angry,1.0,Female,5,5,5,5
avgk,454,220,3,3,Happy,1.0,Female,1,1 2,1 2 4,1 2
avgk,454,242,2,2,Calm,1.0,Female,2,2,2,2
avgk,454,246,3,3,Happy,1.0,Female,1,1 3 4 8,1 3 4,1 3 4
avgk,454,34,5,5,Angry,0.0,Male,5,5,5,5
avgk,454,254,3,3,Happy,0.0,Male,1,1 2,1 2 4,1 2 4
avgk,454,86,2,7,Disgust,1.0,Female,2,2,2,2
avgk,455,144,1,1,Neutral,0.0,Male,2,1 2,1 2,1 2
avgk,455,249,7,7,Disgust,0.0,Male,7,7,7,7
avgk,455,238,8,8,Surprised,0.0,Male,8,3 8,8,3 8
avgk,455,247,4,4,Sad,1.0,Female,4,3 4 6,3 4,3 4 6
avgk,455,114,2,2,Calm,1.0,Female,2,1 2,1 2,2
avgk,455,177,2,3,Happy,1.0,Female,1,1 2 4,1 2 4,1 2 4
avgk,455,255,6,6,Fearful,1.0,Female,6,3 4 6,3 4 6,3 6
avgk,455,350,7,7,Disgust,1.0,Female,7,5 7,5 7,7
avgk,455,283,1,1,Neutral,0.0,Male,1,1 2,1 2,1 2 4
avgk,455,189,4,4,Sad,1.0,Female,2,2 4,1 2 4,2 4
avgk,455,67,2,2,Calm,0.0,Male,2,2 4,2 4,2 4 7
avgk,455,298,8,8,Surprised,0.0,Male,8,1 3 8,1 3 8,1 3 8
avgk,455,226,6,4,Sad,0.0,Male,2,2,2,1 2 4
avgk,455,106,7,7,Disgust,0.0,Male,7,7,7,5 7
avgk,455,90,2,5,Angry,1.0,Female,5,2 5 7,2 5 7,2 5 7
avgk,455,234,5,5,Angry,1.0,Female,5,5,5,5
avgk,455,281,3,3,Happy,0.0,Male,8,3 6 8,3 6 8,3 6 8
avgk,455,205,3,3,Happy,1.0,Female,1,1 3 4 8,1 3 8,1 3 8
avgk,455,358,3,3,Happy,1.0,Female,6,3 6 8,3 6 8,3 6 8
avgk,455,300,4,4,Sad,1.0,Female,2,2 4,2 4,2 4
avgk,455,230,2,2,Calm,0.0,Male,2,2,2,1 2
avgk,455,343,7,5,Angry,1.0,Female,5,5,5,5
avgk,455,141,7,7,Disgust,0.0,Male,7,7,7,2 4 7
avgk,455,143,4,7,Disgust,0.0,Male,7,7,7,7
avgk,455,309,6,6,Fearful,0.0,Male,6,3 5 6 8,3 6 8,3 6 8
avgk,455,154,8,7,Disgust,0.0,Male,7,4 7,2 4 7,2 4 7
avgk,455,239,8,8,Surprised,0.0,Male,8,3 8,3 8,3 8
avgk,455,174,5,5,Angry,0.0,Male,5,5,5,5
avgk,455,185,6,6,Fearful,1.0,Female,6,3 6,3 6,3 6
avgk,455,128,7,7,Disgust,1.0,Female,7,7,7,7
avgk,455,307,3,3,Happy,1.0,Female,3,3 4 6,3 4 6,3 4 6
avgk,455,220,2,3,Happy,1.0,Female,1,1 2,1 2 4,1 2
avgk,455,190,6,4,Sad,1.0,Female,4,4,4,4
avgk,455,18,4,4,Sad,0.0,Male,2,1 2 4,1 2 4,1 2 4
avgk,455,291,7,7,Disgust,1.0,Female,7,5 7,5 7,5 7
avgk,455,333,1,1,Neutral,0.0,Male,2,1 2,1 2,1 2
avgk,455,313,5,5,Angry,0.0,Male,5,5,5,5
avgk,455,82,6,6,Fearful,0.0,Male,4,3 4 6,3 4 6,3 4 6
avgk,455,318,6,6,Fearful,1.0,Female,6,3 6 8,3 6 8,3 6
avgk,455,232,4,4,Sad,0.0,Male,4,2 4,2 4,1 2 4
avgk,455,180,5,5,Angry,1.0,Female,5,5,5,5
avgk,455,160,5,5,Angry,1.0,Female,5,5,5,5
avgk,455,288,6,8,Surprised,1.0,Female,8,3 8,3 8,8
avgk,455,51,8,8,Surprised,0.0,Male,1,1 3 8,1 3 8,1 3 8
avgk,455,5,6,4,Sad,0.0,Male,4,2 4,2 4,2 4
avgk,455,274,3,6,Fearful,0.0,Male,3,3 4 6,3 4 6,3 4 6
avgk,455,178,7,5,Angry,1.0,Female,5,5 8,1 5 8,5 8
avgk,455,148,4,2,Calm,1.0,Female,2,2,2 4,2
avgk,455,69,3,8,Surprised,0.0,Male,8,3 5 6 8,3 6 8,3 6 8
avgk,455,117,2,4,Sad,1.0,Female,2,2,2,2
avgk,456,221,8,8,Surprised,0.0,Male,8,3 8,1 3 8,1 3 8
avgk,456,268,2,2,Calm,0.0,Male,2,1 2,2,1 2
avgk,456,256,1,2,Calm,0.0,Male,2,1 2,2,1 2
avgk,456,278,8,8,Surprised,0.0,Male,8,3 8,8,3 8
avgk,456,79,6,6,Fearful,1.0,Female,6,3 6,3 6 8,3 6
avgk,456,19,1,3,Happy,0.0,Male,1,1 2,1 2 4,1 2 4
avgk,456,15,4,4,Sad,1.0,Female,4,2 4,2 4 7,2 4
avgk,456,8,1,8,Surprised,0.0,Male,4,1 2 4,1 2 4,1 2 4
avgk,456,160,5,5,Angry,1.0,Female,5,5,5,5
avgk,456,180,5,5,Angry,1.0,Female,5,5,5,5
avgk,456,231,5,5,Angry,0.0,Male,5,5,5,5
avgk,456,350,7,7,Disgust,1.0,Female,7,5 7,5 7,7
avgk,456,27,7,7,Disgust,1.0,Female,7,7,7,7
avgk,456,354,5,5,Angry,1.0,Female,5,5,5,5
avgk,456,238,8,8,Surprised,0.0,Male,8,3 8,8,3 8
avgk,456,71,2,4,Sad,0.0,Male,2,1 2,1 2,1 2 4
avgk,456,78,1,1,Neutral,0.0,Male,2,1 2,1 2,1 2 4
avgk,456,358,8,3,Happy,1.0,Female,6,3 6 8,3 6 8,3 6 8
avgk,456,105,6,4,Sad,0.0,Male,4,3 4 6,3 4,3 4 6
avgk,456,237,5,5,Angry,1.0,Female,5,5,5,5
avgk,456,80,5,7,Disgust,1.0,Female,7,5 7,5 7,5 7
avgk,456,210,2,1,Neutral,1.0,Female,2,1 2,1 2,1 2
avgk,456,340,7,7,Disgust,1.0,Female,7,7,7,7
avgk,456,169,6,6,Fearful,1.0,Female,6,3 6,3 6 8,3 6
avgk,456,148,2,2,Calm,1.0,Female,2,2,2 4,2
avgk,456,255,6,6,Fearful,1.0,Female,6,3 4 6,3 4 6,3 6
avgk,456,341,7,7,Disgust,1.0,Female,7,7,7,7
avgk,456,186,4,5,Angry,0.0,Male,4,3 4 6,3 4 6,3 4 6
avgk,456,225,8,8,Surprised,1.0,Female,8,3 8,8,8
avgk,456,194,3,6,Fearful,1.0,Female,6,3 5 6,3 5 6,3 5 6
avgk,456,283,2,1,Neutral,0.0,Male,1,1 2,1 2,1 2 4
avgk,456,265,6,6,Fearful,0.0,Male,6,3 6 8,3 6 8,3 6 8
avgk,456,315,1,1,Neutral,1.0,Female,1,1 2,1 2,1 2
avgk,456,332,4,4,Sad,1.0,Female,4,4,4,4
avgk,456,205,1,3,Happy,1.0,Female,1,1 3 4 8,1 3 8,1 3 8
avgk,456,308,2,7,Disgust,1.0,Female,7,2 7,2 7,2 7
avgk,456,311,4,4,Sad,1.0,Female,2,1 2 4,1 2 4,1 2 4
avgk,456,153,1,1,Neutral,1.0,Female,2,1 2,1 2,1 2
avgk,456,104,6,3,Happy,0.0,Male,6,3 5 6 8,3 5 6,3 5 6
avgk,456,297,2,2,Calm,1.0,Female,2,1 2,2,2
avgk,456,129,1,4,Sad,1.0,Female,2,2,2,2
avgk,456,62,8,8,Surprised,1.0,Female,8,3 8,8,8
avgk,456,136,5,5,Angry,1.0,Female,5,5,5,5
avgk,456,173,6,6,Fearful,0.0,Male,8,3 5 6 8,3 6 8,3 6 8
avgk,456,124,8,8,Surprised,0.0,Male,8,3 8,3 8,3 8
avgk,456,244,3,3,Happy,1.0,Female,4,1 3 4 6,1 3 4,1 3 4
avgk,456,85,4,7,Disgust,0.0,Male,7,7,7,7
avgk,456,121,4,4,Sad,0.0,Male,4,3 4,3 4 6,3 4 6
avgk,456,351,4,3,Happy,0.0,Male,6,3 6 8,3 6 8,3 6 8
avgk,456,299,6,6,Fearful,1.0,Female,8,3 6 8,3 6 8,3 6 8
avgk,457,118,1,3,Happy,1.0,Female,1,1 2,1 2 4,1 2
avgk,457,81,8,8,Surprised,1.0,Female,8,3 8,8,8
avgk,457,201,5,5,Angry,0.0,Male,5,5,5,5
avgk,457,27,7,7,Disgust,1.0,Female,7,7,7,7
avgk,457,114,4,2,Calm,1.0,Female,2,1 2,1 2,2
avgk,457,260,1,3,Happy,0.0,Male,2,1 2,1 2,1 2
avgk,457,32,7,7,Disgust,1.0,Female,7,5 7,7,7
avgk,457,70,2,2,Calm,0.0,Male,2,2,2,1 2
avgk,457,121,6,4,Sad,0.0,Male,4,3 4,3 4 6,3 4 6
avgk,457,1,2,6,Fearful,0.0,Male,4,2 4,2 4,1 2 4
avgk,457,198,2,1,Neutral,1.0,Female,2,1 2,1 2,1 2
avgk,457,94,5,5,Angry,1.0,Female,5,5,5,5
avgk,457,212,8,5,Angry,0.0,Male,5,5 8,3 5 8,3 5 8
avgk,457,109,2,1,Neutral,1.0,Female,2,1 2,1 2,1 2
avgk,457,211,2,2,Calm,0.0,Male,2,2,2,1 2
avgk,457,313,5,5,Angry,0.0,Male,5,5,5,5
avgk,457,97,3,8,Surprised,0.0,Male,8,1 3 6 8,1 3 8,1 3 8
avgk,457,357,4,4,Sad,1.0,Female,4,2 4,4,4
avgk,457,104,5,3,Happy,0.0,Male,6,3 5 6 8,3 5 6,3 5 6
avgk,457,45,7,7,Disgust,1.0,Female,7,7,7,7
avgk,457,167,1,1,Neutral,0.0,Male,2,1 2,1 2,1 2
avgk,457,298,8,8,Surprised,0.0,Male,8,1 3 8,1 3 8,1 3 8
avgk,457,275,2,2,Calm,0.0,Male,2,2,2,1 2
avgk,457,98,3,6,Fearful,0.0,Male,6,3 6,3 4 6,3 4 6
avgk,457,101,7,7,Disgust,0.0,Male,7,5 7,5 7,5 7
avgk,457,267,1,1,Neutral,0.0,Male,2,1 2,1 2,1 2
avgk,457,137,6,6,Fearful,1.0,Female,6,3 4 6,3 4 6,3 4 6
avgk,457,155,2,4,Sad,1.0,Female,2,2,2,2
avgk,457,226,2,4,Sad,0.0,Male,2,2,2,1 2 4
avgk,457,14,8,8,Surprised,0.0,Male,8,3 6 8,3 6 8,3 6 8
avgk,457,96,2,2,Calm,0.0,Male,2,2,2,1 2
avgk,457,60,1,3,Happy,0.0,Male,1,1 2,1 2,1 2 4
avgk,457,193,5,5,Angry,1.0,Female,5,5,5,5
avgk,457,257,2,2,Calm,1.0,Female,2,1 2,1 2,1 2
avgk,457,2,6,6,Fearful,1.0,Female,6,3 6,3 6,3 6
avgk,457,115,5,5,Angry,0.0,Male,5,5,5,5
avgk,457,83,3,3,Happy,0.0,Male,3,3 4 6,3 4 6,3 4 6
avgk,457,111,2,2,Calm,0.0,Male,2,1 2,2,1 2
avgk,457,174,5,5,Angry,0.0,Male,5,5,5,5
avgk,457,251,6,6,Fearful,0.0,Male,6,3 6 8,3 6 8,3 6 8
avgk,457,47,8,7,Disgust,1.0,Female,7,5 7,7,7
avgk,457,166,3,3,Happy,0.0,Male,8,3 6 8,3 6 8,3 6 8
avgk,457,247,4,4,Sad,1.0,Female,4,3 4 6,3 4,3 4 6
avgk,457,233,6,6,Fearful,1.0,Female,6,3 6,3 5 6,3 5 6
avgk,457,304,7,7,Disgust,0.0,Male,7,7,7,7
avgk,457,112,8,8,Surprised,0.0,Male,8,3 8,3 8,3 8
avgk,457,206,5,5,Angry,1.0,Female,5,5,5,5
avgk,457,76,7,7,Disgust,0.0,Male,7,5 7,7,5 7
avgk,457,23,8,8,Surprised,1.0,Female,8,3 8,3 8,3 8
avgk,457,349,1,1,Neutral,0.0,Male,2,1 2,1 2,1 2 4
avgk,458,94,5,5,Angry,1.0,Female,5,5,5,5
avgk,458,5,4,4,Sad,0.0,Male,4,2 4,2 4,2 4
avgk,458,218,1,3,Happy,0.0,Male,1,1 2,1 2 8,1 2 8
avgk,458,57,2,2,Calm,0.0,Male,2,2,2,1 2
avgk,458,226,2,4,Sad,0.0,Male,2,2,2,1 2 4
avgk,458,220,1,3,Happy,1.0,Female,1,1 2,1 2 4,1 2
avgk,458,23,8,8,Surprised,1.0,Female,8,3 8,3 8,3 8
avgk,458,272,5,5,Angry,1.0,Female,5,5 8,5 8,5 8
avgk,458,215,4,4,Sad,0.0,Male,4,3 4,3 4,3 4 6
avgk,458,285,4,4,Sad,0.0,Male,4,2 4,2 4,2 4
avgk,458,97,3,8,Surprised,0.0,Male,8,1 3 6 8,1 3 8,1 3 8
avgk,458,242,2,2,Calm,1.0,Female,2,2,2,2
avgk,458,300,4,4,Sad,1.0,Female,2,2 4,2 4,2 4
avgk,458,18,4,4,Sad,0.0,Male,2,1 2 4,1 2 4,1 2 4
avgk,458,70,2,2,Calm,0.0,Male,2,2,2,1 2
avgk,458,286,7,7,Disgust,0.0,Male,7,4 7,7,4 7
avgk,458,290,6,3,Happy,1.0,Female,6,3 6,3 4 6,3 6
avgk,458,103,2,2,Calm,0.0,Male,2,2,2,1 2
avgk,458,33,8,8,Surprised,0.0,Male,8,3 8,3 8,3 8
avgk,458,357,4,4,Sad,1.0,Female,4,2 4,4,4
avgk,458,234,5,5,Angry,1.0,Female,5,5,5,5
avgk,458,305,8,8,Surprised,1.0,Female,8,3 8,8,8
avgk,458,205,1,3,Happy,1.0,Female,1,1 3 4 8,1 3 8,1 3 8
avgk,458,310,7,7,Disgust,1.0,Female,7,5 7,5 7,7
avgk,458,222,8,8,Surprised,0.0,Male,8,3 8,3 8,1 3 8
avgk,458,2,6,6,Fearful,1.0,Female,6,3 6,3 6,3 6
avgk,458,147,1,3,Happy,0.0,Male,1,1 2,1 2,1 2 4
avgk,458,139,6,6,Fearful,1.0,Female,6,3 6,3 6,3 6
avgk,458,51,8,8,Surprised,0.0,Male,1,1 3 8,1 3 8,1 3 8
avgk,458,343,5,5,Angry,1.0,Female,5,5,5,5
avgk,458,59,6,6,Fearful,1.0,Female,6,3 4 6,3 4 6,3 4 6
avgk,458,30,2,2,Calm,1.0,Female,2,2,2,2
avgk,458,249,7,7,Disgust,0.0,Male,7,7,7,7
avgk,458,254,1,3,Happy,0.0,Male,1,1 2,1 2 4,1 2 4
avgk,458,44,4,6,Fearful,0.0,Male,3,3 4 6,3 4 6,3 4 6
avgk,458,119,3,6,Fearful,0.0,Male,8,3 8,3 8,3 6 8
avgk,458,175,2,2,Calm,1.0,Female,2,1 2,1 2,1 2
avgk,458,246,3,3,Happy,1.0,Female,1,1 3 4 8,1 3 4,1 3 4
avgk,458,110,4,6,Fearful,0.0,Male,6,3 4 6,3 4 6,3 4 6
avgk,458,144,1,1,Neutral,0.0,Male,2,1 2,1 2,1 2
avgk,458,267,1,1,Neutral,0.0,Male,2,1 2,1 2,1 2
avgk,458,178,5,5,Angry,1.0,Female,5,5 8,1 5 8,5 8
avgk,458,86,2,7,Disgust,1.0,Female,2,2,2,2
avgk,458,45,7,7,Disgust,1.0,Female,7,7,7,7
avgk,458,34,5,5,Angry,0.0,Male,5,5,5,5
avgk,458,245,5,5,Angry,1.0,Female,5,5,5,5
avgk,458,164,2,2,Calm,1.0,Female,2,1 2,1 2,2
avgk,458,61,6,6,Fearful,0.0,Male,6,3 6 8,3 6 8,3 6 8
avgk,458,201,5,5,Angry,0.0,Male,5,5,5,5
avgk,458,337,8,8,Surprised,1.0,Female,1,1 3 8,1 3 8,1 3 8
avgk,459,238,8,8,Surprised,0.0,Male,8,3 8,8,3 8
avgk,459,180,5,5,Angry,1.0,Female,5,5,5,5
avgk,459,300,1,4,Sad,1.0,Female,2,2 4,2 4,2 4
avgk,459,82,6,6,Fearful,0.0,Male,4,3 4 6,3 4 6,3 4 6
avgk,459,230,1,2,Calm,0.0,Male,2,2,2,1 2
avgk,459,313,5,5,Angry,0.0,Male,5,5,5,5
avgk,459,239,8,8,Surprised,0.0,Male,8,3 8,3 8,3 8
avgk,459,350,7,7,Disgust,1.0,Female,7,5 7,5 7,7
avgk,459,106,7,7,Disgust,0.0,Male,7,7,7,5 7
avgk,459,178,8,5,Angry,1.0,Female,5,5 8,1 5 8,5 8
avgk,459,154,6,7,Disgust,0.0,Male,7,4 7,2 4 7,2 4 7
avgk,459,5,6,4,Sad,0.0,Male,4,2 4,2 4,2 4
avgk,459,249,7,7,Disgust,0.0,Male,7,7,7,7
avgk,459,174,5,5,Angry,0.0,Male,5,5,5,5
avgk,459,333,2,1,Neutral,0.0,Male,2,1 2,1 2,1 2
avgk,459,358,3,3,Happy,1.0,Female,6,3 6 8,3 6 8,3 6 8
avgk,459,160,5,5,Angry,1.0,Female,5,5,5,5
avgk,459,144,1,1,Neutral,0.0,Male,2,1 2,1 2,1 2
avgk,459,114,2,2,Calm,1.0,Female,2,1 2,1 2,2
avgk,459,288,8,8,Surprised,1.0,Female,8,3 8,3 8,8
avgk,459,309,3,6,Fearful,0.0,Male,6,3 5 6 8,3 6 8,3 6 8
avgk,459,232,4,4,Sad,0.0,Male,4,2 4,2 4,1 2 4
avgk,459,189,2,4,Sad,1.0,Female,2,2 4,1 2 4,2 4
avgk,459,291,5,7,Disgust,1.0,Female,7,5 7,5 7,5 7
avgk,459,220,1,3,Happy,1.0,Female,1,1 2,1 2 4,1 2
avgk,459,283,1,1,Neutral,0.0,Male,1,1 2,1 2,1 2 4
avgk,459,90,7,5,Angry,1.0,Female,5,2 5 7,2 5 7,2 5 7
avgk,459,318,6,6,Fearful,1.0,Female,6,3 6 8,3 6 8,3 6
avgk,459,307,3,3,Happy,1.0,Female,3,3 4 6,3 4 6,3 4 6
avgk,459,128,3,7,Disgust,1.0,Female,7,7,7,7
avgk,459,67,4,2,Calm,0.0,Male,2,2 4,2 4,2 4 7
avgk,459,69,8,8,Surprised,0.0,Male,8,3 5 6 8,3 6 8,3 6 8
avgk,459,255,6,6,Fearful,1.0,Female,6,3 4 6,3 4 6,3 6
avgk,459,247,6,4,Sad,1.0,Female,4,3 4 6,3 4,3 4 6
avgk,459,18,6,4,Sad,0.0,Male,2,1 2 4,1 2 4,1 2 4
avgk,459,51,1,8,Surprised,0.0,Male,1,1 3 8,1 3 8,1 3 8
avgk,459,190,6,4,Sad,1.0,Female,4,4,4,4
avgk,459,117,3,4,Sad,1.0,Female,2,2,2,2
avgk,459,281,3,3,Happy,0.0,Male,8,3 6 8,3 6 8,3 6 8
avgk,459,274,2,6,Fearful,0.0,Male,3,3 4 6,3 4 6,3 4 6
avgk,459,234,5,5,Angry,1.0,Female,5,5,5,5
avgk,459,226,4,4,Sad,0.0,Male,2,2,2,1 2 4
avgk,459,177,3,3,Happy,1.0,Female,1,1 2 4,1 2 4,1 2 4
avgk,459,143,7,7,Disgust,0.0,Male,7,7,7,7
avgk,459,205,1,3,Happy,1.0,Female,1,1 3 4 8,1 3 8,1 3 8
avgk,459,185,6,6,Fearful,1.0,Female,6,3 6,3 6,3 6
avgk,459,298,8,8,Surprised,0.0,Male,8,1 3 8,1 3 8,1 3 8
avgk,459,148,2,2,Calm,1.0,Female,2,2,2 4,2
avgk,459,141,3,7,Disgust,0.0,Male,7,7,7,2 4 7
avgk,459,343,5,5,Angry,1.0,Female,5,5,5,5
avgk,460,118,2,3,Happy,1.0,Female,1,1 2,1 2 4,1 2
avgk,460,251,6,6,Fearful,0.0,Male,6,3 6 8,3 6 8,3 6 8
avgk,460,32,7,7,Disgust,1.0,Female,7,5 7,7,7
avgk,460,60,2,3,Happy,0.0,Male,1,1 2,1 2,1 2 4
avgk,460,97,3,8,Surprised,0.0,Male,8,1 3 6 8,1 3 8,1 3 8
avgk,460,94,5,5,Angry,1.0,Female,5,5,5,5
avgk,460,313,5,5,Angry,0.0,Male,5,5,5,5
avgk,460,111,2,2,Calm,0.0,Male,2,1 2,2,1 2
avgk,460,166,6,3,Happy,0.0,Male,8,3 6 8,3 6 8,3 6 8
avgk,460,233,6,6,Fearful,1.0,Female,6,3 6,3 5 6,3 5 6
avgk,460,174,5,5,Angry,0.0,Male,5,5,5,5
avgk,460,226,2,4,Sad,0.0,Male,2,2,2,1 2 4
avgk,460,114,2,2,Calm,1.0,Female,2,1 2,1 2,2
avgk,460,198,2,1,Neutral,1.0,Female,2,1 2,1 2,1 2
avgk,460,275,2,2,Calm,0.0,Male,2,2,2,1 2
avgk,460,76,7,7,Disgust,0.0,Male,7,5 7,7,5 7
avgk,460,23,8,8,Surprised,1.0,Female,8,3 8,3 8,3 8
avgk,460,349,1,1,Neutral,0.0,Male,2,1 2,1 2,1 2 4
avgk,460,304,7,7,Disgust,0.0,Male,7,7,7,7
avgk,460,14,8,8,Surprised,0.0,Male,8,3 6 8,3 6 8,3 6 8
avgk,460,112,3,8,Surprised,0.0,Male,8,3 8,3 8,3 8
avgk,460,2,6,6,Fearful,1.0,Female,6,3 6,3 6,3 6
avgk,460,193,5,5,Angry,1.0,Female,5,5,5,5
avgk,460,81,8,8,Surprised,1.0,Female,8,3 8,8,8
avgk,460,96,2,2,Calm,0.0,Male,2,2,2,1 2
avgk,460,206,7,5,Angry,1.0,Female,5,5,5,5
avgk,460,109,2,1,Neutral,1.0,Female,2,1 2,1 2,1 2
avgk,460,47,7,7,Disgust,1.0,Female,7,5 7,7,7
avgk,460,298,8,8,Surprised,0.0,Male,8,1 3 8,1 3 8,1 3 8
avgk,460,101,7,7,Disgust,0.0,Male,7,5 7,5 7,5 7
avgk,460,267,3,1,Neutral,0.0,Male,2,1 2,1 2,1 2
avgk,460,211,2,2,Calm,0.0,Male,2,2,2,1 2
avgk,460,27,7,7,Disgust,1.0,Female,7,7,7,7
avgk,460,45,3,7,Disgust,1.0,Female,7,7,7,7
avgk,460,257,2,2,Calm,1.0,Female,2,1 2,1 2,1 2
avgk,460,167,2,1,Neutral,0.0,Male,2,1 2,1 2,1 2
avgk,460,212,8,5,Angry,0.0,Male,5,5 8,3 5 8,3 5 8
avgk,460,137,6,6,Fearful,1.0,Female,6,3 4 6,3 4 6,3 4 6
avgk,460,357,4,4,Sad,1.0,Female,4,2 4,4,4
avgk,460,1,4,6,Fearful,0.0,Male,4,2 4,2 4,1 2 4
avgk,460,260,2,3,Happy,0.0,Male,2,1 2,1 2,1 2
avgk,460,201,5,5,Angry,0.0,Male,5,5,5,5
avgk,460,121,4,4,Sad,0.0,Male,4,3 4,3 4 6,3 4 6
avgk,460,70,2,2,Calm,0.0,Male,2,2,2,1 2
avgk,460,83,3,3,Happy,0.0,Male,3,3 4 6,3 4 6,3 4 6
avgk,460,98,8,6,Fearful,0.0,Male,6,3 6,3 4 6,3 4 6
avgk,460,115,5,5,Angry,0.0,Male,5,5,5,5
avgk,460,104,6,3,Happy,0.0,Male,6,3 5 6 8,3 5 6,3 5 6
avgk,460,247,4,4,Sad,1.0,Female,4,3 4 6,3 4,3 4 6
avgk,460,155,2,4,Sad,1.0,Female,2,2,2,2
avgk,461,80,7,7,Disgust,1.0,Female,7,5 7,5 7,5 7
avgk,461,255,6,6,Fearful,1.0,Female,6,3 4 6,3 4 6,3 6
avgk,461,315,3,1,Neutral,1.0,Female,1,1 2,1 2,1 2
avgk,461,237,5,5,Angry,1.0,Female,5,5,5,5
avgk,461,351,6,3,Happy,0.0,Male,6,3 6 8,3 6 8,3 6 8
avgk,461,79,6,6,Fearful,1.0,Female,6,3 6,3 6 8,3 6
avgk,461,19,2,3,Happy,0.0,Male,1,1 2,1 2 4,1 2 4
avgk,461,85,4,7,Disgust,0.0,Male,7,7,7,7
avgk,461,225,3,8,Surprised,1.0,Female,8,3 8,8,8
avgk,461,231,5,5,Angry,0.0,Male,5,5,5,5
avgk,461,210,4,1,Neutral,1.0,Female,2,1 2,1 2,1 2
avgk,461,332,4,4,Sad,1.0,Female,4,4,4,4
avgk,461,62,8,8,Surprised,1.0,Female,8,3 8,8,8
avgk,461,153,2,1,Neutral,1.0,Female,2,1 2,1 2,1 2
avgk,461,278,8,8,Surprised,0.0,Male,8,3 8,8,3 8
avgk,461,148,1,2,Calm,1.0,Female,2,2,2 4,2
avgk,461,186,4,5,Angry,0.0,Male,4,3 4 6,3 4 6,3 4 6
avgk,461,173,8,6,Fearful,0.0,Male,8,3 5 6 8,3 6 8,3 6 8
avgk,461,129,4,4,Sad,1.0,Female,2,2,2,2
avgk,461,283,2,1,Neutral,0.0,Male,1,1 2,1 2,1 2 4
avgk,461,311,4,4,Sad,1.0,Female,2,1 2 4,1 2 4,1 2 4
avgk,461,124,8,8,Surprised,0.0,Male,8,3 8,3 8,3 8
avgk,461,244,3,3,Happy,1.0,Female,4,1 3 4 6,1 3 4,1 3 4
avgk,461,256,1,2,Calm,0.0,Male,2,1 2,2,1 2
avgk,461,27,5,7,Disgust,1.0,Female,7,7,7,7
avgk,461,297,2,2,Calm,1.0,Female,2,1 2,2,2
avgk,461,71,4,4,Sad,0.0,Male,2,1 2,1 2,1 2 4
avgk,461,8,3,8,Surprised,0.0,Male,4,1 2 4,1 2 4,1 2 4
avgk,461,340,6,7,Disgust,1.0,Female,7,7,7,7
avgk,461,78,2,1,Neutral,0.0,Male,2,1 2,1 2,1 2 4
avgk,461,104,6,3,Happy,0.0,Male,6,3 5 6 8,3 5 6,3 5 6
avgk,461,350,7,7,Disgust,1.0,Female,7,5 7,5 7,7
avgk,461,358,6,3,Happy,1.0,Female,6,3 6 8,3 6 8,3 6 8
avgk,461,121,4,4,Sad,0.0,Male,4,3 4,3 4 6,3 4 6
avgk,461,238,8,8,Surprised,0.0,Male,8,3 8,8,3 8
avgk,461,299,6,6,Fearful,1.0,Female,8,3 6 8,3 6 8,3 6 8
avgk,461,105,6,4,Sad,0.0,Male,4,3 4 6,3 4,3 4 6
avgk,461,268,2,2,Calm,0.0,Male,2,1 2,2,1 2
avgk,461,354,5,5,Angry,1.0,Female,5,5,5,5
avgk,461,308,2,7,Disgust,1.0,Female,7,2 7,2 7,2 7
avgk,461,221,8,8,Surprised,0.0,Male,8,3 8,1 3 8,1 3 8
avgk,461,194,5,6,Fearful,1.0,Female,6,3 5 6,3 5 6,3 5 6
avgk,461,160,7,5,Angry,1.0,Female,5,5,5,5
avgk,461,15,4,4,Sad,1.0,Female,4,2 4,2 4 7,2 4
avgk,461,265,6,6,Fearful,0.0,Male,6,3 6 8,3 6 8,3 6 8
avgk,461,169,6,6,Fearful,1.0,Female,6,3 6,3 6 8,3 6
avgk,461,180,5,5,Angry,1.0,Female,5,5,5,5
avgk,461,341,7,7,Disgust,1.0,Female,7,7,7,7
avgk,461,136,7,5,Angry,1.0,Female,5,5,5,5
avgk,461,205,4,3,Happy,1.0,Female,1,1 3 4 8,1 3 8,1 3 8
avgk,462,354,5,5,Angry,1.0,Female,5,5,5,5
avgk,462,344,6,6,Fearful,1.0,Female,6,3 6,3 4 6,3 6
avgk,462,319,2,1,Neutral,1.0,Female,2,1 2,1 2,1 2
avgk,462,33,8,8,Surprised,0.0,Male,8,3 8,3 8,3 8
avgk,462,96,4,2,Calm,0.0,Male,2,2,2,1 2
avgk,462,307,3,3,Happy,1.0,Female,3,3 4 6,3 4 6,3 4 6
avgk,462,350,7,7,Disgust,1.0,Female,7,5 7,5 7,7
avgk,462,82,6,6,Fearful,0.0,Male,4,3 4 6,3 4 6,3 4 6
avgk,462,283,1,1,Neutral,0.0,Male,1,1 2,1 2,1 2 4
avgk,462,103,4,2,Calm,0.0,Male,2,2,2,1 2
avgk,462,321,8,8,Surprised,1.0,Female,8,3 8,3 8,8
avgk,462,59,6,6,Fearful,1.0,Female,6,3 4 6,3 4 6,3 4 6
avgk,462,228,5,5,Angry,0.0,Male,5,5,5,5
avgk,462,79,6,6,Fearful,1.0,Female,6,3 6,3 6 8,3 6
avgk,462,110,4,6,Fearful,0.0,Male,6,3 4 6,3 4 6,3 4 6
avgk,462,317,7,7,Disgust,1.0,Female,7,7,7,7
avgk,462,152,3,4,Sad,0.0,Male,4,4,4,2 4
avgk,462,148,2,2,Calm,1.0,Female,2,2,2 4,2
avgk,462,209,1,2,Calm,1.0,Female,2,2,2,2
avgk,462,120,7,7,Disgust,0.0,Male,7,2 4 7,2 4 7,2 4 7
avgk,462,136,5,5,Angry,1.0,Female,5,5,5,5
avgk,462,155,2,4,Sad,1.0,Female,2,2,2,2
avgk,462,351,3,3,Happy,0.0,Male,6,3 6 8,3 6 8,3 6 8
avgk,462,218,1,3,Happy,0.0,Male,1,1 2,1 2 8,1 2 8
avgk,462,168,5,5,Angry,1.0,Female,5,5,5,5
avgk,462,252,6,3,Happy,0.0,Male,3,3 4 6 8,3 6 8,3 6 8
avgk,462,242,2,2,Calm,1.0,Female,2,2,2,2
avgk,462,198,2,1,Neutral,1.0,Female,2,1 2,1 2,1 2
avgk,462,44,4,6,Fearful,0.0,Male,3,3 4 6,3 4 6,3 4 6
avgk,462,219,7,7,Disgust,0.0,Male,7,7,7,5 7
avgk,462,188,8,8,Surprised,0.0,Male,8,3 6 8,3 8,3 6 8
avgk,462,14,6,8,Surprised,0.0,Male,8,3 6 8,3 6 8,3 6 8
avgk,462,160,5,5,Angry,1.0,Female,5,5,5,5
avgk,462,135,2,2,Calm,1.0,Female,2,1 2,2,2
avgk,462,272,5,5,Angry,1.0,Female,5,5 8,5 8,5 8
avgk,462,80,7,7,Disgust,1.0,Female,7,5 7,5 7,5 7
avgk,462,287,4,4,Sad,0.0,Male,2,1 2 4,1 2 4,1 2 4
avgk,462,290,3,3,Happy,1.0,Female,6,3 6,3 4 6,3 6
avgk,462,175,2,2,Calm,1.0,Female,2,1 2,1 2,1 2
avgk,462,197,7,7,Disgust,1.0,Female,7,7,7,7
avgk,462,212,8,5,Angry,0.0,Male,5,5 8,3 5 8,3 5 8
avgk,462,305,8,8,Surprised,1.0,Female,8,3 8,8,8
avgk,462,72,4,4,Sad,1.0,Female,4,4,4,4
avgk,462,355,4,4,Sad,1.0,Female,4,2 4,2 4,2 4
avgk,462,5,4,4,Sad,0.0,Male,4,2 4,2 4,2 4
avgk,462,179,6,6,Fearful,0.0,Male,6,3 6,3 6 8,3 6 8
avgk,462,214,8,8,Surprised,0.0,Male,8,3 6 8,3 6 8,3 6 8
avgk,462,23,8,8,Surprised,1.0,Female,8,3 8,3 8,3 8
avgk,462,289,2,4,Sad,0.0,Male,4,1 2 4,1 2 4,1 2 4
avgk,462,177,4,3,Happy,1.0,Female,1,1 2 4,1 2 4,1 2 4
avgk,463,188,8,8,Surprised,0.0,Male,8,3 6 8,3 8,3 6 8
avgk,463,179,6,6,Fearful,0.0,Male,6,3 6,3 6 8,3 6 8
avgk,463,242,2,2,Calm,1.0,Female,2,2,2,2
avgk,463,219,1,7,Disgust,0.0,Male,7,7,7,5 7
avgk,463,177,3,3,Happy,1.0,Female,1,1 2 4,1 2 4,1 2 4
avgk,463,354,5,5,Angry,1.0,Female,5,5,5,5
avgk,463,214,4,8,Surprised,0.0,Male,8,3 6 8,3 6 8,3 6 8
avgk,463,152,4,4,Sad,0.0,Male,4,4,4,2 4
avgk,463,289,1,4,Sad,0.0,Male,4,1 2 4,1 2 4,1 2 4
avgk,463,272,5,5,Angry,1.0,Female,5,5 8,5 8,5 8
avgk,463,103,2,2,Calm,0.0,Male,2,2,2,1 2
avgk,463,33,8,8,Surprised,0.0,Male,8,3 8,3 8,3 8
avgk,463,168,5,5,Angry,1.0,Female,5,5,5,5
avgk,463,290,3,3,Happy,1.0,Female,6,3 6,3 4 6,3 6
avgk,463,344,6,6,Fearful,1.0,Female,6,3 6,3 4 6,3 6
avgk,463,287,4,4,Sad,0.0,Male,2,1 2 4,1 2 4,1 2 4
avgk,463,44,4,6,Fearful,0.0,Male,3,3 4 6,3 4 6,3 4 6
avgk,463,110,6,6,Fearful,0.0,Male,6,3 4 6,3 4 6,3 4 6
avgk,463,218,1,3,Happy,0.0,Male,1,1 2,1 2 8,1 2 8
avgk,463,212,8,5,Angry,0.0,Male,5,5 8,3 5 8,3 5 8
avgk,463,14,8,8,Surprised,0.0,Male,8,3 6 8,3 6 8,3 6 8
avgk,463,23,8,8,Surprised,1.0,Female,8,3 8,3 8,3 8
avgk,463,321,8,8,Surprised,1.0,Female,8,3 8,3 8,8
avgk,463,319,2,1,Neutral,1.0,Female,2,1 2,1 2,1 2
avgk,463,155,2,4,Sad,1.0,Female,2,2,2,2
avgk,463,160,5,5,Angry,1.0,Female,5,5,5,5
avgk,463,80,5,7,Disgust,1.0,Female,7,5 7,5 7,5 7
avgk,463,59,6,6,Fearful,1.0,Female,6,3 4 6,3 4 6,3 4 6
avgk,463,351,6,3,Happy,0.0,Male,6,3 6 8,3 6 8,3 6 8
avgk,463,355,4,4,Sad,1.0,Female,4,2 4,2 4,2 4
avgk,463,252,6,3,Happy,0.0,Male,3,3 4 6 8,3 6 8,3 6 8
avgk,463,307,3,3,Happy,1.0,Female,3,3 4 6,3 4 6,3 4 6
avgk,463,79,6,6,Fearful,1.0,Female,6,3 6,3 6 8,3 6
avgk,463,209,2,2,Calm,1.0,Female,2,2,2,2
avgk,463,120,7,7,Disgust,0.0,Male,7,2 4 7,2 4 7,2 4 7
avgk,463,317,3,7,Disgust,1.0,Female,7,7,7,7
avgk,463,228,5,5,Angry,0.0,Male,5,5,5,5
avgk,463,198,2,1,Neutral,1.0,Female,2,1 2,1 2,1 2
avgk,463,350,7,7,Disgust,1.0,Female,7,5 7,5 7,7
avgk,463,72,4,4,Sad,1.0,Female,4,4,4,4
avgk,463,135,2,2,Calm,1.0,Female,2,1 2,2,2
avgk,463,5,4,4,Sad,0.0,Male,4,2 4,2 4,2 4
avgk,463,197,7,7,Disgust,1.0,Female,7,7,7,7
avgk,463,305,8,8,Surprised,1.0,Female,8,3 8,8,8
avgk,463,175,1,2,Calm,1.0,Female,2,1 2,1 2,1 2
avgk,463,82,3,6,Fearful,0.0,Male,4,3 4 6,3 4 6,3 4 6
avgk,463,283,1,1,Neutral,0.0,Male,1,1 2,1 2,1 2 4
avgk,463,96,2,2,Calm,0.0,Male,2,2,2,1 2
avgk,463,136,5,5,Angry,1.0,Female,5,5,5,5
avgk,463,148,2,2,Calm,1.0,Female,2,2,2 4,2
avgk,464,343,5,5,Angry,1.0,Female,5,5,5,5
avgk,464,222,8,8,Surprised,0.0,Male,8,3 8,3 8,1 3 8
avgk,464,300,4,4,Sad,1.0,Female,2,2 4,2 4,2 4
avgk,464,178,5,5,Angry,1.0,Female,5,5 8,1 5 8,5 8
avgk,464,337,8,8,Surprised,1.0,Female,1,1 3 8,1 3 8,1 3 8
avgk,464,33,8,8,Surprised,0.0,Male,8,3 8,3 8,3 8
avgk,464,205,1,3,Happy,1.0,Female,1,1 3 4 8,1 3 8,1 3 8
avgk,464,147,1,3,Happy,0.0,Male,1,1 2,1 2,1 2 4
avgk,464,97,8,8,Surprised,0.0,Male,8,1 3 6 8,1 3 8,1 3 8
avgk,464,254,1,3,Happy,0.0,Male,1,1 2,1 2 4,1 2 4
avgk,464,2,6,6,Fearful,1.0,Female,6,3 6,3 6,3 6
avgk,464,246,1,3,Happy,1.0,Female,1,1 3 4 8,1 3 4,1 3 4
avgk,464,164,2,2,Calm,1.0,Female,2,1 2,1 2,2
avgk,464,59,6,6,Fearful,1.0,Female,6,3 4 6,3 4 6,3 4 6
avgk,464,305,8,8,Surprised,1.0,Female,8,3 8,8,8
avgk,464,201,5,5,Angry,0.0,Male,5,5,5,5
avgk,464,249,7,7,Disgust,0.0,Male,7,7,7,7
avgk,464,70,2,2,Calm,0.0,Male,2,2,2,1 2
avgk,464,290,3,3,Happy,1.0,Female,6,3 6,3 4 6,3 6
avgk,464,285,4,4,Sad,0.0,Male,4,2 4,2 4,2 4
avgk,464,267,1,1,Neutral,0.0,Male,2,1 2,1 2,1 2
avgk,464,86,1,7,Disgust,1.0,Female,2,2,2,2
avgk,464,30,1,2,Calm,1.0,Female,2,2,2,2
avgk,464,61,8,6,Fearful,0.0,Male,6,3 6 8,3 6 8,3 6 8
avgk,464,220,1,3,Happy,1.0,Female,1,1 2,1 2 4,1 2
avgk,464,234,5,5,Angry,1.0,Female,5,5,5,5
avgk,464,5,4,4,Sad,0.0,Male,4,2 4,2 4,2 4
avgk,464,310,7,7,Disgust,1.0,Female,7,5 7,5 7,7
avgk,464,110,4,6,Fearful,0.0,Male,6,3 4 6,3 4 6,3 4 6
avgk,464,18,4,4,Sad,0.0,Male,2,1 2 4,1 2 4,1 2 4
avgk,464,245,5,5,Angry,1.0,Female,5,5,5,5
avgk,464,94,5,5,Angry,1.0,Female,5,5,5,5
avgk,464,175,2,2,Calm,1.0,Female,2,1 2,1 2,1 2
avgk,464,242,2,2,Calm,1.0,Female,2,2,2,2
avgk,464,57,2,2,Calm,0.0,Male,2,2,2,1 2
avgk,464,139,6,6,Fearful,1.0,Female,6,3 6,3 6,3 6
avgk,464,103,2,2,Calm,0.0,Male,2,2,2,1 2
avgk,464,218,1,3,Happy,0.0,Male,1,1 2,1 2 8,1 2 8
avgk,464,286,7,7,Disgust,0.0,Male,7,4 7,7,4 7
avgk,464,272,5,5,Angry,1.0,Female,5,5 8,5 8,5 8
avgk,464,45,7,7,Disgust,1.0,Female,7,7,7,7
avgk,464,215,4,4,Sad,0.0,Male,4,3 4,3 4,3 4 6
avgk,464,119,8,6,Fearful,0.0,Male,8,3 8,3 8,3 6 8
avgk,464,144,1,1,Neutral,0.0,Male,2,1 2,1 2,1 2
avgk,464,34,5,5,Angry,0.0,Male,5,5,5,5
avgk,464,23,8,8,Surprised,1.0,Female,8,3 8,3 8,3 8
avgk,464,51,8,8,Surprised,0.0,Male,1,1 3 8,1 3 8,1 3 8
avgk,464,357,4,4,Sad,1.0,Female,4,2 4,4,4
avgk,464,44,6,6,Fearful,0.0,Male,3,3 4 6,3 4 6,3 4 6
avgk,464,226,4,4,Sad,0.0,Male,2,2,2,1 2 4
avgk,465,110,6,6,Fearful,0.0,Male,6,3 4 6,3 4 6,3 4 6
avgk,465,148,2,2,Calm,1.0,Female,2,2,2 4,2
avgk,465,317,7,7,Disgust,1.0,Female,7,7,7,7
avgk,465,344,3,6,Fearful,1.0,Female,6,3 6,3 4 6,3 6
avgk,465,79,3,6,Fearful,1.0,Female,6,3 6,3 6 8,3 6
avgk,465,272,5,5,Angry,1.0,Female,5,5 8,5 8,5 8
avgk,465,321,8,8,Surprised,1.0,Female,8,3 8,3 8,8
avgk,465,218,1,3,Happy,0.0,Male,1,1 2,1 2 8,1 2 8
avgk,465,120,7,7,Disgust,0.0,Male,7,2 4 7,2 4 7,2 4 7
avgk,465,44,6,6,Fearful,0.0,Male,3,3 4 6,3 4 6,3 4 6
avgk,465,283,1,1,Neutral,0.0,Male,1,1 2,1 2,1 2 4
avgk,465,252,8,3,Happy,0.0,Male,3,3 4 6 8,3 6 8,3 6 8
avgk,465,179,6,6,Fearful,0.0,Male,6,3 6,3 6 8,3 6 8
avgk,465,197,7,7,Disgust,1.0,Female,7,7,7,7
avgk,465,351,3,3,Happy,0.0,Male,6,3 6 8,3 6 8,3 6 8
avgk,465,287,2,4,Sad,0.0,Male,2,1 2 4,1 2 4,1 2 4
avgk,465,136,5,5,Angry,1.0,Female,5,5,5,5
avgk,465,355,4,4,Sad,1.0,Female,4,2 4,2 4,2 4
avgk,465,307,3,3,Happy,1.0,Female,3,3 4 6,3 4 6,3 4 6
avgk,465,188,8,8,Surprised,0.0,Male,8,3 6 8,3 8,3 6 8
avgk,465,289,4,4,Sad,0.0,Male,4,1 2 4,1 2 4,1 2 4
avgk,465,14,8,8,Surprised,0.0,Male,8,3 6 8,3 6 8,3 6 8
avgk,465,96,2,2,Calm,0.0,Male,2,2,2,1 2
avgk,465,214,3,8,Surprised,0.0,Male,8,3 6 8,3 6 8,3 6 8
avgk,465,152,4,4,Sad,0.0,Male,4,4,4,2 4
avgk,465,59,6,6,Fearful,1.0,Female,6,3 4 6,3 4 6,3 4 6
avgk,465,23,8,8,Surprised,1.0,Female,8,3 8,3 8,3 8
avgk,465,305,8,8,Surprised,1.0,Female,8,3 8,8,8
avgk,465,160,5,5,Angry,1.0,Female,5,5,5,5
avgk,465,198,1,1,Neutral,1.0,Female,2,1 2,1 2,1 2
avgk,465,82,3,6,Fearful,0.0,Male,4,3 4 6,3 4 6,3 4 6
avgk,465,228,5,5,Angry,0.0,Male,5,5,5,5
avgk,465,168,5,5,Angry,1.0,Female,5,5,5,5
avgk,465,177,2,3,Happy,1.0,Female,1,1 2 4,1 2 4,1 2 4
avgk,465,175,2,2,Calm,1.0,Female,2,1 2,1 2,1 2
avgk,465,319,1,1,Neutral,1.0,Female,2,1 2,1 2,1 2
avgk,465,5,4,4,Sad,0.0,Male,4,2 4,2 4,2 4
avgk,465,33,8,8,Surprised,0.0,Male,8,3 8,3 8,3 8
avgk,465,242,2,2,Calm,1.0,Female,2,2,2,2
avgk,465,72,4,4,Sad,1.0,Female,4,4,4,4
avgk,465,212,5,5,Angry,0.0,Male,5,5 8,3 5 8,3 5 8
avgk,465,155,2,4,Sad,1.0,Female,2,2,2,2
avgk,465,290,3,3,Happy,1.0,Female,6,3 6,3 4 6,3 6
avgk,465,354,5,5,Angry,1.0,Female,5,5,5,5
avgk,465,209,2,2,Calm,1.0,Female,2,2,2,2
avgk,465,135,2,2,Calm,1.0,Female,2,1 2,2,2
avgk,465,80,7,7,Disgust,1.0,Female,7,5 7,5 7,5 7
avgk,465,103,2,2,Calm,0.0,Male,2,2,2,1 2
avgk,465,219,7,7,Disgust,0.0,Male,7,7,7,5 7
avgk,465,350,5,7,Disgust,1.0,Female,7,5 7,5 7,7
avgk,466,104,6,3,Happy,0.0,Male,6,3 5 6 8,3 5 6,3 5 6
avgk,466,283,2,1,Neutral,0.0,Male,1,1 2,1 2,1 2 4
avgk,466,221,8,8,Surprised,0.0,Male,8,3 8,1 3 8,1 3 8
avgk,466,354,5,5,Angry,1.0,Female,5,5,5,5
avgk,466,350,7,7,Disgust,1.0,Female,7,5 7,5 7,7
avgk,466,299,8,6,Fearful,1.0,Female,8,3 6 8,3 6 8,3 6 8
avgk,466,256,1,2,Calm,0.0,Male,2,1 2,2,1 2
avgk,466,268,2,2,Calm,0.0,Male,2,1 2,2,1 2
avgk,466,15,4,4,Sad,1.0,Female,4,2 4,2 4 7,2 4
avgk,466,80,5,7,Disgust,1.0,Female,7,5 7,5 7,5 7
avgk,466,105,6,4,Sad,0.0,Male,4,3 4 6,3 4,3 4 6
avgk,466,124,8,8,Surprised,0.0,Male,8,3 8,3 8,3 8
avgk,466,8,2,8,Surprised,0.0,Male,4,1 2 4,1 2 4,1 2 4
avgk,466,71,4,4,Sad,0.0,Male,2,1 2,1 2,1 2 4
avgk,466,238,8,8,Surprised,0.0,Male,8,3 8,8,3 8
avgk,466,27,7,7,Disgust,1.0,Female,7,7,7,7
avgk,466,153,1,1,Neutral,1.0,Female,2,1 2,1 2,1 2
avgk,466,173,6,6,Fearful,0.0,Male,8,3 5 6 8,3 6 8,3 6 8
avgk,466,160,5,5,Angry,1.0,Female,5,5,5,5
avgk,466,297,2,2,Calm,1.0,Female,2,1 2,2,2
avgk,466,315,1,1,Neutral,1.0,Female,1,1 2,1 2,1 2
avgk,466,78,1,1,Neutral,0.0,Male,2,1 2,1 2,1 2 4
avgk,466,129,4,4,Sad,1.0,Female,2,2,2,2
avgk,466,148,2,2,Calm,1.0,Female,2,2,2 4,2
avgk,466,210,1,1,Neutral,1.0,Female,2,1 2,1 2,1 2
avgk,466,278,8,8,Surprised,0.0,Male,8,3 8,8,3 8
avgk,466,351,6,3,Happy,0.0,Male,6,3 6 8,3 6 8,3 6 8
avgk,466,85,7,7,Disgust,0.0,Male,7,7,7,7
avgk,466,121,6,4,Sad,0.0,Male,4,3 4,3 4 6,3 4 6
avgk,466,308,7,7,Disgust,1.0,Female,7,2 7,2 7,2 7
avgk,466,244,3,3,Happy,1.0,Female,4,1 3 4 6,1 3 4,1 3 4
avgk,466,79,6,6,Fearful,1.0,Female,6,3 6,3 6 8,3 6
avgk,466,186,7,5,Angry,0.0,Male,4,3 4 6,3 4 6,3 4 6
avgk,466,180,5,5,Angry,1.0,Female,5,5,5,5
avgk,466,265,6,6,Fearful,0.0,Male,6,3 6 8,3 6 8,3 6 8
avgk,466,225,8,8,Surprised,1.0,Female,8,3 8,8,8
avgk,466,231,5,5,Angry,0.0,Male,5,5,5,5
avgk,466,136,5,5,Angry,1.0,Female,5,5,5,5
avgk,466,169,6,6,Fearful,1.0,Female,6,3 6,3 6 8,3 6
avgk,466,340,7,7,Disgust,1.0,Female,7,7,7,7
avgk,466,194,6,6,Fearful,1.0,Female,6,3 5 6,3 5 6,3 5 6
avgk,466,19,2,3,Happy,0.0,Male,1,1 2,1 2 4,1 2 4
avgk,466,341,8,7,Disgust,1.0,Female,7,7,7,7
avgk,466,311,2,4,Sad,1.0,Female,2,1 2 4,1 2 4,1 2 4
avgk,466,205,1,3,Happy,1.0,Female,1,1 3 4 8,1 3 8,1 3 8
avgk,466,62,8,8,Surprised,1.0,Female,8,3 8,8,8
avgk,466,332,6,4,Sad,1.0,Female,4,4,4,4
avgk,466,358,8,3,Happy,1.0,Female,6,3 6 8,3 6 8,3 6 8
avgk,466,255,6,6,Fearful,1.0,Female,6,3 4 6,3 4 6,3 6
avgk,466,237,5,5,Angry,1.0,Female,5,5,5,5
avgk,467,139,6,6,Fearful,1.0,Female,6,3 6,3 6,3 6
avgk,467,147,1,3,Happy,0.0,Male,1,1 2,1 2,1 2 4
avgk,467,33,8,8,Surprised,0.0,Male,8,3 8,3 8,3 8
avgk,467,103,2,2,Calm,0.0,Male,2,2,2,1 2
avgk,467,246,3,3,Happy,1.0,Female,1,1 3 4 8,1 3 4,1 3 4
avgk,467,110,6,6,Fearful,0.0,Male,6,3 4 6,3 4 6,3 4 6
avgk,467,2,6,6,Fearful,1.0,Female,6,3 6,3 6,3 6
avgk,467,201,8,5,Angry,0.0,Male,5,5,5,5
avgk,467,226,2,4,Sad,0.0,Male,2,2,2,1 2 4
avgk,467,234,5,5,Angry,1.0,Female,5,5,5,5
avgk,467,242,2,2,Calm,1.0,Female,2,2,2,2
avgk,467,357,4,4,Sad,1.0,Female,4,2 4,4,4
avgk,467,222,3,8,Surprised,0.0,Male,8,3 8,3 8,1 3 8
avgk,467,45,2,7,Disgust,1.0,Female,7,7,7,7
avgk,467,267,1,1,Neutral,0.0,Male,2,1 2,1 2,1 2
avgk,467,97,3,8,Surprised,0.0,Male,8,1 3 6 8,1 3 8,1 3 8
avgk,467,34,5,5,Angry,0.0,Male,5,5,5,5
avgk,467,254,2,3,Happy,0.0,Male,1,1 2,1 2 4,1 2 4
avgk,467,94,5,5,Angry,1.0,Female,5,5,5,5
avgk,467,44,3,6,Fearful,0.0,Male,3,3 4 6,3 4 6,3 4 6
avgk,467,175,2,2,Calm,1.0,Female,2,1 2,1 2,1 2
avgk,467,61,3,6,Fearful,0.0,Male,6,3 6 8,3 6 8,3 6 8
avgk,467,70,2,2,Calm,0.0,Male,2,2,2,1 2
avgk,467,215,4,4,Sad,0.0,Male,4,3 4,3 4,3 4 6
avgk,467,300,2,4,Sad,1.0,Female,2,2 4,2 4,2 4
avgk,467,220,1,3,Happy,1.0,Female,1,1 2,1 2 4,1 2
avgk,467,86,2,7,Disgust,1.0,Female,2,2,2,2
avgk,467,272,5,5,Angry,1.0,Female,5,5 8,5 8,5 8
avgk,467,245,5,5,Angry,1.0,Female,5,5,5,5
avgk,467,5,4,4,Sad,0.0,Male,4,2 4,2 4,2 4
avgk,467,57,2,2,Calm,0.0,Male,2,2,2,1 2
avgk,467,343,5,5,Angry,1.0,Female,5,5,5,5
avgk,467,59,6,6,Fearful,1.0,Female,6,3 4 6,3 4 6,3 4 6
avgk,467,51,8,8,Surprised,0.0,Male,1,1 3 8,1 3 8,1 3 8
avgk,467,23,8,8,Surprised,1.0,Female,8,3 8,3 8,3 8
avgk,467,205,3,3,Happy,1.0,Female,1,1 3 4 8,1 3 8,1 3 8
avgk,467,18,4,4,Sad,0.0,Male,2,1 2 4,1 2 4,1 2 4
avgk,467,119,8,6,Fearful,0.0,Male,8,3 8,3 8,3 6 8
avgk,467,249,7,7,Disgust,0.0,Male,7,7,7,7
avgk,467,290,6,3,Happy,1.0,Female,6,3 6,3 4 6,3 6
avgk,467,30,2,2,Calm,1.0,Female,2,2,2,2
avgk,467,337,3,8,Surprised,1.0,Female,1,1 3 8,1 3 8,1 3 8
avgk,467,178,8,5,Angry,1.0,Female,5,5 8,1 5 8,5 8
avgk,467,144,2,1,Neutral,0.0,Male,2,1 2,1 2,1 2
avgk,467,286,7,7,Disgust,0.0,Male,7,4 7,7,4 7
avgk,467,164,2,2,Calm,1.0,Female,2,1 2,1 2,2
avgk,467,310,7,7,Disgust,1.0,Female,7,5 7,5 7,7
avgk,467,305,8,8,Surprised,1.0,Female,8,3 8,8,8
avgk,467,285,4,4,Sad,0.0,Male,4,2 4,2 4,2 4
avgk,467,218,1,3,Happy,0.0,Male,1,1 2,1 2 8,1 2 8
avgk,468,285,4,4,Sad,0.0,Male,4,2 4,2 4,2 4
avgk,468,30,1,2,Calm,1.0,Female,2,2,2,2
avgk,468,239,8,8,Surprised,0.0,Male,8,3 8,3 8,3 8
avgk,468,262,3,3,Happy,0.0,Male,1,1 2,1 2 4,1 2 4
avgk,468,238,8,8,Surprised,0.0,Male,8,3 8,8,3 8
avgk,468,87,7,8,Surprised,0.0,Male,8,3 8,3 8,3 6 8
avgk,468,352,7,7,Disgust,1.0,Female,7,5 7,5 7,7
avgk,468,210,1,1,Neutral,1.0,Female,2,1 2,1 2,1 2
avgk,468,101,7,7,Disgust,0.0,Male,7,5 7,5 7,5 7
avgk,468,321,8,8,Surprised,1.0,Female,8,3 8,3 8,8
avgk,468,347,6,4,Sad,0.0,Male,4,1 2 3 4,1 2 4,1 2 4
avgk,468,42,5,6,Fearful,0.0,Male,6,3 6,3 6,3 6 8
avgk,468,155,2,4,Sad,1.0,Female,2,2,2,2
avgk,468,214,3,8,Surprised,0.0,Male,8,3 6 8,3 6 8,3 6 8
avgk,468,123,1,2,Calm,0.0,Male,2,1 2,2,1 2
avgk,468,268,1,2,Calm,0.0,Male,2,1 2,2,1 2
avgk,468,122,5,5,Angry,1.0,Female,5,5,5,5
avgk,468,10,6,6,Fearful,1.0,Female,6,3 6 8,3 6 8,3 6
avgk,468,180,5,5,Angry,1.0,Female,5,5,5,5
avgk,468,244,1,3,Happy,1.0,Female,4,1 3 4 6,1 3 4,1 3 4
avgk,468,75,5,5,Angry,0.0,Male,5,5,5,5
avgk,468,64,2,2,Calm,1.0,Female,2,2,2,2
avgk,468,267,1,1,Neutral,0.0,Male,2,1 2,1 2,1 2
avgk,468,153,1,1,Neutral,1.0,Female,2,1 2,1 2,1 2
avgk,468,290,3,3,Happy,1.0,Female,6,3 6,3 4 6,3 6
avgk,468,152,4,4,Sad,0.0,Male,4,4,4,2 4
avgk,468,243,2,2,Calm,0.0,Male,2,2,2,1 2
avgk,468,237,5,5,Angry,1.0,Female,5,5,5,5
avgk,468,21,7,7,Disgust,1.0,Female,7,7,7,7
avgk,468,274,4,6,Fearful,0.0,Male,3,3 4 6,3 4 6,3 4 6
avgk,468,313,5,5,Angry,0.0,Male,5,5,5,5
avgk,468,60,2,3,Happy,0.0,Male,1,1 2,1 2,1 2 4
avgk,468,339,4,4,Sad,0.0,Male,2,2 4,2 4,1 2 4
avgk,468,192,5,5,Angry,1.0,Female,5,5,5,5
avgk,468,174,5,5,Angry,0.0,Male,5,5,5,5
avgk,468,197,7,7,Disgust,1.0,Female,7,7,7,7
avgk,468,143,4,7,Disgust,0.0,Male,7,7,7,7
avgk,468,331,1,1,Neutral,0.0,Male,2,1 2,1 2,1 2
avgk,468,219,7,7,Disgust,0.0,Male,7,7,7,5 7
avgk,468,102,2,3,Happy,1.0,Female,1,1 2,1 2 4,1 2
avgk,468,199,4,4,Sad,0.0,Male,4,2 4,2 4,1 2 4
avgk,468,157,7,7,Disgust,1.0,Female,7,7,7,7
avgk,468,70,1,2,Calm,0.0,Male,2,2,2,1 2
avgk,468,15,4,4,Sad,1.0,Female,4,2 4,2 4 7,2 4
avgk,468,8,1,8,Surprised,0.0,Male,4,1 2 4,1 2 4,1 2 4
avgk,468,217,8,8,Surprised,1.0,Female,8,8,8,8
avgk,468,309,6,6,Fearful,0.0,Male,6,3 5 6 8,3 6 8,3 6 8
avgk,468,144,1,1,Neutral,0.0,Male,2,1 2,1 2,1 2
avgk,468,329,5,5,Angry,0.0,Male,5,5,5,5
avgk,468,43,5,6,Fearful,0.0,Male,6,3 6,3 6,3 6 8
avgk,469,214,8,8,Surprised,0.0,Male,8,3 6 8,3 6 8,3 6 8
avgk,469,173,6,6,Fearful,0.0,Male,8,3 5 6 8,3 6 8,3 6 8
avgk,469,115,5,5,Angry,0.0,Male,5,5,5,5
avgk,469,271,6,6,Fearful,1.0,Female,6,3 6,3 6,3 6
avgk,469,228,5,5,Angry,0.0,Male,5,5,5,5
avgk,469,153,1,1,Neutral,1.0,Female,2,1 2,1 2,1 2
avgk,469,142,8,8,Surprised,0.0,Male,8,3 8,8,3 8
avgk,469,45,8,7,Disgust,1.0,Female,7,7,7,7
avgk,469,355,4,4,Sad,1.0,Female,4,2 4,2 4,2 4
avgk,469,284,5,5,Angry,1.0,Female,5,5,5,5
avgk,469,197,7,7,Disgust,1.0,Female,7,7,7,7
avgk,469,46,6,4,Sad,0.0,Male,4,4,4,2 3 4
avgk,469,235,5,5,Angry,0.0,Male,5,5,5,5
avgk,469,172,2,2,Calm,1.0,Female,2,2,2,2
avgk,469,123,1,2,Calm,0.0,Male,2,1 2,2,1 2
avgk,469,298,8,8,Surprised,0.0,Male,8,1 3 8,1 3 8,1 3 8
avgk,469,12,5,5,Angry,1.0,Female,5,5,5,5
avgk,469,203,7,7,Disgust,1.0,Female,7,5 7,5 7,5 7
avgk,469,274,4,6,Fearful,0.0,Male,3,3 4 6,3 4 6,3 4 6
avgk,469,294,3,3,Happy,1.0,Female,1,1 3 8,1 3 8,1 3 8
avgk,469,58,1,4,Sad,1.0,Female,2,2,2 4,2
avgk,469,216,8,3,Happy,1.0,Female,6,3 6 8,3 6 8,3 6
avgk,469,7,1,1,Neutral,0.0,Male,2,1 2,1 2,1 2
avgk,469,60,2,3,Happy,0.0,Male,1,1 2,1 2,1 2 4
avgk,469,341,7,7,Disgust,1.0,Female,7,7,7,7
avgk,469,242,1,2,Calm,1.0,Female,2,2,2,2
avgk,469,281,3,3,Happy,0.0,Male,8,3 6 8,3 6 8,3 6 8
avgk,469,100,8,8,Surprised,1.0,Female,8,3 8,3 8,8
avgk,469,224,3,3,Happy,0.0,Male,4,1 2 3 4,1 2 4,1 2 4
avgk,469,329,5,5,Angry,0.0,Male,5,5,5,5
avgk,469,21,7,7,Disgust,1.0,Female,7,7,7,7
avgk,469,169,6,6,Fearful,1.0,Female,6,3 6,3 6 8,3 6
avgk,469,346,4,4,Sad,0.0,Male,2,2 4,2 4,1 2 4
avgk,469,147,3,3,Happy,0.0,Male,1,1 2,1 2,1 2 4
avgk,469,134,5,5,Angry,1.0,Female,5,5,5,5
avgk,469,222,8,8,Surprised,0.0,Male,8,3 8,3 8,1 3 8
avgk,469,110,6,6,Fearful,0.0,Male,6,3 4 6,3 4 6,3 4 6
avgk,469,108,4,4,Sad,0.0,Male,2,2 4,2 4,2 4 7
avgk,469,76,7,7,Disgust,0.0,Male,7,5 7,7,5 7
avgk,469,102,1,3,Happy,1.0,Female,1,1 2,1 2 4,1 2
avgk,469,316,5,5,Angry,1.0,Female,5,5,5,5
avgk,469,275,2,2,Calm,0.0,Male,2,2,2,1 2
avgk,469,62,8,8,Surprised,1.0,Female,8,3 8,8,8
avgk,469,157,7,7,Disgust,1.0,Female,7,7,7,7
avgk,469,101,7,7,Disgust,0.0,Male,7,5 7,5 7,5 7
avgk,469,83,3,3,Happy,0.0,Male,3,3 4 6,3 4 6,3 4 6
avgk,469,144,2,1,Neutral,0.0,Male,2,1 2,1 2,1 2
avgk,469,116,7,7,Disgust,0.0,Male,7,5 7,5 7,5 7
avgk,469,205,8,3,Happy,1.0,Female,1,1 3 4 8,1 3 8,1 3 8
avgk,469,30,4,2,Calm,1.0,Female,2,2,2,2
avgk,470,332,4,4,Sad,1.0,Female,4,4,4,4
avgk,470,268,2,2,Calm,0.0,Male,2,1 2,2,1 2
avgk,470,350,7,7,Disgust,1.0,Female,7,5 7,5 7,7
avgk,470,27,7,7,Disgust,1.0,Female,7,7,7,7
avgk,470,186,7,5,Angry,0.0,Male,4,3 4 6,3 4 6,3 4 6
avgk,470,311,4,4,Sad,1.0,Female,2,1 2 4,1 2 4,1 2 4
avgk,470,315,2,1,Neutral,1.0,Female,1,1 2,1 2,1 2
avgk,470,160,5,5,Angry,1.0,Female,5,5,5,5
avgk,470,136,5,5,Angry,1.0,Female,5,5,5,5
avgk,470,351,8,3,Happy,0.0,Male,6,3 6 8,3 6 8,3 6 8
avgk,470,297,2,2,Calm,1.0,Female,2,1 2,2,2
avgk,470,78,1,1,Neutral,0.0,Male,2,1 2,1 2,1 2 4
avgk,470,210,1,1,Neutral,1.0,Female,2,1 2,1 2,1 2
avgk,470,80,3,7,Disgust,1.0,Female,7,5 7,5 7,5 7
avgk,470,194,6,6,Fearful,1.0,Female,6,3 5 6,3 5 6,3 5 6
avgk,470,85,1,7,Disgust,0.0,Male,7,7,7,7
avgk,470,15,4,4,Sad,1.0,Female,4,2 4,2 4 7,2 4
avgk,470,19,1,3,Happy,0.0,Male,1,1 2,1 2 4,1 2 4
avgk,470,225,3,8,Surprised,1.0,Female,8,3 8,8,8
avgk,470,180,5,5,Angry,1.0,Female,5,5,5,5
avgk,470,308,2,7,Disgust,1.0,Female,7,2 7,2 7,2 7
avgk,470,358,3,3,Happy,1.0,Female,6,3 6 8,3 6 8,3 6 8
avgk,470,173,8,6,Fearful,0.0,Male,8,3 5 6 8,3 6 8,3 6 8
avgk,470,341,7,7,Disgust,1.0,Female,7,7,7,7
avgk,470,256,2,2,Calm,0.0,Male,2,1 2,2,1 2
avgk,470,244,3,3,Happy,1.0,Female,4,1 3 4 6,1 3 4,1 3 4
avgk,470,283,1,1,Neutral,0.0,Male,1,1 2,1 2,1 2 4
avgk,470,231,5,5,Angry,0.0,Male,5,5,5,5
avgk,470,299,6,6,Fearful,1.0,Female,8,3 6 8,3 6 8,3 6 8
avgk,470,238,8,8,Surprised,0.0,Male,8,3 8,8,3 8
avgk,470,8,2,8,Surprised,0.0,Male,4,1 2 4,1 2 4,1 2 4
avgk,470,62,8,8,Surprised,1.0,Female,8,3 8,8,8
avgk,470,79,6,6,Fearful,1.0,Female,6,3 6,3 6 8,3 6
avgk,470,105,4,4,Sad,0.0,Male,4,3 4 6,3 4,3 4 6
avgk,470,71,4,4,Sad,0.0,Male,2,1 2,1 2,1 2 4
avgk,470,340,7,7,Disgust,1.0,Female,7,7,7,7
avgk,470,205,2,3,Happy,1.0,Female,1,1 3 4 8,1 3 8,1 3 8
avgk,470,169,6,6,Fearful,1.0,Female,6,3 6,3 6 8,3 6
avgk,470,121,7,4,Sad,0.0,Male,4,3 4,3 4 6,3 4 6
avgk,470,221,8,8,Surprised,0.0,Male,8,3 8,1 3 8,1 3 8
avgk,470,104,6,3,Happy,0.0,Male,6,3 5 6 8,3 5 6,3 5 6
avgk,470,129,4,4,Sad,1.0,Female,2,2,2,2
avgk,470,265,6,6,Fearful,0.0,Male,6,3 6 8,3 6 8,3 6 8
avgk,470,153,2,1,Neutral,1.0,Female,2,1 2,1 2,1 2
avgk,470,278,8,8,Surprised,0.0,Male,8,3 8,8,3 8
avgk,470,237,5,5,Angry,1.0,Female,5,5,5,5
avgk,470,255,6,6,Fearful,1.0,Female,6,3 4 6,3 4 6,3 6
avgk,470,124,8,8,Surprised,0.0,Male,8,3 8,3 8,3 8
avgk,470,148,2,2,Calm,1.0,Female,2,2,2 4,2
avgk,470,354,5,5,Angry,1.0,Female,5,5,5,5
avgk,471,305,8,8,Surprised,1.0,Female,8,3 8,8,8
avgk,471,307,3,3,Happy,1.0,Female,3,3 4 6,3 4 6,3 4 6
avgk,471,289,1,4,Sad,0.0,Male,4,1 2 4,1 2 4,1 2 4
avgk,471,252,4,3,Happy,0.0,Male,3,3 4 6 8,3 6 8,3 6 8
avgk,471,103,2,2,Calm,0.0,Male,2,2,2,1 2
avgk,471,197,7,7,Disgust,1.0,Female,7,7,7,7
avgk,471,344,6,6,Fearful,1.0,Female,6,3 6,3 4 6,3 6
avgk,471,59,3,6,Fearful,1.0,Female,6,3 4 6,3 4 6,3 4 6
avgk,471,155,2,4,Sad,1.0,Female,2,2,2,2
avgk,471,160,5,5,Angry,1.0,Female,5,5,5,5
avgk,471,219,7,7,Disgust,0.0,Male,7,7,7,5 7
avgk,471,44,6,6,Fearful,0.0,Male,3,3 4 6,3 4 6,3 4 6
avgk,471,136,5,5,Angry,1.0,Female,5,5,5,5
avgk,471,96,2,2,Calm,0.0,Male,2,2,2,1 2
avgk,471,209,2,2,Calm,1.0,Female,2,2,2,2
avgk,471,175,1,2,Calm,1.0,Female,2,1 2,1 2,1 2
avgk,471,120,2,7,Disgust,0.0,Male,7,2 4 7,2 4 7,2 4 7
avgk,471,177,2,3,Happy,1.0,Female,1,1 2 4,1 2 4,1 2 4
avgk,471,82,3,6,Fearful,0.0,Male,4,3 4 6,3 4 6,3 4 6
avgk,471,188,8,8,Surprised,0.0,Male,8,3 6 8,3 8,3 6 8
avgk,471,5,4,4,Sad,0.0,Male,4,2 4,2 4,2 4
avgk,471,72,4,4,Sad,1.0,Female,4,4,4,4
avgk,471,228,5,5,Angry,0.0,Male,5,5,5,5
avgk,471,148,2,2,Calm,1.0,Female,2,2,2 4,2
avgk,471,14,6,8,Surprised,0.0,Male,8,3 6 8,3 6 8,3 6 8
avgk,471,23,8,8,Surprised,1.0,Female,8,3 8,3 8,3 8
avgk,471,242,2,2,Calm,1.0,Female,2,2,2,2
avgk,471,198,2,1,Neutral,1.0,Female,2,1 2,1 2,1 2
avgk,471,214,6,8,Surprised,0.0,Male,8,3 6 8,3 6 8,3 6 8
avgk,471,135,1,2,Calm,1.0,Female,2,1 2,2,2
avgk,471,350,7,7,Disgust,1.0,Female,7,5 7,5 7,7
avgk,471,179,6,6,Fearful,0.0,Male,6,3 6,3 6 8,3 6 8
avgk,471,290,6,3,Happy,1.0,Female,6,3 6,3 4 6,3 6
avgk,471,317,7,7,Disgust,1.0,Female,7,7,7,7
avgk,471,168,5,5,Angry,1.0,Female,5,5,5,5
avgk,471,351,8,3,Happy,0.0,Male,6,3 6 8,3 6 8,3 6 8
avgk,471,33,8,8,Surprised,0.0,Male,8,3 8,3 8,3 8
avgk,471,354,5,5,Angry,1.0,Female,5,5,5,5
avgk,471,110,4,6,Fearful,0.0,Male,6,3 4 6,3 4 6,3 4 6
avgk,471,272,8,5,Angry,1.0,Female,5,5 8,5 8,5 8
avgk,471,152,4,4,Sad,0.0,Male,4,4,4,2 4
avgk,471,212,5,5,Angry,0.0,Male,5,5 8,3 5 8,3 5 8
avgk,471,80,5,7,Disgust,1.0,Female,7,5 7,5 7,5 7
avgk,471,355,2,4,Sad,1.0,Female,4,2 4,2 4,2 4
avgk,471,287,1,4,Sad,0.0,Male,2,1 2 4,1 2 4,1 2 4
avgk,471,319,1,1,Neutral,1.0,Female,2,1 2,1 2,1 2
avgk,471,283,2,1,Neutral,0.0,Male,1,1 2,1 2,1 2 4
avgk,471,321,8,8,Surprised,1.0,Female,8,3 8,3 8,8
avgk,471,218,1,3,Happy,0.0,Male,1,1 2,1 2 8,1 2 8
avgk,471,79,6,6,Fearful,1.0,Female,6,3 6,3 6 8,3 6
avgk,472,307,3,3,Happy,1.0,Female,3,3 4 6,3 4 6,3 4 6
avgk,472,272,5,5,Angry,1.0,Female,5,5 8,5 8,5 8
avgk,472,219,7,7,Disgust,0.0,Male,7,7,7,5 7
avgk,472,110,6,6,Fearful,0.0,Male,6,3 4 6,3 4 6,3 4 6
avgk,472,305,8,8,Surprised,1.0,Female,8,3 8,8,8
avgk,472,168,5,5,Angry,1.0,Female,5,5,5,5
avgk,472,317,7,7,Disgust,1.0,Female,7,7,7,7
avgk,472,344,6,6,Fearful,1.0,Female,6,3 6,3 4 6,3 6
avgk,472,319,1,1,Neutral,1.0,Female,2,1 2,1 2,1 2
avgk,472,155,2,4,Sad,1.0,Female,2,2,2,2
avgk,472,148,2,2,Calm,1.0,Female,2,2,2 4,2
avgk,472,72,4,4,Sad,1.0,Female,4,4,4,4
avgk,472,289,4,4,Sad,0.0,Male,4,1 2 4,1 2 4,1 2 4
avgk,472,242,2,2,Calm,1.0,Female,2,2,2,2
avgk,472,160,5,5,Angry,1.0,Female,5,5,5,5
avgk,472,287,4,4,Sad,0.0,Male,2,1 2 4,1 2 4,1 2 4
avgk,472,228,5,5,Angry,0.0,Male,5,5,5,5
avgk,472,218,1,3,Happy,0.0,Male,1,1 2,1 2 8,1 2 8
avgk,472,136,5,5,Angry,1.0,Female,5,5,5,5
avgk,472,82,6,6,Fearful,0.0,Male,4,3 4 6,3 4 6,3 4 6
avgk,472,252,3,3,Happy,0.0,Male,3,3 4 6 8,3 6 8,3 6 8
avgk,472,209,2,2,Calm,1.0,Female,2,2,2,2
avgk,472,198,1,1,Neutral,1.0,Female,2,1 2,1 2,1 2
avgk,472,59,6,6,Fearful,1.0,Female,6,3 4 6,3 4 6,3 4 6
avgk,472,14,6,8,Surprised,0.0,Male,8,3 6 8,3 6 8,3 6 8
avgk,472,354,5,5,Angry,1.0,Female,5,5,5,5
avgk,472,79,6,6,Fearful,1.0,Female,6,3 6,3 6 8,3 6
avgk,472,290,3,3,Happy,1.0,Female,6,3 6,3 4 6,3 6
avgk,472,355,4,4,Sad,1.0,Female,4,2 4,2 4,2 4
avgk,472,103,2,2,Calm,0.0,Male,2,2,2,1 2
avgk,472,212,8,5,Angry,0.0,Male,5,5 8,3 5 8,3 5 8
avgk,472,321,8,8,Surprised,1.0,Female,8,3 8,3 8,8
avgk,472,214,6,8,Surprised,0.0,Male,8,3 6 8,3 6 8,3 6 8
avgk,472,33,8,8,Surprised,0.0,Male,8,3 8,3 8,3 8
avgk,472,5,4,4,Sad,0.0,Male,4,2 4,2 4,2 4
avgk,472,188,3,8,Surprised,0.0,Male,8,3 6 8,3 8,3 6 8
avgk,472,197,7,7,Disgust,1.0,Female,7,7,7,7
avgk,472,177,1,3,Happy,1.0,Female,1,1 2 4,1 2 4,1 2 4
avgk,472,23,8,8,Surprised,1.0,Female,8,3 8,3 8,3 8
avgk,472,179,6,6,Fearful,0.0,Male,6,3 6,3 6 8,3 6 8
avgk,472,175,1,2,Calm,1.0,Female,2,1 2,1 2,1 2
avgk,472,80,7,7,Disgust,1.0,Female,7,5 7,5 7,5 7
avgk,472,120,7,7,Disgust,0.0,Male,7,2 4 7,2 4 7,2 4 7
avgk,472,135,2,2,Calm,1.0,Female,2,1 2,2,2
avgk,472,283,2,1,Neutral,0.0,Male,1,1 2,1 2,1 2 4
avgk,472,351,3,3,Happy,0.0,Male,6,3 6 8,3 6 8,3 6 8
avgk,472,350,7,7,Disgust,1.0,Female,7,5 7,5 7,7
avgk,472,152,4,4,Sad,0.0,Male,4,4,4,2 4
avgk,472,96,2,2,Calm,0.0,Male,2,2,2,1 2
avgk,472,44,6,6,Fearful,0.0,Male,3,3 4 6,3 4 6,3 4 6
avgk,473,271,6,6,Fearful,1.0,Female,6,3 6,3 6,3 6
avgk,473,181,2,2,Calm,1.0,Female,2,2,2,2
avgk,473,218,1,3,Happy,0.0,Male,1,1 2,1 2 8,1 2 8
avgk,473,78,1,1,Neutral,0.0,Male,2,1 2,1 2,1 2 4
avgk,473,100,3,8,Surprised,1.0,Female,8,3 8,3 8,8
avgk,473,220,2,3,Happy,1.0,Female,1,1 2,1 2 4,1 2
avgk,473,75,5,5,Angry,0.0,Male,5,5,5,5
avgk,473,152,4,4,Sad,0.0,Male,4,4,4,2 4
avgk,473,72,4,4,Sad,1.0,Female,4,4,4,4
avgk,473,330,1,2,Calm,1.0,Female,2,1 2,1 2,2
avgk,473,161,8,8,Surprised,1.0,Female,8,3 8,1 3 8,8
avgk,473,290,3,3,Happy,1.0,Female,6,3 6,3 4 6,3 6
avgk,473,10,6,6,Fearful,1.0,Female,6,3 6 8,3 6 8,3 6
avgk,473,354,5,5,Angry,1.0,Female,5,5,5,5
avgk,473,329,5,5,Angry,0.0,Male,5,5,5,5
avgk,473,194,6,6,Fearful,1.0,Female,6,3 5 6,3 5 6,3 5 6
avgk,473,77,1,2,Calm,1.0,Female,2,1 2,2,2
avgk,473,122,5,5,Angry,1.0,Female,5,5,5,5
avgk,473,335,6,6,Fearful,0.0,Male,4,3 4 6,3 4 6,3 4 6
avgk,473,310,7,7,Disgust,1.0,Female,7,5 7,5 7,7
avgk,473,42,6,6,Fearful,0.0,Male,6,3 6,3 6,3 6 8
avgk,473,4,6,6,Fearful,1.0,Female,6,3 6,3 6 8,3 6
avgk,473,215,4,4,Sad,0.0,Male,4,3 4,3 4,3 4 6
avgk,473,235,5,5,Angry,0.0,Male,5,5,5,5
avgk,473,45,7,7,Disgust,1.0,Female,7,7,7,7
avgk,473,187,6,6,Fearful,1.0,Female,6,3 4 6,3 4 6,3 4 6
avgk,473,89,8,8,Surprised,1.0,Female,8,3 8,3 8,3 8
avgk,473,229,6,4,Sad,1.0,Female,4,4,4 6,4
avgk,473,14,7,8,Surprised,0.0,Male,8,3 6 8,3 6 8,3 6 8
avgk,473,52,8,7,Disgust,0.0,Male,7,7,7,7
avgk,473,24,5,5,Angry,0.0,Male,5,5,5,5
avgk,473,312,2,2,Calm,1.0,Female,2,2,2 4,2
avgk,473,276,1,8,Surprised,0.0,Male,8,1 3 8,1 3 8,1 3 8
avgk,473,260,1,3,Happy,0.0,Male,2,1 2,1 2,1 2
avgk,473,300,4,4,Sad,1.0,Female,2,2 4,2 4,2 4
avgk,473,104,6,3,Happy,0.0,Male,6,3 5 6 8,3 5 6,3 5 6
avgk,473,74,2,2,Calm,0.0,Male,2,2,2,1 2
avgk,473,320,4,6,Fearful,1.0,Female,4,4,2 4,4
avgk,473,134,5,5,Angry,1.0,Female,5,5,5,5
avgk,473,182,8,3,Happy,1.0,Female,3,3 5 6 8,3 6 8,3 6 8
avgk,473,272,5,5,Angry,1.0,Female,5,5 8,5 8,5 8
avgk,473,281,3,3,Happy,0.0,Male,8,3 6 8,3 6 8,3 6 8
avgk,473,68,1,8,Surprised,0.0,Male,8,1 3 4 6 8,3 6 8,3 6 8
avgk,473,291,7,7,Disgust,1.0,Female,7,5 7,5 7,5 7
avgk,473,293,1,3,Happy,0.0,Male,1,1 2,1 2 4,1 2 4
avgk,473,203,7,7,Disgust,1.0,Female,7,5 7,5 7,5 7
avgk,473,97,8,8,Surprised,0.0,Male,8,1 3 6 8,1 3 8,1 3 8
avgk,473,214,6,8,Surprised,0.0,Male,8,3 6 8,3 6 8,3 6 8
avgk,473,120,7,7,Disgust,0.0,Male,7,2 4 7,2 4 7,2 4 7
avgk,473,172,2,2,Calm,1.0,Female,2,2,2,2
avgk,474,185,6,6,Fearful,1.0,Female,6,3 6,3 6,3 6
avgk,474,234,7,5,Angry,1.0,Female,5,5,5,5
avgk,474,358,3,3,Happy,1.0,Female,6,3 6 8,3 6 8,3 6 8
avgk,474,154,7,7,Disgust,0.0,Male,7,4 7,2 4 7,2 4 7
avgk,474,51,3,8,Surprised,0.0,Male,1,1 3 8,1 3 8,1 3 8
avgk,474,5,4,4,Sad,0.0,Male,4,2 4,2 4,2 4
avgk,474,174,5,5,Angry,0.0,Male,5,5,5,5
avgk,474,281,3,3,Happy,0.0,Male,8,3 6 8,3 6 8,3 6 8
avgk,474,160,5,5,Angry,1.0,Female,5,5,5,5
avgk,474,190,4,4,Sad,1.0,Female,4,4,4,4
avgk,474,69,3,8,Surprised,0.0,Male,8,3 5 6 8,3 6 8,3 6 8
avgk,474,313,5,5,Angry,0.0,Male,5,5,5,5
avgk,474,239,3,8,Surprised,0.0,Male,8,3 8,3 8,3 8
avgk,474,82,3,6,Fearful,0.0,Male,4,3 4 6,3 4 6,3 4 6
avgk,474,220,2,3,Happy,1.0,Female,1,1 2,1 2 4,1 2
avgk,474,274,2,6,Fearful,0.0,Male,3,3 4 6,3 4 6,3 4 6
avgk,474,238,3,8,Surprised,0.0,Male,8,3 8,8,3 8
avgk,474,143,7,7,Disgust,0.0,Male,7,7,7,7
avgk,474,230,2,2,Calm,0.0,Male,2,2,2,1 2
avgk,474,90,2,5,Angry,1.0,Female,5,2 5 7,2 5 7,2 5 7
avgk,474,144,1,1,Neutral,0.0,Male,2,1 2,1 2,1 2
avgk,474,333,2,1,Neutral,0.0,Male,2,1 2,1 2,1 2
avgk,474,249,7,7,Disgust,0.0,Male,7,7,7,7
avgk,474,255,6,6,Fearful,1.0,Female,6,3 4 6,3 4 6,3 6
avgk,474,288,8,8,Surprised,1.0,Female,8,3 8,3 8,8
avgk,474,307,3,3,Happy,1.0,Female,3,3 4 6,3 4 6,3 4 6
avgk,474,180,5,5,Angry,1.0,Female,5,5,5,5
avgk,474,67,4,2,Calm,0.0,Male,2,2 4,2 4,2 4 7
avgk,474,298,8,8,Surprised,0.0,Male,8,1 3 8,1 3 8,1 3 8
avgk,474,178,5,5,Angry,1.0,Female,5,5 8,1 5 8,5 8
avgk,474,247,6,4,Sad,1.0,Female,4,3 4 6,3 4,3 4 6
avgk,474,232,4,4,Sad,0.0,Male,4,2 4,2 4,1 2 4
avgk,474,300,2,4,Sad,1.0,Female,2,2 4,2 4,2 4
avgk,474,189,2,4,Sad,1.0,Female,2,2 4,1 2 4,2 4
avgk,474,148,2,2,Calm,1.0,Female,2,2,2 4,2
avgk,474,343,5,5,Angry,1.0,Female,5,5,5,5
avgk,474,106,7,7,Disgust,0.0,Male,7,7,7,5 7
avgk,474,309,6,6,Fearful,0.0,Male,6,3 5 6 8,3 6 8,3 6 8
avgk,474,117,2,4,Sad,1.0,Female,2,2,2,2
avgk,474,205,1,3,Happy,1.0,Female,1,1 3 4 8,1 3 8,1 3 8
avgk,474,318,6,6,Fearful,1.0,Female,6,3 6 8,3 6 8,3 6
avgk,474,128,7,7,Disgust,1.0,Female,7,7,7,7
avgk,474,283,2,1,Neutral,0.0,Male,1,1 2,1 2,1 2 4
avgk,474,291,5,7,Disgust,1.0,Female,7,5 7,5 7,5 7
avgk,474,18,4,4,Sad,0.0,Male,2,1 2 4,1 2 4,1 2 4
avgk,474,226,2,4,Sad,0.0,Male,2,2,2,1 2 4
avgk,474,177,2,3,Happy,1.0,Female,1,1 2 4,1 2 4,1 2 4
avgk,474,350,7,7,Disgust,1.0,Female,7,5 7,5 7,7
avgk,474,114,2,2,Calm,1.0,Female,2,1 2,1 2,2
avgk,474,141,7,7,Disgust,0.0,Male,7,7,7,2 4 7
avgk,475,281,3,3,Happy,0.0,Male,8,3 6 8,3 6 8,3 6 8
avgk,475,69,3,8,Surprised,0.0,Male,8,3 5 6 8,3 6 8,3 6 8
avgk,475,106,7,7,Disgust,0.0,Male,7,7,7,5 7
avgk,475,141,7,7,Disgust,0.0,Male,7,7,7,2 4 7
avgk,475,82,2,6,Fearful,0.0,Male,4,3 4 6,3 4 6,3 4 6
avgk,475,160,5,5,Angry,1.0,Female,5,5,5,5
avgk,475,291,7,7,Disgust,1.0,Female,7,5 7,5 7,5 7
avgk,475,350,7,7,Disgust,1.0,Female,7,5 7,5 7,7
avgk,475,189,2,4,Sad,1.0,Female,2,2 4,1 2 4,2 4
avgk,475,67,4,2,Calm,0.0,Male,2,2 4,2 4,2 4 7
avgk,475,298,3,8,Surprised,0.0,Male,8,1 3 8,1 3 8,1 3 8
avgk,475,333,2,1,Neutral,0.0,Male,2,1 2,1 2,1 2
avgk,475,143,7,7,Disgust,0.0,Male,7,7,7,7
avgk,475,309,6,6,Fearful,0.0,Male,6,3 5 6 8,3 6 8,3 6 8
avgk,475,274,6,6,Fearful,0.0,Male,3,3 4 6,3 4 6,3 4 6
avgk,475,128,7,7,Disgust,1.0,Female,7,7,7,7
avgk,475,343,7,5,Angry,1.0,Female,5,5,5,5
avgk,475,180,5,5,Angry,1.0,Female,5,5,5,5
avgk,475,300,4,4,Sad,1.0,Female,2,2 4,2 4,2 4
avgk,475,239,8,8,Surprised,0.0,Male,8,3 8,3 8,3 8
avgk,475,177,2,3,Happy,1.0,Female,1,1 2 4,1 2 4,1 2 4
avgk,475,249,7,7,Disgust,0.0,Male,7,7,7,7
avgk,475,178,5,5,Angry,1.0,Female,5,5 8,1 5 8,5 8
avgk,475,5,4,4,Sad,0.0,Male,4,2 4,2 4,2 4
avgk,475,18,4,4,Sad,0.0,Male,2,1 2 4,1 2 4,1 2 4
avgk,475,144,1,1,Neutral,0.0,Male,2,1 2,1 2,1 2
avgk,475,51,1,8,Surprised,0.0,Male,1,1 3 8,1 3 8,1 3 8
avgk,475,185,6,6,Fearful,1.0,Female,6,3 6,3 6,3 6
avgk,475,232,4,4,Sad,0.0,Male,4,2 4,2 4,1 2 4
avgk,475,255,6,6,Fearful,1.0,Female,6,3 4 6,3 4 6,3 6
avgk,475,288,8,8,Surprised,1.0,Female,8,3 8,3 8,8
avgk,475,313,5,5,Angry,0.0,Male,5,5,5,5
avgk,475,154,7,7,Disgust,0.0,Male,7,4 7,2 4 7,2 4 7
avgk,475,90,7,5,Angry,1.0,Female,5,2 5 7,2 5 7,2 5 7
avgk,475,238,8,8,Surprised,0.0,Male,8,3 8,8,3 8
avgk,475,117,2,4,Sad,1.0,Female,2,2,2,2
avgk,475,307,3,3,Happy,1.0,Female,3,3 4 6,3 4 6,3 4 6
avgk,475,318,6,6,Fearful,1.0,Female,6,3 6 8,3 6 8,3 6
avgk,475,358,8,3,Happy,1.0,Female,6,3 6 8,3 6 8,3 6 8
avgk,475,148,4,2,Calm,1.0,Female,2,2,2 4,2
avgk,475,283,2,1,Neutral,0.0,Male,1,1 2,1 2,1 2 4
avgk,475,234,5,5,Angry,1.0,Female,5,5,5,5
avgk,475,230,2,2,Calm,0.0,Male,2,2,2,1 2
avgk,475,190,4,4,Sad,1.0,Female,4,4,4,4
avgk,475,247,6,4,Sad,1.0,Female,4,3 4 6,3 4,3 4 6
avgk,475,174,5,5,Angry,0.0,Male,5,5,5,5
avgk,475,114,1,2,Calm,1.0,Female,2,1 2,1 2,2
avgk,475,205,3,3,Happy,1.0,Female,1,1 3 4 8,1 3 8,1 3 8
avgk,475,226,2,4,Sad,0.0,Male,2,2,2,1 2 4
avgk,475,220,2,3,Happy,1.0,Female,1,1 2,1 2 4,1 2
avgk,476,178,1,5,Angry,1.0,Female,5,5 8,1 5 8,5 8
avgk,476,143,7,7,Disgust,0.0,Male,7,7,7,7
avgk,476,234,5,5,Angry,1.0,Female,5,5,5,5
avgk,476,51,1,8,Surprised,0.0,Male,1,1 3 8,1 3 8,1 3 8
avgk,476,154,7,7,Disgust,0.0,Male,7,4 7,2 4 7,2 4 7
avgk,476,288,8,8,Surprised,1.0,Female,8,3 8,3 8,8
avgk,476,247,4,4,Sad,1.0,Female,4,3 4 6,3 4,3 4 6
avgk,476,18,4,4,Sad,0.0,Male,2,1 2 4,1 2 4,1 2 4
avgk,476,190,4,4,Sad,1.0,Female,4,4,4,4
avgk,476,300,4,4,Sad,1.0,Female,2,2 4,2 4,2 4
avgk,476,274,6,6,Fearful,0.0,Male,3,3 4 6,3 4 6,3 4 6
avgk,476,144,1,1,Neutral,0.0,Male,2,1 2,1 2,1 2
avgk,476,281,8,3,Happy,0.0,Male,8,3 6 8,3 6 8,3 6 8
avgk,476,307,3,3,Happy,1.0,Female,3,3 4 6,3 4 6,3 4 6
avgk,476,309,6,6,Fearful,0.0,Male,6,3 5 6 8,3 6 8,3 6 8
avgk,476,239,8,8,Surprised,0.0,Male,8,3 8,3 8,3 8
avgk,476,238,8,8,Surprised,0.0,Male,8,3 8,8,3 8
avgk,476,283,2,1,Neutral,0.0,Male,1,1 2,1 2,1 2 4
avgk,476,298,8,8,Surprised,0.0,Male,8,1 3 8,1 3 8,1 3 8
avgk,476,69,3,8,Surprised,0.0,Male,8,3 5 6 8,3 6 8,3 6 8
avgk,476,220,1,3,Happy,1.0,Female,1,1 2,1 2 4,1 2
avgk,476,114,1,2,Calm,1.0,Female,2,1 2,1 2,2
avgk,476,128,7,7,Disgust,1.0,Female,7,7,7,7
avgk,476,5,4,4,Sad,0.0,Male,4,2 4,2 4,2 4
avgk,476,350,7,7,Disgust,1.0,Female,7,5 7,5 7,7
avgk,476,106,7,7,Disgust,0.0,Male,7,7,7,5 7
avgk,476,160,5,5,Angry,1.0,Female,5,5,5,5
avgk,476,141,7,7,Disgust,0.0,Male,7,7,7,2 4 7
avgk,476,313,5,5,Angry,0.0,Male,5,5,5,5
avgk,476,318,6,6,Fearful,1.0,Female,6,3 6 8,3 6 8,3 6
avgk,476,232,4,4,Sad,0.0,Male,4,2 4,2 4,1 2 4
avgk,476,291,5,7,Disgust,1.0,Female,7,5 7,5 7,5 7
avgk,476,230,2,2,Calm,0.0,Male,2,2,2,1 2
avgk,476,343,5,5,Angry,1.0,Female,5,5,5,5
avgk,476,82,3,6,Fearful,0.0,Male,4,3 4 6,3 4 6,3 4 6
avgk,476,148,2,2,Calm,1.0,Female,2,2,2 4,2
avgk,476,189,2,4,Sad,1.0,Female,2,2 4,1 2 4,2 4
avgk,476,226,2,4,Sad,0.0,Male,2,2,2,1 2 4
avgk,476,358,3,3,Happy,1.0,Female,6,3 6 8,3 6 8,3 6 8
avgk,476,180,5,5,Angry,1.0,Female,5,5,5,5
avgk,476,255,6,6,Fearful,1.0,Female,6,3 4 6,3 4 6,3 6
avgk,476,174,5,5,Angry,0.0,Male,5,5,5,5
avgk,476,185,6,6,Fearful,1.0,Female,6,3 6,3 6,3 6
avgk,476,90,7,5,Angry,1.0,Female,5,2 5 7,2 5 7,2 5 7
avgk,476,249,7,7,Disgust,0.0,Male,7,7,7,7
avgk,476,117,2,4,Sad,1.0,Female,2,2,2,2
avgk,476,333,1,1,Neutral,0.0,Male,2,1 2,1 2,1 2
avgk,476,67,2,2,Calm,0.0,Male,2,2 4,2 4,2 4 7
avgk,476,205,1,3,Happy,1.0,Female,1,1 3 4 8,1 3 8,1 3 8
avgk,476,177,1,3,Happy,1.0,Female,1,1 2 4,1 2 4,1 2 4
avgk,477,337,3,8,Surprised,1.0,Female,1,1 3 8,1 3 8,1 3 8
avgk,477,267,2,1,Neutral,0.0,Male,2,1 2,1 2,1 2
avgk,477,222,8,8,Surprised,0.0,Male,8,3 8,3 8,1 3 8
avgk,477,33,8,8,Surprised,0.0,Male,8,3 8,3 8,3 8
avgk,477,103,4,2,Calm,0.0,Male,2,2,2,1 2
avgk,477,234,5,5,Angry,1.0,Female,5,5,5,5
avgk,477,139,6,6,Fearful,1.0,Female,6,3 6,3 6,3 6
avgk,477,254,1,3,Happy,0.0,Male,1,1 2,1 2 4,1 2 4
avgk,477,245,5,5,Angry,1.0,Female,5,5,5,5
avgk,477,300,4,4,Sad,1.0,Female,2,2 4,2 4,2 4
avgk,477,110,6,6,Fearful,0.0,Male,6,3 4 6,3 4 6,3 4 6
avgk,477,30,2,2,Calm,1.0,Female,2,2,2,2
avgk,477,147,1,3,Happy,0.0,Male,1,1 2,1 2,1 2 4
avgk,477,305,8,8,Surprised,1.0,Female,8,3 8,8,8
avgk,477,34,5,5,Angry,0.0,Male,5,5,5,5
avgk,477,61,6,6,Fearful,0.0,Male,6,3 6 8,3 6 8,3 6 8
avgk,477,51,1,8,Surprised,0.0,Male,1,1 3 8,1 3 8,1 3 8
avgk,477,205,4,3,Happy,1.0,Female,1,1 3 4 8,1 3 8,1 3 8
avgk,477,45,7,7,Disgust,1.0,Female,7,7,7,7
avgk,477,242,2,2,Calm,1.0,Female,2,2,2,2
avgk,477,44,6,6,Fearful,0.0,Male,3,3 4 6,3 4 6,3 4 6
avgk,477,286,7,7,Disgust,0.0,Male,7,4 7,7,4 7
avgk,477,285,4,4,Sad,0.0,Male,4,2 4,2 4,2 4
avgk,477,175,1,2,Calm,1.0,Female,2,1 2,1 2,1 2
avgk,477,357,4,4,Sad,1.0,Female,4,2 4,4,4
avgk,477,2,6,6,Fearful,1.0,Female,6,3 6,3 6,3 6
avgk,477,201,5,5,Angry,0.0,Male,5,5,5,5
avgk,477,94,5,5,Angry,1.0,Female,5,5,5,5
avgk,477,178,5,5,Angry,1.0,Female,5,5 8,1 5 8,5 8
avgk,477,249,7,7,Disgust,0.0,Male,7,7,7,7
avgk,477,164,1,2,Calm,1.0,Female,2,1 2,1 2,2
avgk,477,310,7,7,Disgust,1.0,Female,7,5 7,5 7,7
avgk,477,59,4,6,Fearful,1.0,Female,6,3 4 6,3 4 6,3 4 6
avgk,477,57,4,2,Calm,0.0,Male,2,2,2,1 2
avgk,477,23,8,8,Surprised,1.0,Female,8,3 8,3 8,3 8
avgk,477,218,2,3,Happy,0.0,Male,1,1 2,1 2 8,1 2 8
avgk,477,246,3,3,Happy,1.0,Female,1,1 3 4 8,1 3 4,1 3 4
avgk,477,97,1,8,Surprised,0.0,Male,8,1 3 6 8,1 3 8,1 3 8
avgk,477,5,4,4,Sad,0.0,Male,4,2 4,2 4,2 4
avgk,477,226,2,4,Sad,0.0,Male,2,2,2,1 2 4
avgk,477,18,4,4,Sad,0.0,Male,2,1 2 4,1 2 4,1 2 4
avgk,477,144,1,1,Neutral,0.0,Male,2,1 2,1 2,1 2
avgk,477,343,7,5,Angry,1.0,Female,5,5,5,5
avgk,477,272,5,5,Angry,1.0,Female,5,5 8,5 8,5 8
avgk,477,215,4,4,Sad,0.0,Male,4,3 4,3 4,3 4 6
avgk,477,220,2,3,Happy,1.0,Female,1,1 2,1 2 4,1 2
avgk,477,119,8,6,Fearful,0.0,Male,8,3 8,3 8,3 6 8
avgk,477,70,2,2,Calm,0.0,Male,2,2,2,1 2
avgk,477,86,2,7,Disgust,1.0,Female,2,2,2,2
avgk,477,290,6,3,Happy,1.0,Female,6,3 6,3 4 6,3 6
avgk,478,218,1,3,Happy,0.0,Male,1,1 2,1 2 8,1 2 8
avgk,478,220,1,3,Happy,1.0,Female,1,1 2,1 2 4,1 2
avgk,478,103,2,2,Calm,0.0,Male,2,2,2,1 2
avgk,478,61,6,6,Fearful,0.0,Male,6,3 6 8,3 6 8,3 6 8
avgk,478,45,7,7,Disgust,1.0,Female,7,7,7,7
avgk,478,86,2,7,Disgust,1.0,Female,2,2,2,2
avgk,478,300,4,4,Sad,1.0,Female,2,2 4,2 4,2 4
avgk,478,178,5,5,Angry,1.0,Female,5,5 8,1 5 8,5 8
avgk,478,139,6,6,Fearful,1.0,Female,6,3 6,3 6,3 6
avgk,478,234,5,5,Angry,1.0,Female,5,5,5,5
avgk,478,70,2,2,Calm,0.0,Male,2,2,2,1 2
avgk,478,57,2,2,Calm,0.0,Male,2,2,2,1 2
avgk,478,2,6,6,Fearful,1.0,Female,6,3 6,3 6,3 6
avgk,478,33,8,8,Surprised,0.0,Male,8,3 8,3 8,3 8
avgk,478,272,5,5,Angry,1.0,Female,5,5 8,5 8,5 8
avgk,478,242,2,2,Calm,1.0,Female,2,2,2,2
avgk,478,245,5,5,Angry,1.0,Female,5,5,5,5
avgk,478,226,2,4,Sad,0.0,Male,2,2,2,1 2 4
avgk,478,357,4,4,Sad,1.0,Female,4,2 4,4,4
avgk,478,34,5,5,Angry,0.0,Male,5,5,5,5
avgk,478,30,2,2,Calm,1.0,Female,2,2,2,2
avgk,478,215,4,4,Sad,0.0,Male,4,3 4,3 4,3 4 6
avgk,478,110,4,6,Fearful,0.0,Male,6,3 4 6,3 4 6,3 4 6
avgk,478,44,4,6,Fearful,0.0,Male,3,3 4 6,3 4 6,3 4 6
avgk,478,249,7,7,Disgust,0.0,Male,7,7,7,7
avgk,478,94,5,5,Angry,1.0,Female,5,5,5,5
avgk,478,18,4,4,Sad,0.0,Male,2,1 2 4,1 2 4,1 2 4
avgk,478,175,2,2,Calm,1.0,Female,2,1 2,1 2,1 2
avgk,478,343,5,5,Angry,1.0,Female,5,5,5,5
avgk,478,290,3,3,Happy,1.0,Female,6,3 6,3 4 6,3 6
avgk,478,305,8,8,Surprised,1.0,Female,8,3 8,8,8
avgk,478,286,7,7,Disgust,0.0,Male,7,4 7,7,4 7
avgk,478,267,1,1,Neutral,0.0,Male,2,1 2,1 2,1 2
avgk,478,147,2,3,Happy,0.0,Male,1,1 2,1 2,1 2 4
avgk,478,205,1,3,Happy,1.0,Female,1,1 3 4 8,1 3 8,1 3 8
avgk,478,97,3,8,Surprised,0.0,Male,8,1 3 6 8,1 3 8,1 3 8
avgk,478,201,5,5,Angry,0.0,Male,5,5,5,5
avgk,478,164,2,2,Calm,1.0,Female,2,1 2,1 2,2
avgk,478,285,4,4,Sad,0.0,Male,4,2 4,2 4,2 4
avgk,478,59,6,6,Fearful,1.0,Female,6,3 4 6,3 4 6,3 4 6
avgk,478,5,4,4,Sad,0.0,Male,4,2 4,2 4,2 4
avgk,478,246,3,3,Happy,1.0,Female,1,1 3 4 8,1 3 4,1 3 4
avgk,478,337,8,8,Surprised,1.0,Female,1,1 3 8,1 3 8,1 3 8
avgk,478,23,8,8,Surprised,1.0,Female,8,3 8,3 8,3 8
avgk,478,51,3,8,Surprised,0.0,Male,1,1 3 8,1 3 8,1 3 8
avgk,478,254,4,3,Happy,0.0,Male,1,1 2,1 2 4,1 2 4
avgk,478,222,8,8,Surprised,0.0,Male,8,3 8,3 8,1 3 8
avgk,478,144,2,1,Neutral,0.0,Male,2,1 2,1 2,1 2
avgk,478,119,8,6,Fearful,0.0,Male,8,3 8,3 8,3 6 8
avgk,478,310,7,7,Disgust,1.0,Female,7,5 7,5 7,7
avgk,479,203,5,7,Disgust,1.0,Female,7,5 7,5 7,5 7
avgk,479,214,8,8,Surprised,0.0,Male,8,3 6 8,3 6 8,3 6 8
avgk,479,215,4,4,Sad,0.0,Male,4,3 4,3 4,3 4 6
avgk,479,187,6,6,Fearful,1.0,Female,6,3 4 6,3 4 6,3 4 6
avgk,479,75,5,5,Angry,0.0,Male,5,5,5,5
avgk,479,291,7,7,Disgust,1.0,Female,7,5 7,5 7,5 7
avgk,479,229,4,4,Sad,1.0,Female,4,4,4 6,4
avgk,479,320,4,6,Fearful,1.0,Female,4,4,2 4,4
avgk,479,134,5,5,Angry,1.0,Female,5,5,5,5
avgk,479,281,3,3,Happy,0.0,Male,8,3 6 8,3 6 8,3 6 8
avgk,479,310,7,7,Disgust,1.0,Female,7,5 7,5 7,7
avgk,479,74,2,2,Calm,0.0,Male,2,2,2,1 2
avgk,479,52,7,7,Disgust,0.0,Male,7,7,7,7
avgk,479,354,5,5,Angry,1.0,Female,5,5,5,5
avgk,479,293,1,3,Happy,0.0,Male,1,1 2,1 2 4,1 2 4
avgk,479,100,8,8,Surprised,1.0,Female,8,3 8,3 8,8
avgk,479,77,2,2,Calm,1.0,Female,2,1 2,2,2
avgk,479,45,4,7,Disgust,1.0,Female,7,7,7,7
avgk,479,220,3,3,Happy,1.0,Female,1,1 2,1 2 4,1 2
avgk,479,181,2,2,Calm,1.0,Female,2,2,2,2
avgk,479,152,4,4,Sad,0.0,Male,4,4,4,2 4
avgk,479,260,1,3,Happy,0.0,Male,2,1 2,1 2,1 2
avgk,479,72,4,4,Sad,1.0,Female,4,4,4,4
avgk,479,24,5,5,Angry,0.0,Male,5,5,5,5
avgk,479,272,5,5,Angry,1.0,Female,5,5 8,5 8,5 8
avgk,479,276,8,8,Surprised,0.0,Male,8,1 3 8,1 3 8,1 3 8
avgk,479,161,8,8,Surprised,1.0,Female,8,3 8,1 3 8,8
avgk,479,14,8,8,Surprised,0.0,Male,8,3 6 8,3 6 8,3 6 8
avgk,479,271,6,6,Fearful,1.0,Female,6,3 6,3 6,3 6
avgk,479,182,6,3,Happy,1.0,Female,3,3 5 6 8,3 6 8,3 6 8
avgk,479,78,2,1,Neutral,0.0,Male,2,1 2,1 2,1 2 4
avgk,479,218,1,3,Happy,0.0,Male,1,1 2,1 2 8,1 2 8
avgk,479,4,6,6,Fearful,1.0,Female,6,3 6,3 6 8,3 6
avgk,479,122,5,5,Angry,1.0,Female,5,5,5,5
avgk,479,89,8,8,Surprised,1.0,Female,8,3 8,3 8,3 8
avgk,479,235,5,5,Angry,0.0,Male,5,5,5,5
avgk,479,290,3,3,Happy,1.0,Female,6,3 6,3 4 6,3 6
avgk,479,104,3,3,Happy,0.0,Male,6,3 5 6 8,3 5 6,3 5 6
avgk,479,312,2,2,Calm,1.0,Female,2,2,2 4,2
avgk,479,42,6,6,Fearful,0.0,Male,6,3 6,3 6,3 6 8
avgk,479,330,1,2,Calm,1.0,Female,2,1 2,1 2,2
avgk,479,335,6,6,Fearful,0.0,Male,4,3 4 6,3 4 6,3 4 6
avgk,479,97,3,8,Surprised,0.0,Male,8,1 3 6 8,1 3 8,1 3 8
avgk,479,120,7,7,Disgust,0.0,Male,7,2 4 7,2 4 7,2 4 7
avgk,479,300,4,4,Sad,1.0,Female,2,2 4,2 4,2 4
avgk,479,10,6,6,Fearful,1.0,Female,6,3 6 8,3 6 8,3 6
avgk,479,68,8,8,Surprised,0.0,Male,8,1 3 4 6 8,3 6 8,3 6 8
avgk,479,194,6,6,Fearful,1.0,Female,6,3 5 6,3 5 6,3 5 6
avgk,479,172,2,2,Calm,1.0,Female,2,2,2,2
avgk,479,329,5,5,Angry,0.0,Male,5,5,5,5
avgk,480,157,7,7,Disgust,1.0,Female,7,7,7,7
avgk,480,285,4,4,Sad,0.0,Male,4,2 4,2 4,2 4
avgk,480,70,2,2,Calm,0.0,Male,2,2,2,1 2
avgk,480,153,1,1,Neutral,1.0,Female,2,1 2,1 2,1 2
avgk,480,199,2,4,Sad,0.0,Male,4,2 4,2 4,1 2 4
avgk,480,331,1,1,Neutral,0.0,Male,2,1 2,1 2,1 2
avgk,480,352,7,7,Disgust,1.0,Female,7,5 7,5 7,7
avgk,480,217,8,8,Surprised,1.0,Female,8,8,8,8
avgk,480,244,4,3,Happy,1.0,Female,4,1 3 4 6,1 3 4,1 3 4
avgk,480,313,5,5,Angry,0.0,Male,5,5,5,5
avgk,480,243,4,2,Calm,0.0,Male,2,2,2,1 2
avgk,480,10,6,6,Fearful,1.0,Female,6,3 6 8,3 6 8,3 6
avgk,480,214,6,8,Surprised,0.0,Male,8,3 6 8,3 6 8,3 6 8
avgk,480,268,2,2,Calm,0.0,Male,2,1 2,2,1 2
avgk,480,42,6,6,Fearful,0.0,Male,6,3 6,3 6,3 6 8
avgk,480,8,2,8,Surprised,0.0,Male,4,1 2 4,1 2 4,1 2 4
avgk,480,144,1,1,Neutral,0.0,Male,2,1 2,1 2,1 2
avgk,480,262,2,3,Happy,0.0,Male,1,1 2,1 2 4,1 2 4
avgk,480,30,7,2,Calm,1.0,Female,2,2,2,2
avgk,480,274,2,6,Fearful,0.0,Male,3,3 4 6,3 4 6,3 4 6
avgk,480,210,1,1,Neutral,1.0,Female,2,1 2,1 2,1 2
avgk,480,180,5,5,Angry,1.0,Female,5,5,5,5
avgk,480,238,8,8,Surprised,0.0,Male,8,3 8,8,3 8
avgk,480,21,7,7,Disgust,1.0,Female,7,7,7,7
avgk,480,321,8,8,Surprised,1.0,Female,8,3 8,3 8,8
avgk,480,64,4,2,Calm,1.0,Female,2,2,2,2
avgk,480,43,6,6,Fearful,0.0,Male,6,3 6,3 6,3 6 8
avgk,480,122,5,5,Angry,1.0,Female,5,5,5,5
avgk,480,267,1,1,Neutral,0.0,Male,2,1 2,1 2,1 2
avgk,480,219,2,7,Disgust,0.0,Male,7,7,7,5 7
avgk,480,237,5,5,Angry,1.0,Female,5,5,5,5
avgk,480,152,4,4,Sad,0.0,Male,4,4,4,2 4
avgk,480,192,5,5,Angry,1.0,Female,5,5,5,5
avgk,480,60,2,3,Happy,0.0,Male,1,1 2,1 2,1 2 4
avgk,480,347,4,4,Sad,0.0,Male,4,1 2 3 4,1 2 4,1 2 4
avgk,480,123,2,2,Calm,0.0,Male,2,1 2,2,1 2
avgk,480,339,4,4,Sad,0.0,Male,2,2 4,2 4,1 2 4
avgk,480,101,7,7,Disgust,0.0,Male,7,5 7,5 7,5 7
avgk,480,143,4,7,Disgust,0.0,Male,7,7,7,7
avgk,480,15,4,4,Sad,1.0,Female,4,2 4,2 4 7,2 4
avgk,480,197,4,7,Disgust,1.0,Female,7,7,7,7
avgk,480,87,8,8,Surprised,0.0,Male,8,3 8,3 8,3 6 8
avgk,480,329,5,5,Angry,0.0,Male,5,5,5,5
avgk,480,174,5,5,Angry,0.0,Male,5,5,5,5
avgk,480,102,2,3,Happy,1.0,Female,1,1 2,1 2 4,1 2
avgk,480,155,2,4,Sad,1.0,Female,2,2,2,2
avgk,480,239,8,8,Surprised,0.0,Male,8,3 8,3 8,3 8
avgk,480,75,5,5,Angry,0.0,Male,5,5,5,5
avgk,480,309,6,6,Fearful,0.0,Male,6,3 5 6 8,3 6 8,3 6 8
avgk,480,290,6,3,Happy,1.0,Female,6,3 6,3 4 6,3 6
avgk,481,205,3,3,Happy,1.0,Female,1,1 3 4 8,1 3 8,1 3 8
avgk,481,274,4,6,Fearful,0.0,Male,3,3 4 6,3 4 6,3 4 6
avgk,481,101,7,7,Disgust,0.0,Male,7,5 7,5 7,5 7
avgk,481,108,7,4,Sad,0.0,Male,2,2 4,2 4,2 4 7
avgk,481,228,5,5,Angry,0.0,Male,5,5,5,5
avgk,481,284,5,5,Angry,1.0,Female,5,5,5,5
avgk,481,173,6,6,Fearful,0.0,Male,8,3 5 6 8,3 6 8,3 6 8
avgk,481,100,8,8,Surprised,1.0,Female,8,3 8,3 8,8
avgk,481,242,2,2,Calm,1.0,Female,2,2,2,2
avgk,481,62,8,8,Surprised,1.0,Female,8,3 8,8,8
avgk,481,123,2,2,Calm,0.0,Male,2,1 2,2,1 2
avgk,481,45,3,7,Disgust,1.0,Female,7,7,7,7
avgk,481,203,7,7,Disgust,1.0,Female,7,5 7,5 7,5 7
avgk,481,147,1,3,Happy,0.0,Male,1,1 2,1 2,1 2 4
avgk,481,298,8,8,Surprised,0.0,Male,8,1 3 8,1 3 8,1 3 8
avgk,481,83,3,3,Happy,0.0,Male,3,3 4 6,3 4 6,3 4 6
avgk,481,222,8,8,Surprised,0.0,Male,8,3 8,3 8,1 3 8
avgk,481,115,5,5,Angry,0.0,Male,5,5,5,5
avgk,481,110,6,6,Fearful,0.0,Male,6,3 4 6,3 4 6,3 4 6
avgk,481,144,1,1,Neutral,0.0,Male,2,1 2,1 2,1 2
avgk,481,102,2,3,Happy,1.0,Female,1,1 2,1 2 4,1 2
avgk,481,329,5,5,Angry,0.0,Male,5,5,5,5
avgk,481,30,4,2,Calm,1.0,Female,2,2,2,2
avgk,481,12,5,5,Angry,1.0,Female,5,5,5,5
avgk,481,275,2,2,Calm,0.0,Male,2,2,2,1 2
avgk,481,281,3,3,Happy,0.0,Male,8,3 6 8,3 6 8,3 6 8
avgk,481,294,3,3,Happy,1.0,Female,1,1 3 8,1 3 8,1 3 8
avgk,481,172,2,2,Calm,1.0,Female,2,2,2,2
avgk,481,60,1,3,Happy,0.0,Male,1,1 2,1 2,1 2 4
avgk,481,116,7,7,Disgust,0.0,Male,7,5 7,5 7,5 7
avgk,481,197,7,7,Disgust,1.0,Female,7,7,7,7
avgk,481,58,2,4,Sad,1.0,Female,2,2,2 4,2
avgk,481,316,5,5,Angry,1.0,Female,5,5,5,5
avgk,481,271,6,6,Fearful,1.0,Female,6,3 6,3 6,3 6
avgk,481,216,3,3,Happy,1.0,Female,6,3 6 8,3 6 8,3 6
avgk,481,169,6,6,Fearful,1.0,Female,6,3 6,3 6 8,3 6
avgk,481,76,7,7,Disgust,0.0,Male,7,5 7,7,5 7
avgk,481,134,5,5,Angry,1.0,Female,5,5,5,5
avgk,481,157,3,7,Disgust,1.0,Female,7,7,7,7
avgk,481,235,5,5,Angry,0.0,Male,5,5,5,5
avgk,481,341,3,7,Disgust,1.0,Female,7,7,7,7
avgk,481,224,2,3,Happy,0.0,Male,4,1 2 3 4,1 2 4,1 2 4
avgk,481,142,8,8,Surprised,0.0,Male,8,3 8,8,3 8
avgk,481,21,7,7,Disgust,1.0,Female,7,7,7,7
avgk,481,153,2,1,Neutral,1.0,Female,2,1 2,1 2,1 2
avgk,481,214,7,8,Surprised,0.0,Male,8,3 6 8,3 6 8,3 6 8
avgk,481,46,6,4,Sad,0.0,Male,4,4,4,2 3 4
avgk,481,346,4,4,Sad,0.0,Male,2,2 4,2 4,1 2 4
avgk,481,7,2,1,Neutral,0.0,Male,2,1 2,1 2,1 2
avgk,481,355,4,4,Sad,1.0,Female,4,2 4,2 4,2 4
avgk,482,317,1,7,Disgust,1.0,Female,7,7,7,7
avgk,482,177,1,3,Happy,1.0,Female,1,1 2 4,1 2 4,1 2 4
avgk,482,198,1,1,Neutral,1.0,Female,2,1 2,1 2,1 2
avgk,482,344,7,6,Fearful,1.0,Female,6,3 6,3 4 6,3 6
avgk,482,136,5,5,Angry,1.0,Female,5,5,5,5
avgk,482,148,2,2,Calm,1.0,Female,2,2,2 4,2
avgk,482,72,4,4,Sad,1.0,Female,4,4,4,4
avgk,482,23,8,8,Surprised,1.0,Female,8,3 8,3 8,3 8
avgk,482,351,5,3,Happy,0.0,Male,6,3 6 8,3 6 8,3 6 8
avgk,482,59,2,6,Fearful,1.0,Female,6,3 4 6,3 4 6,3 4 6
avgk,482,287,1,4,Sad,0.0,Male,2,1 2 4,1 2 4,1 2 4
avgk,482,209,2,2,Calm,1.0,Female,2,2,2,2
avgk,482,79,4,6,Fearful,1.0,Female,6,3 6,3 6 8,3 6
avgk,482,160,5,5,Angry,1.0,Female,5,5,5,5
avgk,482,110,6,6,Fearful,0.0,Male,6,3 4 6,3 4 6,3 4 6
avgk,482,252,4,3,Happy,0.0,Male,3,3 4 6 8,3 6 8,3 6 8
avgk,482,218,1,3,Happy,0.0,Male,1,1 2,1 2 8,1 2 8
avgk,482,80,5,7,Disgust,1.0,Female,7,5 7,5 7,5 7
avgk,482,355,1,4,Sad,1.0,Female,4,2 4,2 4,2 4
avgk,482,33,8,8,Surprised,0.0,Male,8,3 8,3 8,3 8
avgk,482,96,1,2,Calm,0.0,Male,2,2,2,1 2
avgk,482,155,2,4,Sad,1.0,Female,2,2,2,2
avgk,482,5,4,4,Sad,0.0,Male,4,2 4,2 4,2 4
avgk,482,179,5,6,Fearful,0.0,Male,6,3 6,3 6 8,3 6 8
avgk,482,188,8,8,Surprised,0.0,Male,8,3 6 8,3 8,3 6 8
avgk,482,350,1,7,Disgust,1.0,Female,7,5 7,5 7,7
avgk,482,103,1,2,Calm,0.0,Male,2,2,2,1 2
avgk,482,290,6,3,Happy,1.0,Female,6,3 6,3 4 6,3 6
avgk,482,305,8,8,Surprised,1.0,Female,8,3 8,8,8
avgk,482,354,5,5,Angry,1.0,Female,5,5,5,5
avgk,482,14,5,8,Surprised,0.0,Male,8,3 6 8,3 6 8,3 6 8
avgk,482,319,1,1,Neutral,1.0,Female,2,1 2,1 2,1 2
avgk,482,307,7,3,Happy,1.0,Female,3,3 4 6,3 4 6,3 4 6
avgk,482,283,1,1,Neutral,0.0,Male,1,1 2,1 2,1 2 4
avgk,482,82,5,6,Fearful,0.0,Male,4,3 4 6,3 4 6,3 4 6
avgk,482,219,7,7,Disgust,0.0,Male,7,7,7,5 7
avgk,482,321,8,8,Surprised,1.0,Female,8,3 8,3 8,8
avgk,482,289,1,4,Sad,0.0,Male,4,1 2 4,1 2 4,1 2 4
avgk,482,175,2,2,Calm,1.0,Female,2,1 2,1 2,1 2
avgk,482,214,8,8,Surprised,0.0,Male,8,3 6 8,3 6 8,3 6 8
avgk,482,197,8,7,Disgust,1.0,Female,7,7,7,7
avgk,482,228,5,5,Angry,0.0,Male,5,5,5,5
avgk,482,44,6,6,Fearful,0.0,Male,3,3 4 6,3 4 6,3 4 6
avgk,482,120,1,7,Disgust,0.0,Male,7,2 4 7,2 4 7,2 4 7
avgk,482,168,6,5,Angry,1.0,Female,5,5,5,5
avgk,482,272,5,5,Angry,1.0,Female,5,5 8,5 8,5 8
avgk,482,135,1,2,Calm,1.0,Female,2,1 2,2,2
avgk,482,242,2,2,Calm,1.0,Female,2,2,2,2
avgk,482,212,5,5,Angry,0.0,Male,5,5 8,3 5 8,3 5 8
avgk,482,152,4,4,Sad,0.0,Male,4,4,4,2 4
avgk,483,52,7,7,Disgust,0.0,Male,7,7,7,7
avgk,483,354,5,5,Angry,1.0,Female,5,5,5,5
avgk,483,42,6,6,Fearful,0.0,Male,6,3 6,3 6,3 6 8
avgk,483,45,7,7,Disgust,1.0,Female,7,7,7,7
avgk,483,272,8,5,Angry,1.0,Female,5,5 8,5 8,5 8
avgk,483,182,6,3,Happy,1.0,Female,3,3 5 6 8,3 6 8,3 6 8
avgk,483,330,2,2,Calm,1.0,Female,2,1 2,1 2,2
avgk,483,78,1,1,Neutral,0.0,Male,2,1 2,1 2,1 2 4
avgk,483,152,4,4,Sad,0.0,Male,4,4,4,2 4
avgk,483,75,5,5,Angry,0.0,Male,5,5,5,5
avgk,483,218,2,3,Happy,0.0,Male,1,1 2,1 2 8,1 2 8
avgk,483,329,5,5,Angry,0.0,Male,5,5,5,5
avgk,483,312,2,2,Calm,1.0,Female,2,2,2 4,2
avgk,483,214,3,8,Surprised,0.0,Male,8,3 6 8,3 6 8,3 6 8
avgk,483,260,1,3,Happy,0.0,Male,2,1 2,1 2,1 2
avgk,483,290,3,3,Happy,1.0,Female,6,3 6,3 4 6,3 6
avgk,483,235,5,5,Angry,0.0,Male,5,5,5,5
avgk,483,187,6,6,Fearful,1.0,Female,6,3 4 6,3 4 6,3 4 6
avgk,483,134,5,5,Angry,1.0,Female,5,5,5,5
avgk,483,229,4,4,Sad,1.0,Female,4,4,4 6,4
avgk,483,104,6,3,Happy,0.0,Male,6,3 5 6 8,3 5 6,3 5 6
avgk,483,293,2,3,Happy,0.0,Male,1,1 2,1 2 4,1 2 4
avgk,483,77,2,2,Calm,1.0,Female,2,1 2,2,2
avgk,483,291,7,7,Disgust,1.0,Female,7,5 7,5 7,5 7
avgk,483,220,2,3,Happy,1.0,Female,1,1 2,1 2 4,1 2
avgk,483,4,6,6,Fearful,1.0,Female,6,3 6,3 6 8,3 6
avgk,483,215,4,4,Sad,0.0,Male,4,3 4,3 4,3 4 6
avgk,483,72,4,4,Sad,1.0,Female,4,4,4,4
avgk,483,100,3,8,Surprised,1.0,Female,8,3 8,3 8,8
avgk,483,122,5,5,Angry,1.0,Female,5,5,5,5
avgk,483,310,7,7,Disgust,1.0,Female,7,5 7,5 7,7
avgk,483,161,3,8,Surprised,1.0,Female,8,3 8,1 3 8,8
avgk,483,203,7,7,Disgust,1.0,Female,7,5 7,5 7,5 7
avgk,483,320,4,6,Fearful,1.0,Female,4,4,2 4,4
avgk,483,181,2,2,Calm,1.0,Female,2,2,2,2
avgk,483,281,8,3,Happy,0.0,Male,8,3 6 8,3 6 8,3 6 8
avgk,483,194,5,6,Fearful,1.0,Female,6,3 5 6,3 5 6,3 5 6
avgk,483,68,3,8,Surprised,0.0,Male,8,1 3 4 6 8,3 6 8,3 6 8
avgk,483,24,5,5,Angry,0.0,Male,5,5,5,5
avgk,483,300,2,4,Sad,1.0,Female,2,2 4,2 4,2 4
avgk,483,271,6,6,Fearful,1.0,Female,6,3 6,3 6,3 6
avgk,483,276,1,8,Surprised,0.0,Male,8,1 3 8,1 3 8,1 3 8
avgk,483,97,3,8,Surprised,0.0,Male,8,1 3 6 8,1 3 8,1 3 8
avgk,483,74,2,2,Calm,0.0,Male,2,2,2,1 2
avgk,483,89,8,8,Surprised,1.0,Female,8,3 8,3 8,3 8
avgk,483,14,8,8,Surprised,0.0,Male,8,3 6 8,3 6 8,3 6 8
avgk,483,120,7,7,Disgust,0.0,Male,7,2 4 7,2 4 7,2 4 7
avgk,483,10,8,6,Fearful,1.0,Female,6,3 6 8,3 6 8,3 6
avgk,483,172,2,2,Calm,1.0,Female,2,2,2,2
avgk,483,335,6,6,Fearful,0.0,Male,4,3 4 6,3 4 6,3 4 6
avgk,484,97,8,8,Surprised,0.0,Male,8,1 3 6 8,1 3 8,1 3 8
avgk,484,94,5,5,Angry,1.0,Female,5,5,5,5
avgk,484,98,6,6,Fearful,0.0,Male,6,3 6,3 4 6,3 4 6
avgk,484,193,5,5,Angry,1.0,Female,5,5,5,5
avgk,484,251,8,6,Fearful,0.0,Male,6,3 6 8,3 6 8,3 6 8
avgk,484,32,7,7,Disgust,1.0,Female,7,5 7,7,7
avgk,484,112,8,8,Surprised,0.0,Male,8,3 8,3 8,3 8
avgk,484,104,6,3,Happy,0.0,Male,6,3 5 6 8,3 5 6,3 5 6
avgk,484,109,2,1,Neutral,1.0,Female,2,1 2,1 2,1 2
avgk,484,137,4,6,Fearful,1.0,Female,6,3 4 6,3 4 6,3 4 6
avgk,484,2,6,6,Fearful,1.0,Female,6,3 6,3 6,3 6
avgk,484,201,5,5,Angry,0.0,Male,5,5,5,5
avgk,484,115,5,5,Angry,0.0,Male,5,5,5,5
avgk,484,206,5,5,Angry,1.0,Female,5,5,5,5
avgk,484,211,4,2,Calm,0.0,Male,2,2,2,1 2
avgk,484,298,8,8,Surprised,0.0,Male,8,1 3 8,1 3 8,1 3 8
avgk,484,47,7,7,Disgust,1.0,Female,7,5 7,7,7
avgk,484,247,4,4,Sad,1.0,Female,4,3 4 6,3 4,3 4 6
avgk,484,349,1,1,Neutral,0.0,Male,2,1 2,1 2,1 2 4
avgk,484,118,3,3,Happy,1.0,Female,1,1 2,1 2 4,1 2
avgk,484,81,8,8,Surprised,1.0,Female,8,3 8,8,8
avgk,484,167,2,1,Neutral,0.0,Male,2,1 2,1 2,1 2
avgk,484,111,1,2,Calm,0.0,Male,2,1 2,2,1 2
avgk,484,27,5,7,Disgust,1.0,Female,7,7,7,7
avgk,484,304,6,7,Disgust,0.0,Male,7,7,7,7
avgk,484,198,2,1,Neutral,1.0,Female,2,1 2,1 2,1 2
avgk,484,260,2,3,Happy,0.0,Male,2,1 2,1 2,1 2
avgk,484,155,2,4,Sad,1.0,Female,2,2,2,2
avgk,484,212,5,5,Angry,0.0,Male,5,5 8,3 5 8,3 5 8
avgk,484,23,8,8,Surprised,1.0,Female,8,3 8,3 8,3 8
avgk,484,357,4,4,Sad,1.0,Female,4,2 4,4,4
avgk,484,60,3,3,Happy,0.0,Male,1,1 2,1 2,1 2 4
avgk,484,313,5,5,Angry,0.0,Male,5,5,5,5
avgk,484,70,2,2,Calm,0.0,Male,2,2,2,1 2
avgk,484,96,1,2,Calm,0.0,Male,2,2,2,1 2
avgk,484,83,3,3,Happy,0.0,Male,3,3 4 6,3 4 6,3 4 6
avgk,484,121,6,4,Sad,0.0,Male,4,3 4,3 4 6,3 4 6
avgk,484,233,6,6,Fearful,1.0,Female,6,3 6,3 5 6,3 5 6
avgk,484,275,2,2,Calm,0.0,Male,2,2,2,1 2
avgk,484,114,2,2,Calm,1.0,Female,2,1 2,1 2,2
avgk,484,267,1,1,Neutral,0.0,Male,2,1 2,1 2,1 2
avgk,484,14,8,8,Surprised,0.0,Male,8,3 6 8,3 6 8,3 6 8
avgk,484,257,1,2,Calm,1.0,Female,2,1 2,1 2,1 2
avgk,484,101,5,7,Disgust,0.0,Male,7,5 7,5 7,5 7
avgk,484,174,5,5,Angry,0.0,Male,5,5,5,5
avgk,484,226,2,4,Sad,0.0,Male,2,2,2,1 2 4
avgk,484,76,8,7,Disgust,0.0,Male,7,5 7,7,5 7
avgk,484,45,7,7,Disgust,1.0,Female,7,7,7,7
avgk,484,1,2,6,Fearful,0.0,Male,4,2 4,2 4,1 2 4
avgk,484,166,8,3,Happy,0.0,Male,8,3 6 8,3 6 8,3 6 8
avgk,485,193,5,5,Angry,1.0,Female,5,5,5,5
avgk,485,83,3,3,Happy,0.0,Male,3,3 4 6,3 4 6,3 4 6
avgk,485,304,7,7,Disgust,0.0,Male,7,7,7,7
avgk,485,247,4,4,Sad,1.0,Female,4,3 4 6,3 4,3 4 6
avgk,485,1,2,6,Fearful,0.0,Male,4,2 4,2 4,1 2 4
avgk,485,45,2,7,Disgust,1.0,Female,7,7,7,7
avgk,485,101,5,7,Disgust,0.0,Male,7,5 7,5 7,5 7
avgk,485,166,8,3,Happy,0.0,Male,8,3 6 8,3 6 8,3 6 8
avgk,485,212,8,5,Angry,0.0,Male,5,5 8,3 5 8,3 5 8
avgk,485,267,2,1,Neutral,0.0,Male,2,1 2,1 2,1 2
avgk,485,14,6,8,Surprised,0.0,Male,8,3 6 8,3 6 8,3 6 8
avgk,485,104,5,3,Happy,0.0,Male,6,3 5 6 8,3 5 6,3 5 6
avgk,485,111,2,2,Calm,0.0,Male,2,1 2,2,1 2
avgk,485,260,2,3,Happy,0.0,Male,2,1 2,1 2,1 2
avgk,485,112,8,8,Surprised,0.0,Male,8,3 8,3 8,3 8
avgk,485,226,2,4,Sad,0.0,Male,2,2,2,1 2 4
avgk,485,109,2,1,Neutral,1.0,Female,2,1 2,1 2,1 2
avgk,485,98,6,6,Fearful,0.0,Male,6,3 6,3 4 6,3 4 6
avgk,485,27,7,7,Disgust,1.0,Female,7,7,7,7
avgk,485,349,2,1,Neutral,0.0,Male,2,1 2,1 2,1 2 4
avgk,485,97,8,8,Surprised,0.0,Male,8,1 3 6 8,1 3 8,1 3 8
avgk,485,251,6,6,Fearful,0.0,Male,6,3 6 8,3 6 8,3 6 8
avgk,485,233,6,6,Fearful,1.0,Female,6,3 6,3 5 6,3 5 6
avgk,485,137,3,6,Fearful,1.0,Female,6,3 4 6,3 4 6,3 4 6
avgk,485,313,5,5,Angry,0.0,Male,5,5,5,5
avgk,485,121,4,4,Sad,0.0,Male,4,3 4,3 4 6,3 4 6
avgk,485,118,1,3,Happy,1.0,Female,1,1 2,1 2 4,1 2
avgk,485,257,1,2,Calm,1.0,Female,2,1 2,1 2,1 2
avgk,485,60,2,3,Happy,0.0,Male,1,1 2,1 2,1 2 4
avgk,485,198,7,1,Neutral,1.0,Female,2,1 2,1 2,1 2
avgk,485,114,1,2,Calm,1.0,Female,2,1 2,1 2,2
avgk,485,206,5,5,Angry,1.0,Female,5,5,5,5
avgk,485,155,2,4,Sad,1.0,Female,2,2,2,2
avgk,485,96,2,2,Calm,0.0,Male,2,2,2,1 2
avgk,485,23,8,8,Surprised,1.0,Female,8,3 8,3 8,3 8
avgk,485,76,7,7,Disgust,0.0,Male,7,5 7,7,5 7
avgk,485,167,1,1,Neutral,0.0,Male,2,1 2,1 2,1 2
avgk,485,2,6,6,Fearful,1.0,Female,6,3 6,3 6,3 6
avgk,485,357,4,4,Sad,1.0,Female,4,2 4,4,4
avgk,485,211,2,2,Calm,0.0,Male,2,2,2,1 2
avgk,485,70,2,2,Calm,0.0,Male,2,2,2,1 2
avgk,485,201,5,5,Angry,0.0,Male,5,5,5,5
avgk,485,115,5,5,Angry,0.0,Male,5,5,5,5
avgk,485,275,2,2,Calm,0.0,Male,2,2,2,1 2
avgk,485,94,5,5,Angry,1.0,Female,5,5,5,5
avgk,485,298,8,8,Surprised,0.0,Male,8,1 3 8,1 3 8,1 3 8
avgk,485,47,7,7,Disgust,1.0,Female,7,5 7,7,7
avgk,485,32,7,7,Disgust,1.0,Female,7,5 7,7,7
avgk,485,81,8,8,Surprised,1.0,Female,8,3 8,8,8
avgk,485,174,5,5,Angry,0.0,Male,5,5,5,5
avgk,486,289,2,4,Sad,0.0,Male,4,1 2 4,1 2 4,1 2 4
avgk,486,191,7,2,Calm,1.0,Female,2,2,2,2
avgk,486,100,8,8,Surprised,1.0,Female,8,3 8,3 8,8
avgk,486,5,4,4,Sad,0.0,Male,4,2 4,2 4,2 4
avgk,486,83,3,3,Happy,0.0,Male,3,3 4 6,3 4 6,3 4 6
avgk,486,154,7,7,Disgust,0.0,Male,7,4 7,2 4 7,2 4 7
avgk,486,320,2,6,Fearful,1.0,Female,4,4,2 4,4
avgk,486,111,2,2,Calm,0.0,Male,2,1 2,2,1 2
avgk,486,358,3,3,Happy,1.0,Female,6,3 6 8,3 6 8,3 6 8
avgk,486,73,3,8,Surprised,0.0,Male,3,3 6 8,3 6 8,3 6 8
avgk,486,124,8,8,Surprised,0.0,Male,8,3 8,3 8,3 8
avgk,486,93,8,8,Surprised,1.0,Female,8,3 8,3 8,8
avgk,486,61,5,6,Fearful,0.0,Male,6,3 6 8,3 6 8,3 6 8
avgk,486,139,6,6,Fearful,1.0,Female,6,3 6,3 6,3 6
avgk,486,331,2,1,Neutral,0.0,Male,2,1 2,1 2,1 2
avgk,486,115,5,5,Angry,0.0,Male,5,5,5,5
avgk,486,80,7,7,Disgust,1.0,Female,7,5 7,5 7,5 7
avgk,486,296,1,2,Calm,0.0,Male,2,1 2,2,1 2
avgk,486,276,1,8,Surprised,0.0,Male,8,1 3 8,1 3 8,1 3 8
avgk,486,88,7,7,Disgust,0.0,Male,5,5 7,5 7,5 7
avgk,486,262,3,3,Happy,0.0,Male,1,1 2,1 2 4,1 2 4
avgk,486,106,7,7,Disgust,0.0,Male,7,7,7,5 7
avgk,486,197,7,7,Disgust,1.0,Female,7,7,7,7
avgk,486,341,7,7,Disgust,1.0,Female,7,7,7,7
avgk,486,76,5,7,Disgust,0.0,Male,7,5 7,7,5 7
avgk,486,196,5,5,Angry,0.0,Male,5,5,5,5
avgk,486,269,2,4,Sad,1.0,Female,2,1 2,1 2,1 2
avgk,486,105,4,4,Sad,0.0,Male,4,3 4 6,3 4,3 4 6
avgk,486,164,3,2,Calm,1.0,Female,2,1 2,1 2,2
avgk,486,309,3,6,Fearful,0.0,Male,6,3 5 6 8,3 6 8,3 6 8
avgk,486,319,1,1,Neutral,1.0,Female,2,1 2,1 2,1 2
avgk,486,301,8,8,Surprised,1.0,Female,8,1 3 8,1 3 8,1 3 8
avgk,486,270,3,3,Happy,1.0,Female,3,3 6 8,3 6 8,3 6 8
avgk,486,117,7,4,Sad,1.0,Female,2,2,2,2
avgk,486,57,4,2,Calm,0.0,Male,2,2,2,1 2
avgk,486,188,8,8,Surprised,0.0,Male,8,3 6 8,3 8,3 6 8
avgk,486,152,4,4,Sad,0.0,Male,4,4,4,2 4
avgk,486,156,4,4,Sad,0.0,Male,4,4,4,2 3 4
avgk,486,185,6,6,Fearful,1.0,Female,6,3 6,3 6,3 6
avgk,486,10,6,6,Fearful,1.0,Female,6,3 6 8,3 6 8,3 6
avgk,486,246,3,3,Happy,1.0,Female,1,1 3 4 8,1 3 4,1 3 4
avgk,486,227,6,6,Fearful,1.0,Female,6,3 4 6,3 4 6,3 4 6
avgk,486,329,5,5,Angry,0.0,Male,5,5,5,5
avgk,486,171,2,1,Neutral,1.0,Female,2,1 2,1 2,1 2
avgk,486,355,6,4,Sad,1.0,Female,4,2 4,2 4,2 4
avgk,486,77,2,2,Calm,1.0,Female,2,1 2,2,2
avgk,486,306,2,2,Calm,1.0,Female,2,2,2,2
avgk,486,70,3,2,Calm,0.0,Male,2,2,2,1 2
avgk,486,99,1,6,Fearful,0.0,Male,4,3 4,3 4,3 4 6
avgk,486,290,3,3,Happy,1.0,Female,6,3 6,3 4 6,3 6
avgk,487,187,6,6,Fearful,1.0,Female,6,3 4 6,3 4 6,3 4 6
avgk,487,72,6,4,Sad,1.0,Female,4,4,4,4
avgk,487,161,3,8,Surprised,1.0,Female,8,3 8,1 3 8,8
avgk,487,291,1,7,Disgust,1.0,Female,7,5 7,5 7,5 7
avgk,487,215,4,4,Sad,0.0,Male,4,3 4,3 4,3 4 6
avgk,487,74,1,2,Calm,0.0,Male,2,2,2,1 2
avgk,487,89,8,8,Surprised,1.0,Female,8,3 8,3 8,3 8
avgk,487,45,7,7,Disgust,1.0,Female,7,7,7,7
avgk,487,52,7,7,Disgust,0.0,Male,7,7,7,7
avgk,487,354,5,5,Angry,1.0,Female,5,5,5,5
avgk,487,120,7,7,Disgust,0.0,Male,7,2 4 7,2 4 7,2 4 7
avgk,487,320,4,6,Fearful,1.0,Female,4,4,2 4,4
avgk,487,182,6,3,Happy,1.0,Female,3,3 5 6 8,3 6 8,3 6 8
avgk,487,330,1,2,Calm,1.0,Female,2,1 2,1 2,2
avgk,487,68,3,8,Surprised,0.0,Male,8,1 3 4 6 8,3 6 8,3 6 8
avgk,487,235,5,5,Angry,0.0,Male,5,5,5,5
avgk,487,4,6,6,Fearful,1.0,Female,6,3 6,3 6 8,3 6
avgk,487,276,1,8,Surprised,0.0,Male,8,1 3 8,1 3 8,1 3 8
avgk,487,104,8,3,Happy,0.0,Male,6,3 5 6 8,3 5 6,3 5 6
avgk,487,24,5,5,Angry,0.0,Male,5,5,5,5
avgk,487,272,8,5,Angry,1.0,Female,5,5 8,5 8,5 8
avgk,487,77,1,2,Calm,1.0,Female,2,1 2,2,2
avgk,487,290,6,3,Happy,1.0,Female,6,3 6,3 4 6,3 6
avgk,487,218,2,3,Happy,0.0,Male,1,1 2,1 2 8,1 2 8
avgk,487,220,2,3,Happy,1.0,Female,1,1 2,1 2 4,1 2
avgk,487,194,5,6,Fearful,1.0,Female,6,3 5 6,3 5 6,3 5 6
avgk,487,281,3,3,Happy,0.0,Male,8,3 6 8,3 6 8,3 6 8
avgk,487,214,3,8,Surprised,0.0,Male,8,3 6 8,3 6 8,3 6 8
avgk,487,203,7,7,Disgust,1.0,Female,7,5 7,5 7,5 7
avgk,487,229,4,4,Sad,1.0,Female,4,4,4 6,4
avgk,487,42,6,6,Fearful,0.0,Male,6,3 6,3 6,3 6 8
avgk,487,300,4,4,Sad,1.0,Female,2,2 4,2 4,2 4
avgk,487,260,2,3,Happy,0.0,Male,2,1 2,1 2,1 2
avgk,487,97,3,8,Surprised,0.0,Male,8,1 3 6 8,1 3 8,1 3 8
avgk,487,14,8,8,Surprised,0.0,Male,8,3 6 8,3 6 8,3 6 8
avgk,487,75,5,5,Angry,0.0,Male,5,5,5,5
avgk,487,312,2,2,Calm,1.0,Female,2,2,2 4,2
avgk,487,152,4,4,Sad,0.0,Male,4,4,4,2 4
avgk,487,100,3,8,Surprised,1.0,Female,8,3 8,3 8,8
avgk,487,271,6,6,Fearful,1.0,Female,6,3 6,3 6,3 6
avgk,487,335,6,6,Fearful,0.0,Male,4,3 4 6,3 4 6,3 4 6
avgk,487,134,5,5,Angry,1.0,Female,5,5,5,5
avgk,487,172,2,2,Calm,1.0,Female,2,2,2,2
avgk,487,181,2,2,Calm,1.0,Female,2,2,2,2
avgk,487,310,7,7,Disgust,1.0,Female,7,5 7,5 7,7
avgk,487,122,5,5,Angry,1.0,Female,5,5,5,5
avgk,487,329,5,5,Angry,0.0,Male,5,5,5,5
avgk,487,78,1,1,Neutral,0.0,Male,2,1 2,1 2,1 2 4
avgk,487,293,1,3,Happy,0.0,Male,1,1 2,1 2 4,1 2 4
avgk,487,10,6,6,Fearful,1.0,Female,6,3 6 8,3 6 8,3 6
avgk,488,300,4,4,Sad,1.0,Female,2,2 4,2 4,2 4
avgk,488,288,8,8,Surprised,1.0,Female,8,3 8,3 8,8
avgk,488,255,6,6,Fearful,1.0,Female,6,3 4 6,3 4 6,3 6
avgk,488,174,5,5,Angry,0.0,Male,5,5,5,5
avgk,488,226,4,4,Sad,0.0,Male,2,2,2,1 2 4
avgk,488,318,6,6,Fearful,1.0,Female,6,3 6 8,3 6 8,3 6
avgk,488,239,8,8,Surprised,0.0,Male,8,3 8,3 8,3 8
avgk,488,238,8,8,Surprised,0.0,Male,8,3 8,8,3 8
avgk,488,333,4,1,Neutral,0.0,Male,2,1 2,1 2,1 2
avgk,488,281,3,3,Happy,0.0,Male,8,3 6 8,3 6 8,3 6 8
avgk,488,69,3,8,Surprised,0.0,Male,8,3 5 6 8,3 6 8,3 6 8
avgk,488,106,7,7,Disgust,0.0,Male,7,7,7,5 7
avgk,488,298,8,8,Surprised,0.0,Male,8,1 3 8,1 3 8,1 3 8
avgk,488,220,1,3,Happy,1.0,Female,1,1 2,1 2 4,1 2
avgk,488,5,4,4,Sad,0.0,Male,4,2 4,2 4,2 4
avgk,488,307,3,3,Happy,1.0,Female,3,3 4 6,3 4 6,3 4 6
avgk,488,117,4,4,Sad,1.0,Female,2,2,2,2
avgk,488,18,4,4,Sad,0.0,Male,2,1 2 4,1 2 4,1 2 4
avgk,488,67,4,2,Calm,0.0,Male,2,2 4,2 4,2 4 7
avgk,488,283,1,1,Neutral,0.0,Male,1,1 2,1 2,1 2 4
avgk,488,274,1,6,Fearful,0.0,Male,3,3 4 6,3 4 6,3 4 6
avgk,488,128,7,7,Disgust,1.0,Female,7,7,7,7
avgk,488,141,6,7,Disgust,0.0,Male,7,7,7,2 4 7
avgk,488,234,5,5,Angry,1.0,Female,5,5,5,5
avgk,488,190,4,4,Sad,1.0,Female,4,4,4,4
avgk,488,205,1,3,Happy,1.0,Female,1,1 3 4 8,1 3 8,1 3 8
avgk,488,313,5,5,Angry,0.0,Male,5,5,5,5
avgk,488,189,4,4,Sad,1.0,Female,2,2 4,1 2 4,2 4
avgk,488,343,7,5,Angry,1.0,Female,5,5,5,5
avgk,488,177,3,3,Happy,1.0,Female,1,1 2 4,1 2 4,1 2 4
avgk,488,249,7,7,Disgust,0.0,Male,7,7,7,7
avgk,488,90,5,5,Angry,1.0,Female,5,2 5 7,2 5 7,2 5 7
avgk,488,143,7,7,Disgust,0.0,Male,7,7,7,7
avgk,488,178,5,5,Angry,1.0,Female,5,5 8,1 5 8,5 8
avgk,488,51,1,8,Surprised,0.0,Male,1,1 3 8,1 3 8,1 3 8
avgk,488,180,5,5,Angry,1.0,Female,5,5,5,5
avgk,488,230,2,2,Calm,0.0,Male,2,2,2,1 2
avgk,488,154,6,7,Disgust,0.0,Male,7,4 7,2 4 7,2 4 7
avgk,488,160,5,5,Angry,1.0,Female,5,5,5,5
avgk,488,358,3,3,Happy,1.0,Female,6,3 6 8,3 6 8,3 6 8
avgk,488,309,6,6,Fearful,0.0,Male,6,3 5 6 8,3 6 8,3 6 8
avgk,488,144,1,1,Neutral,0.0,Male,2,1 2,1 2,1 2
avgk,488,114,2,2,Calm,1.0,Female,2,1 2,1 2,2
avgk,488,185,6,6,Fearful,1.0,Female,6,3 6,3 6,3 6
avgk,488,148,2,2,Calm,1.0,Female,2,2,2 4,2
avgk,488,350,7,7,Disgust,1.0,Female,7,5 7,5 7,7
avgk,488,291,7,7,Disgust,1.0,Female,7,5 7,5 7,5 7
avgk,488,82,1,6,Fearful,0.0,Male,4,3 4 6,3 4 6,3 4 6
avgk,488,232,4,4,Sad,0.0,Male,4,2 4,2 4,1 2 4
avgk,488,247,4,4,Sad,1.0,Female,4,3 4 6,3 4,3 4 6
avgk,489,215,6,4,Sad,0.0,Male,4,3 4,3 4,3 4 6
avgk,489,44,4,6,Fearful,0.0,Male,3,3 4 6,3 4 6,3 4 6
avgk,489,59,6,6,Fearful,1.0,Female,6,3 4 6,3 4 6,3 4 6
avgk,489,286,7,7,Disgust,0.0,Male,7,4 7,7,4 7
avgk,489,110,6,6,Fearful,0.0,Male,6,3 4 6,3 4 6,3 4 6
avgk,489,147,1,3,Happy,0.0,Male,1,1 2,1 2,1 2 4
avgk,489,343,5,5,Angry,1.0,Female,5,5,5,5
avgk,489,70,2,2,Calm,0.0,Male,2,2,2,1 2
avgk,489,205,8,3,Happy,1.0,Female,1,1 3 4 8,1 3 8,1 3 8
avgk,489,201,5,5,Angry,0.0,Male,5,5,5,5
avgk,489,245,5,5,Angry,1.0,Female,5,5,5,5
avgk,489,33,8,8,Surprised,0.0,Male,8,3 8,3 8,3 8
avgk,489,119,8,6,Fearful,0.0,Male,8,3 8,3 8,3 6 8
avgk,489,272,8,5,Angry,1.0,Female,5,5 8,5 8,5 8
avgk,489,285,4,4,Sad,0.0,Male,4,2 4,2 4,2 4
avgk,489,18,4,4,Sad,0.0,Male,2,1 2 4,1 2 4,1 2 4
avgk,489,178,5,5,Angry,1.0,Female,5,5 8,1 5 8,5 8
avgk,489,254,1,3,Happy,0.0,Male,1,1 2,1 2 4,1 2 4
avgk,489,337,3,8,Surprised,1.0,Female,1,1 3 8,1 3 8,1 3 8
avgk,489,2,6,6,Fearful,1.0,Female,6,3 6,3 6,3 6
avgk,489,357,4,4,Sad,1.0,Female,4,2 4,4,4
avgk,489,144,1,1,Neutral,0.0,Male,2,1 2,1 2,1 2
avgk,489,249,7,7,Disgust,0.0,Male,7,7,7,7
avgk,489,86,2,7,Disgust,1.0,Female,2,2,2,2
avgk,489,226,2,4,Sad,0.0,Male,2,2,2,1 2 4
avgk,489,30,2,2,Calm,1.0,Female,2,2,2,2
avgk,489,164,1,2,Calm,1.0,Female,2,1 2,1 2,2
avgk,489,34,5,5,Angry,0.0,Male,5,5,5,5
avgk,489,45,7,7,Disgust,1.0,Female,7,7,7,7
avgk,489,61,6,6,Fearful,0.0,Male,6,3 6 8,3 6 8,3 6 8
avgk,489,234,5,5,Angry,1.0,Female,5,5,5,5
avgk,489,267,2,1,Neutral,0.0,Male,2,1 2,1 2,1 2
avgk,489,51,8,8,Surprised,0.0,Male,1,1 3 8,1 3 8,1 3 8
avgk,489,310,7,7,Disgust,1.0,Female,7,5 7,5 7,7
avgk,489,246,3,3,Happy,1.0,Female,1,1 3 4 8,1 3 4,1 3 4
avgk,489,97,3,8,Surprised,0.0,Male,8,1 3 6 8,1 3 8,1 3 8
avgk,489,300,2,4,Sad,1.0,Female,2,2 4,2 4,2 4
avgk,489,5,4,4,Sad,0.0,Male,4,2 4,2 4,2 4
avgk,489,305,8,8,Surprised,1.0,Female,8,3 8,8,8
avgk,489,218,2,3,Happy,0.0,Male,1,1 2,1 2 8,1 2 8
avgk,489,139,6,6,Fearful,1.0,Female,6,3 6,3 6,3 6
avgk,489,175,2,2,Calm,1.0,Female,2,1 2,1 2,1 2
avgk,489,57,2,2,Calm,0.0,Male,2,2,2,1 2
avgk,489,290,6,3,Happy,1.0,Female,6,3 6,3 4 6,3 6
avgk,489,220,1,3,Happy,1.0,Female,1,1 2,1 2 4,1 2
avgk,489,94,5,5,Angry,1.0,Female,5,5,5,5
avgk,489,242,2,2,Calm,1.0,Female,2,2,2,2
avgk,489,23,8,8,Surprised,1.0,Female,8,3 8,3 8,3 8
avgk,489,222,3,8,Surprised,0.0,Male,8,3 8,3 8,1 3 8
avgk,489,103,2,2,Calm,0.0,Male,2,2,2,1 2
avgk,490,198,1,1,Neutral,1.0,Female,2,1 2,1 2,1 2
avgk,490,177,2,3,Happy,1.0,Female,1,1 2 4,1 2 4,1 2 4
avgk,490,228,5,5,Angry,0.0,Male,5,5,5,5
avgk,490,252,6,3,Happy,0.0,Male,3,3 4 6 8,3 6 8,3 6 8
avgk,490,354,5,5,Angry,1.0,Female,5,5,5,5
avgk,490,321,8,8,Surprised,1.0,Female,8,3 8,3 8,8
avgk,490,305,8,8,Surprised,1.0,Female,8,3 8,8,8
avgk,490,160,5,5,Angry,1.0,Female,5,5,5,5
avgk,490,212,5,5,Angry,0.0,Male,5,5 8,3 5 8,3 5 8
avgk,490,103,2,2,Calm,0.0,Male,2,2,2,1 2
avgk,490,44,6,6,Fearful,0.0,Male,3,3 4 6,3 4 6,3 4 6
avgk,490,33,8,8,Surprised,0.0,Male,8,3 8,3 8,3 8
avgk,490,218,2,3,Happy,0.0,Male,1,1 2,1 2 8,1 2 8
avgk,490,351,7,3,Happy,0.0,Male,6,3 6 8,3 6 8,3 6 8
avgk,490,350,7,7,Disgust,1.0,Female,7,5 7,5 7,7
avgk,490,209,2,2,Calm,1.0,Female,2,2,2,2
avgk,490,287,4,4,Sad,0.0,Male,2,1 2 4,1 2 4,1 2 4
avgk,490,23,8,8,Surprised,1.0,Female,8,3 8,3 8,3 8
avgk,490,80,5,7,Disgust,1.0,Female,7,5 7,5 7,5 7
avgk,490,72,4,4,Sad,1.0,Female,4,4,4,4
avgk,490,344,6,6,Fearful,1.0,Female,6,3 6,3 4 6,3 6
avgk,490,188,8,8,Surprised,0.0,Male,8,3 6 8,3 8,3 6 8
avgk,490,175,2,2,Calm,1.0,Female,2,1 2,1 2,1 2
avgk,490,79,6,6,Fearful,1.0,Female,6,3 6,3 6 8,3 6
avgk,490,307,3,3,Happy,1.0,Female,3,3 4 6,3 4 6,3 4 6
avgk,490,5,4,4,Sad,0.0,Male,4,2 4,2 4,2 4
avgk,490,14,8,8,Surprised,0.0,Male,8,3 6 8,3 6 8,3 6 8
avgk,490,219,7,7,Disgust,0.0,Male,7,7,7,5 7
avgk,490,289,4,4,Sad,0.0,Male,4,1 2 4,1 2 4,1 2 4
avgk,490,272,7,5,Angry,1.0,Female,5,5 8,5 8,5 8
avgk,490,96,2,2,Calm,0.0,Male,2,2,2,1 2
avgk,490,197,7,7,Disgust,1.0,Female,7,7,7,7
avgk,490,319,1,1,Neutral,1.0,Female,2,1 2,1 2,1 2
avgk,490,242,2,2,Calm,1.0,Female,2,2,2,2
avgk,490,82,6,6,Fearful,0.0,Male,4,3 4 6,3 4 6,3 4 6
avgk,490,355,4,4,Sad,1.0,Female,4,2 4,2 4,2 4
avgk,490,136,5,5,Angry,1.0,Female,5,5,5,5
avgk,490,148,2,2,Calm,1.0,Female,2,2,2 4,2
avgk,490,155,1,4,Sad,1.0,Female,2,2,2,2
avgk,490,283,2,1,Neutral,0.0,Male,1,1 2,1 2,1 2 4
avgk,490,168,5,5,Angry,1.0,Female,5,5,5,5
avgk,490,317,7,7,Disgust,1.0,Female,7,7,7,7
avgk,490,120,2,7,Disgust,0.0,Male,7,2 4 7,2 4 7,2 4 7
avgk,490,110,6,6,Fearful,0.0,Male,6,3 4 6,3 4 6,3 4 6
avgk,490,152,4,4,Sad,0.0,Male,4,4,4,2 4
avgk,490,290,3,3,Happy,1.0,Female,6,3 6,3 4 6,3 6
avgk,490,59,6,6,Fearful,1.0,Female,6,3 4 6,3 4 6,3 4 6
avgk,490,214,8,8,Surprised,0.0,Male,8,3 6 8,3 6 8,3 6 8
avgk,490,135,2,2,Calm,1.0,Female,2,1 2,2,2
avgk,490,179,6,6,Fearful,0.0,Male,6,3 6,3 6 8,3 6 8
avgk,491,80,5,7,Disgust,1.0,Female,7,5 7,5 7,5 7
avgk,491,23,8,8,Surprised,1.0,Female,8,3 8,3 8,3 8
avgk,491,355,4,4,Sad,1.0,Female,4,2 4,2 4,2 4
avgk,491,198,1,1,Neutral,1.0,Female,2,1 2,1 2,1 2
avgk,491,175,4,2,Calm,1.0,Female,2,1 2,1 2,1 2
avgk,491,120,4,7,Disgust,0.0,Male,7,2 4 7,2 4 7,2 4 7
avgk,491,305,8,8,Surprised,1.0,Female,8,3 8,8,8
avgk,491,152,4,4,Sad,0.0,Male,4,4,4,2 4
avgk,491,197,7,7,Disgust,1.0,Female,7,7,7,7
avgk,491,252,6,3,Happy,0.0,Male,3,3 4 6 8,3 6 8,3 6 8
avgk,491,135,1,2,Calm,1.0,Female,2,1 2,2,2
avgk,491,96,2,2,Calm,0.0,Male,2,2,2,1 2
avgk,491,5,4,4,Sad,0.0,Male,4,2 4,2 4,2 4
avgk,491,321,8,8,Surprised,1.0,Female,8,3 8,3 8,8
avgk,491,72,4,4,Sad,1.0,Female,4,4,4,4
avgk,491,33,8,8,Surprised,0.0,Male,8,3 8,3 8,3 8
avgk,491,59,6,6,Fearful,1.0,Female,6,3 4 6,3 4 6,3 4 6
avgk,491,219,7,7,Disgust,0.0,Male,7,7,7,5 7
avgk,491,136,5,5,Angry,1.0,Female,5,5,5,5
avgk,491,103,2,2,Calm,0.0,Male,2,2,2,1 2
avgk,491,212,5,5,Angry,0.0,Male,5,5 8,3 5 8,3 5 8
avgk,491,290,6,3,Happy,1.0,Female,6,3 6,3 4 6,3 6
avgk,491,319,1,1,Neutral,1.0,Female,2,1 2,1 2,1 2
avgk,491,110,6,6,Fearful,0.0,Male,6,3 4 6,3 4 6,3 4 6
avgk,491,351,6,3,Happy,0.0,Male,6,3 6 8,3 6 8,3 6 8
avgk,491,168,5,5,Angry,1.0,Female,5,5,5,5
avgk,491,214,8,8,Surprised,0.0,Male,8,3 6 8,3 6 8,3 6 8
avgk,491,354,5,5,Angry,1.0,Female,5,5,5,5
avgk,491,317,7,7,Disgust,1.0,Female,7,7,7,7
avgk,491,287,4,4,Sad,0.0,Male,2,1 2 4,1 2 4,1 2 4
avgk,491,155,4,4,Sad,1.0,Female,2,2,2,2
avgk,491,283,1,1,Neutral,0.0,Male,1,1 2,1 2,1 2 4
avgk,491,289,4,4,Sad,0.0,Male,4,1 2 4,1 2 4,1 2 4
avgk,491,188,8,8,Surprised,0.0,Male,8,3 6 8,3 8,3 6 8
avgk,491,79,6,6,Fearful,1.0,Female,6,3 6,3 6 8,3 6
avgk,491,228,5,5,Angry,0.0,Male,5,5,5,5
avgk,491,350,7,7,Disgust,1.0,Female,7,5 7,5 7,7
avgk,491,307,4,3,Happy,1.0,Female,3,3 4 6,3 4 6,3 4 6
avgk,491,344,6,6,Fearful,1.0,Female,6,3 6,3 4 6,3 6
avgk,491,82,7,6,Fearful,0.0,Male,4,3 4 6,3 4 6,3 4 6
avgk,491,160,5,5,Angry,1.0,Female,5,5,5,5
avgk,491,218,1,3,Happy,0.0,Male,1,1 2,1 2 8,1 2 8
avgk,491,209,4,2,Calm,1.0,Female,2,2,2,2
avgk,491,177,1,3,Happy,1.0,Female,1,1 2 4,1 2 4,1 2 4
avgk,491,44,4,6,Fearful,0.0,Male,3,3 4 6,3 4 6,3 4 6
avgk,491,242,2,2,Calm,1.0,Female,2,2,2,2
avgk,491,14,8,8,Surprised,0.0,Male,8,3 6 8,3 6 8,3 6 8
avgk,491,272,5,5,Angry,1.0,Female,5,5 8,5 8,5 8
avgk,491,148,4,2,Calm,1.0,Female,2,2,2 4,2
avgk,491,179,6,6,Fearful,0.0,Male,6,3 6,3 6 8,3 6 8
avgk,492,194,6,6,Fearful,1.0,Female,6,3 5 6,3 5 6,3 5 6
avgk,492,136,5,5,Angry,1.0,Female,5,5,5,5
avgk,492,311,4,4,Sad,1.0,Female,2,1 2 4,1 2 4,1 2 4
avgk,492,256,1,2,Calm,0.0,Male,2,1 2,2,1 2
avgk,492,283,1,1,Neutral,0.0,Male,1,1 2,1 2,1 2 4
avgk,492,186,4,5,Angry,0.0,Male,4,3 4 6,3 4 6,3 4 6
avgk,492,332,4,4,Sad,1.0,Female,4,4,4,4
avgk,492,62,8,8,Surprised,1.0,Female,8,3 8,8,8
avgk,492,225,3,8,Surprised,1.0,Female,8,3 8,8,8
avgk,492,153,2,1,Neutral,1.0,Female,2,1 2,1 2,1 2
avgk,492,255,6,6,Fearful,1.0,Female,6,3 4 6,3 4 6,3 6
avgk,492,231,5,5,Angry,0.0,Male,5,5,5,5
avgk,492,173,5,6,Fearful,0.0,Male,8,3 5 6 8,3 6 8,3 6 8
avgk,492,358,3,3,Happy,1.0,Female,6,3 6 8,3 6 8,3 6 8
avgk,492,148,2,2,Calm,1.0,Female,2,2,2 4,2
avgk,492,104,8,3,Happy,0.0,Male,6,3 5 6 8,3 5 6,3 5 6
avgk,492,351,3,3,Happy,0.0,Male,6,3 6 8,3 6 8,3 6 8
avgk,492,299,3,6,Fearful,1.0,Female,8,3 6 8,3 6 8,3 6 8
avgk,492,340,7,7,Disgust,1.0,Female,7,7,7,7
avgk,492,129,2,4,Sad,1.0,Female,2,2,2,2
avgk,492,238,8,8,Surprised,0.0,Male,8,3 8,8,3 8
avgk,492,27,7,7,Disgust,1.0,Female,7,7,7,7
avgk,492,85,7,7,Disgust,0.0,Male,7,7,7,7
avgk,492,268,1,2,Calm,0.0,Male,2,1 2,2,1 2
avgk,492,71,1,4,Sad,0.0,Male,2,1 2,1 2,1 2 4
avgk,492,15,2,4,Sad,1.0,Female,4,2 4,2 4 7,2 4
avgk,492,350,4,7,Disgust,1.0,Female,7,5 7,5 7,7
avgk,492,105,6,4,Sad,0.0,Male,4,3 4 6,3 4,3 4 6
avgk,492,237,5,5,Angry,1.0,Female,5,5,5,5
avgk,492,121,4,4,Sad,0.0,Male,4,3 4,3 4 6,3 4 6
avgk,492,265,6,6,Fearful,0.0,Male,6,3 6 8,3 6 8,3 6 8
avgk,492,79,6,6,Fearful,1.0,Female,6,3 6,3 6 8,3 6
avgk,492,221,1,8,Surprised,0.0,Male,8,3 8,1 3 8,1 3 8
avgk,492,244,3,3,Happy,1.0,Female,4,1 3 4 6,1 3 4,1 3 4
avgk,492,341,7,7,Disgust,1.0,Female,7,7,7,7
avgk,492,124,8,8,Surprised,0.0,Male,8,3 8,3 8,3 8
avgk,492,308,7,7,Disgust,1.0,Female,7,2 7,2 7,2 7
avgk,492,180,5,5,Angry,1.0,Female,5,5,5,5
avgk,492,80,7,7,Disgust,1.0,Female,7,5 7,5 7,5 7
avgk,492,297,2,2,Calm,1.0,Female,2,1 2,2,2
avgk,492,160,5,5,Angry,1.0,Female,5,5,5,5
avgk,492,354,5,5,Angry,1.0,Female,5,5,5,5
avgk,492,278,8,8,Surprised,0.0,Male,8,3 8,8,3 8
avgk,492,205,1,3,Happy,1.0,Female,1,1 3 4 8,1 3 8,1 3 8
avgk,492,315,1,1,Neutral,1.0,Female,1,1 2,1 2,1 2
avgk,492,19,1,3,Happy,0.0,Male,1,1 2,1 2 4,1 2 4
avgk,492,78,1,1,Neutral,0.0,Male,2,1 2,1 2,1 2 4
avgk,492,8,4,8,Surprised,0.0,Male,4,1 2 4,1 2 4,1 2 4
avgk,492,210,1,1,Neutral,1.0,Female,2,1 2,1 2,1 2
avgk,492,169,6,6,Fearful,1.0,Female,6,3 6,3 6 8,3 6
avgk,493,219,7,7,Disgust,0.0,Male,7,7,7,5 7
avgk,493,152,4,4,Sad,0.0,Male,4,4,4,2 4
avgk,493,212,8,5,Angry,0.0,Male,5,5 8,3 5 8,3 5 8
avgk,493,289,2,4,Sad,0.0,Male,4,1 2 4,1 2 4,1 2 4
avgk,493,155,2,4,Sad,1.0,Female,2,2,2,2
avgk,493,80,5,7,Disgust,1.0,Female,7,5 7,5 7,5 7
avgk,493,82,5,6,Fearful,0.0,Male,4,3 4 6,3 4 6,3 4 6
avgk,493,177,3,3,Happy,1.0,Female,1,1 2 4,1 2 4,1 2 4
avgk,493,175,1,2,Calm,1.0,Female,2,1 2,1 2,1 2
avgk,493,351,6,3,Happy,0.0,Male,6,3 6 8,3 6 8,3 6 8
avgk,493,168,5,5,Angry,1.0,Female,5,5,5,5
avgk,493,103,2,2,Calm,0.0,Male,2,2,2,1 2
avgk,493,160,5,5,Angry,1.0,Female,5,5,5,5
avgk,493,110,6,6,Fearful,0.0,Male,6,3 4 6,3 4 6,3 4 6
avgk,493,287,6,4,Sad,0.0,Male,2,1 2 4,1 2 4,1 2 4
avgk,493,135,4,2,Calm,1.0,Female,2,1 2,2,2
avgk,493,321,8,8,Surprised,1.0,Female,8,3 8,3 8,8
avgk,493,355,6,4,Sad,1.0,Female,4,2 4,2 4,2 4
avgk,493,290,3,3,Happy,1.0,Female,6,3 6,3 4 6,3 6
avgk,493,218,2,3,Happy,0.0,Male,1,1 2,1 2 8,1 2 8
avgk,493,33,8,8,Surprised,0.0,Male,8,3 8,3 8,3 8
avgk,493,188,8,8,Surprised,0.0,Male,8,3 6 8,3 8,3 6 8
avgk,493,354,5,5,Angry,1.0,Female,5,5,5,5
avgk,493,197,7,7,Disgust,1.0,Female,7,7,7,7
avgk,493,344,6,6,Fearful,1.0,Female,6,3 6,3 4 6,3 6
avgk,493,136,5,5,Angry,1.0,Female,5,5,5,5
avgk,493,242,2,2,Calm,1.0,Female,2,2,2,2
avgk,493,14,8,8,Surprised,0.0,Male,8,3 6 8,3 6 8,3 6 8
avgk,493,272,5,5,Angry,1.0,Female,5,5 8,5 8,5 8
avgk,493,317,7,7,Disgust,1.0,Female,7,7,7,7
avgk,493,198,2,1,Neutral,1.0,Female,2,1 2,1 2,1 2
avgk,493,179,6,6,Fearful,0.0,Male,6,3 6,3 6 8,3 6 8
avgk,493,79,6,6,Fearful,1.0,Female,6,3 6,3 6 8,3 6
avgk,493,252,6,3,Happy,0.0,Male,3,3 4 6 8,3 6 8,3 6 8
avgk,493,214,8,8,Surprised,0.0,Male,8,3 6 8,3 6 8,3 6 8
avgk,493,59,6,6,Fearful,1.0,Female,6,3 4 6,3 4 6,3 4 6
avgk,493,96,4,2,Calm,0.0,Male,2,2,2,1 2
avgk,493,44,6,6,Fearful,0.0,Male,3,3 4 6,3 4 6,3 4 6
avgk,493,350,6,7,Disgust,1.0,Female,7,5 7,5 7,7
avgk,493,23,8,8,Surprised,1.0,Female,8,3 8,3 8,3 8
avgk,493,283,1,1,Neutral,0.0,Male,1,1 2,1 2,1 2 4
avgk,493,120,7,7,Disgust,0.0,Male,7,2 4 7,2 4 7,2 4 7
avgk,493,148,4,2,Calm,1.0,Female,2,2,2 4,2
avgk,493,209,2,2,Calm,1.0,Female,2,2,2,2
avgk,493,228,5,5,Angry,0.0,Male,5,5,5,5
avgk,493,72,4,4,Sad,1.0,Female,4,4,4,4
avgk,493,305,8,8,Surprised,1.0,Female,8,3 8,8,8
avgk,493,319,2,1,Neutral,1.0,Female,2,1 2,1 2,1 2
avgk,493,307,6,3,Happy,1.0,Female,3,3 4 6,3 4 6,3 4 6
avgk,493,5,4,4,Sad,0.0,Male,4,2 4,2 4,2 4
avgk,494,96,2,2,Calm,0.0,Male,2,2,2,1 2
avgk,494,188,3,8,Surprised,0.0,Male,8,3 6 8,3 8,3 6 8
avgk,494,317,7,7,Disgust,1.0,Female,7,7,7,7
avgk,494,148,2,2,Calm,1.0,Female,2,2,2 4,2
avgk,494,290,3,3,Happy,1.0,Female,6,3 6,3 4 6,3 6
avgk,494,155,2,4,Sad,1.0,Female,2,2,2,2
avgk,494,59,6,6,Fearful,1.0,Female,6,3 4 6,3 4 6,3 4 6
avgk,494,135,2,2,Calm,1.0,Female,2,1 2,2,2
avgk,494,110,6,6,Fearful,0.0,Male,6,3 4 6,3 4 6,3 4 6
avgk,494,103,2,2,Calm,0.0,Male,2,2,2,1 2
avgk,494,283,1,1,Neutral,0.0,Male,1,1 2,1 2,1 2 4
avgk,494,219,7,7,Disgust,0.0,Male,7,7,7,5 7
avgk,494,198,1,1,Neutral,1.0,Female,2,1 2,1 2,1 2
avgk,494,160,5,5,Angry,1.0,Female,5,5,5,5
avgk,494,197,7,7,Disgust,1.0,Female,7,7,7,7
avgk,494,252,3,3,Happy,0.0,Male,3,3 4 6 8,3 6 8,3 6 8
avgk,494,214,6,8,Surprised,0.0,Male,8,3 6 8,3 6 8,3 6 8
avgk,494,80,5,7,Disgust,1.0,Female,7,5 7,5 7,5 7
avgk,494,5,4,4,Sad,0.0,Male,4,2 4,2 4,2 4
avgk,494,120,1,7,Disgust,0.0,Male,7,2 4 7,2 4 7,2 4 7
avgk,494,287,6,4,Sad,0.0,Male,2,1 2 4,1 2 4,1 2 4
avgk,494,44,6,6,Fearful,0.0,Male,3,3 4 6,3 4 6,3 4 6
avgk,494,14,8,8,Surprised,0.0,Male,8,3 6 8,3 6 8,3 6 8
avgk,494,344,6,6,Fearful,1.0,Female,6,3 6,3 4 6,3 6
avgk,494,212,8,5,Angry,0.0,Male,5,5 8,3 5 8,3 5 8
avgk,494,351,3,3,Happy,0.0,Male,6,3 6 8,3 6 8,3 6 8
avgk,494,79,6,6,Fearful,1.0,Female,6,3 6,3 6 8,3 6
avgk,494,218,1,3,Happy,0.0,Male,1,1 2,1 2 8,1 2 8
avgk,494,355,4,4,Sad,1.0,Female,4,2 4,2 4,2 4
avgk,494,307,3,3,Happy,1.0,Female,3,3 4 6,3 4 6,3 4 6
avgk,494,321,3,8,Surprised,1.0,Female,8,3 8,3 8,8
avgk,494,23,8,8,Surprised,1.0,Female,8,3 8,3 8,3 8
avgk,494,82,3,6,Fearful,0.0,Male,4,3 4 6,3 4 6,3 4 6
avgk,494,354,5,5,Angry,1.0,Female,5,5,5,5
avgk,494,168,5,5,Angry,1.0,Female,5,5,5,5
avgk,494,179,6,6,Fearful,0.0,Male,6,3 6,3 6 8,3 6 8
avgk,494,33,8,8,Surprised,0.0,Male,8,3 8,3 8,3 8
avgk,494,228,5,5,Angry,0.0,Male,5,5,5,5
avgk,494,350,7,7,Disgust,1.0,Female,7,5 7,5 7,7
avgk,494,72,4,4,Sad,1.0,Female,4,4,4,4
avgk,494,136,5,5,Angry,1.0,Female,5,5,5,5
avgk,494,175,2,2,Calm,1.0,Female,2,1 2,1 2,1 2
avgk,494,177,3,3,Happy,1.0,Female,1,1 2 4,1 2 4,1 2 4
avgk,494,152,4,4,Sad,0.0,Male,4,4,4,2 4
avgk,494,305,8,8,Surprised,1.0,Female,8,3 8,8,8
avgk,494,242,2,2,Calm,1.0,Female,2,2,2,2
avgk,494,209,2,2,Calm,1.0,Female,2,2,2,2
avgk,494,319,1,1,Neutral,1.0,Female,2,1 2,1 2,1 2
avgk,494,272,5,5,Angry,1.0,Female,5,5 8,5 8,5 8
avgk,494,289,6,4,Sad,0.0,Male,4,1 2 4,1 2 4,1 2 4
avgk,495,242,2,2,Calm,1.0,Female,2,2,2,2
avgk,495,21,7,7,Disgust,1.0,Female,7,7,7,7
avgk,495,144,1,1,Neutral,0.0,Male,2,1 2,1 2,1 2
avgk,495,284,5,5,Angry,1.0,Female,5,5,5,5
avgk,495,157,7,7,Disgust,1.0,Female,7,7,7,7
avgk,495,316,5,5,Angry,1.0,Female,5,5,5,5
avgk,495,281,3,3,Happy,0.0,Male,8,3 6 8,3 6 8,3 6 8
avgk,495,216,6,3,Happy,1.0,Female,6,3 6 8,3 6 8,3 6
avgk,495,228,5,5,Angry,0.0,Male,5,5,5,5
avgk,495,271,6,6,Fearful,1.0,Female,6,3 6,3 6,3 6
avgk,495,346,2,4,Sad,0.0,Male,2,2 4,2 4,1 2 4
avgk,495,329,5,5,Angry,0.0,Male,5,5,5,5
avgk,495,294,1,3,Happy,1.0,Female,1,1 3 8,1 3 8,1 3 8
avgk,495,172,2,2,Calm,1.0,Female,2,2,2,2
avgk,495,275,2,2,Calm,0.0,Male,2,2,2,1 2
avgk,495,45,1,7,Disgust,1.0,Female,7,7,7,7
avgk,495,197,7,7,Disgust,1.0,Female,7,7,7,7
avgk,495,153,1,1,Neutral,1.0,Female,2,1 2,1 2,1 2
avgk,495,101,7,7,Disgust,0.0,Male,7,5 7,5 7,5 7
avgk,495,222,3,8,Surprised,0.0,Male,8,3 8,3 8,1 3 8
avgk,495,58,1,4,Sad,1.0,Female,2,2,2 4,2
avgk,495,46,5,4,Sad,0.0,Male,4,4,4,2 3 4
avgk,495,12,5,5,Angry,1.0,Female,5,5,5,5
avgk,495,205,4,3,Happy,1.0,Female,1,1 3 4 8,1 3 8,1 3 8
avgk,495,214,8,8,Surprised,0.0,Male,8,3 6 8,3 6 8,3 6 8
avgk,495,235,5,5,Angry,0.0,Male,5,5,5,5
avgk,495,108,2,4,Sad,0.0,Male,2,2 4,2 4,2 4 7
avgk,495,203,7,7,Disgust,1.0,Female,7,5 7,5 7,5 7
avgk,495,30,2,2,Calm,1.0,Female,2,2,2,2
avgk,495,83,3,3,Happy,0.0,Male,3,3 4 6,3 4 6,3 4 6
avgk,495,355,2,4,Sad,1.0,Female,4,2 4,2 4,2 4
avgk,495,110,6,6,Fearful,0.0,Male,6,3 4 6,3 4 6,3 4 6
avgk,495,173,5,6,Fearful,0.0,Male,8,3 5 6 8,3 6 8,3 6 8
avgk,495,60,1,3,Happy,0.0,Male,1,1 2,1 2,1 2 4
avgk,495,76,7,7,Disgust,0.0,Male,7,5 7,7,5 7
avgk,495,134,5,5,Angry,1.0,Female,5,5,5,5
avgk,495,298,8,8,Surprised,0.0,Male,8,1 3 8,1 3 8,1 3 8
avgk,495,100,8,8,Surprised,1.0,Female,8,3 8,3 8,8
avgk,495,102,2,3,Happy,1.0,Female,1,1 2,1 2 4,1 2
avgk,495,142,8,8,Surprised,0.0,Male,8,3 8,8,3 8
avgk,495,7,2,1,Neutral,0.0,Male,2,1 2,1 2,1 2
avgk,495,169,6,6,Fearful,1.0,Female,6,3 6,3 6 8,3 6
avgk,495,123,1,2,Calm,0.0,Male,2,1 2,2,1 2
avgk,495,62,8,8,Surprised,1.0,Female,8,3 8,8,8
avgk,495,274,4,6,Fearful,0.0,Male,3,3 4 6,3 4 6,3 4 6
avgk,495,115,5,5,Angry,0.0,Male,5,5,5,5
avgk,495,341,7,7,Disgust,1.0,Female,7,7,7,7
avgk,495,116,5,7,Disgust,0.0,Male,7,5 7,5 7,5 7
avgk,495,147,1,3,Happy,0.0,Male,1,1 2,1 2,1 2 4
avgk,495,224,3,3,Happy,0.0,Male,4,1 2 3 4,1 2 4,1 2 4
avgk,496,285,4,4,Sad,0.0,Male,4,2 4,2 4,2 4
avgk,496,101,7,7,Disgust,0.0,Male,7,5 7,5 7,5 7
avgk,496,331,1,1,Neutral,0.0,Male,2,1 2,1 2,1 2
avgk,496,290,6,3,Happy,1.0,Female,6,3 6,3 4 6,3 6
avgk,496,339,4,4,Sad,0.0,Male,2,2 4,2 4,1 2 4
avgk,496,244,3,3,Happy,1.0,Female,4,1 3 4 6,1 3 4,1 3 4
avgk,496,214,8,8,Surprised,0.0,Male,8,3 6 8,3 6 8,3 6 8
avgk,496,329,5,5,Angry,0.0,Male,5,5,5,5
avgk,496,262,2,3,Happy,0.0,Male,1,1 2,1 2 4,1 2 4
avgk,496,174,5,5,Angry,0.0,Male,5,5,5,5
avgk,496,64,2,2,Calm,1.0,Female,2,2,2,2
avgk,496,267,1,1,Neutral,0.0,Male,2,1 2,1 2,1 2
avgk,496,321,8,8,Surprised,1.0,Female,8,3 8,3 8,8
avgk,496,352,7,7,Disgust,1.0,Female,7,5 7,5 7,7
avgk,496,123,2,2,Calm,0.0,Male,2,1 2,2,1 2
avgk,496,15,4,4,Sad,1.0,Female,4,2 4,2 4 7,2 4
avgk,496,75,5,5,Angry,0.0,Male,5,5,5,5
avgk,496,197,7,7,Disgust,1.0,Female,7,7,7,7
avgk,496,87,8,8,Surprised,0.0,Male,8,3 8,3 8,3 6 8
avgk,496,268,2,2,Calm,0.0,Male,2,1 2,2,1 2
avgk,496,70,4,2,Calm,0.0,Male,2,2,2,1 2
avgk,496,8,4,8,Surprised,0.0,Male,4,1 2 4,1 2 4,1 2 4
avgk,496,237,5,5,Angry,1.0,Female,5,5,5,5
avgk,496,217,8,8,Surprised,1.0,Female,8,8,8,8
avgk,496,143,7,7,Disgust,0.0,Male,7,7,7,7
avgk,496,192,5,5,Angry,1.0,Female,5,5,5,5
avgk,496,144,1,1,Neutral,0.0,Male,2,1 2,1 2,1 2
avgk,496,10,6,6,Fearful,1.0,Female,6,3 6 8,3 6 8,3 6
avgk,496,122,5,5,Angry,1.0,Female,5,5,5,5
avgk,496,239,8,8,Surprised,0.0,Male,8,3 8,3 8,3 8
avgk,496,180,5,5,Angry,1.0,Female,5,5,5,5
avgk,496,199,4,4,Sad,0.0,Male,4,2 4,2 4,1 2 4
avgk,496,309,6,6,Fearful,0.0,Male,6,3 5 6 8,3 6 8,3 6 8
avgk,496,210,1,1,Neutral,1.0,Female,2,1 2,1 2,1 2
avgk,496,152,6,4,Sad,0.0,Male,4,4,4,2 4
avgk,496,102,2,3,Happy,1.0,Female,1,1 2,1 2 4,1 2
avgk,496,155,2,4,Sad,1.0,Female,2,2,2,2
avgk,496,238,8,8,Surprised,0.0,Male,8,3 8,8,3 8
avgk,496,60,2,3,Happy,0.0,Male,1,1 2,1 2,1 2 4
avgk,496,313,5,5,Angry,0.0,Male,5,5,5,5
avgk,496,153,2,1,Neutral,1.0,Female,2,1 2,1 2,1 2
avgk,496,30,4,2,Calm,1.0,Female,2,2,2,2
avgk,496,243,2,2,Calm,0.0,Male,2,2,2,1 2
avgk,496,274,4,6,Fearful,0.0,Male,3,3 4 6,3 4 6,3 4 6
avgk,496,157,7,7,Disgust,1.0,Female,7,7,7,7
avgk,496,219,7,7,Disgust,0.0,Male,7,7,7,5 7
avgk,496,42,6,6,Fearful,0.0,Male,6,3 6,3 6,3 6 8
avgk,496,21,7,7,Disgust,1.0,Female,7,7,7,7
avgk,496,347,4,4,Sad,0.0,Male,4,1 2 3 4,1 2 4,1 2 4
avgk,496,43,6,6,Fearful,0.0,Male,6,3 6,3 6,3 6 8
avgk,497,68,8,8,Surprised,0.0,Male,8,1 3 4 6 8,3 6 8,3 6 8
avgk,497,281,3,3,Happy,0.0,Male,8,3 6 8,3 6 8,3 6 8
avgk,497,181,4,2,Calm,1.0,Female,2,2,2,2
avgk,497,272,5,5,Angry,1.0,Female,5,5 8,5 8,5 8
avgk,497,220,1,3,Happy,1.0,Female,1,1 2,1 2 4,1 2
avgk,497,78,2,1,Neutral,0.0,Male,2,1 2,1 2,1 2 4
avgk,497,122,5,5,Angry,1.0,Female,5,5,5,5
avgk,497,329,5,5,Angry,0.0,Male,5,5,5,5
avgk,497,276,2,8,Surprised,0.0,Male,8,1 3 8,1 3 8,1 3 8
avgk,497,335,4,6,Fearful,0.0,Male,4,3 4 6,3 4 6,3 4 6
avgk,497,152,4,4,Sad,0.0,Male,4,4,4,2 4
avgk,497,215,4,4,Sad,0.0,Male,4,3 4,3 4,3 4 6
avgk,497,291,7,7,Disgust,1.0,Female,7,5 7,5 7,5 7
avgk,497,24,5,5,Angry,0.0,Male,5,5,5,5
avgk,497,74,2,2,Calm,0.0,Male,2,2,2,1 2
avgk,497,77,1,2,Calm,1.0,Female,2,1 2,2,2
avgk,497,310,7,7,Disgust,1.0,Female,7,5 7,5 7,7
avgk,497,214,6,8,Surprised,0.0,Male,8,3 6 8,3 6 8,3 6 8
avgk,497,290,6,3,Happy,1.0,Female,6,3 6,3 4 6,3 6
avgk,497,45,1,7,Disgust,1.0,Female,7,7,7,7
avgk,497,260,1,3,Happy,0.0,Male,2,1 2,1 2,1 2
avgk,497,271,3,6,Fearful,1.0,Female,6,3 6,3 6,3 6
avgk,497,52,7,7,Disgust,0.0,Male,7,7,7,7
avgk,497,229,4,4,Sad,1.0,Female,4,4,4 6,4
avgk,497,203,7,7,Disgust,1.0,Female,7,5 7,5 7,5 7
avgk,497,172,2,2,Calm,1.0,Female,2,2,2,2
avgk,497,14,3,8,Surprised,0.0,Male,8,3 6 8,3 6 8,3 6 8
avgk,497,354,5,5,Angry,1.0,Female,5,5,5,5
avgk,497,97,8,8,Surprised,0.0,Male,8,1 3 6 8,1 3 8,1 3 8
avgk,497,293,1,3,Happy,0.0,Male,1,1 2,1 2 4,1 2 4
avgk,497,235,5,5,Angry,0.0,Male,5,5,5,5
avgk,497,134,5,5,Angry,1.0,Female,5,5,5,5
avgk,497,300,4,4,Sad,1.0,Female,2,2 4,2 4,2 4
avgk,497,218,1,3,Happy,0.0,Male,1,1 2,1 2 8,1 2 8
avgk,497,4,6,6,Fearful,1.0,Female,6,3 6,3 6 8,3 6
avgk,497,10,6,6,Fearful,1.0,Female,6,3 6 8,3 6 8,3 6
avgk,497,89,3,8,Surprised,1.0,Female,8,3 8,3 8,3 8
avgk,497,187,4,6,Fearful,1.0,Female,6,3 4 6,3 4 6,3 4 6
avgk,497,182,6,3,Happy,1.0,Female,3,3 5 6 8,3 6 8,3 6 8
avgk,497,104,8,3,Happy,0.0,Male,6,3 5 6 8,3 5 6,3 5 6
avgk,497,120,2,7,Disgust,0.0,Male,7,2 4 7,2 4 7,2 4 7
avgk,497,42,6,6,Fearful,0.0,Male,6,3 6,3 6,3 6 8
avgk,497,161,8,8,Surprised,1.0,Female,8,3 8,1 3 8,8
avgk,497,312,2,2,Calm,1.0,Female,2,2,2 4,2
avgk,497,100,3,8,Surprised,1.0,Female,8,3 8,3 8,8
avgk,497,330,2,2,Calm,1.0,Female,2,1 2,1 2,2
avgk,497,194,5,6,Fearful,1.0,Female,6,3 5 6,3 5 6,3 5 6
avgk,497,72,4,4,Sad,1.0,Female,4,4,4,4
avgk,497,320,4,6,Fearful,1.0,Female,4,4,2 4,4
avgk,497,75,5,5,Angry,0.0,Male,5,5,5,5
avgk,498,309,8,6,Fearful,0.0,Male,6,3 5 6 8,3 6 8,3 6 8
avgk,498,117,2,4,Sad,1.0,Female,2,2,2,2
avgk,498,76,7,7,Disgust,0.0,Male,7,5 7,7,5 7
avgk,498,227,6,6,Fearful,1.0,Female,6,3 4 6,3 4 6,3 4 6
avgk,498,262,2,3,Happy,0.0,Male,1,1 2,1 2 4,1 2 4
avgk,498,61,6,6,Fearful,0.0,Male,6,3 6 8,3 6 8,3 6 8
avgk,498,152,3,4,Sad,0.0,Male,4,4,4,2 4
avgk,498,93,8,8,Surprised,1.0,Female,8,3 8,3 8,8
avgk,498,289,2,4,Sad,0.0,Male,4,1 2 4,1 2 4,1 2 4
avgk,498,276,8,8,Surprised,0.0,Male,8,1 3 8,1 3 8,1 3 8
avgk,498,185,6,6,Fearful,1.0,Female,6,3 6,3 6,3 6
avgk,498,329,5,5,Angry,0.0,Male,5,5,5,5
avgk,498,156,4,4,Sad,0.0,Male,4,4,4,2 3 4
avgk,498,115,5,5,Angry,0.0,Male,5,5,5,5
avgk,498,290,6,3,Happy,1.0,Female,6,3 6,3 4 6,3 6
avgk,498,106,7,7,Disgust,0.0,Male,7,7,7,5 7
avgk,498,100,3,8,Surprised,1.0,Female,8,3 8,3 8,8
avgk,498,83,3,3,Happy,0.0,Male,3,3 4 6,3 4 6,3 4 6
avgk,498,154,7,7,Disgust,0.0,Male,7,4 7,2 4 7,2 4 7
avgk,498,80,7,7,Disgust,1.0,Female,7,5 7,5 7,5 7
avgk,498,246,1,3,Happy,1.0,Female,1,1 3 4 8,1 3 4,1 3 4
avgk,498,139,7,6,Fearful,1.0,Female,6,3 6,3 6,3 6
avgk,498,77,2,2,Calm,1.0,Female,2,1 2,2,2
avgk,498,124,8,8,Surprised,0.0,Male,8,3 8,3 8,3 8
avgk,498,188,8,8,Surprised,0.0,Male,8,3 6 8,3 8,3 6 8
avgk,498,196,5,5,Angry,0.0,Male,5,5,5,5
avgk,498,269,2,4,Sad,1.0,Female,2,1 2,1 2,1 2
avgk,498,355,2,4,Sad,1.0,Female,4,2 4,2 4,2 4
avgk,498,99,2,6,Fearful,0.0,Male,4,3 4,3 4,3 4 6
avgk,498,111,2,2,Calm,0.0,Male,2,1 2,2,1 2
avgk,498,88,7,7,Disgust,0.0,Male,5,5 7,5 7,5 7
avgk,498,358,7,3,Happy,1.0,Female,6,3 6 8,3 6 8,3 6 8
avgk,498,301,8,8,Surprised,1.0,Female,8,1 3 8,1 3 8,1 3 8
avgk,498,270,7,3,Happy,1.0,Female,3,3 6 8,3 6 8,3 6 8
avgk,498,73,3,8,Surprised,0.0,Male,3,3 6 8,3 6 8,3 6 8
avgk,498,306,1,2,Calm,1.0,Female,2,2,2,2
avgk,498,191,2,2,Calm,1.0,Female,2,2,2,2
avgk,498,341,7,7,Disgust,1.0,Female,7,7,7,7
avgk,498,171,2,1,Neutral,1.0,Female,2,1 2,1 2,1 2
avgk,498,57,2,2,Calm,0.0,Male,2,2,2,1 2
avgk,498,70,2,2,Calm,0.0,Male,2,2,2,1 2
avgk,498,197,7,7,Disgust,1.0,Female,7,7,7,7
avgk,498,319,1,1,Neutral,1.0,Female,2,1 2,1 2,1 2
avgk,498,296,2,2,Calm,0.0,Male,2,1 2,2,1 2
avgk,498,331,2,1,Neutral,0.0,Male,2,1 2,1 2,1 2
avgk,498,10,6,6,Fearful,1.0,Female,6,3 6 8,3 6 8,3 6
avgk,498,105,6,4,Sad,0.0,Male,4,3 4 6,3 4,3 4 6
avgk,498,5,4,4,Sad,0.0,Male,4,2 4,2 4,2 4
avgk,498,320,4,6,Fearful,1.0,Female,4,4,2 4,4
avgk,498,164,2,2,Calm,1.0,Female,2,1 2,1 2,2
avgk,499,15,4,4,Sad,1.0,Female,4,2 4,2 4 7,2 4
avgk,499,274,4,6,Fearful,0.0,Male,3,3 4 6,3 4 6,3 4 6
avgk,499,60,8,3,Happy,0.0,Male,1,1 2,1 2,1 2 4
avgk,499,197,7,7,Disgust,1.0,Female,7,7,7,7
avgk,499,144,1,1,Neutral,0.0,Male,2,1 2,1 2,1 2
avgk,499,237,5,5,Angry,1.0,Female,5,5,5,5
avgk,499,75,5,5,Angry,0.0,Male,5,5,5,5
avgk,499,42,6,6,Fearful,0.0,Male,6,3 6,3 6,3 6 8
avgk,499,267,2,1,Neutral,0.0,Male,2,1 2,1 2,1 2
avgk,499,321,8,8,Surprised,1.0,Female,8,3 8,3 8,8
avgk,499,214,8,8,Surprised,0.0,Male,8,3 6 8,3 6 8,3 6 8
avgk,499,238,8,8,Surprised,0.0,Male,8,3 8,8,3 8
avgk,499,70,2,2,Calm,0.0,Male,2,2,2,1 2
avgk,499,180,5,5,Angry,1.0,Female,5,5,5,5
avgk,499,122,5,5,Angry,1.0,Female,5,5,5,5
avgk,499,285,4,4,Sad,0.0,Male,4,2 4,2 4,2 4
avgk,499,243,3,2,Calm,0.0,Male,2,2,2,1 2
avgk,499,152,4,4,Sad,0.0,Male,4,4,4,2 4
avgk,499,329,5,5,Angry,0.0,Male,5,5,5,5
avgk,499,64,2,2,Calm,1.0,Female,2,2,2,2
avgk,499,313,5,5,Angry,0.0,Male,5,5,5,5
avgk,499,339,4,4,Sad,0.0,Male,2,2 4,2 4,1 2 4
avgk,499,123,1,2,Calm,0.0,Male,2,1 2,2,1 2
avgk,499,10,6,6,Fearful,1.0,Female,6,3 6 8,3 6 8,3 6
avgk,499,192,5,5,Angry,1.0,Female,5,5,5,5
avgk,499,30,8,2,Calm,1.0,Female,2,2,2,2
avgk,499,21,4,7,Disgust,1.0,Female,7,7,7,7
avgk,499,8,4,8,Surprised,0.0,Male,4,1 2 4,1 2 4,1 2 4
avgk,499,352,4,7,Disgust,1.0,Female,7,5 7,5 7,7
avgk,499,268,8,2,Calm,0.0,Male,2,1 2,2,1 2
avgk,499,219,2,7,Disgust,0.0,Male,7,7,7,5 7
avgk,499,153,2,1,Neutral,1.0,Female,2,1 2,1 2,1 2
avgk,499,290,3,3,Happy,1.0,Female,6,3 6,3 4 6,3 6
avgk,499,157,2,7,Disgust,1.0,Female,7,7,7,7
avgk,499,244,3,3,Happy,1.0,Female,4,1 3 4 6,1 3 4,1 3 4
avgk,499,43,6,6,Fearful,0.0,Male,6,3 6,3 6,3 6 8
avgk,499,174,2,5,Angry,0.0,Male,5,5,5,5
avgk,499,155,2,4,Sad,1.0,Female,2,2,2,2
avgk,499,309,8,6,Fearful,0.0,Male,6,3 5 6 8,3 6 8,3 6 8
avgk,499,199,4,4,Sad,0.0,Male,4,2 4,2 4,1 2 4
avgk,499,210,1,1,Neutral,1.0,Female,2,1 2,1 2,1 2
avgk,499,87,8,8,Surprised,0.0,Male,8,3 8,3 8,3 6 8
avgk,499,239,8,8,Surprised,0.0,Male,8,3 8,3 8,3 8
avgk,499,101,8,7,Disgust,0.0,Male,7,5 7,5 7,5 7
avgk,499,347,2,4,Sad,0.0,Male,4,1 2 3 4,1 2 4,1 2 4
avgk,499,102,2,3,Happy,1.0,Female,1,1 2,1 2 4,1 2
avgk,499,217,8,8,Surprised,1.0,Female,8,8,8,8
avgk,499,331,1,1,Neutral,0.0,Male,2,1 2,1 2,1 2
avgk,499,262,2,3,Happy,0.0,Male,1,1 2,1 2 4,1 2 4
avgk,499,143,4,7,Disgust,0.0,Male,7,7,7,7
marginal,500,257,2,2,Calm,1.0,Female,2,1 2,1 2,1 2
marginal,500,98,6,6,Fearful,0.0,Male,6,3 6,3 4 6,3 4 6
marginal,500,97,8,8,Surprised,0.0,Male,8,1 3 6 8,1 3 8,1 3 8
marginal,500,111,2,2,Calm,0.0,Male,2,1 2,2,1 2
marginal,500,101,7,7,Disgust,0.0,Male,7,5 7,5 7,5 7
marginal,500,1,4,6,Fearful,0.0,Male,4,2 4,2 4,1 2 4
marginal,500,304,7,7,Disgust,0.0,Male,7,7,7,7
marginal,500,32,7,7,Disgust,1.0,Female,7,5 7,7,7
marginal,500,14,8,8,Surprised,0.0,Male,8,3 6 8,3 6 8,3 6 8
marginal,500,275,2,2,Calm,0.0,Male,2,2,2,1 2
marginal,500,251,5,6,Fearful,0.0,Male,6,3 6 8,3 6 8,3 6 8
marginal,500,167,1,1,Neutral,0.0,Male,2,1 2,1 2,1 2
marginal,500,267,2,1,Neutral,0.0,Male,2,1 2,1 2,1 2
marginal,500,349,2,1,Neutral,0.0,Male,2,1 2,1 2,1 2 4
marginal,500,96,2,2,Calm,0.0,Male,2,2,2,1 2
marginal,500,27,7,7,Disgust,1.0,Female,7,7,7,7
marginal,500,206,5,5,Angry,1.0,Female,5,5,5,5
marginal,500,2,6,6,Fearful,1.0,Female,6,3 6,3 6,3 6
marginal,500,121,6,4,Sad,0.0,Male,4,3 4,3 4 6,3 4 6
marginal,500,23,8,8,Surprised,1.0,Female,8,3 8,3 8,3 8
marginal,500,45,7,7,Disgust,1.0,Female,7,7,7,7
marginal,500,313,5,5,Angry,0.0,Male,5,5,5,5
marginal,500,70,2,2,Calm,0.0,Male,2,2,2,1 2
marginal,500,115,5,5,Angry,0.0,Male,5,5,5,5
marginal,500,109,1,1,Neutral,1.0,Female,2,1 2,1 2,1 2
marginal,500,112,3,8,Surprised,0.0,Male,8,3 8,3 8,3 8
marginal,500,198,1,1,Neutral,1.0,Female,2,1 2,1 2,1 2
marginal,500,260,1,3,Happy,0.0,Male,2,1 2,1 2,1 2
marginal,500,114,2,2,Calm,1.0,Female,2,1 2,1 2,2
marginal,500,94,5,5,Angry,1.0,Female,5,5,5,5
marginal,500,47,7,7,Disgust,1.0,Female,7,5 7,7,7
marginal,500,118,3,3,Happy,1.0,Female,1,1 2,1 2 4,1 2
marginal,500,104,6,3,Happy,0.0,Male,6,3 5 6 8,3 5 6,3 5 6
marginal,500,155,4,4,Sad,1.0,Female,2,2,2,2
marginal,500,137,6,6,Fearful,1.0,Female,6,3 4 6,3 4 6,3 4 6
marginal,500,83,3,3,Happy,0.0,Male,3,3 4 6,3 4 6,3 4 6
marginal,500,247,6,4,Sad,1.0,Female,4,3 4 6,3 4,3 4 6
marginal,500,81,8,8,Surprised,1.0,Female,8,3 8,8,8
marginal,500,166,8,3,Happy,0.0,Male,8,3 6 8,3 6 8,3 6 8
marginal,500,233,6,6,Fearful,1.0,Female,6,3 6,3 5 6,3 5 6
marginal,500,357,4,4,Sad,1.0,Female,4,2 4,4,4
marginal,500,212,5,5,Angry,0.0,Male,5,5 8,3 5 8,3 5 8
marginal,500,60,1,3,Happy,0.0,Male,1,1 2,1 2,1 2 4
marginal,500,211,1,2,Calm,0.0,Male,2,2,2,1 2
marginal,500,76,7,7,Disgust,0.0,Male,7,5 7,7,5 7
marginal,500,226,2,4,Sad,0.0,Male,2,2,2,1 2 4
marginal,500,201,5,5,Angry,0.0,Male,5,5,5,5
marginal,500,298,8,8,Surprised,0.0,Male,8,1 3 8,1 3 8,1 3 8
marginal,500,193,5,5,Angry,1.0,Female,5,5,5,5
marginal,500,174,5,5,Angry,0.0,Male,5,5,5,5
marginal,501,357,6,4,Sad,1.0,Female,4,2 4,4,4
marginal,501,137,4,6,Fearful,1.0,Female,6,3 4 6,3 4 6,3 4 6
marginal,501,211,4,2,Calm,0.0,Male,2,2,2,1 2
marginal,501,2,6,6,Fearful,1.0,Female,6,3 6,3 6,3 6
marginal,501,23,8,8,Surprised,1.0,Female,8,3 8,3 8,3 8
marginal,501,233,6,6,Fearful,1.0,Female,6,3 6,3 5 6,3 5 6
marginal,501,114,2,2,Calm,1.0,Female,2,1 2,1 2,2
marginal,501,226,2,4,Sad,0.0,Male,2,2,2,1 2 4
marginal,501,193,5,5,Angry,1.0,Female,5,5,5,5
marginal,501,174,5,5,Angry,0.0,Male,5,5,5,5
marginal,501,257,1,2,Calm,1.0,Female,2,1 2,1 2,1 2
marginal,501,251,6,6,Fearful,0.0,Male,6,3 6 8,3 6 8,3 6 8
marginal,501,167,1,1,Neutral,0.0,Male,2,1 2,1 2,1 2
marginal,501,118,3,3,Happy,1.0,Female,1,1 2,1 2 4,1 2
marginal,501,47,7,7,Disgust,1.0,Female,7,5 7,7,7
marginal,501,198,4,1,Neutral,1.0,Female,2,1 2,1 2,1 2
marginal,501,14,8,8,Surprised,0.0,Male,8,3 6 8,3 6 8,3 6 8
marginal,501,104,3,3,Happy,0.0,Male,6,3 5 6 8,3 5 6,3 5 6
marginal,501,206,7,5,Angry,1.0,Female,5,5,5,5
marginal,501,260,2,3,Happy,0.0,Male,2,1 2,1 2,1 2
marginal,501,121,3,4,Sad,0.0,Male,4,3 4,3 4 6,3 4 6
marginal,501,98,6,6,Fearful,0.0,Male,6,3 6,3 4 6,3 4 6
marginal,501,166,8,3,Happy,0.0,Male,8,3 6 8,3 6 8,3 6 8
marginal,501,83,3,3,Happy,0.0,Male,3,3 4 6,3 4 6,3 4 6
marginal,501,112,8,8,Surprised,0.0,Male,8,3 8,3 8,3 8
marginal,501,96,4,2,Calm,0.0,Male,2,2,2,1 2
marginal,501,267,1,1,Neutral,0.0,Male,2,1 2,1 2,1 2
marginal,501,60,2,3,Happy,0.0,Male,1,1 2,1 2,1 2 4
marginal,501,45,3,7,Disgust,1.0,Female,7,7,7,7
marginal,501,109,1,1,Neutral,1.0,Female,2,1 2,1 2,1 2
marginal,501,97,3,8,Surprised,0.0,Male,8,1 3 6 8,1 3 8,1 3 8
marginal,501,70,2,2,Calm,0.0,Male,2,2,2,1 2
marginal,501,304,8,7,Disgust,0.0,Male,7,7,7,7
marginal,501,32,7,7,Disgust,1.0,Female,7,5 7,7,7
marginal,501,1,1,6,Fearful,0.0,Male,4,2 4,2 4,1 2 4
marginal,501,101,7,7,Disgust,0.0,Male,7,5 7,5 7,5 7
marginal,501,111,2,2,Calm,0.0,Male,2,1 2,2,1 2
marginal,501,27,7,7,Disgust,1.0,Female,7,7,7,7
marginal,501,81,8,8,Surprised,1.0,Female,8,3 8,8,8
marginal,501,94,5,5,Angry,1.0,Female,5,5,5,5
marginal,501,313,5,5,Angry,0.0,Male,5,5,5,5
marginal,501,115,5,5,Angry,0.0,Male,5,5,5,5
marginal,501,298,8,8,Surprised,0.0,Male,8,1 3 8,1 3 8,1 3 8
marginal,501,76,8,7,Disgust,0.0,Male,7,5 7,7,5 7
marginal,501,212,3,5,Angry,0.0,Male,5,5 8,3 5 8,3 5 8
marginal,501,275,2,2,Calm,0.0,Male,2,2,2,1 2
marginal,501,201,5,5,Angry,0.0,Male,5,5,5,5
marginal,501,247,4,4,Sad,1.0,Female,4,3 4 6,3 4,3 4 6
marginal,501,349,2,1,Neutral,0.0,Male,2,1 2,1 2,1 2 4
marginal,501,155,2,4,Sad,1.0,Female,2,2,2,2
marginal,502,135,2,2,Calm,1.0,Female,2,1 2,2,2
marginal,502,214,8,8,Surprised,0.0,Male,8,3 6 8,3 6 8,3 6 8
marginal,502,287,1,4,Sad,0.0,Male,2,1 2 4,1 2 4,1 2 4
marginal,502,188,8,8,Surprised,0.0,Male,8,3 6 8,3 8,3 6 8
marginal,502,110,6,6,Fearful,0.0,Male,6,3 4 6,3 4 6,3 4 6
marginal,502,33,8,8,Surprised,0.0,Male,8,3 8,3 8,3 8
marginal,502,212,8,5,Angry,0.0,Male,5,5 8,3 5 8,3 5 8
marginal,502,96,2,2,Calm,0.0,Male,2,2,2,1 2
marginal,502,197,7,7,Disgust,1.0,Female,7,7,7,7
marginal,502,136,5,5,Angry,1.0,Female,5,5,5,5
marginal,502,160,5,5,Angry,1.0,Female,5,5,5,5
marginal,502,344,6,6,Fearful,1.0,Female,6,3 6,3 4 6,3 6
marginal,502,305,8,8,Surprised,1.0,Female,8,3 8,8,8
marginal,502,351,3,3,Happy,0.0,Male,6,3 6 8,3 6 8,3 6 8
marginal,502,354,5,5,Angry,1.0,Female,5,5,5,5
marginal,502,219,7,7,Disgust,0.0,Male,7,7,7,5 7
marginal,502,155,2,4,Sad,1.0,Female,2,2,2,2
marginal,502,209,2,2,Calm,1.0,Female,2,2,2,2
marginal,502,168,5,5,Angry,1.0,Female,5,5,5,5
marginal,502,80,5,7,Disgust,1.0,Female,7,5 7,5 7,5 7
marginal,502,283,1,1,Neutral,0.0,Male,1,1 2,1 2,1 2 4
marginal,502,23,8,8,Surprised,1.0,Female,8,3 8,3 8,3 8
marginal,502,272,5,5,Angry,1.0,Female,5,5 8,5 8,5 8
marginal,502,289,1,4,Sad,0.0,Male,4,1 2 4,1 2 4,1 2 4
marginal,502,179,6,6,Fearful,0.0,Male,6,3 6,3 6 8,3 6 8
marginal,502,79,6,6,Fearful,1.0,Female,6,3 6,3 6 8,3 6
marginal,502,252,3,3,Happy,0.0,Male,3,3 4 6 8,3 6 8,3 6 8
marginal,502,242,2,2,Calm,1.0,Female,2,2,2,2
marginal,502,350,7,7,Disgust,1.0,Female,7,5 7,5 7,7
marginal,502,82,4,6,Fearful,0.0,Male,4,3 4 6,3 4 6,3 4 6
marginal,502,307,3,3,Happy,1.0,Female,3,3 4 6,3 4 6,3 4 6
marginal,502,355,4,4,Sad,1.0,Female,4,2 4,2 4,2 4
marginal,502,321,8,8,Surprised,1.0,Female,8,3 8,3 8,8
marginal,502,228,5,5,Angry,0.0,Male,5,5,5,5
marginal,502,103,2,2,Calm,0.0,Male,2,2,2,1 2
marginal,502,72,4,4,Sad,1.0,Female,4,4,4,4
marginal,502,177,1,3,Happy,1.0,Female,1,1 2 4,1 2 4,1 2 4
marginal,502,120,4,7,Disgust,0.0,Male,7,2 4 7,2 4 7,2 4 7
marginal,502,44,6,6,Fearful,0.0,Male,3,3 4 6,3 4 6,3 4 6
marginal,502,175,2,2,Calm,1.0,Female,2,1 2,1 2,1 2
marginal,502,319,1,1,Neutral,1.0,Female,2,1 2,1 2,1 2
marginal,502,59,6,6,Fearful,1.0,Female,6,3 4 6,3 4 6,3 4 6
marginal,502,152,4,4,Sad,0.0,Male,4,4,4,2 4
marginal,502,198,2,1,Neutral,1.0,Female,2,1 2,1 2,1 2
marginal,502,5,4,4,Sad,0.0,Male,4,2 4,2 4,2 4
marginal,502,148,2,2,Calm,1.0,Female,2,2,2 4,2
marginal,502,14,8,8,Surprised,0.0,Male,8,3 6 8,3 6 8,3 6 8
marginal,502,218,1,3,Happy,0.0,Male,1,1 2,1 2 8,1 2 8
marginal,502,317,7,7,Disgust,1.0,Female,7,7,7,7
marginal,502,290,6,3,Happy,1.0,Female,6,3 6,3 4 6,3 6
marginal,503,117,2,4,Sad,1.0,Female,2,2,2,2
marginal,503,178,5,5,Angry,1.0,Female,5,5 8,1 5 8,5 8
marginal,503,234,5,5,Angry,1.0,Female,5,5,5,5
marginal,503,143,7,7,Disgust,0.0,Male,7,7,7,7
marginal,503,154,6,7,Disgust,0.0,Male,7,4 7,2 4 7,2 4 7
marginal,503,220,1,3,Happy,1.0,Female,1,1 2,1 2 4,1 2
marginal,503,298,8,8,Surprised,0.0,Male,8,1 3 8,1 3 8,1 3 8
marginal,503,185,6,6,Fearful,1.0,Female,6,3 6,3 6,3 6
marginal,503,190,4,4,Sad,1.0,Female,4,4,4,4
marginal,503,144,1,1,Neutral,0.0,Male,2,1 2,1 2,1 2
marginal,503,232,4,4,Sad,0.0,Male,4,2 4,2 4,1 2 4
marginal,503,141,7,7,Disgust,0.0,Male,7,7,7,2 4 7
marginal,503,160,5,5,Angry,1.0,Female,5,5,5,5
marginal,503,350,7,7,Disgust,1.0,Female,7,5 7,5 7,7
marginal,503,313,5,5,Angry,0.0,Male,5,5,5,5
marginal,503,255,6,6,Fearful,1.0,Female,6,3 4 6,3 4 6,3 6
marginal,503,291,7,7,Disgust,1.0,Female,7,5 7,5 7,5 7
marginal,503,51,8,8,Surprised,0.0,Male,1,1 3 8,1 3 8,1 3 8
marginal,503,114,2,2,Calm,1.0,Female,2,1 2,1 2,2
marginal,503,90,5,5,Angry,1.0,Female,5,2 5 7,2 5 7,2 5 7
marginal,503,82,6,6,Fearful,0.0,Male,4,3 4 6,3 4 6,3 4 6
marginal,503,230,2,2,Calm,0.0,Male,2,2,2,1 2
marginal,503,307,6,3,Happy,1.0,Female,3,3 4 6,3 4 6,3 4 6
marginal,503,69,3,8,Surprised,0.0,Male,8,3 5 6 8,3 6 8,3 6 8
marginal,503,128,7,7,Disgust,1.0,Female,7,7,7,7
marginal,503,148,2,2,Calm,1.0,Female,2,2,2 4,2
marginal,503,318,3,6,Fearful,1.0,Female,6,3 6 8,3 6 8,3 6
marginal,503,249,7,7,Disgust,0.0,Male,7,7,7,7
marginal,503,358,3,3,Happy,1.0,Female,6,3 6 8,3 6 8,3 6 8
marginal,503,283,1,1,Neutral,0.0,Male,1,1 2,1 2,1 2 4
marginal,503,189,1,4,Sad,1.0,Female,2,2 4,1 2 4,2 4
marginal,503,300,2,4,Sad,1.0,Female,2,2 4,2 4,2 4
marginal,503,18,4,4,Sad,0.0,Male,2,1 2 4,1 2 4,1 2 4
marginal,503,174,5,5,Angry,0.0,Male,5,5,5,5
marginal,503,333,1,1,Neutral,0.0,Male,2,1 2,1 2,1 2
marginal,503,67,2,2,Calm,0.0,Male,2,2 4,2 4,2 4 7
marginal,503,226,1,4,Sad,0.0,Male,2,2,2,1 2 4
marginal,503,238,8,8,Surprised,0.0,Male,8,3 8,8,3 8
marginal,503,309,6,6,Fearful,0.0,Male,6,3 5 6 8,3 6 8,3 6 8
marginal,503,180,5,5,Angry,1.0,Female,5,5,5,5
marginal,503,205,1,3,Happy,1.0,Female,1,1 3 4 8,1 3 8,1 3 8
marginal,503,274,4,6,Fearful,0.0,Male,3,3 4 6,3 4 6,3 4 6
marginal,503,106,7,7,Disgust,0.0,Male,7,7,7,5 7
marginal,503,239,8,8,Surprised,0.0,Male,8,3 8,3 8,3 8
marginal,503,281,3,3,Happy,0.0,Male,8,3 6 8,3 6 8,3 6 8
marginal,503,5,4,4,Sad,0.0,Male,4,2 4,2 4,2 4
marginal,503,177,1,3,Happy,1.0,Female,1,1 2 4,1 2 4,1 2 4
marginal,503,288,6,8,Surprised,1.0,Female,8,3 8,3 8,8
marginal,503,247,4,4,Sad,1.0,Female,4,3 4 6,3 4,3 4 6
marginal,503,343,7,5,Angry,1.0,Female,5,5,5,5
marginal,504,274,6,6,Fearful,0.0,Male,3,3 4 6,3 4 6,3 4 6
marginal,504,333,1,1,Neutral,0.0,Male,2,1 2,1 2,1 2
marginal,504,230,2,2,Calm,0.0,Male,2,2,2,1 2
marginal,504,226,1,4,Sad,0.0,Male,2,2,2,1 2 4
marginal,504,18,4,4,Sad,0.0,Male,2,1 2 4,1 2 4,1 2 4
marginal,504,67,4,2,Calm,0.0,Male,2,2 4,2 4,2 4 7
marginal,504,5,4,4,Sad,0.0,Male,4,2 4,2 4,2 4
marginal,504,307,1,3,Happy,1.0,Female,3,3 4 6,3 4 6,3 4 6
marginal,504,189,2,4,Sad,1.0,Female,2,2 4,1 2 4,2 4
marginal,504,82,6,6,Fearful,0.0,Male,4,3 4 6,3 4 6,3 4 6
marginal,504,128,7,7,Disgust,1.0,Female,7,7,7,7
marginal,504,174,5,5,Angry,0.0,Male,5,5,5,5
marginal,504,220,1,3,Happy,1.0,Female,1,1 2,1 2 4,1 2
marginal,504,313,5,5,Angry,0.0,Male,5,5,5,5
marginal,504,281,3,3,Happy,0.0,Male,8,3 6 8,3 6 8,3 6 8
marginal,504,69,8,8,Surprised,0.0,Male,8,3 5 6 8,3 6 8,3 6 8
marginal,504,232,4,4,Sad,0.0,Male,4,2 4,2 4,1 2 4
marginal,504,249,7,7,Disgust,0.0,Male,7,7,7,7
marginal,504,350,7,7,Disgust,1.0,Female,7,5 7,5 7,7
marginal,504,148,2,2,Calm,1.0,Female,2,2,2 4,2
marginal,504,114,1,2,Calm,1.0,Female,2,1 2,1 2,2
marginal,504,205,7,3,Happy,1.0,Female,1,1 3 4 8,1 3 8,1 3 8
marginal,504,238,8,8,Surprised,0.0,Male,8,3 8,8,3 8
marginal,504,288,8,8,Surprised,1.0,Female,8,3 8,3 8,8
marginal,504,154,4,7,Disgust,0.0,Male,7,4 7,2 4 7,2 4 7
marginal,504,51,1,8,Surprised,0.0,Male,1,1 3 8,1 3 8,1 3 8
marginal,504,291,7,7,Disgust,1.0,Female,7,5 7,5 7,5 7
marginal,504,239,8,8,Surprised,0.0,Male,8,3 8,3 8,3 8
marginal,504,180,5,5,Angry,1.0,Female,5,5,5,5
marginal,504,358,3,3,Happy,1.0,Female,6,3 6 8,3 6 8,3 6 8
marginal,504,143,4,7,Disgust,0.0,Male,7,7,7,7
marginal,504,298,8,8,Surprised,0.0,Male,8,1 3 8,1 3 8,1 3 8
marginal,504,318,6,6,Fearful,1.0,Female,6,3 6 8,3 6 8,3 6
marginal,504,234,5,5,Angry,1.0,Female,5,5,5,5
marginal,504,106,7,7,Disgust,0.0,Male,7,7,7,5 7
marginal,504,190,4,4,Sad,1.0,Female,4,4,4,4
marginal,504,255,6,6,Fearful,1.0,Female,6,3 4 6,3 4 6,3 6
marginal,504,283,2,1,Neutral,0.0,Male,1,1 2,1 2,1 2 4
marginal,504,300,4,4,Sad,1.0,Female,2,2 4,2 4,2 4
marginal,504,247,4,4,Sad,1.0,Female,4,3 4 6,3 4,3 4 6
marginal,504,309,6,6,Fearful,0.0,Male,6,3 5 6 8,3 6 8,3 6 8
marginal,504,178,1,5,Angry,1.0,Female,5,5 8,1 5 8,5 8
marginal,504,160,5,5,Angry,1.0,Female,5,5,5,5
marginal,504,343,7,5,Angry,1.0,Female,5,5,5,5
marginal,504,144,1,1,Neutral,0.0,Male,2,1 2,1 2,1 2
marginal,504,117,2,4,Sad,1.0,Female,2,2,2,2
marginal,504,185,6,6,Fearful,1.0,Female,6,3 6,3 6,3 6
marginal,504,141,7,7,Disgust,0.0,Male,7,7,7,2 4 7
marginal,504,177,2,3,Happy,1.0,Female,1,1 2 4,1 2 4,1 2 4
marginal,504,90,7,5,Angry,1.0,Female,5,2 5 7,2 5 7,2 5 7
marginal,505,5,4,4,Sad,0.0,Male,4,2 4,2 4,2 4
marginal,505,219,7,7,Disgust,0.0,Male,7,7,7,5 7
marginal,505,344,6,6,Fearful,1.0,Female,6,3 6,3 4 6,3 6
marginal,505,82,2,6,Fearful,0.0,Male,4,3 4 6,3 4 6,3 4 6
marginal,505,214,6,8,Surprised,0.0,Male,8,3 6 8,3 6 8,3 6 8
marginal,505,242,2,2,Calm,1.0,Female,2,2,2,2
marginal,505,96,1,2,Calm,0.0,Male,2,2,2,1 2
marginal,505,317,7,7,Disgust,1.0,Female,7,7,7,7
marginal,505,252,5,3,Happy,0.0,Male,3,3 4 6 8,3 6 8,3 6 8
marginal,505,228,2,5,Angry,0.0,Male,5,5,5,5
marginal,505,209,1,2,Calm,1.0,Female,2,2,2,2
marginal,505,283,2,1,Neutral,0.0,Male,1,1 2,1 2,1 2 4
marginal,505,321,3,8,Surprised,1.0,Female,8,3 8,3 8,8
marginal,505,272,5,5,Angry,1.0,Female,5,5 8,5 8,5 8
marginal,505,33,3,8,Surprised,0.0,Male,8,3 8,3 8,3 8
marginal,505,350,7,7,Disgust,1.0,Female,7,5 7,5 7,7
marginal,505,72,4,4,Sad,1.0,Female,4,4,4,4
marginal,505,188,8,8,Surprised,0.0,Male,8,3 6 8,3 8,3 6 8
marginal,505,305,8,8,Surprised,1.0,Female,8,3 8,8,8
marginal,505,175,2,2,Calm,1.0,Female,2,1 2,1 2,1 2
marginal,505,197,7,7,Disgust,1.0,Female,7,7,7,7
marginal,505,198,2,1,Neutral,1.0,Female,2,1 2,1 2,1 2
marginal,505,355,6,4,Sad,1.0,Female,4,2 4,2 4,2 4
marginal,505,218,2,3,Happy,0.0,Male,1,1 2,1 2 8,1 2 8
marginal,505,290,3,3,Happy,1.0,Female,6,3 6,3 4 6,3 6
marginal,505,148,2,2,Calm,1.0,Female,2,2,2 4,2
marginal,505,135,2,2,Calm,1.0,Female,2,1 2,2,2
marginal,505,14,8,8,Surprised,0.0,Male,8,3 6 8,3 6 8,3 6 8
marginal,505,354,5,5,Angry,1.0,Female,5,5,5,5
marginal,505,212,3,5,Angry,0.0,Male,5,5 8,3 5 8,3 5 8
marginal,505,103,2,2,Calm,0.0,Male,2,2,2,1 2
marginal,505,287,1,4,Sad,0.0,Male,2,1 2 4,1 2 4,1 2 4
marginal,505,289,4,4,Sad,0.0,Male,4,1 2 4,1 2 4,1 2 4
marginal,505,351,6,3,Happy,0.0,Male,6,3 6 8,3 6 8,3 6 8
marginal,505,80,7,7,Disgust,1.0,Female,7,5 7,5 7,5 7
marginal,505,168,5,5,Angry,1.0,Female,5,5,5,5
marginal,505,307,5,3,Happy,1.0,Female,3,3 4 6,3 4 6,3 4 6
marginal,505,179,6,6,Fearful,0.0,Male,6,3 6,3 6 8,3 6 8
marginal,505,110,4,6,Fearful,0.0,Male,6,3 4 6,3 4 6,3 4 6
marginal,505,319,1,1,Neutral,1.0,Female,2,1 2,1 2,1 2
marginal,505,23,8,8,Surprised,1.0,Female,8,3 8,3 8,3 8
marginal,505,152,4,4,Sad,0.0,Male,4,4,4,2 4
marginal,505,120,2,7,Disgust,0.0,Male,7,2 4 7,2 4 7,2 4 7
marginal,505,136,5,5,Angry,1.0,Female,5,5,5,5
marginal,505,79,6,6,Fearful,1.0,Female,6,3 6,3 6 8,3 6
marginal,505,59,6,6,Fearful,1.0,Female,6,3 4 6,3 4 6,3 4 6
marginal,505,177,2,3,Happy,1.0,Female,1,1 2 4,1 2 4,1 2 4
marginal,505,155,2,4,Sad,1.0,Female,2,2,2,2
marginal,505,44,6,6,Fearful,0.0,Male,3,3 4 6,3 4 6,3 4 6
marginal,505,160,5,5,Angry,1.0,Female,5,5,5,5
marginal,506,72,4,4,Sad,1.0,Female,4,4,4,4
marginal,506,272,5,5,Angry,1.0,Female,5,5 8,5 8,5 8
marginal,506,283,1,1,Neutral,0.0,Male,1,1 2,1 2,1 2 4
marginal,506,354,5,5,Angry,1.0,Female,5,5,5,5
marginal,506,197,7,7,Disgust,1.0,Female,7,7,7,7
marginal,506,198,2,1,Neutral,1.0,Female,2,1 2,1 2,1 2
marginal,506,110,6,6,Fearful,0.0,Male,6,3 4 6,3 4 6,3 4 6
marginal,506,209,2,2,Calm,1.0,Female,2,2,2,2
marginal,506,290,3,3,Happy,1.0,Female,6,3 6,3 4 6,3 6
marginal,506,152,3,4,Sad,0.0,Male,4,4,4,2 4
marginal,506,321,8,8,Surprised,1.0,Female,8,3 8,3 8,8
marginal,506,96,2,2,Calm,0.0,Male,2,2,2,1 2
marginal,506,344,6,6,Fearful,1.0,Female,6,3 6,3 4 6,3 6
marginal,506,155,4,4,Sad,1.0,Female,2,2,2,2
marginal,506,317,7,7,Disgust,1.0,Female,7,7,7,7
marginal,506,177,1,3,Happy,1.0,Female,1,1 2 4,1 2 4,1 2 4
marginal,506,14,6,8,Surprised,0.0,Male,8,3 6 8,3 6 8,3 6 8
marginal,506,23,8,8,Surprised,1.0,Female,8,3 8,3 8,3 8
marginal,506,148,4,2,Calm,1.0,Female,2,2,2 4,2
marginal,506,228,5,5,Angry,0.0,Male,5,5,5,5
marginal,506,33,8,8,Surprised,0.0,Male,8,3 8,3 8,3 8
marginal,506,307,3,3,Happy,1.0,Female,3,3 4 6,3 4 6,3 4 6
marginal,506,188,8,8,Surprised,0.0,Male,8,3 6 8,3 8,3 6 8
marginal,506,351,3,3,Happy,0.0,Male,6,3 6 8,3 6 8,3 6 8
marginal,506,160,5,5,Angry,1.0,Female,5,5,5,5
marginal,506,103,2,2,Calm,0.0,Male,2,2,2,1 2
marginal,506,82,1,6,Fearful,0.0,Male,4,3 4 6,3 4 6,3 4 6
marginal,506,44,6,6,Fearful,0.0,Male,3,3 4 6,3 4 6,3 4 6
marginal,506,179,6,6,Fearful,0.0,Male,6,3 6,3 6 8,3 6 8
marginal,506,287,1,4,Sad,0.0,Male,2,1 2 4,1 2 4,1 2 4
marginal,506,319,1,1,Neutral,1.0,Female,2,1 2,1 2,1 2
marginal,506,212,5,5,Angry,0.0,Male,5,5 8,3 5 8,3 5 8
marginal,506,350,7,7,Disgust,1.0,Female,7,5 7,5 7,7
marginal,506,59,6,6,Fearful,1.0,Female,6,3 4 6,3 4 6,3 4 6
marginal,506,168,5,5,Angry,1.0,Female,5,5,5,5
marginal,506,136,5,5,Angry,1.0,Female,5,5,5,5
marginal,506,355,4,4,Sad,1.0,Female,4,2 4,2 4,2 4
marginal,506,175,1,2,Calm,1.0,Female,2,1 2,1 2,1 2
marginal,506,289,5,4,Sad,0.0,Male,4,1 2 4,1 2 4,1 2 4
marginal,506,242,2,2,Calm,1.0,Female,2,2,2,2
marginal,506,305,8,8,Surprised,1.0,Female,8,3 8,8,8
marginal,506,120,7,7,Disgust,0.0,Male,7,2 4 7,2 4 7,2 4 7
marginal,506,79,6,6,Fearful,1.0,Female,6,3 6,3 6 8,3 6
marginal,506,218,1,3,Happy,0.0,Male,1,1 2,1 2 8,1 2 8
marginal,506,252,6,3,Happy,0.0,Male,3,3 4 6 8,3 6 8,3 6 8
marginal,506,80,7,7,Disgust,1.0,Female,7,5 7,5 7,5 7
marginal,506,214,8,8,Surprised,0.0,Male,8,3 6 8,3 6 8,3 6 8
marginal,506,5,4,4,Sad,0.0,Male,4,2 4,2 4,2 4
marginal,506,135,2,2,Calm,1.0,Female,2,1 2,2,2
marginal,506,219,5,7,Disgust,0.0,Male,7,7,7,5 7
marginal,507,350,7,7,Disgust,1.0,Female,7,5 7,5 7,7
marginal,507,228,5,5,Angry,0.0,Male,5,5,5,5
marginal,507,218,8,3,Happy,0.0,Male,1,1 2,1 2 8,1 2 8
marginal,507,152,4,4,Sad,0.0,Male,4,4,4,2 4
marginal,507,252,4,3,Happy,0.0,Male,3,3 4 6 8,3 6 8,3 6 8
marginal,507,289,4,4,Sad,0.0,Male,4,1 2 4,1 2 4,1 2 4
marginal,507,307,3,3,Happy,1.0,Female,3,3 4 6,3 4 6,3 4 6
marginal,507,305,8,8,Surprised,1.0,Female,8,3 8,8,8
marginal,507,14,8,8,Surprised,0.0,Male,8,3 6 8,3 6 8,3 6 8
marginal,507,179,6,6,Fearful,0.0,Male,6,3 6,3 6 8,3 6 8
marginal,507,160,5,5,Angry,1.0,Female,5,5,5,5
marginal,507,23,8,8,Surprised,1.0,Female,8,3 8,3 8,3 8
marginal,507,272,5,5,Angry,1.0,Female,5,5 8,5 8,5 8
marginal,507,82,6,6,Fearful,0.0,Male,4,3 4 6,3 4 6,3 4 6
marginal,507,290,3,3,Happy,1.0,Female,6,3 6,3 4 6,3 6
marginal,507,354,5,5,Angry,1.0,Female,5,5,5,5
marginal,507,59,6,6,Fearful,1.0,Female,6,3 4 6,3 4 6,3 4 6
marginal,507,175,1,2,Calm,1.0,Female,2,1 2,1 2,1 2
marginal,507,79,6,6,Fearful,1.0,Female,6,3 6,3 6 8,3 6
marginal,507,355,4,4,Sad,1.0,Female,4,2 4,2 4,2 4
marginal,507,44,6,6,Fearful,0.0,Male,3,3 4 6,3 4 6,3 4 6
marginal,507,283,2,1,Neutral,0.0,Male,1,1 2,1 2,1 2 4
marginal,507,351,6,3,Happy,0.0,Male,6,3 6 8,3 6 8,3 6 8
marginal,507,168,5,5,Angry,1.0,Female,5,5,5,5
marginal,507,110,6,6,Fearful,0.0,Male,6,3 4 6,3 4 6,3 4 6
marginal,507,214,8,8,Surprised,0.0,Male,8,3 6 8,3 6 8,3 6 8
marginal,507,96,2,2,Calm,0.0,Male,2,2,2,1 2
marginal,507,319,1,1,Neutral,1.0,Female,2,1 2,1 2,1 2
marginal,507,72,4,4,Sad,1.0,Female,4,4,4,4
marginal,507,212,5,5,Angry,0.0,Male,5,5 8,3 5 8,3 5 8
marginal,507,136,5,5,Angry,1.0,Female,5,5,5,5
marginal,507,177,1,3,Happy,1.0,Female,1,1 2 4,1 2 4,1 2 4
marginal,507,148,2,2,Calm,1.0,Female,2,2,2 4,2
marginal,507,80,7,7,Disgust,1.0,Female,7,5 7,5 7,5 7
marginal,507,219,7,7,Disgust,0.0,Male,7,7,7,5 7
marginal,507,135,2,2,Calm,1.0,Female,2,1 2,2,2
marginal,507,103,2,2,Calm,0.0,Male,2,2,2,1 2
marginal,507,33,8,8,Surprised,0.0,Male,8,3 8,3 8,3 8
marginal,507,198,1,1,Neutral,1.0,Female,2,1 2,1 2,1 2
marginal,507,197,7,7,Disgust,1.0,Female,7,7,7,7
marginal,507,242,2,2,Calm,1.0,Female,2,2,2,2
marginal,507,155,2,4,Sad,1.0,Female,2,2,2,2
marginal,507,120,2,7,Disgust,0.0,Male,7,2 4 7,2 4 7,2 4 7
marginal,507,5,4,4,Sad,0.0,Male,4,2 4,2 4,2 4
marginal,507,344,6,6,Fearful,1.0,Female,6,3 6,3 4 6,3 6
marginal,507,287,4,4,Sad,0.0,Male,2,1 2 4,1 2 4,1 2 4
marginal,507,321,8,8,Surprised,1.0,Female,8,3 8,3 8,8
marginal,507,188,8,8,Surprised,0.0,Male,8,3 6 8,3 8,3 6 8
marginal,507,317,7,7,Disgust,1.0,Female,7,7,7,7
marginal,507,209,2,2,Calm,1.0,Female,2,2,2,2
marginal,508,141,7,7,Disgust,0.0,Male,7,7,7,2 4 7
marginal,508,128,7,7,Disgust,1.0,Female,7,7,7,7
marginal,508,239,8,8,Surprised,0.0,Male,8,3 8,3 8,3 8
marginal,508,291,7,7,Disgust,1.0,Female,7,5 7,5 7,5 7
marginal,508,274,4,6,Fearful,0.0,Male,3,3 4 6,3 4 6,3 4 6
marginal,508,90,5,5,Angry,1.0,Female,5,2 5 7,2 5 7,2 5 7
marginal,508,358,3,3,Happy,1.0,Female,6,3 6 8,3 6 8,3 6 8
marginal,508,180,5,5,Angry,1.0,Female,5,5,5,5
marginal,508,174,5,5,Angry,0.0,Male,5,5,5,5
marginal,508,18,4,4,Sad,0.0,Male,2,1 2 4,1 2 4,1 2 4
marginal,508,144,2,1,Neutral,0.0,Male,2,1 2,1 2,1 2
marginal,508,255,6,6,Fearful,1.0,Female,6,3 4 6,3 4 6,3 6
marginal,508,281,3,3,Happy,0.0,Male,8,3 6 8,3 6 8,3 6 8
marginal,508,106,7,7,Disgust,0.0,Male,7,7,7,5 7
marginal,508,318,6,6,Fearful,1.0,Female,6,3 6 8,3 6 8,3 6
marginal,508,114,2,2,Calm,1.0,Female,2,1 2,1 2,2
marginal,508,283,4,1,Neutral,0.0,Male,1,1 2,1 2,1 2 4
marginal,508,249,1,7,Disgust,0.0,Male,7,7,7,7
marginal,508,82,4,6,Fearful,0.0,Male,4,3 4 6,3 4 6,3 4 6
marginal,508,5,4,4,Sad,0.0,Male,4,2 4,2 4,2 4
marginal,508,143,7,7,Disgust,0.0,Male,7,7,7,7
marginal,508,238,8,8,Surprised,0.0,Male,8,3 8,8,3 8
marginal,508,190,4,4,Sad,1.0,Female,4,4,4,4
marginal,508,117,2,4,Sad,1.0,Female,2,2,2,2
marginal,508,313,5,5,Angry,0.0,Male,5,5,5,5
marginal,508,307,5,3,Happy,1.0,Female,3,3 4 6,3 4 6,3 4 6
marginal,508,247,4,4,Sad,1.0,Female,4,3 4 6,3 4,3 4 6
marginal,508,343,7,5,Angry,1.0,Female,5,5,5,5
marginal,508,51,1,8,Surprised,0.0,Male,1,1 3 8,1 3 8,1 3 8
marginal,508,160,5,5,Angry,1.0,Female,5,5,5,5
marginal,508,189,4,4,Sad,1.0,Female,2,2 4,1 2 4,2 4
marginal,508,178,8,5,Angry,1.0,Female,5,5 8,1 5 8,5 8
marginal,508,154,8,7,Disgust,0.0,Male,7,4 7,2 4 7,2 4 7
marginal,508,226,2,4,Sad,0.0,Male,2,2,2,1 2 4
marginal,508,298,8,8,Surprised,0.0,Male,8,1 3 8,1 3 8,1 3 8
marginal,508,300,2,4,Sad,1.0,Female,2,2 4,2 4,2 4
marginal,508,234,5,5,Angry,1.0,Female,5,5,5,5
marginal,508,67,4,2,Calm,0.0,Male,2,2 4,2 4,2 4 7
marginal,508,288,8,8,Surprised,1.0,Female,8,3 8,3 8,8
marginal,508,333,2,1,Neutral,0.0,Male,2,1 2,1 2,1 2
marginal,508,205,3,3,Happy,1.0,Female,1,1 3 4 8,1 3 8,1 3 8
marginal,508,350,7,7,Disgust,1.0,Female,7,5 7,5 7,7
marginal,508,220,3,3,Happy,1.0,Female,1,1 2,1 2 4,1 2
marginal,508,148,1,2,Calm,1.0,Female,2,2,2 4,2
marginal,508,69,3,8,Surprised,0.0,Male,8,3 5 6 8,3 6 8,3 6 8
marginal,508,230,4,2,Calm,0.0,Male,2,2,2,1 2
marginal,508,309,6,6,Fearful,0.0,Male,6,3 5 6 8,3 6 8,3 6 8
marginal,508,232,4,4,Sad,0.0,Male,4,2 4,2 4,1 2 4
marginal,508,185,6,6,Fearful,1.0,Female,6,3 6,3 6,3 6
marginal,508,177,3,3,Happy,1.0,Female,1,1 2 4,1 2 4,1 2 4
marginal,509,304,7,7,Disgust,0.0,Male,7,7,7,7
marginal,509,60,2,3,Happy,0.0,Male,1,1 2,1 2,1 2 4
marginal,509,111,1,2,Calm,0.0,Male,2,1 2,2,1 2
marginal,509,251,6,6,Fearful,0.0,Male,6,3 6 8,3 6 8,3 6 8
marginal,509,32,7,7,Disgust,1.0,Female,7,5 7,7,7
marginal,509,198,1,1,Neutral,1.0,Female,2,1 2,1 2,1 2
marginal,509,257,2,2,Calm,1.0,Female,2,1 2,1 2,1 2
marginal,509,114,2,2,Calm,1.0,Female,2,1 2,1 2,2
marginal,509,298,8,8,Surprised,0.0,Male,8,1 3 8,1 3 8,1 3 8
marginal,509,96,2,2,Calm,0.0,Male,2,2,2,1 2
marginal,509,97,3,8,Surprised,0.0,Male,8,1 3 6 8,1 3 8,1 3 8
marginal,509,2,6,6,Fearful,1.0,Female,6,3 6,3 6,3 6
marginal,509,83,3,3,Happy,0.0,Male,3,3 4 6,3 4 6,3 4 6
marginal,509,155,4,4,Sad,1.0,Female,2,2,2,2
marginal,509,166,3,3,Happy,0.0,Male,8,3 6 8,3 6 8,3 6 8
marginal,509,101,7,7,Disgust,0.0,Male,7,5 7,5 7,5 7
marginal,509,121,6,4,Sad,0.0,Male,4,3 4,3 4 6,3 4 6
marginal,509,174,5,5,Angry,0.0,Male,5,5,5,5
marginal,509,104,3,3,Happy,0.0,Male,6,3 5 6 8,3 5 6,3 5 6
marginal,509,349,2,1,Neutral,0.0,Male,2,1 2,1 2,1 2 4
marginal,509,45,7,7,Disgust,1.0,Female,7,7,7,7
marginal,509,313,5,5,Angry,0.0,Male,5,5,5,5
marginal,509,47,8,7,Disgust,1.0,Female,7,5 7,7,7
marginal,509,233,6,6,Fearful,1.0,Female,6,3 6,3 5 6,3 5 6
marginal,509,27,7,7,Disgust,1.0,Female,7,7,7,7
marginal,509,212,8,5,Angry,0.0,Male,5,5 8,3 5 8,3 5 8
marginal,509,267,1,1,Neutral,0.0,Male,2,1 2,1 2,1 2
marginal,509,137,6,6,Fearful,1.0,Female,6,3 4 6,3 4 6,3 4 6
marginal,509,247,4,4,Sad,1.0,Female,4,3 4 6,3 4,3 4 6
marginal,509,1,2,6,Fearful,0.0,Male,4,2 4,2 4,1 2 4
marginal,509,260,1,3,Happy,0.0,Male,2,1 2,1 2,1 2
marginal,509,275,2,2,Calm,0.0,Male,2,2,2,1 2
marginal,509,357,4,4,Sad,1.0,Female,4,2 4,4,4
marginal,509,118,2,3,Happy,1.0,Female,1,1 2,1 2 4,1 2
marginal,509,70,2,2,Calm,0.0,Male,2,2,2,1 2
marginal,509,112,8,8,Surprised,0.0,Male,8,3 8,3 8,3 8
marginal,509,23,8,8,Surprised,1.0,Female,8,3 8,3 8,3 8
marginal,509,211,2,2,Calm,0.0,Male,2,2,2,1 2
marginal,509,193,7,5,Angry,1.0,Female,5,5,5,5
marginal,509,167,1,1,Neutral,0.0,Male,2,1 2,1 2,1 2
marginal,509,206,7,5,Angry,1.0,Female,5,5,5,5
marginal,509,226,2,4,Sad,0.0,Male,2,2,2,1 2 4
marginal,509,115,5,5,Angry,0.0,Male,5,5,5,5
marginal,509,76,7,7,Disgust,0.0,Male,7,5 7,7,5 7
marginal,509,98,6,6,Fearful,0.0,Male,6,3 6,3 4 6,3 4 6
marginal,509,81,8,8,Surprised,1.0,Female,8,3 8,8,8
marginal,509,14,6,8,Surprised,0.0,Male,8,3 6 8,3 6 8,3 6 8
marginal,509,201,5,5,Angry,0.0,Male,5,5,5,5
marginal,509,94,5,5,Angry,1.0,Female,5,5,5,5
marginal,509,109,1,1,Neutral,1.0,Female,2,1 2,1 2,1 2
marginal,510,300,2,4,Sad,1.0,Female,2,2 4,2 4,2 4
marginal,510,215,4,4,Sad,0.0,Male,4,3 4,3 4,3 4 6
marginal,510,97,1,8,Surprised,0.0,Male,8,1 3 6 8,1 3 8,1 3 8
marginal,510,181,2,2,Calm,1.0,Female,2,2,2,2
marginal,510,214,6,8,Surprised,0.0,Male,8,3 6 8,3 6 8,3 6 8
marginal,510,120,1,7,Disgust,0.0,Male,7,2 4 7,2 4 7,2 4 7
marginal,510,281,3,3,Happy,0.0,Male,8,3 6 8,3 6 8,3 6 8
marginal,510,276,1,8,Surprised,0.0,Male,8,1 3 8,1 3 8,1 3 8
marginal,510,312,2,2,Calm,1.0,Female,2,2,2 4,2
marginal,510,320,6,6,Fearful,1.0,Female,4,4,2 4,4
marginal,510,74,2,2,Calm,0.0,Male,2,2,2,1 2
marginal,510,104,6,3,Happy,0.0,Male,6,3 5 6 8,3 5 6,3 5 6
marginal,510,89,8,8,Surprised,1.0,Female,8,3 8,3 8,3 8
marginal,510,194,6,6,Fearful,1.0,Female,6,3 5 6,3 5 6,3 5 6
marginal,510,182,8,3,Happy,1.0,Female,3,3 5 6 8,3 6 8,3 6 8
marginal,510,152,4,4,Sad,0.0,Male,4,4,4,2 4
marginal,510,78,1,1,Neutral,0.0,Male,2,1 2,1 2,1 2 4
marginal,510,354,7,5,Angry,1.0,Female,5,5,5,5
marginal,510,291,7,7,Disgust,1.0,Female,7,5 7,5 7,5 7
marginal,510,203,7,7,Disgust,1.0,Female,7,5 7,5 7,5 7
marginal,510,271,6,6,Fearful,1.0,Female,6,3 6,3 6,3 6
marginal,510,52,7,7,Disgust,0.0,Male,7,7,7,7
marginal,510,310,7,7,Disgust,1.0,Female,7,5 7,5 7,7
marginal,510,72,4,4,Sad,1.0,Female,4,4,4,4
marginal,510,68,1,8,Surprised,0.0,Male,8,1 3 4 6 8,3 6 8,3 6 8
marginal,510,335,5,6,Fearful,0.0,Male,4,3 4 6,3 4 6,3 4 6
marginal,510,42,6,6,Fearful,0.0,Male,6,3 6,3 6,3 6 8
marginal,510,329,5,5,Angry,0.0,Male,5,5,5,5
marginal,510,272,5,5,Angry,1.0,Female,5,5 8,5 8,5 8
marginal,510,172,2,2,Calm,1.0,Female,2,2,2,2
marginal,510,134,5,5,Angry,1.0,Female,5,5,5,5
marginal,510,218,1,3,Happy,0.0,Male,1,1 2,1 2 8,1 2 8
marginal,510,260,1,3,Happy,0.0,Male,2,1 2,1 2,1 2
marginal,510,229,4,4,Sad,1.0,Female,4,4,4 6,4
marginal,510,4,6,6,Fearful,1.0,Female,6,3 6,3 6 8,3 6
marginal,510,235,5,5,Angry,0.0,Male,5,5,5,5
marginal,510,77,2,2,Calm,1.0,Female,2,1 2,2,2
marginal,510,330,1,2,Calm,1.0,Female,2,1 2,1 2,2
marginal,510,161,8,8,Surprised,1.0,Female,8,3 8,1 3 8,8
marginal,510,45,7,7,Disgust,1.0,Female,7,7,7,7
marginal,510,293,1,3,Happy,0.0,Male,1,1 2,1 2 4,1 2 4
marginal,510,100,3,8,Surprised,1.0,Female,8,3 8,3 8,8
marginal,510,10,6,6,Fearful,1.0,Female,6,3 6 8,3 6 8,3 6
marginal,510,24,5,5,Angry,0.0,Male,5,5,5,5
marginal,510,290,3,3,Happy,1.0,Female,6,3 6,3 4 6,3 6
marginal,510,187,6,6,Fearful,1.0,Female,6,3 4 6,3 4 6,3 4 6
marginal,510,220,3,3,Happy,1.0,Female,1,1 2,1 2 4,1 2
marginal,510,14,8,8,Surprised,0.0,Male,8,3 6 8,3 6 8,3 6 8
marginal,510,75,5,5,Angry,0.0,Male,5,5,5,5
marginal,510,122,5,5,Angry,1.0,Female,5,5,5,5
marginal,511,188,8,8,Surprised,0.0,Male,8,3 6 8,3 8,3 6 8
marginal,511,199,2,4,Sad,0.0,Male,4,2 4,2 4,1 2 4
marginal,511,319,1,1,Neutral,1.0,Female,2,1 2,1 2,1 2
marginal,511,91,2,3,Happy,1.0,Female,1,1 2 3 4,1 2 4,1 2 4
marginal,511,154,4,7,Disgust,0.0,Male,7,4 7,2 4 7,2 4 7
marginal,511,76,7,7,Disgust,0.0,Male,7,5 7,7,5 7
marginal,511,103,2,2,Calm,0.0,Male,2,2,2,1 2
marginal,511,178,5,5,Angry,1.0,Female,5,5 8,1 5 8,5 8
marginal,511,307,3,3,Happy,1.0,Female,3,3 4 6,3 4 6,3 4 6
marginal,511,84,3,3,Happy,1.0,Female,5,3 5,3 5 6,5
marginal,511,37,6,6,Fearful,1.0,Female,6,3 5 6 8,3 6 8,3 6 8
marginal,511,152,4,4,Sad,0.0,Male,4,4,4,2 4
marginal,511,316,5,5,Angry,1.0,Female,5,5,5,5
marginal,511,141,7,7,Disgust,0.0,Male,7,7,7,2 4 7
marginal,511,39,1,1,Neutral,1.0,Female,2,1 2,1 2,1 2
marginal,511,245,5,5,Angry,1.0,Female,5,5,5,5
marginal,511,19,2,3,Happy,0.0,Male,1,1 2,1 2 4,1 2 4
marginal,511,352,7,7,Disgust,1.0,Female,7,5 7,5 7,7
marginal,511,299,6,6,Fearful,1.0,Female,8,3 6 8,3 6 8,3 6 8
marginal,511,130,8,8,Surprised,1.0,Female,8,3 8,8,8
marginal,511,223,4,4,Sad,1.0,Female,4,4,4,4
marginal,511,26,6,5,Angry,0.0,Male,5,5,5,5
marginal,511,173,5,6,Fearful,0.0,Male,8,3 5 6 8,3 6 8,3 6 8
marginal,511,289,2,4,Sad,0.0,Male,4,1 2 4,1 2 4,1 2 4
marginal,511,35,2,2,Calm,0.0,Male,2,2,2,1 2 4
marginal,511,97,3,8,Surprised,0.0,Male,8,1 3 6 8,1 3 8,1 3 8
marginal,511,194,6,6,Fearful,1.0,Female,6,3 5 6,3 5 6,3 5 6
marginal,511,257,1,2,Calm,1.0,Female,2,1 2,1 2,1 2
marginal,511,242,2,2,Calm,1.0,Female,2,2,2,2
marginal,511,174,5,5,Angry,0.0,Male,5,5,5,5
marginal,511,62,8,8,Surprised,1.0,Female,8,3 8,8,8
marginal,511,318,6,6,Fearful,1.0,Female,6,3 6 8,3 6 8,3 6
marginal,511,47,7,7,Disgust,1.0,Female,7,5 7,7,7
marginal,511,215,4,4,Sad,0.0,Male,4,3 4,3 4,3 4 6
marginal,511,210,1,1,Neutral,1.0,Female,2,1 2,1 2,1 2
marginal,511,160,5,5,Angry,1.0,Female,5,5,5,5
marginal,511,298,8,8,Surprised,0.0,Male,8,1 3 8,1 3 8,1 3 8
marginal,511,202,4,4,Sad,0.0,Male,2,2 4,2 4,1 2 4
marginal,511,267,2,1,Neutral,0.0,Male,2,1 2,1 2,1 2
marginal,511,233,6,6,Fearful,1.0,Female,6,3 6,3 5 6,3 5 6
marginal,511,1,4,6,Fearful,0.0,Male,4,2 4,2 4,1 2 4
marginal,511,129,8,4,Sad,1.0,Female,2,2,2,2
marginal,511,197,7,7,Disgust,1.0,Female,7,7,7,7
marginal,511,113,2,2,Calm,1.0,Female,2,2,2,2
marginal,511,111,2,2,Calm,0.0,Male,2,1 2,2,1 2
marginal,511,105,4,4,Sad,0.0,Male,4,3 4 6,3 4,3 4 6
marginal,511,328,8,8,Surprised,1.0,Female,1,1 2 8,1 2 8,1 2 8
marginal,511,236,3,3,Happy,1.0,Female,3,3 4 6,3 4 6,3 4 6
marginal,511,268,2,2,Calm,0.0,Male,2,1 2,2,1 2
marginal,511,207,7,7,Disgust,0.0,Male,7,7,7,7
marginal,512,247,4,4,Sad,1.0,Female,4,3 4 6,3 4,3 4 6
marginal,512,304,7,7,Disgust,0.0,Male,7,7,7,7
marginal,512,45,7,7,Disgust,1.0,Female,7,7,7,7
marginal,512,167,2,1,Neutral,0.0,Male,2,1 2,1 2,1 2
marginal,512,1,2,6,Fearful,0.0,Male,4,2 4,2 4,1 2 4
marginal,512,267,2,1,Neutral,0.0,Male,2,1 2,1 2,1 2
marginal,512,155,2,4,Sad,1.0,Female,2,2,2,2
marginal,512,198,2,1,Neutral,1.0,Female,2,1 2,1 2,1 2
marginal,512,2,6,6,Fearful,1.0,Female,6,3 6,3 6,3 6
marginal,512,114,2,2,Calm,1.0,Female,2,1 2,1 2,2
marginal,512,212,5,5,Angry,0.0,Male,5,5 8,3 5 8,3 5 8
marginal,512,14,8,8,Surprised,0.0,Male,8,3 6 8,3 6 8,3 6 8
marginal,512,60,2,3,Happy,0.0,Male,1,1 2,1 2,1 2 4
marginal,512,313,5,5,Angry,0.0,Male,5,5,5,5
marginal,512,251,6,6,Fearful,0.0,Male,6,3 6 8,3 6 8,3 6 8
marginal,512,81,8,8,Surprised,1.0,Female,8,3 8,8,8
marginal,512,121,4,4,Sad,0.0,Male,4,3 4,3 4 6,3 4 6
marginal,512,27,7,7,Disgust,1.0,Female,7,7,7,7
marginal,512,275,2,2,Calm,0.0,Male,2,2,2,1 2
marginal,512,206,5,5,Angry,1.0,Female,5,5,5,5
marginal,512,115,5,5,Angry,0.0,Male,5,5,5,5
marginal,512,32,7,7,Disgust,1.0,Female,7,5 7,7,7
marginal,512,70,2,2,Calm,0.0,Male,2,2,2,1 2
marginal,512,96,2,2,Calm,0.0,Male,2,2,2,1 2
marginal,512,104,6,3,Happy,0.0,Male,6,3 5 6 8,3 5 6,3 5 6
marginal,512,298,8,8,Surprised,0.0,Male,8,1 3 8,1 3 8,1 3 8
marginal,512,47,7,7,Disgust,1.0,Female,7,5 7,7,7
marginal,512,257,2,2,Calm,1.0,Female,2,1 2,1 2,1 2
marginal,512,166,2,3,Happy,0.0,Male,8,3 6 8,3 6 8,3 6 8
marginal,512,83,3,3,Happy,0.0,Male,3,3 4 6,3 4 6,3 4 6
marginal,512,137,6,6,Fearful,1.0,Female,6,3 4 6,3 4 6,3 4 6
marginal,512,193,5,5,Angry,1.0,Female,5,5,5,5
marginal,512,76,2,7,Disgust,0.0,Male,7,5 7,7,5 7
marginal,512,23,8,8,Surprised,1.0,Female,8,3 8,3 8,3 8
marginal,512,94,5,5,Angry,1.0,Female,5,5,5,5
marginal,512,357,4,4,Sad,1.0,Female,4,2 4,4,4
marginal,512,98,7,6,Fearful,0.0,Male,6,3 6,3 4 6,3 4 6
marginal,512,118,3,3,Happy,1.0,Female,1,1 2,1 2 4,1 2
marginal,512,211,2,2,Calm,0.0,Male,2,2,2,1 2
marginal,512,97,2,8,Surprised,0.0,Male,8,1 3 6 8,1 3 8,1 3 8
marginal,512,112,6,8,Surprised,0.0,Male,8,3 8,3 8,3 8
marginal,512,101,7,7,Disgust,0.0,Male,7,5 7,5 7,5 7
marginal,512,226,4,4,Sad,0.0,Male,2,2,2,1 2 4
marginal,512,111,2,2,Calm,0.0,Male,2,1 2,2,1 2
marginal,512,201,5,5,Angry,0.0,Male,5,5,5,5
marginal,512,109,2,1,Neutral,1.0,Female,2,1 2,1 2,1 2
marginal,512,349,2,1,Neutral,0.0,Male,2,1 2,1 2,1 2 4
marginal,512,260,1,3,Happy,0.0,Male,2,1 2,1 2,1 2
marginal,512,174,5,5,Angry,0.0,Male,5,5,5,5
marginal,512,233,6,6,Fearful,1.0,Female,6,3 6,3 5 6,3 5 6
marginal,513,62,3,8,Surprised,1.0,Female,8,3 8,8,8
marginal,513,299,3,6,Fearful,1.0,Female,8,3 6 8,3 6 8,3 6 8
marginal,513,197,7,7,Disgust,1.0,Female,7,7,7,7
marginal,513,103,2,2,Calm,0.0,Male,2,2,2,1 2
marginal,513,160,5,5,Angry,1.0,Female,5,5,5,5
marginal,513,298,8,8,Surprised,0.0,Male,8,1 3 8,1 3 8,1 3 8
marginal,513,319,1,1,Neutral,1.0,Female,2,1 2,1 2,1 2
marginal,513,210,2,1,Neutral,1.0,Female,2,1 2,1 2,1 2
marginal,513,207,8,7,Disgust,0.0,Male,7,7,7,7
marginal,513,215,4,4,Sad,0.0,Male,4,3 4,3 4,3 4 6
marginal,513,318,6,6,Fearful,1.0,Female,6,3 6 8,3 6 8,3 6
marginal,513,268,2,2,Calm,0.0,Male,2,1 2,2,1 2
marginal,513,129,2,4,Sad,1.0,Female,2,2,2,2
marginal,513,76,7,7,Disgust,0.0,Male,7,5 7,7,5 7
marginal,513,245,5,5,Angry,1.0,Female,5,5,5,5
marginal,513,97,8,8,Surprised,0.0,Male,8,1 3 6 8,1 3 8,1 3 8
marginal,513,113,2,2,Calm,1.0,Female,2,2,2,2
marginal,513,152,4,4,Sad,0.0,Male,4,4,4,2 4
marginal,513,352,7,7,Disgust,1.0,Female,7,5 7,5 7,7
marginal,513,105,6,4,Sad,0.0,Male,4,3 4 6,3 4,3 4 6
marginal,513,141,7,7,Disgust,0.0,Male,7,7,7,2 4 7
marginal,513,19,2,3,Happy,0.0,Male,1,1 2,1 2 4,1 2 4
marginal,513,233,6,6,Fearful,1.0,Female,6,3 6,3 5 6,3 5 6
marginal,513,154,4,7,Disgust,0.0,Male,7,4 7,2 4 7,2 4 7
marginal,513,316,5,5,Angry,1.0,Female,5,5,5,5
marginal,513,223,4,4,Sad,1.0,Female,4,4,4,4
marginal,513,289,4,4,Sad,0.0,Male,4,1 2 4,1 2 4,1 2 4
marginal,513,188,8,8,Surprised,0.0,Male,8,3 6 8,3 8,3 6 8
marginal,513,84,6,3,Happy,1.0,Female,5,3 5,3 5 6,5
marginal,513,199,4,4,Sad,0.0,Male,4,2 4,2 4,1 2 4
marginal,513,91,3,3,Happy,1.0,Female,1,1 2 3 4,1 2 4,1 2 4
marginal,513,328,8,8,Surprised,1.0,Female,1,1 2 8,1 2 8,1 2 8
marginal,513,37,6,6,Fearful,1.0,Female,6,3 5 6 8,3 6 8,3 6 8
marginal,513,307,3,3,Happy,1.0,Female,3,3 4 6,3 4 6,3 4 6
marginal,513,35,2,2,Calm,0.0,Male,2,2,2,1 2 4
marginal,513,111,3,2,Calm,0.0,Male,2,1 2,2,1 2
marginal,513,1,4,6,Fearful,0.0,Male,4,2 4,2 4,1 2 4
marginal,513,26,5,5,Angry,0.0,Male,5,5,5,5
marginal,513,173,6,6,Fearful,0.0,Male,8,3 5 6 8,3 6 8,3 6 8
marginal,513,178,1,5,Angry,1.0,Female,5,5 8,1 5 8,5 8
marginal,513,267,2,1,Neutral,0.0,Male,2,1 2,1 2,1 2
marginal,513,236,3,3,Happy,1.0,Female,3,3 4 6,3 4 6,3 4 6
marginal,513,174,5,5,Angry,0.0,Male,5,5,5,5
marginal,513,39,1,1,Neutral,1.0,Female,2,1 2,1 2,1 2
marginal,513,257,2,2,Calm,1.0,Female,2,1 2,1 2,1 2
marginal,513,130,8,8,Surprised,1.0,Female,8,3 8,8,8
marginal,513,194,6,6,Fearful,1.0,Female,6,3 5 6,3 5 6,3 5 6
marginal,513,202,4,4,Sad,0.0,Male,2,2 4,2 4,1 2 4
marginal,513,242,2,2,Calm,1.0,Female,2,2,2,2
marginal,513,47,7,7,Disgust,1.0,Female,7,5 7,7,7
marginal,514,99,2,6,Fearful,0.0,Male,4,3 4,3 4,3 4 6
marginal,514,301,8,8,Surprised,1.0,Female,8,1 3 8,1 3 8,1 3 8
marginal,514,309,6,6,Fearful,0.0,Male,6,3 5 6 8,3 6 8,3 6 8
marginal,514,358,3,3,Happy,1.0,Female,6,3 6 8,3 6 8,3 6 8
marginal,514,115,5,5,Angry,0.0,Male,5,5,5,5
marginal,514,306,2,2,Calm,1.0,Female,2,2,2,2
marginal,514,319,3,1,Neutral,1.0,Female,2,1 2,1 2,1 2
marginal,514,185,6,6,Fearful,1.0,Female,6,3 6,3 6,3 6
marginal,514,355,4,4,Sad,1.0,Female,4,2 4,2 4,2 4
marginal,514,152,4,4,Sad,0.0,Male,4,4,4,2 4
marginal,514,80,7,7,Disgust,1.0,Female,7,5 7,5 7,5 7
marginal,514,77,2,2,Calm,1.0,Female,2,1 2,2,2
marginal,514,270,7,3,Happy,1.0,Female,3,3 6 8,3 6 8,3 6 8
marginal,514,164,1,2,Calm,1.0,Female,2,1 2,1 2,2
marginal,514,83,3,3,Happy,0.0,Male,3,3 4 6,3 4 6,3 4 6
marginal,514,93,8,8,Surprised,1.0,Female,8,3 8,3 8,8
marginal,514,88,7,7,Disgust,0.0,Male,5,5 7,5 7,5 7
marginal,514,5,4,4,Sad,0.0,Male,4,2 4,2 4,2 4
marginal,514,331,1,1,Neutral,0.0,Male,2,1 2,1 2,1 2
marginal,514,117,2,4,Sad,1.0,Female,2,2,2,2
marginal,514,106,7,7,Disgust,0.0,Male,7,7,7,5 7
marginal,514,269,2,4,Sad,1.0,Female,2,1 2,1 2,1 2
marginal,514,290,5,3,Happy,1.0,Female,6,3 6,3 4 6,3 6
marginal,514,196,5,5,Angry,0.0,Male,5,5,5,5
marginal,514,61,6,6,Fearful,0.0,Male,6,3 6 8,3 6 8,3 6 8
marginal,514,156,4,4,Sad,0.0,Male,4,4,4,2 3 4
marginal,514,188,8,8,Surprised,0.0,Male,8,3 6 8,3 8,3 6 8
marginal,514,139,6,6,Fearful,1.0,Female,6,3 6,3 6,3 6
marginal,514,111,4,2,Calm,0.0,Male,2,1 2,2,1 2
marginal,514,105,6,4,Sad,0.0,Male,4,3 4 6,3 4,3 4 6
marginal,514,296,1,2,Calm,0.0,Male,2,1 2,2,1 2
marginal,514,227,6,6,Fearful,1.0,Female,6,3 4 6,3 4 6,3 4 6
marginal,514,154,7,7,Disgust,0.0,Male,7,4 7,2 4 7,2 4 7
marginal,514,70,2,2,Calm,0.0,Male,2,2,2,1 2
marginal,514,10,7,6,Fearful,1.0,Female,6,3 6 8,3 6 8,3 6
marginal,514,320,4,6,Fearful,1.0,Female,4,4,2 4,4
marginal,514,197,7,7,Disgust,1.0,Female,7,7,7,7
marginal,514,276,2,8,Surprised,0.0,Male,8,1 3 8,1 3 8,1 3 8
marginal,514,76,8,7,Disgust,0.0,Male,7,5 7,7,5 7
marginal,514,100,8,8,Surprised,1.0,Female,8,3 8,3 8,8
marginal,514,191,4,2,Calm,1.0,Female,2,2,2,2
marginal,514,289,1,4,Sad,0.0,Male,4,1 2 4,1 2 4,1 2 4
marginal,514,73,6,8,Surprised,0.0,Male,3,3 6 8,3 6 8,3 6 8
marginal,514,57,4,2,Calm,0.0,Male,2,2,2,1 2
marginal,514,246,3,3,Happy,1.0,Female,1,1 3 4 8,1 3 4,1 3 4
marginal,514,171,2,1,Neutral,1.0,Female,2,1 2,1 2,1 2
marginal,514,262,2,3,Happy,0.0,Male,1,1 2,1 2 4,1 2 4
marginal,514,329,5,5,Angry,0.0,Male,5,5,5,5
marginal,514,124,8,8,Surprised,0.0,Male,8,3 8,3 8,3 8
marginal,514,341,7,7,Disgust,1.0,Female,7,7,7,7
marginal,515,155,2,4,Sad,1.0,Female,2,2,2,2
marginal,515,313,5,5,Angry,0.0,Male,5,5,5,5
marginal,515,174,5,5,Angry,0.0,Male,5,5,5,5
marginal,515,14,8,8,Surprised,0.0,Male,8,3 6 8,3 6 8,3 6 8
marginal,515,96,2,2,Calm,0.0,Male,2,2,2,1 2
marginal,515,267,1,1,Neutral,0.0,Male,2,1 2,1 2,1 2
marginal,515,97,8,8,Surprised,0.0,Male,8,1 3 6 8,1 3 8,1 3 8
marginal,515,357,4,4,Sad,1.0,Female,4,2 4,4,4
marginal,515,275,2,2,Calm,0.0,Male,2,2,2,1 2
marginal,515,111,2,2,Calm,0.0,Male,2,1 2,2,1 2
marginal,515,349,1,1,Neutral,0.0,Male,2,1 2,1 2,1 2 4
marginal,515,112,6,8,Surprised,0.0,Male,8,3 8,3 8,3 8
marginal,515,76,7,7,Disgust,0.0,Male,7,5 7,7,5 7
marginal,515,47,7,7,Disgust,1.0,Female,7,5 7,7,7
marginal,515,201,5,5,Angry,0.0,Male,5,5,5,5
marginal,515,226,2,4,Sad,0.0,Male,2,2,2,1 2 4
marginal,515,104,8,3,Happy,0.0,Male,6,3 5 6 8,3 5 6,3 5 6
marginal,515,298,8,8,Surprised,0.0,Male,8,1 3 8,1 3 8,1 3 8
marginal,515,70,1,2,Calm,0.0,Male,2,2,2,1 2
marginal,515,247,3,4,Sad,1.0,Female,4,3 4 6,3 4,3 4 6
marginal,515,304,7,7,Disgust,0.0,Male,7,7,7,7
marginal,515,45,7,7,Disgust,1.0,Female,7,7,7,7
marginal,515,94,5,5,Angry,1.0,Female,5,5,5,5
marginal,515,257,2,2,Calm,1.0,Female,2,1 2,1 2,1 2
marginal,515,251,6,6,Fearful,0.0,Male,6,3 6 8,3 6 8,3 6 8
marginal,515,83,3,3,Happy,0.0,Male,3,3 4 6,3 4 6,3 4 6
marginal,515,109,2,1,Neutral,1.0,Female,2,1 2,1 2,1 2
marginal,515,211,4,2,Calm,0.0,Male,2,2,2,1 2
marginal,515,206,5,5,Angry,1.0,Female,5,5,5,5
marginal,515,101,5,7,Disgust,0.0,Male,7,5 7,5 7,5 7
marginal,515,198,2,1,Neutral,1.0,Female,2,1 2,1 2,1 2
marginal,515,32,7,7,Disgust,1.0,Female,7,5 7,7,7
marginal,515,260,1,3,Happy,0.0,Male,2,1 2,1 2,1 2
marginal,515,115,5,5,Angry,0.0,Male,5,5,5,5
marginal,515,167,2,1,Neutral,0.0,Male,2,1 2,1 2,1 2
marginal,515,118,1,3,Happy,1.0,Female,1,1 2,1 2 4,1 2
marginal,515,114,2,2,Calm,1.0,Female,2,1 2,1 2,2
marginal,515,23,8,8,Surprised,1.0,Female,8,3 8,3 8,3 8
marginal,515,81,8,8,Surprised,1.0,Female,8,3 8,8,8
marginal,515,212,8,5,Angry,0.0,Male,5,5 8,3 5 8,3 5 8
marginal,515,98,6,6,Fearful,0.0,Male,6,3 6,3 4 6,3 4 6
marginal,515,137,6,6,Fearful,1.0,Female,6,3 4 6,3 4 6,3 4 6
marginal,515,2,6,6,Fearful,1.0,Female,6,3 6,3 6,3 6
marginal,515,1,4,6,Fearful,0.0,Male,4,2 4,2 4,1 2 4
marginal,515,233,6,6,Fearful,1.0,Female,6,3 6,3 5 6,3 5 6
marginal,515,60,2,3,Happy,0.0,Male,1,1 2,1 2,1 2 4
marginal,515,166,8,3,Happy,0.0,Male,8,3 6 8,3 6 8,3 6 8
marginal,515,193,5,5,Angry,1.0,Female,5,5,5,5
marginal,515,121,6,4,Sad,0.0,Male,4,3 4,3 4 6,3 4 6
marginal,515,27,7,7,Disgust,1.0,Female,7,7,7,7
marginal,516,249,7,7,Disgust,0.0,Male,7,7,7,7
marginal,516,110,6,6,Fearful,0.0,Male,6,3 4 6,3 4 6,3 4 6
marginal,516,305,8,8,Surprised,1.0,Female,8,3 8,8,8
marginal,516,286,7,7,Disgust,0.0,Male,7,4 7,7,4 7
marginal,516,290,3,3,Happy,1.0,Female,6,3 6,3 4 6,3 6
marginal,516,357,4,4,Sad,1.0,Female,4,2 4,4,4
marginal,516,245,5,5,Angry,1.0,Female,5,5,5,5
marginal,516,94,5,5,Angry,1.0,Female,5,5,5,5
marginal,516,61,8,6,Fearful,0.0,Male,6,3 6 8,3 6 8,3 6 8
marginal,516,285,4,4,Sad,0.0,Male,4,2 4,2 4,2 4
marginal,516,44,6,6,Fearful,0.0,Male,3,3 4 6,3 4 6,3 4 6
marginal,516,254,1,3,Happy,0.0,Male,1,1 2,1 2 4,1 2 4
marginal,516,164,2,2,Calm,1.0,Female,2,1 2,1 2,2
marginal,516,267,2,1,Neutral,0.0,Male,2,1 2,1 2,1 2
marginal,516,103,2,2,Calm,0.0,Male,2,2,2,1 2
marginal,516,272,5,5,Angry,1.0,Female,5,5 8,5 8,5 8
marginal,516,234,5,5,Angry,1.0,Female,5,5,5,5
marginal,516,343,2,5,Angry,1.0,Female,5,5,5,5
marginal,516,246,3,3,Happy,1.0,Female,1,1 3 4 8,1 3 4,1 3 4
marginal,516,242,2,2,Calm,1.0,Female,2,2,2,2
marginal,516,97,1,8,Surprised,0.0,Male,8,1 3 6 8,1 3 8,1 3 8
marginal,516,86,2,7,Disgust,1.0,Female,2,2,2,2
marginal,516,300,2,4,Sad,1.0,Female,2,2 4,2 4,2 4
marginal,516,18,6,4,Sad,0.0,Male,2,1 2 4,1 2 4,1 2 4
marginal,516,30,4,2,Calm,1.0,Female,2,2,2,2
marginal,516,147,1,3,Happy,0.0,Male,1,1 2,1 2,1 2 4
marginal,516,33,8,8,Surprised,0.0,Male,8,3 8,3 8,3 8
marginal,516,59,3,6,Fearful,1.0,Female,6,3 4 6,3 4 6,3 4 6
marginal,516,220,3,3,Happy,1.0,Female,1,1 2,1 2 4,1 2
marginal,516,310,8,7,Disgust,1.0,Female,7,5 7,5 7,7
marginal,516,70,2,2,Calm,0.0,Male,2,2,2,1 2
marginal,516,175,2,2,Calm,1.0,Female,2,1 2,1 2,1 2
marginal,516,201,5,5,Angry,0.0,Male,5,5,5,5
marginal,516,215,4,4,Sad,0.0,Male,4,3 4,3 4,3 4 6
marginal,516,5,4,4,Sad,0.0,Male,4,2 4,2 4,2 4
marginal,516,45,2,7,Disgust,1.0,Female,7,7,7,7
marginal,516,144,1,1,Neutral,0.0,Male,2,1 2,1 2,1 2
marginal,516,23,8,8,Surprised,1.0,Female,8,3 8,3 8,3 8
marginal,516,119,3,6,Fearful,0.0,Male,8,3 8,3 8,3 6 8
marginal,516,205,3,3,Happy,1.0,Female,1,1 3 4 8,1 3 8,1 3 8
marginal,516,2,6,6,Fearful,1.0,Female,6,3 6,3 6,3 6
marginal,516,34,7,5,Angry,0.0,Male,5,5,5,5
marginal,516,57,1,2,Calm,0.0,Male,2,2,2,1 2
marginal,516,218,1,3,Happy,0.0,Male,1,1 2,1 2 8,1 2 8
marginal,516,178,1,5,Angry,1.0,Female,5,5 8,1 5 8,5 8
marginal,516,139,4,6,Fearful,1.0,Female,6,3 6,3 6,3 6
marginal,516,51,3,8,Surprised,0.0,Male,1,1 3 8,1 3 8,1 3 8
marginal,516,222,3,8,Surprised,0.0,Male,8,3 8,3 8,1 3 8
marginal,516,337,3,8,Surprised,1.0,Female,1,1 3 8,1 3 8,1 3 8
marginal,516,226,7,4,Sad,0.0,Male,2,2,2,1 2 4
marginal,517,18,4,4,Sad,0.0,Male,2,1 2 4,1 2 4,1 2 4
marginal,517,82,1,6,Fearful,0.0,Male,4,3 4 6,3 4 6,3 4 6
marginal,517,230,2,2,Calm,0.0,Male,2,2,2,1 2
marginal,517,249,7,7,Disgust,0.0,Male,7,7,7,7
marginal,517,174,5,5,Angry,0.0,Male,5,5,5,5
marginal,517,313,5,5,Angry,0.0,Male,5,5,5,5
marginal,517,300,4,4,Sad,1.0,Female,2,2 4,2 4,2 4
marginal,517,141,7,7,Disgust,0.0,Male,7,7,7,2 4 7
marginal,517,114,2,2,Calm,1.0,Female,2,1 2,1 2,2
marginal,517,247,4,4,Sad,1.0,Female,4,3 4 6,3 4,3 4 6
marginal,517,205,8,3,Happy,1.0,Female,1,1 3 4 8,1 3 8,1 3 8
marginal,517,281,3,3,Happy,0.0,Male,8,3 6 8,3 6 8,3 6 8
marginal,517,274,4,6,Fearful,0.0,Male,3,3 4 6,3 4 6,3 4 6
marginal,517,358,3,3,Happy,1.0,Female,6,3 6 8,3 6 8,3 6 8
marginal,517,144,1,1,Neutral,0.0,Male,2,1 2,1 2,1 2
marginal,517,309,6,6,Fearful,0.0,Male,6,3 5 6 8,3 6 8,3 6 8
marginal,517,160,5,5,Angry,1.0,Female,5,5,5,5
marginal,517,180,5,5,Angry,1.0,Female,5,5,5,5
marginal,517,283,2,1,Neutral,0.0,Male,1,1 2,1 2,1 2 4
marginal,517,318,6,6,Fearful,1.0,Female,6,3 6 8,3 6 8,3 6
marginal,517,288,8,8,Surprised,1.0,Female,8,3 8,3 8,8
marginal,517,350,7,7,Disgust,1.0,Female,7,5 7,5 7,7
marginal,517,333,1,1,Neutral,0.0,Male,2,1 2,1 2,1 2
marginal,517,255,6,6,Fearful,1.0,Female,6,3 4 6,3 4 6,3 6
marginal,517,291,7,7,Disgust,1.0,Female,7,5 7,5 7,5 7
marginal,517,67,2,2,Calm,0.0,Male,2,2 4,2 4,2 4 7
marginal,517,106,7,7,Disgust,0.0,Male,7,7,7,5 7
marginal,517,148,2,2,Calm,1.0,Female,2,2,2 4,2
marginal,517,128,7,7,Disgust,1.0,Female,7,7,7,7
marginal,517,232,4,4,Sad,0.0,Male,4,2 4,2 4,1 2 4
marginal,517,5,4,4,Sad,0.0,Male,4,2 4,2 4,2 4
marginal,517,117,2,4,Sad,1.0,Female,2,2,2,2
marginal,517,90,2,5,Angry,1.0,Female,5,2 5 7,2 5 7,2 5 7
marginal,517,69,3,8,Surprised,0.0,Male,8,3 5 6 8,3 6 8,3 6 8
marginal,517,298,8,8,Surprised,0.0,Male,8,1 3 8,1 3 8,1 3 8
marginal,517,178,5,5,Angry,1.0,Female,5,5 8,1 5 8,5 8
marginal,517,226,2,4,Sad,0.0,Male,2,2,2,1 2 4
marginal,517,307,3,3,Happy,1.0,Female,3,3 4 6,3 4 6,3 4 6
marginal,517,190,4,4,Sad,1.0,Female,4,4,4,4
marginal,517,220,1,3,Happy,1.0,Female,1,1 2,1 2 4,1 2
marginal,517,189,2,4,Sad,1.0,Female,2,2 4,1 2 4,2 4
marginal,517,51,2,8,Surprised,0.0,Male,1,1 3 8,1 3 8,1 3 8
marginal,517,239,3,8,Surprised,0.0,Male,8,3 8,3 8,3 8
marginal,517,143,4,7,Disgust,0.0,Male,7,7,7,7
marginal,517,185,6,6,Fearful,1.0,Female,6,3 6,3 6,3 6
marginal,517,343,5,5,Angry,1.0,Female,5,5,5,5
marginal,517,154,7,7,Disgust,0.0,Male,7,4 7,2 4 7,2 4 7
marginal,517,238,8,8,Surprised,0.0,Male,8,3 8,8,3 8
marginal,517,177,1,3,Happy,1.0,Female,1,1 2 4,1 2 4,1 2 4
marginal,517,234,5,5,Angry,1.0,Female,5,5,5,5
marginal,518,5,4,4,Sad,0.0,Male,4,2 4,2 4,2 4
marginal,518,18,4,4,Sad,0.0,Male,2,1 2 4,1 2 4,1 2 4
marginal,518,110,6,6,Fearful,0.0,Male,6,3 4 6,3 4 6,3 4 6
marginal,518,94,5,5,Angry,1.0,Female,5,5,5,5
marginal,518,144,1,1,Neutral,0.0,Male,2,1 2,1 2,1 2
marginal,518,272,5,5,Angry,1.0,Female,5,5 8,5 8,5 8
marginal,518,59,6,6,Fearful,1.0,Female,6,3 4 6,3 4 6,3 4 6
marginal,518,226,2,4,Sad,0.0,Male,2,2,2,1 2 4
marginal,518,103,2,2,Calm,0.0,Male,2,2,2,1 2
marginal,518,51,8,8,Surprised,0.0,Male,1,1 3 8,1 3 8,1 3 8
marginal,518,310,7,7,Disgust,1.0,Female,7,5 7,5 7,7
marginal,518,205,1,3,Happy,1.0,Female,1,1 3 4 8,1 3 8,1 3 8
marginal,518,249,7,7,Disgust,0.0,Male,7,7,7,7
marginal,518,30,2,2,Calm,1.0,Female,2,2,2,2
marginal,518,300,4,4,Sad,1.0,Female,2,2 4,2 4,2 4
marginal,518,215,4,4,Sad,0.0,Male,4,3 4,3 4,3 4 6
marginal,518,86,2,7,Disgust,1.0,Female,2,2,2,2
marginal,518,61,6,6,Fearful,0.0,Male,6,3 6 8,3 6 8,3 6 8
marginal,518,164,2,2,Calm,1.0,Female,2,1 2,1 2,2
marginal,518,222,8,8,Surprised,0.0,Male,8,3 8,3 8,1 3 8
marginal,518,45,7,7,Disgust,1.0,Female,7,7,7,7
marginal,518,285,4,4,Sad,0.0,Male,4,2 4,2 4,2 4
marginal,518,201,5,5,Angry,0.0,Male,5,5,5,5
marginal,518,267,1,1,Neutral,0.0,Male,2,1 2,1 2,1 2
marginal,518,220,1,3,Happy,1.0,Female,1,1 2,1 2 4,1 2
marginal,518,245,5,5,Angry,1.0,Female,5,5,5,5
marginal,518,242,2,2,Calm,1.0,Female,2,2,2,2
marginal,518,23,8,8,Surprised,1.0,Female,8,3 8,3 8,3 8
marginal,518,34,5,5,Angry,0.0,Male,5,5,5,5
marginal,518,119,8,6,Fearful,0.0,Male,8,3 8,3 8,3 6 8
marginal,518,97,3,8,Surprised,0.0,Male,8,1 3 6 8,1 3 8,1 3 8
marginal,518,305,8,8,Surprised,1.0,Female,8,3 8,8,8
marginal,518,70,2,2,Calm,0.0,Male,2,2,2,1 2
marginal,518,2,6,6,Fearful,1.0,Female,6,3 6,3 6,3 6
marginal,518,33,8,8,Surprised,0.0,Male,8,3 8,3 8,3 8
marginal,518,357,4,4,Sad,1.0,Female,4,2 4,4,4
marginal,518,343,5,5,Angry,1.0,Female,5,5,5,5
marginal,518,254,1,3,Happy,0.0,Male,1,1 2,1 2 4,1 2 4
marginal,518,286,7,7,Disgust,0.0,Male,7,4 7,7,4 7
marginal,518,139,6,6,Fearful,1.0,Female,6,3 6,3 6,3 6
marginal,518,234,5,5,Angry,1.0,Female,5,5,5,5
marginal,518,175,2,2,Calm,1.0,Female,2,1 2,1 2,1 2
marginal,518,44,6,6,Fearful,0.0,Male,3,3 4 6,3 4 6,3 4 6
marginal,518,147,1,3,Happy,0.0,Male,1,1 2,1 2,1 2 4
marginal,518,290,3,3,Happy,1.0,Female,6,3 6,3 4 6,3 6
marginal,518,246,3,3,Happy,1.0,Female,1,1 3 4 8,1 3 4,1 3 4
marginal,518,178,5,5,Angry,1.0,Female,5,5 8,1 5 8,5 8
marginal,518,218,1,3,Happy,0.0,Male,1,1 2,1 2 8,1 2 8
marginal,518,337,3,8,Surprised,1.0,Female,1,1 3 8,1 3 8,1 3 8
marginal,518,57,2,2,Calm,0.0,Male,2,2,2,1 2
marginal,519,115,5,5,Angry,0.0,Male,5,5,5,5
marginal,519,247,4,4,Sad,1.0,Female,4,3 4 6,3 4,3 4 6
marginal,519,114,1,2,Calm,1.0,Female,2,1 2,1 2,2
marginal,519,212,5,5,Angry,0.0,Male,5,5 8,3 5 8,3 5 8
marginal,519,275,2,2,Calm,0.0,Male,2,2,2,1 2
marginal,519,167,2,1,Neutral,0.0,Male,2,1 2,1 2,1 2
marginal,519,94,5,5,Angry,1.0,Female,5,5,5,5
marginal,519,298,8,8,Surprised,0.0,Male,8,1 3 8,1 3 8,1 3 8
marginal,519,226,2,4,Sad,0.0,Male,2,2,2,1 2 4
marginal,519,267,2,1,Neutral,0.0,Male,2,1 2,1 2,1 2
marginal,519,166,3,3,Happy,0.0,Male,8,3 6 8,3 6 8,3 6 8
marginal,519,251,5,6,Fearful,0.0,Male,6,3 6 8,3 6 8,3 6 8
marginal,519,98,6,6,Fearful,0.0,Male,6,3 6,3 4 6,3 4 6
marginal,519,83,3,3,Happy,0.0,Male,3,3 4 6,3 4 6,3 4 6
marginal,519,201,5,5,Angry,0.0,Male,5,5,5,5
marginal,519,60,2,3,Happy,0.0,Male,1,1 2,1 2,1 2 4
marginal,519,96,2,2,Calm,0.0,Male,2,2,2,1 2
marginal,519,206,5,5,Angry,1.0,Female,5,5,5,5
marginal,519,81,8,8,Surprised,1.0,Female,8,3 8,8,8
marginal,519,357,4,4,Sad,1.0,Female,4,2 4,4,4
marginal,519,257,1,2,Calm,1.0,Female,2,1 2,1 2,1 2
marginal,519,2,6,6,Fearful,1.0,Female,6,3 6,3 6,3 6
marginal,519,121,6,4,Sad,0.0,Male,4,3 4,3 4 6,3 4 6
marginal,519,211,2,2,Calm,0.0,Male,2,2,2,1 2
marginal,519,198,1,1,Neutral,1.0,Female,2,1 2,1 2,1 2
marginal,519,27,7,7,Disgust,1.0,Female,7,7,7,7
marginal,519,14,5,8,Surprised,0.0,Male,8,3 6 8,3 6 8,3 6 8
marginal,519,304,7,7,Disgust,0.0,Male,7,7,7,7
marginal,519,109,1,1,Neutral,1.0,Female,2,1 2,1 2,1 2
marginal,519,260,1,3,Happy,0.0,Male,2,1 2,1 2,1 2
marginal,519,193,5,5,Angry,1.0,Female,5,5,5,5
marginal,519,1,2,6,Fearful,0.0,Male,4,2 4,2 4,1 2 4
marginal,519,174,5,5,Angry,0.0,Male,5,5,5,5
marginal,519,45,7,7,Disgust,1.0,Female,7,7,7,7
marginal,519,111,1,2,Calm,0.0,Male,2,1 2,2,1 2
marginal,519,47,7,7,Disgust,1.0,Female,7,5 7,7,7
marginal,519,349,1,1,Neutral,0.0,Male,2,1 2,1 2,1 2 4
marginal,519,233,6,6,Fearful,1.0,Female,6,3 6,3 5 6,3 5 6
marginal,519,101,8,7,Disgust,0.0,Male,7,5 7,5 7,5 7
marginal,519,104,6,3,Happy,0.0,Male,6,3 5 6 8,3 5 6,3 5 6
marginal,519,137,3,6,Fearful,1.0,Female,6,3 4 6,3 4 6,3 4 6
marginal,519,118,2,3,Happy,1.0,Female,1,1 2,1 2 4,1 2
marginal,519,23,8,8,Surprised,1.0,Female,8,3 8,3 8,3 8
marginal,519,155,1,4,Sad,1.0,Female,2,2,2,2
marginal,519,313,5,5,Angry,0.0,Male,5,5,5,5
marginal,519,70,2,2,Calm,0.0,Male,2,2,2,1 2
marginal,519,112,8,8,Surprised,0.0,Male,8,3 8,3 8,3 8
marginal,519,76,7,7,Disgust,0.0,Male,7,5 7,7,5 7
marginal,519,32,7,7,Disgust,1.0,Female,7,5 7,7,7
marginal,519,97,1,8,Surprised,0.0,Male,8,1 3 6 8,1 3 8,1 3 8
marginal,520,60,2,3,Happy,0.0,Male,1,1 2,1 2,1 2 4
marginal,520,10,6,6,Fearful,1.0,Female,6,3 6 8,3 6 8,3 6
marginal,520,70,2,2,Calm,0.0,Male,2,2,2,1 2
marginal,520,352,7,7,Disgust,1.0,Female,7,5 7,5 7,7
marginal,520,180,5,5,Angry,1.0,Female,5,5,5,5
marginal,520,237,5,5,Angry,1.0,Female,5,5,5,5
marginal,520,75,5,5,Angry,0.0,Male,5,5,5,5
marginal,520,43,6,6,Fearful,0.0,Male,6,3 6,3 6,3 6 8
marginal,520,199,4,4,Sad,0.0,Male,4,2 4,2 4,1 2 4
marginal,520,239,8,8,Surprised,0.0,Male,8,3 8,3 8,3 8
marginal,520,102,1,3,Happy,1.0,Female,1,1 2,1 2 4,1 2
marginal,520,262,3,3,Happy,0.0,Male,1,1 2,1 2 4,1 2 4
marginal,520,210,1,1,Neutral,1.0,Female,2,1 2,1 2,1 2
marginal,520,192,6,5,Angry,1.0,Female,5,5,5,5
marginal,520,217,8,8,Surprised,1.0,Female,8,8,8,8
marginal,520,157,7,7,Disgust,1.0,Female,7,7,7,7
marginal,520,8,2,8,Surprised,0.0,Male,4,1 2 4,1 2 4,1 2 4
marginal,520,309,3,6,Fearful,0.0,Male,6,3 5 6 8,3 6 8,3 6 8
marginal,520,101,7,7,Disgust,0.0,Male,7,5 7,5 7,5 7
marginal,520,144,1,1,Neutral,0.0,Male,2,1 2,1 2,1 2
marginal,520,290,3,3,Happy,1.0,Female,6,3 6,3 4 6,3 6
marginal,520,267,1,1,Neutral,0.0,Male,2,1 2,1 2,1 2
marginal,520,174,5,5,Angry,0.0,Male,5,5,5,5
marginal,520,15,4,4,Sad,1.0,Female,4,2 4,2 4 7,2 4
marginal,520,214,6,8,Surprised,0.0,Male,8,3 6 8,3 6 8,3 6 8
marginal,520,42,6,6,Fearful,0.0,Male,6,3 6,3 6,3 6 8
marginal,520,347,4,4,Sad,0.0,Male,4,1 2 3 4,1 2 4,1 2 4
marginal,520,152,4,4,Sad,0.0,Male,4,4,4,2 4
marginal,520,268,2,2,Calm,0.0,Male,2,1 2,2,1 2
marginal,520,87,8,8,Surprised,0.0,Male,8,3 8,3 8,3 6 8
marginal,520,21,7,7,Disgust,1.0,Female,7,7,7,7
marginal,520,331,2,1,Neutral,0.0,Male,2,1 2,1 2,1 2
marginal,520,153,1,1,Neutral,1.0,Female,2,1 2,1 2,1 2
marginal,520,285,4,4,Sad,0.0,Male,4,2 4,2 4,2 4
marginal,520,339,6,4,Sad,0.0,Male,2,2 4,2 4,1 2 4
marginal,520,244,3,3,Happy,1.0,Female,4,1 3 4 6,1 3 4,1 3 4
marginal,520,122,5,5,Angry,1.0,Female,5,5,5,5
marginal,520,274,6,6,Fearful,0.0,Male,3,3 4 6,3 4 6,3 4 6
marginal,520,155,2,4,Sad,1.0,Female,2,2,2,2
marginal,520,321,8,8,Surprised,1.0,Female,8,3 8,3 8,8
marginal,520,143,7,7,Disgust,0.0,Male,7,7,7,7
marginal,520,219,7,7,Disgust,0.0,Male,7,7,7,5 7
marginal,520,329,5,5,Angry,0.0,Male,5,5,5,5
marginal,520,30,1,2,Calm,1.0,Female,2,2,2,2
marginal,520,123,2,2,Calm,0.0,Male,2,1 2,2,1 2
marginal,520,197,7,7,Disgust,1.0,Female,7,7,7,7
marginal,520,238,8,8,Surprised,0.0,Male,8,3 8,8,3 8
marginal,520,243,4,2,Calm,0.0,Male,2,2,2,1 2
marginal,520,64,2,2,Calm,1.0,Female,2,2,2,2
marginal,520,313,5,5,Angry,0.0,Male,5,5,5,5
marginal,521,181,2,2,Calm,1.0,Female,2,2,2,2
marginal,521,310,7,7,Disgust,1.0,Female,7,5 7,5 7,7
marginal,521,172,2,2,Calm,1.0,Female,2,2,2,2
marginal,521,45,7,7,Disgust,1.0,Female,7,7,7,7
marginal,521,120,2,7,Disgust,0.0,Male,7,2 4 7,2 4 7,2 4 7
marginal,521,72,6,4,Sad,1.0,Female,4,4,4,4
marginal,521,335,6,6,Fearful,0.0,Male,4,3 4 6,3 4 6,3 4 6
marginal,521,271,6,6,Fearful,1.0,Female,6,3 6,3 6,3 6
marginal,521,122,5,5,Angry,1.0,Female,5,5,5,5
marginal,521,203,7,7,Disgust,1.0,Female,7,5 7,5 7,5 7
marginal,521,10,6,6,Fearful,1.0,Female,6,3 6 8,3 6 8,3 6
marginal,521,218,2,3,Happy,0.0,Male,1,1 2,1 2 8,1 2 8
marginal,521,229,4,4,Sad,1.0,Female,4,4,4 6,4
marginal,521,100,3,8,Surprised,1.0,Female,8,3 8,3 8,8
marginal,521,97,3,8,Surprised,0.0,Male,8,1 3 6 8,1 3 8,1 3 8
marginal,521,214,8,8,Surprised,0.0,Male,8,3 6 8,3 6 8,3 6 8
marginal,521,78,2,1,Neutral,0.0,Male,2,1 2,1 2,1 2 4
marginal,521,182,6,3,Happy,1.0,Female,3,3 5 6 8,3 6 8,3 6 8
marginal,521,52,7,7,Disgust,0.0,Male,7,7,7,7
marginal,521,74,2,2,Calm,0.0,Male,2,2,2,1 2
marginal,521,354,5,5,Angry,1.0,Female,5,5,5,5
marginal,521,293,1,3,Happy,0.0,Male,1,1 2,1 2 4,1 2 4
marginal,521,194,6,6,Fearful,1.0,Female,6,3 5 6,3 5 6,3 5 6
marginal,521,68,1,8,Surprised,0.0,Male,8,1 3 4 6 8,3 6 8,3 6 8
marginal,521,260,1,3,Happy,0.0,Male,2,1 2,1 2,1 2
marginal,521,24,5,5,Angry,0.0,Male,5,5,5,5
marginal,521,75,5,5,Angry,0.0,Male,5,5,5,5
marginal,521,312,2,2,Calm,1.0,Female,2,2,2 4,2
marginal,521,281,3,3,Happy,0.0,Male,8,3 6 8,3 6 8,3 6 8
marginal,521,4,6,6,Fearful,1.0,Female,6,3 6,3 6 8,3 6
marginal,521,42,6,6,Fearful,0.0,Male,6,3 6,3 6,3 6 8
marginal,521,329,5,5,Angry,0.0,Male,5,5,5,5
marginal,521,77,2,2,Calm,1.0,Female,2,1 2,2,2
marginal,521,320,7,6,Fearful,1.0,Female,4,4,2 4,4
marginal,521,134,5,5,Angry,1.0,Female,5,5,5,5
marginal,521,235,5,5,Angry,0.0,Male,5,5,5,5
marginal,521,14,3,8,Surprised,0.0,Male,8,3 6 8,3 6 8,3 6 8
marginal,521,152,6,4,Sad,0.0,Male,4,4,4,2 4
marginal,521,330,1,2,Calm,1.0,Female,2,1 2,1 2,2
marginal,521,291,5,7,Disgust,1.0,Female,7,5 7,5 7,5 7
marginal,521,89,8,8,Surprised,1.0,Female,8,3 8,3 8,3 8
marginal,521,161,3,8,Surprised,1.0,Female,8,3 8,1 3 8,8
marginal,521,187,3,6,Fearful,1.0,Female,6,3 4 6,3 4 6,3 4 6
marginal,521,215,6,4,Sad,0.0,Male,4,3 4,3 4,3 4 6
marginal,521,272,5,5,Angry,1.0,Female,5,5 8,5 8,5 8
marginal,521,290,6,3,Happy,1.0,Female,6,3 6,3 4 6,3 6
marginal,521,276,1,8,Surprised,0.0,Male,8,1 3 8,1 3 8,1 3 8
marginal,521,220,1,3,Happy,1.0,Female,1,1 2,1 2 4,1 2
marginal,521,104,3,3,Happy,0.0,Male,6,3 5 6 8,3 5 6,3 5 6
marginal,521,300,2,4,Sad,1.0,Female,2,2 4,2 4,2 4
marginal,522,42,6,6,Fearful,0.0,Male,6,3 6,3 6,3 6 8
marginal,522,194,6,6,Fearful,1.0,Female,6,3 5 6,3 5 6,3 5 6
marginal,522,104,6,3,Happy,0.0,Male,6,3 5 6 8,3 5 6,3 5 6
marginal,522,161,1,8,Surprised,1.0,Female,8,3 8,1 3 8,8
marginal,522,77,2,2,Calm,1.0,Female,2,1 2,2,2
marginal,522,122,5,5,Angry,1.0,Female,5,5,5,5
marginal,522,89,8,8,Surprised,1.0,Female,8,3 8,3 8,3 8
marginal,522,10,6,6,Fearful,1.0,Female,6,3 6 8,3 6 8,3 6
marginal,522,272,8,5,Angry,1.0,Female,5,5 8,5 8,5 8
marginal,522,260,1,3,Happy,0.0,Male,2,1 2,1 2,1 2
marginal,522,281,3,3,Happy,0.0,Male,8,3 6 8,3 6 8,3 6 8
marginal,522,330,1,2,Calm,1.0,Female,2,1 2,1 2,2
marginal,522,290,6,3,Happy,1.0,Female,6,3 6,3 4 6,3 6
marginal,522,52,7,7,Disgust,0.0,Male,7,7,7,7
marginal,522,120,4,7,Disgust,0.0,Male,7,2 4 7,2 4 7,2 4 7
marginal,522,214,8,8,Surprised,0.0,Male,8,3 6 8,3 6 8,3 6 8
marginal,522,354,7,5,Angry,1.0,Female,5,5,5,5
marginal,522,300,4,4,Sad,1.0,Female,2,2 4,2 4,2 4
marginal,522,215,4,4,Sad,0.0,Male,4,3 4,3 4,3 4 6
marginal,522,181,2,2,Calm,1.0,Female,2,2,2,2
marginal,522,4,6,6,Fearful,1.0,Female,6,3 6,3 6 8,3 6
marginal,522,310,7,7,Disgust,1.0,Female,7,5 7,5 7,7
marginal,522,68,8,8,Surprised,0.0,Male,8,1 3 4 6 8,3 6 8,3 6 8
marginal,522,320,2,6,Fearful,1.0,Female,4,4,2 4,4
marginal,522,235,5,5,Angry,0.0,Male,5,5,5,5
marginal,522,218,1,3,Happy,0.0,Male,1,1 2,1 2 8,1 2 8
marginal,522,75,5,5,Angry,0.0,Male,5,5,5,5
marginal,522,172,2,2,Calm,1.0,Female,2,2,2,2
marginal,522,72,4,4,Sad,1.0,Female,4,4,4,4
marginal,522,45,7,7,Disgust,1.0,Female,7,7,7,7
marginal,522,74,2,2,Calm,0.0,Male,2,2,2,1 2
marginal,522,182,6,3,Happy,1.0,Female,3,3 5 6 8,3 6 8,3 6 8
marginal,522,271,6,6,Fearful,1.0,Female,6,3 6,3 6,3 6
marginal,522,220,1,3,Happy,1.0,Female,1,1 2,1 2 4,1 2
marginal,522,229,6,4,Sad,1.0,Female,4,4,4 6,4
marginal,522,100,8,8,Surprised,1.0,Female,8,3 8,3 8,8
marginal,522,14,8,8,Surprised,0.0,Male,8,3 6 8,3 6 8,3 6 8
marginal,522,335,6,6,Fearful,0.0,Male,4,3 4 6,3 4 6,3 4 6
marginal,522,276,8,8,Surprised,0.0,Male,8,1 3 8,1 3 8,1 3 8
marginal,522,203,7,7,Disgust,1.0,Female,7,5 7,5 7,5 7
marginal,522,97,8,8,Surprised,0.0,Male,8,1 3 6 8,1 3 8,1 3 8
marginal,522,24,5,5,Angry,0.0,Male,5,5,5,5
marginal,522,329,5,5,Angry,0.0,Male,5,5,5,5
marginal,522,291,7,7,Disgust,1.0,Female,7,5 7,5 7,5 7
marginal,522,134,5,5,Angry,1.0,Female,5,5,5,5
marginal,522,152,4,4,Sad,0.0,Male,4,4,4,2 4
marginal,522,78,2,1,Neutral,0.0,Male,2,1 2,1 2,1 2 4
marginal,522,187,6,6,Fearful,1.0,Female,6,3 4 6,3 4 6,3 4 6
marginal,522,312,2,2,Calm,1.0,Female,2,2,2 4,2
marginal,522,293,1,3,Happy,0.0,Male,1,1 2,1 2 4,1 2 4
marginal,523,143,1,7,Disgust,0.0,Male,7,7,7,7
marginal,523,106,7,7,Disgust,0.0,Male,7,7,7,5 7
marginal,523,343,5,5,Angry,1.0,Female,5,5,5,5
marginal,523,255,6,6,Fearful,1.0,Female,6,3 4 6,3 4 6,3 6
marginal,523,298,8,8,Surprised,0.0,Male,8,1 3 8,1 3 8,1 3 8
marginal,523,82,6,6,Fearful,0.0,Male,4,3 4 6,3 4 6,3 4 6
marginal,523,358,3,3,Happy,1.0,Female,6,3 6 8,3 6 8,3 6 8
marginal,523,318,6,6,Fearful,1.0,Female,6,3 6 8,3 6 8,3 6
marginal,523,281,3,3,Happy,0.0,Male,8,3 6 8,3 6 8,3 6 8
marginal,523,128,7,7,Disgust,1.0,Female,7,7,7,7
marginal,523,67,4,2,Calm,0.0,Male,2,2 4,2 4,2 4 7
marginal,523,300,4,4,Sad,1.0,Female,2,2 4,2 4,2 4
marginal,523,174,5,5,Angry,0.0,Male,5,5,5,5
marginal,523,177,1,3,Happy,1.0,Female,1,1 2 4,1 2 4,1 2 4
marginal,523,180,5,5,Angry,1.0,Female,5,5,5,5
marginal,523,350,7,7,Disgust,1.0,Female,7,5 7,5 7,7
marginal,523,160,5,5,Angry,1.0,Female,5,5,5,5
marginal,523,154,7,7,Disgust,0.0,Male,7,4 7,2 4 7,2 4 7
marginal,523,288,8,8,Surprised,1.0,Female,8,3 8,3 8,8
marginal,523,239,8,8,Surprised,0.0,Male,8,3 8,3 8,3 8
marginal,523,114,2,2,Calm,1.0,Female,2,1 2,1 2,2
marginal,523,249,7,7,Disgust,0.0,Male,7,7,7,7
marginal,523,313,5,5,Angry,0.0,Male,5,5,5,5
marginal,523,307,3,3,Happy,1.0,Female,3,3 4 6,3 4 6,3 4 6
marginal,523,190,4,4,Sad,1.0,Female,4,4,4,4
marginal,523,189,1,4,Sad,1.0,Female,2,2 4,1 2 4,2 4
marginal,523,144,1,1,Neutral,0.0,Male,2,1 2,1 2,1 2
marginal,523,141,7,7,Disgust,0.0,Male,7,7,7,2 4 7
marginal,523,309,6,6,Fearful,0.0,Male,6,3 5 6 8,3 6 8,3 6 8
marginal,523,90,5,5,Angry,1.0,Female,5,2 5 7,2 5 7,2 5 7
marginal,523,226,2,4,Sad,0.0,Male,2,2,2,1 2 4
marginal,523,283,1,1,Neutral,0.0,Male,1,1 2,1 2,1 2 4
marginal,523,220,1,3,Happy,1.0,Female,1,1 2,1 2 4,1 2
marginal,523,69,8,8,Surprised,0.0,Male,8,3 5 6 8,3 6 8,3 6 8
marginal,523,238,8,8,Surprised,0.0,Male,8,3 8,8,3 8
marginal,523,148,4,2,Calm,1.0,Female,2,2,2 4,2
marginal,523,230,2,2,Calm,0.0,Male,2,2,2,1 2
marginal,523,117,4,4,Sad,1.0,Female,2,2,2,2
marginal,523,333,1,1,Neutral,0.0,Male,2,1 2,1 2,1 2
marginal,523,232,4,4,Sad,0.0,Male,4,2 4,2 4,1 2 4
marginal,523,247,4,4,Sad,1.0,Female,4,3 4 6,3 4,3 4 6
marginal,523,5,4,4,Sad,0.0,Male,4,2 4,2 4,2 4
marginal,523,205,5,3,Happy,1.0,Female,1,1 3 4 8,1 3 8,1 3 8
marginal,523,234,5,5,Angry,1.0,Female,5,5,5,5
marginal,523,291,7,7,Disgust,1.0,Female,7,5 7,5 7,5 7
marginal,523,274,4,6,Fearful,0.0,Male,3,3 4 6,3 4 6,3 4 6
marginal,523,185,6,6,Fearful,1.0,Female,6,3 6,3 6,3 6
marginal,523,18,2,4,Sad,0.0,Male,2,1 2 4,1 2 4,1 2 4
marginal,523,51,8,8,Surprised,0.0,Male,1,1 3 8,1 3 8,1 3 8
marginal,523,178,5,5,Angry,1.0,Female,5,5 8,1 5 8,5 8
marginal,524,169,6,6,Fearful,1.0,Female,6,3 6,3 6 8,3 6
marginal,524,205,1,3,Happy,1.0,Female,1,1 3 4 8,1 3 8,1 3 8
marginal,524,153,2,1,Neutral,1.0,Female,2,1 2,1 2,1 2
marginal,524,350,4,7,Disgust,1.0,Female,7,5 7,5 7,7
marginal,524,238,8,8,Surprised,0.0,Male,8,3 8,8,3 8
marginal,524,332,4,4,Sad,1.0,Female,4,4,4,4
marginal,524,299,8,6,Fearful,1.0,Female,8,3 6 8,3 6 8,3 6 8
marginal,524,180,5,5,Angry,1.0,Female,5,5,5,5
marginal,524,80,7,7,Disgust,1.0,Female,7,5 7,5 7,5 7
marginal,524,15,2,4,Sad,1.0,Female,4,2 4,2 4 7,2 4
marginal,524,124,8,8,Surprised,0.0,Male,8,3 8,3 8,3 8
marginal,524,358,3,3,Happy,1.0,Female,6,3 6 8,3 6 8,3 6 8
marginal,524,8,1,8,Surprised,0.0,Male,4,1 2 4,1 2 4,1 2 4
marginal,524,78,1,1,Neutral,0.0,Male,2,1 2,1 2,1 2 4
marginal,524,354,7,5,Angry,1.0,Female,5,5,5,5
marginal,524,283,1,1,Neutral,0.0,Male,1,1 2,1 2,1 2 4
marginal,524,104,3,3,Happy,0.0,Male,6,3 5 6 8,3 5 6,3 5 6
marginal,524,105,4,4,Sad,0.0,Male,4,3 4 6,3 4,3 4 6
marginal,524,311,2,4,Sad,1.0,Female,2,1 2 4,1 2 4,1 2 4
marginal,524,186,2,5,Angry,0.0,Male,4,3 4 6,3 4 6,3 4 6
marginal,524,237,5,5,Angry,1.0,Female,5,5,5,5
marginal,524,268,4,2,Calm,0.0,Male,2,1 2,2,1 2
marginal,524,62,8,8,Surprised,1.0,Female,8,3 8,8,8
marginal,524,210,2,1,Neutral,1.0,Female,2,1 2,1 2,1 2
marginal,524,244,3,3,Happy,1.0,Female,4,1 3 4 6,1 3 4,1 3 4
marginal,524,160,5,5,Angry,1.0,Female,5,5,5,5
marginal,524,315,2,1,Neutral,1.0,Female,1,1 2,1 2,1 2
marginal,524,278,8,8,Surprised,0.0,Male,8,3 8,8,3 8
marginal,524,256,2,2,Calm,0.0,Male,2,1 2,2,1 2
marginal,524,121,4,4,Sad,0.0,Male,4,3 4,3 4 6,3 4 6
marginal,524,231,5,5,Angry,0.0,Male,5,5,5,5
marginal,524,341,5,7,Disgust,1.0,Female,7,7,7,7
marginal,524,225,1,8,Surprised,1.0,Female,8,3 8,8,8
marginal,524,255,6,6,Fearful,1.0,Female,6,3 4 6,3 4 6,3 6
marginal,524,308,7,7,Disgust,1.0,Female,7,2 7,2 7,2 7
marginal,524,340,7,7,Disgust,1.0,Female,7,7,7,7
marginal,524,79,6,6,Fearful,1.0,Female,6,3 6,3 6 8,3 6
marginal,524,129,2,4,Sad,1.0,Female,2,2,2,2
marginal,524,71,4,4,Sad,0.0,Male,2,1 2,1 2,1 2 4
marginal,524,173,5,6,Fearful,0.0,Male,8,3 5 6 8,3 6 8,3 6 8
marginal,524,19,1,3,Happy,0.0,Male,1,1 2,1 2 4,1 2 4
marginal,524,194,6,6,Fearful,1.0,Female,6,3 5 6,3 5 6,3 5 6
marginal,524,148,4,2,Calm,1.0,Female,2,2,2 4,2
marginal,524,297,2,2,Calm,1.0,Female,2,1 2,2,2
marginal,524,221,8,8,Surprised,0.0,Male,8,3 8,1 3 8,1 3 8
marginal,524,265,6,6,Fearful,0.0,Male,6,3 6 8,3 6 8,3 6 8
marginal,524,351,3,3,Happy,0.0,Male,6,3 6 8,3 6 8,3 6 8
marginal,524,27,7,7,Disgust,1.0,Female,7,7,7,7
marginal,524,85,4,7,Disgust,0.0,Male,7,7,7,7
marginal,524,136,5,5,Angry,1.0,Female,5,5,5,5
marginal,525,281,3,3,Happy,0.0,Male,8,3 6 8,3 6 8,3 6 8
marginal,525,354,5,5,Angry,1.0,Female,5,5,5,5
marginal,525,214,3,8,Surprised,0.0,Male,8,3 6 8,3 6 8,3 6 8
marginal,525,272,5,5,Angry,1.0,Female,5,5 8,5 8,5 8
marginal,525,220,2,3,Happy,1.0,Female,1,1 2,1 2 4,1 2
marginal,525,97,8,8,Surprised,0.0,Male,8,1 3 6 8,1 3 8,1 3 8
marginal,525,72,4,4,Sad,1.0,Female,4,4,4,4
marginal,525,161,8,8,Surprised,1.0,Female,8,3 8,1 3 8,8
marginal,525,300,4,4,Sad,1.0,Female,2,2 4,2 4,2 4
marginal,525,330,1,2,Calm,1.0,Female,2,1 2,1 2,2
marginal,525,181,2,2,Calm,1.0,Female,2,2,2,2
marginal,525,104,3,3,Happy,0.0,Male,6,3 5 6 8,3 5 6,3 5 6
marginal,525,293,2,3,Happy,0.0,Male,1,1 2,1 2 4,1 2 4
marginal,525,187,6,6,Fearful,1.0,Female,6,3 4 6,3 4 6,3 4 6
marginal,525,77,2,2,Calm,1.0,Female,2,1 2,2,2
marginal,525,218,3,3,Happy,0.0,Male,1,1 2,1 2 8,1 2 8
marginal,525,152,8,4,Sad,0.0,Male,4,4,4,2 4
marginal,525,24,5,5,Angry,0.0,Male,5,5,5,5
marginal,525,122,5,5,Angry,1.0,Female,5,5,5,5
marginal,525,215,4,4,Sad,0.0,Male,4,3 4,3 4,3 4 6
marginal,525,134,5,5,Angry,1.0,Female,5,5,5,5
marginal,525,271,6,6,Fearful,1.0,Female,6,3 6,3 6,3 6
marginal,525,42,6,6,Fearful,0.0,Male,6,3 6,3 6,3 6 8
marginal,525,74,2,2,Calm,0.0,Male,2,2,2,1 2
marginal,525,260,2,3,Happy,0.0,Male,2,1 2,1 2,1 2
marginal,525,45,7,7,Disgust,1.0,Female,7,7,7,7
marginal,525,312,4,2,Calm,1.0,Female,2,2,2 4,2
marginal,525,335,4,6,Fearful,0.0,Male,4,3 4 6,3 4 6,3 4 6
marginal,525,194,6,6,Fearful,1.0,Female,6,3 5 6,3 5 6,3 5 6
marginal,525,291,7,7,Disgust,1.0,Female,7,5 7,5 7,5 7
marginal,525,182,6,3,Happy,1.0,Female,3,3 5 6 8,3 6 8,3 6 8
marginal,525,329,5,5,Angry,0.0,Male,5,5,5,5
marginal,525,52,7,7,Disgust,0.0,Male,7,7,7,7
marginal,525,235,5,5,Angry,0.0,Male,5,5,5,5
marginal,525,78,2,1,Neutral,0.0,Male,2,1 2,1 2,1 2 4
marginal,525,75,5,5,Angry,0.0,Male,5,5,5,5
marginal,525,203,3,7,Disgust,1.0,Female,7,5 7,5 7,5 7
marginal,525,68,3,8,Surprised,0.0,Male,8,1 3 4 6 8,3 6 8,3 6 8
marginal,525,310,7,7,Disgust,1.0,Female,7,5 7,5 7,7
marginal,525,172,2,2,Calm,1.0,Female,2,2,2,2
marginal,525,229,6,4,Sad,1.0,Female,4,4,4 6,4
marginal,525,14,6,8,Surprised,0.0,Male,8,3 6 8,3 6 8,3 6 8
marginal,525,4,6,6,Fearful,1.0,Female,6,3 6,3 6 8,3 6
marginal,525,89,8,8,Surprised,1.0,Female,8,3 8,3 8,3 8
marginal,525,276,3,8,Surprised,0.0,Male,8,1 3 8,1 3 8,1 3 8
marginal,525,10,6,6,Fearful,1.0,Female,6,3 6 8,3 6 8,3 6
marginal,525,290,6,3,Happy,1.0,Female,6,3 6,3 4 6,3 6
marginal,525,320,2,6,Fearful,1.0,Female,4,4,2 4,4
marginal,525,120,4,7,Disgust,0.0,Male,7,2 4 7,2 4 7,2 4 7
marginal,525,100,8,8,Surprised,1.0,Female,8,3 8,3 8,8
marginal,526,191,2,2,Calm,1.0,Female,2,2,2,2
marginal,526,61,6,6,Fearful,0.0,Male,6,3 6 8,3 6 8,3 6 8
marginal,526,80,5,7,Disgust,1.0,Female,7,5 7,5 7,5 7
marginal,526,262,2,3,Happy,0.0,Male,1,1 2,1 2 4,1 2 4
marginal,526,276,1,8,Surprised,0.0,Male,8,1 3 8,1 3 8,1 3 8
marginal,526,111,2,2,Calm,0.0,Male,2,1 2,2,1 2
marginal,526,154,7,7,Disgust,0.0,Male,7,4 7,2 4 7,2 4 7
marginal,526,171,1,1,Neutral,1.0,Female,2,1 2,1 2,1 2
marginal,526,10,6,6,Fearful,1.0,Female,6,3 6 8,3 6 8,3 6
marginal,526,296,2,2,Calm,0.0,Male,2,1 2,2,1 2
marginal,526,73,8,8,Surprised,0.0,Male,3,3 6 8,3 6 8,3 6 8
marginal,526,88,4,7,Disgust,0.0,Male,5,5 7,5 7,5 7
marginal,526,246,1,3,Happy,1.0,Female,1,1 3 4 8,1 3 4,1 3 4
marginal,526,152,4,4,Sad,0.0,Male,4,4,4,2 4
marginal,526,77,2,2,Calm,1.0,Female,2,1 2,2,2
marginal,526,139,6,6,Fearful,1.0,Female,6,3 6,3 6,3 6
marginal,526,93,8,8,Surprised,1.0,Female,8,3 8,3 8,8
marginal,526,188,8,8,Surprised,0.0,Male,8,3 6 8,3 8,3 6 8
marginal,526,70,2,2,Calm,0.0,Male,2,2,2,1 2
marginal,526,355,4,4,Sad,1.0,Female,4,2 4,2 4,2 4
marginal,526,57,2,2,Calm,0.0,Male,2,2,2,1 2
marginal,526,319,2,1,Neutral,1.0,Female,2,1 2,1 2,1 2
marginal,526,227,6,6,Fearful,1.0,Female,6,3 4 6,3 4 6,3 4 6
marginal,526,106,7,7,Disgust,0.0,Male,7,7,7,5 7
marginal,526,309,6,6,Fearful,0.0,Male,6,3 5 6 8,3 6 8,3 6 8
marginal,526,329,5,5,Angry,0.0,Male,5,5,5,5
marginal,526,289,6,4,Sad,0.0,Male,4,1 2 4,1 2 4,1 2 4
marginal,526,100,8,8,Surprised,1.0,Female,8,3 8,3 8,8
marginal,526,301,8,8,Surprised,1.0,Female,8,1 3 8,1 3 8,1 3 8
marginal,526,320,4,6,Fearful,1.0,Female,4,4,2 4,4
marginal,526,117,4,4,Sad,1.0,Female,2,2,2,2
marginal,526,156,4,4,Sad,0.0,Male,4,4,4,2 3 4
marginal,526,124,8,8,Surprised,0.0,Male,8,3 8,3 8,3 8
marginal,526,269,2,4,Sad,1.0,Female,2,1 2,1 2,1 2
marginal,526,115,5,5,Angry,0.0,Male,5,5,5,5
marginal,526,5,4,4,Sad,0.0,Male,4,2 4,2 4,2 4
marginal,526,197,7,7,Disgust,1.0,Female,7,7,7,7
marginal,526,105,4,4,Sad,0.0,Male,4,3 4 6,3 4,3 4 6
marginal,526,270,6,3,Happy,1.0,Female,3,3 6 8,3 6 8,3 6 8
marginal,526,358,3,3,Happy,1.0,Female,6,3 6 8,3 6 8,3 6 8
marginal,526,331,2,1,Neutral,0.0,Male,2,1 2,1 2,1 2
marginal,526,99,1,6,Fearful,0.0,Male,4,3 4,3 4,3 4 6
marginal,526,83,3,3,Happy,0.0,Male,3,3 4 6,3 4 6,3 4 6
marginal,526,196,5,5,Angry,0.0,Male,5,5,5,5
marginal,526,306,2,2,Calm,1.0,Female,2,2,2,2
marginal,526,164,2,2,Calm,1.0,Female,2,1 2,1 2,2
marginal,526,341,8,7,Disgust,1.0,Female,7,7,7,7
marginal,526,76,7,7,Disgust,0.0,Male,7,5 7,7,5 7
marginal,526,290,6,3,Happy,1.0,Female,6,3 6,3 4 6,3 6
marginal,526,185,6,6,Fearful,1.0,Female,6,3 6,3 6,3 6
marginal,527,352,7,7,Disgust,1.0,Female,7,5 7,5 7,7
marginal,527,245,5,5,Angry,1.0,Female,5,5,5,5
marginal,527,316,5,5,Angry,1.0,Female,5,5,5,5
marginal,527,268,2,2,Calm,0.0,Male,2,1 2,2,1 2
marginal,527,91,1,3,Happy,1.0,Female,1,1 2 3 4,1 2 4,1 2 4
marginal,527,113,2,2,Calm,1.0,Female,2,2,2,2
marginal,527,37,6,6,Fearful,1.0,Female,6,3 5 6 8,3 6 8,3 6 8
marginal,527,154,7,7,Disgust,0.0,Male,7,4 7,2 4 7,2 4 7
marginal,527,35,2,2,Calm,0.0,Male,2,2,2,1 2 4
marginal,527,141,7,7,Disgust,0.0,Male,7,7,7,2 4 7
marginal,527,62,8,8,Surprised,1.0,Female,8,3 8,8,8
marginal,527,76,7,7,Disgust,0.0,Male,7,5 7,7,5 7
marginal,527,318,6,6,Fearful,1.0,Female,6,3 6 8,3 6 8,3 6
marginal,527,19,1,3,Happy,0.0,Male,1,1 2,1 2 4,1 2 4
marginal,527,202,4,4,Sad,0.0,Male,2,2 4,2 4,1 2 4
marginal,527,194,6,6,Fearful,1.0,Female,6,3 5 6,3 5 6,3 5 6
marginal,527,223,4,4,Sad,1.0,Female,4,4,4,4
marginal,527,39,1,1,Neutral,1.0,Female,2,1 2,1 2,1 2
marginal,527,299,8,6,Fearful,1.0,Female,8,3 6 8,3 6 8,3 6 8
marginal,527,188,8,8,Surprised,0.0,Male,8,3 6 8,3 8,3 6 8
marginal,527,298,8,8,Surprised,0.0,Male,8,1 3 8,1 3 8,1 3 8
marginal,527,178,5,5,Angry,1.0,Female,5,5 8,1 5 8,5 8
marginal,527,289,1,4,Sad,0.0,Male,4,1 2 4,1 2 4,1 2 4
marginal,527,152,4,4,Sad,0.0,Male,4,4,4,2 4
marginal,527,242,2,2,Calm,1.0,Female,2,2,2,2
marginal,527,160,5,5,Angry,1.0,Female,5,5,5,5
marginal,527,197,7,7,Disgust,1.0,Female,7,7,7,7
marginal,527,215,4,4,Sad,0.0,Male,4,3 4,3 4,3 4 6
marginal,527,307,5,3,Happy,1.0,Female,3,3 4 6,3 4 6,3 4 6
marginal,527,47,7,7,Disgust,1.0,Female,7,5 7,7,7
marginal,527,111,2,2,Calm,0.0,Male,2,1 2,2,1 2
marginal,527,1,2,6,Fearful,0.0,Male,4,2 4,2 4,1 2 4
marginal,527,236,3,3,Happy,1.0,Female,3,3 4 6,3 4 6,3 4 6
marginal,527,328,8,8,Surprised,1.0,Female,1,1 2 8,1 2 8,1 2 8
marginal,527,130,8,8,Surprised,1.0,Female,8,3 8,8,8
marginal,527,199,6,4,Sad,0.0,Male,4,2 4,2 4,1 2 4
marginal,527,267,2,1,Neutral,0.0,Male,2,1 2,1 2,1 2
marginal,527,233,6,6,Fearful,1.0,Female,6,3 6,3 5 6,3 5 6
marginal,527,174,5,5,Angry,0.0,Male,5,5,5,5
marginal,527,207,7,7,Disgust,0.0,Male,7,7,7,7
marginal,527,103,2,2,Calm,0.0,Male,2,2,2,1 2
marginal,527,257,1,2,Calm,1.0,Female,2,1 2,1 2,1 2
marginal,527,84,5,3,Happy,1.0,Female,5,3 5,3 5 6,5
marginal,527,319,1,1,Neutral,1.0,Female,2,1 2,1 2,1 2
marginal,527,129,2,4,Sad,1.0,Female,2,2,2,2
marginal,527,173,6,6,Fearful,0.0,Male,8,3 5 6 8,3 6 8,3 6 8
marginal,527,26,5,5,Angry,0.0,Male,5,5,5,5
marginal,527,105,4,4,Sad,0.0,Male,4,3 4 6,3 4,3 4 6
marginal,527,210,2,1,Neutral,1.0,Female,2,1 2,1 2,1 2
marginal,527,97,3,8,Surprised,0.0,Male,8,1 3 6 8,1 3 8,1 3 8
marginal,528,47,7,7,Disgust,1.0,Female,7,5 7,7,7
marginal,528,1,2,6,Fearful,0.0,Male,4,2 4,2 4,1 2 4
marginal,528,103,2,2,Calm,0.0,Male,2,2,2,1 2
marginal,528,84,5,3,Happy,1.0,Female,5,3 5,3 5 6,5
marginal,528,242,2,2,Calm,1.0,Female,2,2,2,2
marginal,528,111,2,2,Calm,0.0,Male,2,1 2,2,1 2
marginal,528,160,5,5,Angry,1.0,Female,5,5,5,5
marginal,528,97,8,8,Surprised,0.0,Male,8,1 3 6 8,1 3 8,1 3 8
marginal,528,298,8,8,Surprised,0.0,Male,8,1 3 8,1 3 8,1 3 8
marginal,528,197,7,7,Disgust,1.0,Female,7,7,7,7
marginal,528,245,5,5,Angry,1.0,Female,5,5,5,5
marginal,528,129,2,4,Sad,1.0,Female,2,2,2,2
marginal,528,307,3,3,Happy,1.0,Female,3,3 4 6,3 4 6,3 4 6
marginal,528,210,1,1,Neutral,1.0,Female,2,1 2,1 2,1 2
marginal,528,316,5,5,Angry,1.0,Female,5,5,5,5
marginal,528,37,6,6,Fearful,1.0,Female,6,3 5 6 8,3 6 8,3 6 8
marginal,528,178,1,5,Angry,1.0,Female,5,5 8,1 5 8,5 8
marginal,528,236,3,3,Happy,1.0,Female,3,3 4 6,3 4 6,3 4 6
marginal,528,328,8,8,Surprised,1.0,Female,1,1 2 8,1 2 8,1 2 8
marginal,528,319,1,1,Neutral,1.0,Female,2,1 2,1 2,1 2
marginal,528,26,5,5,Angry,0.0,Male,5,5,5,5
marginal,528,35,2,2,Calm,0.0,Male,2,2,2,1 2 4
marginal,528,202,4,4,Sad,0.0,Male,2,2 4,2 4,1 2 4
marginal,528,62,8,8,Surprised,1.0,Female,8,3 8,8,8
marginal,528,318,6,6,Fearful,1.0,Female,6,3 6 8,3 6 8,3 6
marginal,528,267,1,1,Neutral,0.0,Male,2,1 2,1 2,1 2
marginal,528,130,3,8,Surprised,1.0,Female,8,3 8,8,8
marginal,528,113,1,2,Calm,1.0,Female,2,2,2,2
marginal,528,194,3,6,Fearful,1.0,Female,6,3 5 6,3 5 6,3 5 6
marginal,528,188,8,8,Surprised,0.0,Male,8,3 6 8,3 8,3 6 8
marginal,528,223,4,4,Sad,1.0,Female,4,4,4,4
marginal,528,76,7,7,Disgust,0.0,Male,7,5 7,7,5 7
marginal,528,141,7,7,Disgust,0.0,Male,7,7,7,2 4 7
marginal,528,299,8,6,Fearful,1.0,Female,8,3 6 8,3 6 8,3 6 8
marginal,528,199,4,4,Sad,0.0,Male,4,2 4,2 4,1 2 4
marginal,528,257,1,2,Calm,1.0,Female,2,1 2,1 2,1 2
marginal,528,19,1,3,Happy,0.0,Male,1,1 2,1 2 4,1 2 4
marginal,528,233,6,6,Fearful,1.0,Female,6,3 6,3 5 6,3 5 6
marginal,528,154,7,7,Disgust,0.0,Male,7,4 7,2 4 7,2 4 7
marginal,528,174,5,5,Angry,0.0,Male,5,5,5,5
marginal,528,173,6,6,Fearful,0.0,Male,8,3 5 6 8,3 6 8,3 6 8
marginal,528,39,2,1,Neutral,1.0,Female,2,1 2,1 2,1 2
marginal,528,289,4,4,Sad,0.0,Male,4,1 2 4,1 2 4,1 2 4
marginal,528,268,2,2,Calm,0.0,Male,2,1 2,2,1 2
marginal,528,207,7,7,Disgust,0.0,Male,7,7,7,7
marginal,528,215,4,4,Sad,0.0,Male,4,3 4,3 4,3 4 6
marginal,528,352,7,7,Disgust,1.0,Female,7,5 7,5 7,7
marginal,528,105,6,4,Sad,0.0,Male,4,3 4 6,3 4,3 4 6
marginal,528,152,4,4,Sad,0.0,Male,4,4,4,2 4
marginal,528,91,1,3,Happy,1.0,Female,1,1 2 3 4,1 2 4,1 2 4
marginal,529,331,2,1,Neutral,0.0,Male,2,1 2,1 2,1 2
marginal,529,180,5,5,Angry,1.0,Female,5,5,5,5
marginal,529,197,7,7,Disgust,1.0,Female,7,7,7,7
marginal,529,21,7,7,Disgust,1.0,Female,7,7,7,7
marginal,529,352,7,7,Disgust,1.0,Female,7,5 7,5 7,7
marginal,529,153,2,1,Neutral,1.0,Female,2,1 2,1 2,1 2
marginal,529,43,6,6,Fearful,0.0,Male,6,3 6,3 6,3 6 8
marginal,529,101,7,7,Disgust,0.0,Male,7,5 7,5 7,5 7
marginal,529,42,6,6,Fearful,0.0,Male,6,3 6,3 6,3 6 8
marginal,529,15,2,4,Sad,1.0,Female,4,2 4,2 4 7,2 4
marginal,529,313,5,5,Angry,0.0,Male,5,5,5,5
marginal,529,155,1,4,Sad,1.0,Female,2,2,2,2
marginal,529,329,5,5,Angry,0.0,Male,5,5,5,5
marginal,529,30,7,2,Calm,1.0,Female,2,2,2,2
marginal,529,321,8,8,Surprised,1.0,Female,8,3 8,3 8,8
marginal,529,267,1,1,Neutral,0.0,Male,2,1 2,1 2,1 2
marginal,529,64,2,2,Calm,1.0,Female,2,2,2,2
marginal,529,217,8,8,Surprised,1.0,Female,8,8,8,8
marginal,529,87,8,8,Surprised,0.0,Male,8,3 8,3 8,3 6 8
marginal,529,237,5,5,Angry,1.0,Female,5,5,5,5
marginal,529,60,1,3,Happy,0.0,Male,1,1 2,1 2,1 2 4
marginal,529,239,8,8,Surprised,0.0,Male,8,3 8,3 8,3 8
marginal,529,123,1,2,Calm,0.0,Male,2,1 2,2,1 2
marginal,529,219,7,7,Disgust,0.0,Male,7,7,7,5 7
marginal,529,157,7,7,Disgust,1.0,Female,7,7,7,7
marginal,529,214,6,8,Surprised,0.0,Male,8,3 6 8,3 6 8,3 6 8
marginal,529,8,4,8,Surprised,0.0,Male,4,1 2 4,1 2 4,1 2 4
marginal,529,10,6,6,Fearful,1.0,Female,6,3 6 8,3 6 8,3 6
marginal,529,102,2,3,Happy,1.0,Female,1,1 2,1 2 4,1 2
marginal,529,192,5,5,Angry,1.0,Female,5,5,5,5
marginal,529,309,6,6,Fearful,0.0,Male,6,3 5 6 8,3 6 8,3 6 8
marginal,529,290,3,3,Happy,1.0,Female,6,3 6,3 4 6,3 6
marginal,529,274,2,6,Fearful,0.0,Male,3,3 4 6,3 4 6,3 4 6
marginal,529,262,8,3,Happy,0.0,Male,1,1 2,1 2 4,1 2 4
marginal,529,238,8,8,Surprised,0.0,Male,8,3 8,8,3 8
marginal,529,244,3,3,Happy,1.0,Female,4,1 3 4 6,1 3 4,1 3 4
marginal,529,143,7,7,Disgust,0.0,Male,7,7,7,7
marginal,529,347,6,4,Sad,0.0,Male,4,1 2 3 4,1 2 4,1 2 4
marginal,529,144,1,1,Neutral,0.0,Male,2,1 2,1 2,1 2
marginal,529,268,2,2,Calm,0.0,Male,2,1 2,2,1 2
marginal,529,122,5,5,Angry,1.0,Female,5,5,5,5
marginal,529,339,4,4,Sad,0.0,Male,2,2 4,2 4,1 2 4
marginal,529,75,5,5,Angry,0.0,Male,5,5,5,5
marginal,529,174,5,5,Angry,0.0,Male,5,5,5,5
marginal,529,70,2,2,Calm,0.0,Male,2,2,2,1 2
marginal,529,285,4,4,Sad,0.0,Male,4,2 4,2 4,2 4
marginal,529,199,4,4,Sad,0.0,Male,4,2 4,2 4,1 2 4
marginal,529,210,1,1,Neutral,1.0,Female,2,1 2,1 2,1 2
marginal,529,152,3,4,Sad,0.0,Male,4,4,4,2 4
marginal,529,243,2,2,Calm,0.0,Male,2,2,2,1 2
marginal,530,242,2,2,Calm,1.0,Female,2,2,2,2
marginal,530,337,3,8,Surprised,1.0,Female,1,1 3 8,1 3 8,1 3 8
marginal,530,305,8,8,Surprised,1.0,Female,8,3 8,8,8
marginal,530,285,4,4,Sad,0.0,Male,4,2 4,2 4,2 4
marginal,530,205,1,3,Happy,1.0,Female,1,1 3 4 8,1 3 8,1 3 8
marginal,530,201,5,5,Angry,0.0,Male,5,5,5,5
marginal,530,245,5,5,Angry,1.0,Female,5,5,5,5
marginal,530,226,2,4,Sad,0.0,Male,2,2,2,1 2 4
marginal,530,119,8,6,Fearful,0.0,Male,8,3 8,3 8,3 6 8
marginal,530,33,8,8,Surprised,0.0,Male,8,3 8,3 8,3 8
marginal,530,110,6,6,Fearful,0.0,Male,6,3 4 6,3 4 6,3 4 6
marginal,530,34,5,5,Angry,0.0,Male,5,5,5,5
marginal,530,147,1,3,Happy,0.0,Male,1,1 2,1 2,1 2 4
marginal,530,45,7,7,Disgust,1.0,Female,7,7,7,7
marginal,530,290,6,3,Happy,1.0,Female,6,3 6,3 4 6,3 6
marginal,530,59,6,6,Fearful,1.0,Female,6,3 4 6,3 4 6,3 4 6
marginal,530,267,1,1,Neutral,0.0,Male,2,1 2,1 2,1 2
marginal,530,30,4,2,Calm,1.0,Female,2,2,2,2
marginal,530,164,4,2,Calm,1.0,Female,2,1 2,1 2,2
marginal,530,249,7,7,Disgust,0.0,Male,7,7,7,7
marginal,530,61,8,6,Fearful,0.0,Male,6,3 6 8,3 6 8,3 6 8
marginal,530,94,8,5,Angry,1.0,Female,5,5,5,5
marginal,530,310,8,7,Disgust,1.0,Female,7,5 7,5 7,7
marginal,530,246,4,3,Happy,1.0,Female,1,1 3 4 8,1 3 4,1 3 4
marginal,530,272,5,5,Angry,1.0,Female,5,5 8,5 8,5 8
marginal,530,103,2,2,Calm,0.0,Male,2,2,2,1 2
marginal,530,86,2,7,Disgust,1.0,Female,2,2,2,2
marginal,530,139,6,6,Fearful,1.0,Female,6,3 6,3 6,3 6
marginal,530,178,8,5,Angry,1.0,Female,5,5 8,1 5 8,5 8
marginal,530,254,1,3,Happy,0.0,Male,1,1 2,1 2 4,1 2 4
marginal,530,175,1,2,Calm,1.0,Female,2,1 2,1 2,1 2
marginal,530,343,5,5,Angry,1.0,Female,5,5,5,5
marginal,530,2,6,6,Fearful,1.0,Female,6,3 6,3 6,3 6
marginal,530,357,4,4,Sad,1.0,Female,4,2 4,4,4
marginal,530,286,7,7,Disgust,0.0,Male,7,4 7,7,4 7
marginal,530,220,4,3,Happy,1.0,Female,1,1 2,1 2 4,1 2
marginal,530,18,1,4,Sad,0.0,Male,2,1 2 4,1 2 4,1 2 4
marginal,530,144,1,1,Neutral,0.0,Male,2,1 2,1 2,1 2
marginal,530,5,4,4,Sad,0.0,Male,4,2 4,2 4,2 4
marginal,530,23,8,8,Surprised,1.0,Female,8,3 8,3 8,3 8
marginal,530,222,3,8,Surprised,0.0,Male,8,3 8,3 8,1 3 8
marginal,530,97,3,8,Surprised,0.0,Male,8,1 3 6 8,1 3 8,1 3 8
marginal,530,218,2,3,Happy,0.0,Male,1,1 2,1 2 8,1 2 8
marginal,530,215,4,4,Sad,0.0,Male,4,3 4,3 4,3 4 6
marginal,530,300,2,4,Sad,1.0,Female,2,2 4,2 4,2 4
marginal,530,51,8,8,Surprised,0.0,Male,1,1 3 8,1 3 8,1 3 8
marginal,530,44,6,6,Fearful,0.0,Male,3,3 4 6,3 4 6,3 4 6
marginal,530,57,2,2,Calm,0.0,Male,2,2,2,1 2
marginal,530,234,7,5,Angry,1.0,Female,5,5,5,5
marginal,530,70,1,2,Calm,0.0,Male,2,2,2,1 2
marginal,531,62,8,8,Surprised,1.0,Female,8,3 8,8,8
marginal,531,91,2,3,Happy,1.0,Female,1,1 2 3 4,1 2 4,1 2 4
marginal,531,35,2,2,Calm,0.0,Male,2,2,2,1 2 4
marginal,531,174,5,5,Angry,0.0,Male,5,5,5,5
marginal,531,103,1,2,Calm,0.0,Male,2,2,2,1 2
marginal,531,236,3,3,Happy,1.0,Female,3,3 4 6,3 4 6,3 4 6
marginal,531,307,3,3,Happy,1.0,Female,3,3 4 6,3 4 6,3 4 6
marginal,531,97,3,8,Surprised,0.0,Male,8,1 3 6 8,1 3 8,1 3 8
marginal,531,152,4,4,Sad,0.0,Male,4,4,4,2 4
marginal,531,319,1,1,Neutral,1.0,Female,2,1 2,1 2,1 2
marginal,531,242,1,2,Calm,1.0,Female,2,2,2,2
marginal,531,111,2,2,Calm,0.0,Male,2,1 2,2,1 2
marginal,531,199,4,4,Sad,0.0,Male,4,2 4,2 4,1 2 4
marginal,531,76,7,7,Disgust,0.0,Male,7,5 7,7,5 7
marginal,531,207,7,7,Disgust,0.0,Male,7,7,7,7
marginal,531,215,4,4,Sad,0.0,Male,4,3 4,3 4,3 4 6
marginal,531,197,7,7,Disgust,1.0,Female,7,7,7,7
marginal,531,113,2,2,Calm,1.0,Female,2,2,2,2
marginal,531,352,7,7,Disgust,1.0,Female,7,5 7,5 7,7
marginal,531,245,5,5,Angry,1.0,Female,5,5,5,5
marginal,531,26,5,5,Angry,0.0,Male,5,5,5,5
marginal,531,173,8,6,Fearful,0.0,Male,8,3 5 6 8,3 6 8,3 6 8
marginal,531,223,4,4,Sad,1.0,Female,4,4,4,4
marginal,531,257,5,2,Calm,1.0,Female,2,1 2,1 2,1 2
marginal,531,188,8,8,Surprised,0.0,Male,8,3 6 8,3 8,3 6 8
marginal,531,160,5,5,Angry,1.0,Female,5,5,5,5
marginal,531,233,6,6,Fearful,1.0,Female,6,3 6,3 5 6,3 5 6
marginal,531,141,7,7,Disgust,0.0,Male,7,7,7,2 4 7
marginal,531,178,5,5,Angry,1.0,Female,5,5 8,1 5 8,5 8
marginal,531,84,5,3,Happy,1.0,Female,5,3 5,3 5 6,5
marginal,531,316,5,5,Angry,1.0,Female,5,5,5,5
marginal,531,154,4,7,Disgust,0.0,Male,7,4 7,2 4 7,2 4 7
marginal,531,328,8,8,Surprised,1.0,Female,1,1 2 8,1 2 8,1 2 8
marginal,531,267,1,1,Neutral,0.0,Male,2,1 2,1 2,1 2
marginal,531,47,7,7,Disgust,1.0,Female,7,5 7,7,7
marginal,531,129,2,4,Sad,1.0,Female,2,2,2,2
marginal,531,105,4,4,Sad,0.0,Male,4,3 4 6,3 4,3 4 6
marginal,531,298,8,8,Surprised,0.0,Male,8,1 3 8,1 3 8,1 3 8
marginal,531,39,2,1,Neutral,1.0,Female,2,1 2,1 2,1 2
marginal,531,289,1,4,Sad,0.0,Male,4,1 2 4,1 2 4,1 2 4
marginal,531,1,4,6,Fearful,0.0,Male,4,2 4,2 4,1 2 4
marginal,531,299,8,6,Fearful,1.0,Female,8,3 6 8,3 6 8,3 6 8
marginal,531,202,4,4,Sad,0.0,Male,2,2 4,2 4,1 2 4
marginal,531,194,6,6,Fearful,1.0,Female,6,3 5 6,3 5 6,3 5 6
marginal,531,268,2,2,Calm,0.0,Male,2,1 2,2,1 2
marginal,531,37,6,6,Fearful,1.0,Female,6,3 5 6 8,3 6 8,3 6 8
marginal,531,19,2,3,Happy,0.0,Male,1,1 2,1 2 4,1 2 4
marginal,531,130,8,8,Surprised,1.0,Female,8,3 8,8,8
marginal,531,210,7,1,Neutral,1.0,Female,2,1 2,1 2,1 2
marginal,531,318,6,6,Fearful,1.0,Female,6,3 6 8,3 6 8,3 6
marginal,532,262,8,3,Happy,0.0,Male,1,1 2,1 2 4,1 2 4
marginal,532,93,8,8,Surprised,1.0,Female,8,3 8,3 8,8
marginal,532,246,3,3,Happy,1.0,Female,1,1 3 4 8,1 3 4,1 3 4
marginal,532,319,2,1,Neutral,1.0,Female,2,1 2,1 2,1 2
marginal,532,188,8,8,Surprised,0.0,Male,8,3 6 8,3 8,3 6 8
marginal,532,5,6,4,Sad,0.0,Male,4,2 4,2 4,2 4
marginal,532,10,6,6,Fearful,1.0,Female,6,3 6 8,3 6 8,3 6
marginal,532,111,2,2,Calm,0.0,Male,2,1 2,2,1 2
marginal,532,139,6,6,Fearful,1.0,Female,6,3 6,3 6,3 6
marginal,532,57,2,2,Calm,0.0,Male,2,2,2,1 2
marginal,532,83,3,3,Happy,0.0,Male,3,3 4 6,3 4 6,3 4 6
marginal,532,154,7,7,Disgust,0.0,Male,7,4 7,2 4 7,2 4 7
marginal,532,80,5,7,Disgust,1.0,Female,7,5 7,5 7,5 7
marginal,532,270,3,3,Happy,1.0,Female,3,3 6 8,3 6 8,3 6 8
marginal,532,331,2,1,Neutral,0.0,Male,2,1 2,1 2,1 2
marginal,532,88,7,7,Disgust,0.0,Male,5,5 7,5 7,5 7
marginal,532,152,3,4,Sad,0.0,Male,4,4,4,2 4
marginal,532,289,4,4,Sad,0.0,Male,4,1 2 4,1 2 4,1 2 4
marginal,532,227,6,6,Fearful,1.0,Female,6,3 4 6,3 4 6,3 4 6
marginal,532,115,5,5,Angry,0.0,Male,5,5,5,5
marginal,532,156,4,4,Sad,0.0,Male,4,4,4,2 3 4
marginal,532,269,2,4,Sad,1.0,Female,2,1 2,1 2,1 2
marginal,532,309,6,6,Fearful,0.0,Male,6,3 5 6 8,3 6 8,3 6 8
marginal,532,355,4,4,Sad,1.0,Female,4,2 4,2 4,2 4
marginal,532,320,4,6,Fearful,1.0,Female,4,4,2 4,4
marginal,532,341,7,7,Disgust,1.0,Female,7,7,7,7
marginal,532,105,6,4,Sad,0.0,Male,4,3 4 6,3 4,3 4 6
marginal,532,77,2,2,Calm,1.0,Female,2,1 2,2,2
marginal,532,70,2,2,Calm,0.0,Male,2,2,2,1 2
marginal,532,124,8,8,Surprised,0.0,Male,8,3 8,3 8,3 8
marginal,532,329,5,5,Angry,0.0,Male,5,5,5,5
marginal,532,276,8,8,Surprised,0.0,Male,8,1 3 8,1 3 8,1 3 8
marginal,532,99,3,6,Fearful,0.0,Male,4,3 4,3 4,3 4 6
marginal,532,197,7,7,Disgust,1.0,Female,7,7,7,7
marginal,532,164,2,2,Calm,1.0,Female,2,1 2,1 2,2
marginal,532,306,2,2,Calm,1.0,Female,2,2,2,2
marginal,532,296,2,2,Calm,0.0,Male,2,1 2,2,1 2
marginal,532,185,6,6,Fearful,1.0,Female,6,3 6,3 6,3 6
marginal,532,117,2,4,Sad,1.0,Female,2,2,2,2
marginal,532,196,5,5,Angry,0.0,Male,5,5,5,5
marginal,532,106,7,7,Disgust,0.0,Male,7,7,7,5 7
marginal,532,301,3,8,Surprised,1.0,Female,8,1 3 8,1 3 8,1 3 8
marginal,532,73,8,8,Surprised,0.0,Male,3,3 6 8,3 6 8,3 6 8
marginal,532,290,3,3,Happy,1.0,Female,6,3 6,3 4 6,3 6
marginal,532,76,7,7,Disgust,0.0,Male,7,5 7,7,5 7
marginal,532,61,8,6,Fearful,0.0,Male,6,3 6 8,3 6 8,3 6 8
marginal,532,171,1,1,Neutral,1.0,Female,2,1 2,1 2,1 2
marginal,532,100,3,8,Surprised,1.0,Female,8,3 8,3 8,8
marginal,532,191,2,2,Calm,1.0,Female,2,2,2,2
marginal,532,358,3,3,Happy,1.0,Female,6,3 6 8,3 6 8,3 6 8
marginal,533,228,5,5,Angry,0.0,Male,5,5,5,5
marginal,533,283,1,1,Neutral,0.0,Male,1,1 2,1 2,1 2 4
marginal,533,72,6,4,Sad,1.0,Female,4,4,4,4
marginal,533,321,8,8,Surprised,1.0,Female,8,3 8,3 8,8
marginal,533,168,5,5,Angry,1.0,Female,5,5,5,5
marginal,533,212,5,5,Angry,0.0,Male,5,5 8,3 5 8,3 5 8
marginal,533,96,2,2,Calm,0.0,Male,2,2,2,1 2
marginal,533,319,2,1,Neutral,1.0,Female,2,1 2,1 2,1 2
marginal,533,355,4,4,Sad,1.0,Female,4,2 4,2 4,2 4
marginal,533,120,4,7,Disgust,0.0,Male,7,2 4 7,2 4 7,2 4 7
marginal,533,188,8,8,Surprised,0.0,Male,8,3 6 8,3 8,3 6 8
marginal,533,136,5,5,Angry,1.0,Female,5,5,5,5
marginal,533,80,7,7,Disgust,1.0,Female,7,5 7,5 7,5 7
marginal,533,351,6,3,Happy,0.0,Male,6,3 6 8,3 6 8,3 6 8
marginal,533,290,3,3,Happy,1.0,Female,6,3 6,3 4 6,3 6
marginal,533,354,5,5,Angry,1.0,Female,5,5,5,5
marginal,533,82,6,6,Fearful,0.0,Male,4,3 4 6,3 4 6,3 4 6
marginal,533,148,4,2,Calm,1.0,Female,2,2,2 4,2
marginal,533,198,2,1,Neutral,1.0,Female,2,1 2,1 2,1 2
marginal,533,23,8,8,Surprised,1.0,Female,8,3 8,3 8,3 8
marginal,533,287,1,4,Sad,0.0,Male,2,1 2 4,1 2 4,1 2 4
marginal,533,317,7,7,Disgust,1.0,Female,7,7,7,7
marginal,533,344,6,6,Fearful,1.0,Female,6,3 6,3 4 6,3 6
marginal,533,209,2,2,Calm,1.0,Female,2,2,2,2
marginal,533,14,8,8,Surprised,0.0,Male,8,3 6 8,3 6 8,3 6 8
marginal,533,305,8,8,Surprised,1.0,Female,8,3 8,8,8
marginal,533,307,3,3,Happy,1.0,Female,3,3 4 6,3 4 6,3 4 6
marginal,533,59,6,6,Fearful,1.0,Female,6,3 4 6,3 4 6,3 4 6
marginal,533,110,6,6,Fearful,0.0,Male,6,3 4 6,3 4 6,3 4 6
marginal,533,44,6,6,Fearful,0.0,Male,3,3 4 6,3 4 6,3 4 6
marginal,533,272,5,5,Angry,1.0,Female,5,5 8,5 8,5 8
marginal,533,155,4,4,Sad,1.0,Female,2,2,2,2
marginal,533,135,2,2,Calm,1.0,Female,2,1 2,2,2
marginal,533,214,8,8,Surprised,0.0,Male,8,3 6 8,3 6 8,3 6 8
marginal,533,350,7,7,Disgust,1.0,Female,7,5 7,5 7,7
marginal,533,197,7,7,Disgust,1.0,Female,7,7,7,7
marginal,533,160,5,5,Angry,1.0,Female,5,5,5,5
marginal,533,175,2,2,Calm,1.0,Female,2,1 2,1 2,1 2
marginal,533,218,8,3,Happy,0.0,Male,1,1 2,1 2 8,1 2 8
marginal,533,242,2,2,Calm,1.0,Female,2,2,2,2
marginal,533,103,4,2,Calm,0.0,Male,2,2,2,1 2
marginal,533,179,6,6,Fearful,0.0,Male,6,3 6,3 6 8,3 6 8
marginal,533,5,4,4,Sad,0.0,Male,4,2 4,2 4,2 4
marginal,533,252,3,3,Happy,0.0,Male,3,3 4 6 8,3 6 8,3 6 8
marginal,533,33,8,8,Surprised,0.0,Male,8,3 8,3 8,3 8
marginal,533,152,4,4,Sad,0.0,Male,4,4,4,2 4
marginal,533,79,8,6,Fearful,1.0,Female,6,3 6,3 6 8,3 6
marginal,533,219,7,7,Disgust,0.0,Male,7,7,7,5 7
marginal,533,289,1,4,Sad,0.0,Male,4,1 2 4,1 2 4,1 2 4
marginal,533,177,1,3,Happy,1.0,Female,1,1 2 4,1 2 4,1 2 4
marginal,534,355,4,4,Sad,1.0,Female,4,2 4,2 4,2 4
marginal,534,155,2,4,Sad,1.0,Female,2,2,2,2
marginal,534,103,2,2,Calm,0.0,Male,2,2,2,1 2
marginal,534,242,4,2,Calm,1.0,Female,2,2,2,2
marginal,534,160,5,5,Angry,1.0,Female,5,5,5,5
marginal,534,59,6,6,Fearful,1.0,Female,6,3 4 6,3 4 6,3 4 6
marginal,534,148,2,2,Calm,1.0,Female,2,2,2 4,2
marginal,534,188,8,8,Surprised,0.0,Male,8,3 6 8,3 8,3 6 8
marginal,534,290,6,3,Happy,1.0,Female,6,3 6,3 4 6,3 6
marginal,534,214,8,8,Surprised,0.0,Male,8,3 6 8,3 6 8,3 6 8
marginal,534,82,4,6,Fearful,0.0,Male,4,3 4 6,3 4 6,3 4 6
marginal,534,305,8,8,Surprised,1.0,Female,8,3 8,8,8
marginal,534,272,5,5,Angry,1.0,Female,5,5 8,5 8,5 8
marginal,534,110,4,6,Fearful,0.0,Male,6,3 4 6,3 4 6,3 4 6
marginal,534,198,1,1,Neutral,1.0,Female,2,1 2,1 2,1 2
marginal,534,152,4,4,Sad,0.0,Male,4,4,4,2 4
marginal,534,80,7,7,Disgust,1.0,Female,7,5 7,5 7,5 7
marginal,534,354,5,5,Angry,1.0,Female,5,5,5,5
marginal,534,33,8,8,Surprised,0.0,Male,8,3 8,3 8,3 8
marginal,534,287,1,4,Sad,0.0,Male,2,1 2 4,1 2 4,1 2 4
marginal,534,120,4,7,Disgust,0.0,Male,7,2 4 7,2 4 7,2 4 7
marginal,534,218,2,3,Happy,0.0,Male,1,1 2,1 2 8,1 2 8
marginal,534,197,7,7,Disgust,1.0,Female,7,7,7,7
marginal,534,177,2,3,Happy,1.0,Female,1,1 2 4,1 2 4,1 2 4
marginal,534,344,6,6,Fearful,1.0,Female,6,3 6,3 4 6,3 6
marginal,534,44,4,6,Fearful,0.0,Male,3,3 4 6,3 4 6,3 4 6
marginal,534,317,7,7,Disgust,1.0,Female,7,7,7,7
marginal,534,175,1,2,Calm,1.0,Female,2,1 2,1 2,1 2
marginal,534,23,8,8,Surprised,1.0,Female,8,3 8,3 8,3 8
marginal,534,96,2,2,Calm,0.0,Male,2,2,2,1 2
marginal,534,321,8,8,Surprised,1.0,Female,8,3 8,3 8,8
marginal,534,14,3,8,Surprised,0.0,Male,8,3 6 8,3 6 8,3 6 8
marginal,534,252,3,3,Happy,0.0,Male,3,3 4 6 8,3 6 8,3 6 8
marginal,534,179,6,6,Fearful,0.0,Male,6,3 6,3 6 8,3 6 8
marginal,534,219,7,7,Disgust,0.0,Male,7,7,7,5 7
marginal,534,283,1,1,Neutral,0.0,Male,1,1 2,1 2,1 2 4
marginal,534,79,3,6,Fearful,1.0,Female,6,3 6,3 6 8,3 6
marginal,534,212,3,5,Angry,0.0,Male,5,5 8,3 5 8,3 5 8
marginal,534,72,4,4,Sad,1.0,Female,4,4,4,4
marginal,534,319,1,1,Neutral,1.0,Female,2,1 2,1 2,1 2
marginal,534,289,4,4,Sad,0.0,Male,4,1 2 4,1 2 4,1 2 4
marginal,534,228,5,5,Angry,0.0,Male,5,5,5,5
marginal,534,350,7,7,Disgust,1.0,Female,7,5 7,5 7,7
marginal,534,168,5,5,Angry,1.0,Female,5,5,5,5
marginal,534,307,3,3,Happy,1.0,Female,3,3 4 6,3 4 6,3 4 6
marginal,534,351,8,3,Happy,0.0,Male,6,3 6 8,3 6 8,3 6 8
marginal,534,209,2,2,Calm,1.0,Female,2,2,2,2
marginal,534,5,4,4,Sad,0.0,Male,4,2 4,2 4,2 4
marginal,534,135,2,2,Calm,1.0,Female,2,1 2,2,2
marginal,534,136,5,5,Angry,1.0,Female,5,5,5,5
marginal,535,155,2,4,Sad,1.0,Female,2,2,2,2
marginal,535,10,6,6,Fearful,1.0,Female,6,3 6 8,3 6 8,3 6
marginal,535,268,2,2,Calm,0.0,Male,2,1 2,2,1 2
marginal,535,122,5,5,Angry,1.0,Female,5,5,5,5
marginal,535,42,6,6,Fearful,0.0,Male,6,3 6,3 6,3 6 8
marginal,535,157,7,7,Disgust,1.0,Female,7,7,7,7
marginal,535,274,4,6,Fearful,0.0,Male,3,3 4 6,3 4 6,3 4 6
marginal,535,70,2,2,Calm,0.0,Male,2,2,2,1 2
marginal,535,290,6,3,Happy,1.0,Female,6,3 6,3 4 6,3 6
marginal,535,101,7,7,Disgust,0.0,Male,7,5 7,5 7,5 7
marginal,535,309,3,6,Fearful,0.0,Male,6,3 5 6 8,3 6 8,3 6 8
marginal,535,237,5,5,Angry,1.0,Female,5,5,5,5
marginal,535,217,8,8,Surprised,1.0,Female,8,8,8,8
marginal,535,262,2,3,Happy,0.0,Male,1,1 2,1 2 4,1 2 4
marginal,535,123,2,2,Calm,0.0,Male,2,1 2,2,1 2
marginal,535,180,5,5,Angry,1.0,Female,5,5,5,5
marginal,535,144,1,1,Neutral,0.0,Male,2,1 2,1 2,1 2
marginal,535,152,4,4,Sad,0.0,Male,4,4,4,2 4
marginal,535,143,7,7,Disgust,0.0,Male,7,7,7,7
marginal,535,347,4,4,Sad,0.0,Male,4,1 2 3 4,1 2 4,1 2 4
marginal,535,87,3,8,Surprised,0.0,Male,8,3 8,3 8,3 6 8
marginal,535,153,2,1,Neutral,1.0,Female,2,1 2,1 2,1 2
marginal,535,329,5,5,Angry,0.0,Male,5,5,5,5
marginal,535,199,6,4,Sad,0.0,Male,4,2 4,2 4,1 2 4
marginal,535,197,7,7,Disgust,1.0,Female,7,7,7,7
marginal,535,210,2,1,Neutral,1.0,Female,2,1 2,1 2,1 2
marginal,535,21,7,7,Disgust,1.0,Female,7,7,7,7
marginal,535,321,8,8,Surprised,1.0,Female,8,3 8,3 8,8
marginal,535,244,3,3,Happy,1.0,Female,4,1 3 4 6,1 3 4,1 3 4
marginal,535,15,2,4,Sad,1.0,Female,4,2 4,2 4 7,2 4
marginal,535,238,8,8,Surprised,0.0,Male,8,3 8,8,3 8
marginal,535,174,5,5,Angry,0.0,Male,5,5,5,5
marginal,535,192,5,5,Angry,1.0,Female,5,5,5,5
marginal,535,313,5,5,Angry,0.0,Male,5,5,5,5
marginal,535,64,2,2,Calm,1.0,Female,2,2,2,2
marginal,535,243,2,2,Calm,0.0,Male,2,2,2,1 2
marginal,535,30,2,2,Calm,1.0,Female,2,2,2,2
marginal,535,102,1,3,Happy,1.0,Female,1,1 2,1 2 4,1 2
marginal,535,285,4,4,Sad,0.0,Male,4,2 4,2 4,2 4
marginal,535,43,6,6,Fearful,0.0,Male,6,3 6,3 6,3 6 8
marginal,535,219,7,7,Disgust,0.0,Male,7,7,7,5 7
marginal,535,60,1,3,Happy,0.0,Male,1,1 2,1 2,1 2 4
marginal,535,352,7,7,Disgust,1.0,Female,7,5 7,5 7,7
marginal,535,239,8,8,Surprised,0.0,Male,8,3 8,3 8,3 8
marginal,535,75,5,5,Angry,0.0,Male,5,5,5,5
marginal,535,214,8,8,Surprised,0.0,Male,8,3 6 8,3 6 8,3 6 8
marginal,535,8,7,8,Surprised,0.0,Male,4,1 2 4,1 2 4,1 2 4
marginal,535,267,1,1,Neutral,0.0,Male,2,1 2,1 2,1 2
marginal,535,339,4,4,Sad,0.0,Male,2,2 4,2 4,1 2 4
marginal,535,331,2,1,Neutral,0.0,Male,2,1 2,1 2,1 2
marginal,536,346,1,4,Sad,0.0,Male,2,2 4,2 4,1 2 4
marginal,536,274,2,6,Fearful,0.0,Male,3,3 4 6,3 4 6,3 4 6
marginal,536,102,1,3,Happy,1.0,Female,1,1 2,1 2 4,1 2
marginal,536,110,4,6,Fearful,0.0,Male,6,3 4 6,3 4 6,3 4 6
marginal,536,101,5,7,Disgust,0.0,Male,7,5 7,5 7,5 7
marginal,536,275,2,2,Calm,0.0,Male,2,2,2,1 2
marginal,536,123,2,2,Calm,0.0,Male,2,1 2,2,1 2
marginal,536,76,8,7,Disgust,0.0,Male,7,5 7,7,5 7
marginal,536,58,4,4,Sad,1.0,Female,2,2,2 4,2
marginal,536,134,5,5,Angry,1.0,Female,5,5,5,5
marginal,536,235,5,5,Angry,0.0,Male,5,5,5,5
marginal,536,216,8,3,Happy,1.0,Female,6,3 6 8,3 6 8,3 6
marginal,536,224,1,3,Happy,0.0,Male,4,1 2 3 4,1 2 4,1 2 4
marginal,536,157,8,7,Disgust,1.0,Female,7,7,7,7
marginal,536,147,1,3,Happy,0.0,Male,1,1 2,1 2,1 2 4
marginal,536,228,2,5,Angry,0.0,Male,5,5,5,5
marginal,536,62,8,8,Surprised,1.0,Female,8,3 8,8,8
marginal,536,108,2,4,Sad,0.0,Male,2,2 4,2 4,2 4 7
marginal,536,214,6,8,Surprised,0.0,Male,8,3 6 8,3 6 8,3 6 8
marginal,536,205,1,3,Happy,1.0,Female,1,1 3 4 8,1 3 8,1 3 8
marginal,536,12,5,5,Angry,1.0,Female,5,5,5,5
marginal,536,294,3,3,Happy,1.0,Female,1,1 3 8,1 3 8,1 3 8
marginal,536,281,3,3,Happy,0.0,Male,8,3 6 8,3 6 8,3 6 8
marginal,536,298,1,8,Surprised,0.0,Male,8,1 3 8,1 3 8,1 3 8
marginal,536,153,2,1,Neutral,1.0,Female,2,1 2,1 2,1 2
marginal,536,100,3,8,Surprised,1.0,Female,8,3 8,3 8,8
marginal,536,45,7,7,Disgust,1.0,Female,7,7,7,7
marginal,536,30,2,2,Calm,1.0,Female,2,2,2,2
marginal,536,203,5,7,Disgust,1.0,Female,7,5 7,5 7,5 7
marginal,536,355,2,4,Sad,1.0,Female,4,2 4,2 4,2 4
marginal,536,284,5,5,Angry,1.0,Female,5,5,5,5
marginal,536,222,8,8,Surprised,0.0,Male,8,3 8,3 8,1 3 8
marginal,536,21,7,7,Disgust,1.0,Female,7,7,7,7
marginal,536,115,5,5,Angry,0.0,Male,5,5,5,5
marginal,536,7,1,1,Neutral,0.0,Male,2,1 2,1 2,1 2
marginal,536,242,2,2,Calm,1.0,Female,2,2,2,2
marginal,536,197,7,7,Disgust,1.0,Female,7,7,7,7
marginal,536,46,4,4,Sad,0.0,Male,4,4,4,2 3 4
marginal,536,173,8,6,Fearful,0.0,Male,8,3 5 6 8,3 6 8,3 6 8
marginal,536,83,3,3,Happy,0.0,Male,3,3 4 6,3 4 6,3 4 6
marginal,536,172,2,2,Calm,1.0,Female,2,2,2,2
marginal,536,116,5,7,Disgust,0.0,Male,7,5 7,5 7,5 7
marginal,536,60,1,3,Happy,0.0,Male,1,1 2,1 2,1 2 4
marginal,536,341,7,7,Disgust,1.0,Female,7,7,7,7
marginal,536,142,8,8,Surprised,0.0,Male,8,3 8,8,3 8
marginal,536,271,3,6,Fearful,1.0,Female,6,3 6,3 6,3 6
marginal,536,144,1,1,Neutral,0.0,Male,2,1 2,1 2,1 2
marginal,536,329,5,5,Angry,0.0,Male,5,5,5,5
marginal,536,316,5,5,Angry,1.0,Female,5,5,5,5
marginal,536,169,3,6,Fearful,1.0,Female,6,3 6,3 6 8,3 6
marginal,537,168,5,5,Angry,1.0,Female,5,5,5,5
marginal,537,135,2,2,Calm,1.0,Female,2,1 2,2,2
marginal,537,120,2,7,Disgust,0.0,Male,7,2 4 7,2 4 7,2 4 7
marginal,537,321,8,8,Surprised,1.0,Female,8,3 8,3 8,8
marginal,537,317,3,7,Disgust,1.0,Female,7,7,7,7
marginal,537,212,5,5,Angry,0.0,Male,5,5 8,3 5 8,3 5 8
marginal,537,354,5,5,Angry,1.0,Female,5,5,5,5
marginal,537,344,6,6,Fearful,1.0,Female,6,3 6,3 4 6,3 6
marginal,537,214,1,8,Surprised,0.0,Male,8,3 6 8,3 6 8,3 6 8
marginal,537,110,6,6,Fearful,0.0,Male,6,3 4 6,3 4 6,3 4 6
marginal,537,350,7,7,Disgust,1.0,Female,7,5 7,5 7,7
marginal,537,289,3,4,Sad,0.0,Male,4,1 2 4,1 2 4,1 2 4
marginal,537,14,8,8,Surprised,0.0,Male,8,3 6 8,3 6 8,3 6 8
marginal,537,44,6,6,Fearful,0.0,Male,3,3 4 6,3 4 6,3 4 6
marginal,537,177,2,3,Happy,1.0,Female,1,1 2 4,1 2 4,1 2 4
marginal,537,59,3,6,Fearful,1.0,Female,6,3 4 6,3 4 6,3 4 6
marginal,537,188,6,8,Surprised,0.0,Male,8,3 6 8,3 8,3 6 8
marginal,537,155,2,4,Sad,1.0,Female,2,2,2,2
marginal,537,355,2,4,Sad,1.0,Female,4,2 4,2 4,2 4
marginal,537,103,1,2,Calm,0.0,Male,2,2,2,1 2
marginal,537,82,5,6,Fearful,0.0,Male,4,3 4 6,3 4 6,3 4 6
marginal,537,305,2,8,Surprised,1.0,Female,8,3 8,8,8
marginal,537,319,2,1,Neutral,1.0,Female,2,1 2,1 2,1 2
marginal,537,283,2,1,Neutral,0.0,Male,1,1 2,1 2,1 2 4
marginal,537,198,1,1,Neutral,1.0,Female,2,1 2,1 2,1 2
marginal,537,148,2,2,Calm,1.0,Female,2,2,2 4,2
marginal,537,80,5,7,Disgust,1.0,Female,7,5 7,5 7,5 7
marginal,537,209,2,2,Calm,1.0,Female,2,2,2,2
marginal,537,152,6,4,Sad,0.0,Male,4,4,4,2 4
marginal,537,96,1,2,Calm,0.0,Male,2,2,2,1 2
marginal,537,197,4,7,Disgust,1.0,Female,7,7,7,7
marginal,537,5,6,4,Sad,0.0,Male,4,2 4,2 4,2 4
marginal,537,252,6,3,Happy,0.0,Male,3,3 4 6 8,3 6 8,3 6 8
marginal,537,287,2,4,Sad,0.0,Male,2,1 2 4,1 2 4,1 2 4
marginal,537,219,7,7,Disgust,0.0,Male,7,7,7,5 7
marginal,537,175,2,2,Calm,1.0,Female,2,1 2,1 2,1 2
marginal,537,79,6,6,Fearful,1.0,Female,6,3 6,3 6 8,3 6
marginal,537,23,8,8,Surprised,1.0,Female,8,3 8,3 8,3 8
marginal,537,228,5,5,Angry,0.0,Male,5,5,5,5
marginal,537,179,5,6,Fearful,0.0,Male,6,3 6,3 6 8,3 6 8
marginal,537,242,2,2,Calm,1.0,Female,2,2,2,2
marginal,537,272,5,5,Angry,1.0,Female,5,5 8,5 8,5 8
marginal,537,218,1,3,Happy,0.0,Male,1,1 2,1 2 8,1 2 8
marginal,537,351,6,3,Happy,0.0,Male,6,3 6 8,3 6 8,3 6 8
marginal,537,136,5,5,Angry,1.0,Female,5,5,5,5
marginal,537,160,5,5,Angry,1.0,Female,5,5,5,5
marginal,537,290,3,3,Happy,1.0,Female,6,3 6,3 4 6,3 6
marginal,537,307,2,3,Happy,1.0,Female,3,3 4 6,3 4 6,3 4 6
marginal,537,33,8,8,Surprised,0.0,Male,8,3 8,3 8,3 8
marginal,537,72,6,4,Sad,1.0,Female,4,4,4,4
marginal,538,100,8,8,Surprised,1.0,Female,8,3 8,3 8,8
marginal,538,216,3,3,Happy,1.0,Female,6,3 6 8,3 6 8,3 6
marginal,538,172,2,2,Calm,1.0,Female,2,2,2,2
marginal,538,169,6,6,Fearful,1.0,Female,6,3 6,3 6 8,3 6
marginal,538,222,1,8,Surprised,0.0,Male,8,3 8,3 8,1 3 8
marginal,538,341,7,7,Disgust,1.0,Female,7,7,7,7
marginal,538,76,7,7,Disgust,0.0,Male,7,5 7,7,5 7
marginal,538,101,7,7,Disgust,0.0,Male,7,5 7,5 7,5 7
marginal,538,355,4,4,Sad,1.0,Female,4,2 4,2 4,2 4
marginal,538,147,1,3,Happy,0.0,Male,1,1 2,1 2,1 2 4
marginal,538,83,3,3,Happy,0.0,Male,3,3 4 6,3 4 6,3 4 6
marginal,538,294,1,3,Happy,1.0,Female,1,1 3 8,1 3 8,1 3 8
marginal,538,275,2,2,Calm,0.0,Male,2,2,2,1 2
marginal,538,45,7,7,Disgust,1.0,Female,7,7,7,7
marginal,538,102,1,3,Happy,1.0,Female,1,1 2,1 2 4,1 2
marginal,538,108,4,4,Sad,0.0,Male,2,2 4,2 4,2 4 7
marginal,538,271,6,6,Fearful,1.0,Female,6,3 6,3 6,3 6
marginal,538,274,6,6,Fearful,0.0,Male,3,3 4 6,3 4 6,3 4 6
marginal,538,203,7,7,Disgust,1.0,Female,7,5 7,5 7,5 7
marginal,538,46,6,4,Sad,0.0,Male,4,4,4,2 3 4
marginal,538,228,5,5,Angry,0.0,Male,5,5,5,5
marginal,538,329,5,5,Angry,0.0,Male,5,5,5,5
marginal,538,21,7,7,Disgust,1.0,Female,7,7,7,7
marginal,538,224,3,3,Happy,0.0,Male,4,1 2 3 4,1 2 4,1 2 4
marginal,538,142,8,8,Surprised,0.0,Male,8,3 8,8,3 8
marginal,538,110,6,6,Fearful,0.0,Male,6,3 4 6,3 4 6,3 4 6
marginal,538,242,2,2,Calm,1.0,Female,2,2,2,2
marginal,538,116,7,7,Disgust,0.0,Male,7,5 7,5 7,5 7
marginal,538,235,5,5,Angry,0.0,Male,5,5,5,5
marginal,538,281,3,3,Happy,0.0,Male,8,3 6 8,3 6 8,3 6 8
marginal,538,144,1,1,Neutral,0.0,Male,2,1 2,1 2,1 2
marginal,538,58,4,4,Sad,1.0,Female,2,2,2 4,2
marginal,538,346,4,4,Sad,0.0,Male,2,2 4,2 4,1 2 4
marginal,538,7,1,1,Neutral,0.0,Male,2,1 2,1 2,1 2
marginal,538,205,3,3,Happy,1.0,Female,1,1 3 4 8,1 3 8,1 3 8
marginal,538,153,1,1,Neutral,1.0,Female,2,1 2,1 2,1 2
marginal,538,284,5,5,Angry,1.0,Female,5,5,5,5
marginal,538,197,7,7,Disgust,1.0,Female,7,7,7,7
marginal,538,62,8,8,Surprised,1.0,Female,8,3 8,8,8
marginal,538,316,5,5,Angry,1.0,Female,5,5,5,5
marginal,538,173,6,6,Fearful,0.0,Male,8,3 5 6 8,3 6 8,3 6 8
marginal,538,12,5,5,Angry,1.0,Female,5,5,5,5
marginal,538,157,7,7,Disgust,1.0,Female,7,7,7,7
marginal,538,214,6,8,Surprised,0.0,Male,8,3 6 8,3 6 8,3 6 8
marginal,538,123,1,2,Calm,0.0,Male,2,1 2,2,1 2
marginal,538,115,5,5,Angry,0.0,Male,5,5,5,5
marginal,538,134,5,5,Angry,1.0,Female,5,5,5,5
marginal,538,30,2,2,Calm,1.0,Female,2,2,2,2
marginal,538,60,2,3,Happy,0.0,Male,1,1 2,1 2,1 2 4
marginal,538,298,8,8,Surprised,0.0,Male,8,1 3 8,1 3 8,1 3 8
marginal,539,178,5,5,Angry,1.0,Female,5,5 8,1 5 8,5 8
marginal,539,220,4,3,Happy,1.0,Female,1,1 2,1 2 4,1 2
marginal,539,23,8,8,Surprised,1.0,Female,8,3 8,3 8,3 8
marginal,539,305,8,8,Surprised,1.0,Female,8,3 8,8,8
marginal,539,201,5,5,Angry,0.0,Male,5,5,5,5
marginal,539,30,2,2,Calm,1.0,Female,2,2,2,2
marginal,539,119,6,6,Fearful,0.0,Male,8,3 8,3 8,3 6 8
marginal,539,218,1,3,Happy,0.0,Male,1,1 2,1 2 8,1 2 8
marginal,539,337,3,8,Surprised,1.0,Female,1,1 3 8,1 3 8,1 3 8
marginal,539,226,2,4,Sad,0.0,Male,2,2,2,1 2 4
marginal,539,310,7,7,Disgust,1.0,Female,7,5 7,5 7,7
marginal,539,272,5,5,Angry,1.0,Female,5,5 8,5 8,5 8
marginal,539,45,7,7,Disgust,1.0,Female,7,7,7,7
marginal,539,246,6,3,Happy,1.0,Female,1,1 3 4 8,1 3 4,1 3 4
marginal,539,61,8,6,Fearful,0.0,Male,6,3 6 8,3 6 8,3 6 8
marginal,539,94,5,5,Angry,1.0,Female,5,5,5,5
marginal,539,164,2,2,Calm,1.0,Female,2,1 2,1 2,2
marginal,539,343,7,5,Angry,1.0,Female,5,5,5,5
marginal,539,290,3,3,Happy,1.0,Female,6,3 6,3 4 6,3 6
marginal,539,5,4,4,Sad,0.0,Male,4,2 4,2 4,2 4
marginal,539,215,4,4,Sad,0.0,Male,4,3 4,3 4,3 4 6
marginal,539,222,2,8,Surprised,0.0,Male,8,3 8,3 8,1 3 8
marginal,539,110,6,6,Fearful,0.0,Male,6,3 4 6,3 4 6,3 4 6
marginal,539,234,5,5,Angry,1.0,Female,5,5,5,5
marginal,539,139,6,6,Fearful,1.0,Female,6,3 6,3 6,3 6
marginal,539,144,1,1,Neutral,0.0,Male,2,1 2,1 2,1 2
marginal,539,33,8,8,Surprised,0.0,Male,8,3 8,3 8,3 8
marginal,539,103,2,2,Calm,0.0,Male,2,2,2,1 2
marginal,539,267,1,1,Neutral,0.0,Male,2,1 2,1 2,1 2
marginal,539,97,3,8,Surprised,0.0,Male,8,1 3 6 8,1 3 8,1 3 8
marginal,539,86,2,7,Disgust,1.0,Female,2,2,2,2
marginal,539,286,7,7,Disgust,0.0,Male,7,4 7,7,4 7
marginal,539,57,2,2,Calm,0.0,Male,2,2,2,1 2
marginal,539,249,7,7,Disgust,0.0,Male,7,7,7,7
marginal,539,357,4,4,Sad,1.0,Female,4,2 4,4,4
marginal,539,175,2,2,Calm,1.0,Female,2,1 2,1 2,1 2
marginal,539,205,5,3,Happy,1.0,Female,1,1 3 4 8,1 3 8,1 3 8
marginal,539,285,4,4,Sad,0.0,Male,4,2 4,2 4,2 4
marginal,539,245,5,5,Angry,1.0,Female,5,5,5,5
marginal,539,242,2,2,Calm,1.0,Female,2,2,2,2
marginal,539,254,3,3,Happy,0.0,Male,1,1 2,1 2 4,1 2 4
marginal,539,300,4,4,Sad,1.0,Female,2,2 4,2 4,2 4
marginal,539,51,1,8,Surprised,0.0,Male,1,1 3 8,1 3 8,1 3 8
marginal,539,147,3,3,Happy,0.0,Male,1,1 2,1 2,1 2 4
marginal,539,44,6,6,Fearful,0.0,Male,3,3 4 6,3 4 6,3 4 6
marginal,539,2,6,6,Fearful,1.0,Female,6,3 6,3 6,3 6
marginal,539,18,4,4,Sad,0.0,Male,2,1 2 4,1 2 4,1 2 4
marginal,539,59,6,6,Fearful,1.0,Female,6,3 4 6,3 4 6,3 4 6
marginal,539,34,5,5,Angry,0.0,Male,5,5,5,5
marginal,539,70,2,2,Calm,0.0,Male,2,2,2,1 2
marginal,540,171,1,1,Neutral,1.0,Female,2,1 2,1 2,1 2
marginal,540,73,8,8,Surprised,0.0,Male,3,3 6 8,3 6 8,3 6 8
marginal,540,188,3,8,Surprised,0.0,Male,8,3 6 8,3 8,3 6 8
marginal,540,306,2,2,Calm,1.0,Female,2,2,2,2
marginal,540,106,7,7,Disgust,0.0,Male,7,7,7,5 7
marginal,540,93,8,8,Surprised,1.0,Female,8,3 8,3 8,8
marginal,540,246,3,3,Happy,1.0,Female,1,1 3 4 8,1 3 4,1 3 4
marginal,540,152,4,4,Sad,0.0,Male,4,4,4,2 4
marginal,540,296,1,2,Calm,0.0,Male,2,1 2,2,1 2
marginal,540,105,4,4,Sad,0.0,Male,4,3 4 6,3 4,3 4 6
marginal,540,301,8,8,Surprised,1.0,Female,8,1 3 8,1 3 8,1 3 8
marginal,540,100,8,8,Surprised,1.0,Female,8,3 8,3 8,8
marginal,540,191,2,2,Calm,1.0,Female,2,2,2,2
marginal,540,320,4,6,Fearful,1.0,Female,4,4,2 4,4
marginal,540,227,6,6,Fearful,1.0,Female,6,3 4 6,3 4 6,3 4 6
marginal,540,88,5,7,Disgust,0.0,Male,5,5 7,5 7,5 7
marginal,540,80,7,7,Disgust,1.0,Female,7,5 7,5 7,5 7
marginal,540,57,1,2,Calm,0.0,Male,2,2,2,1 2
marginal,540,290,3,3,Happy,1.0,Female,6,3 6,3 4 6,3 6
marginal,540,341,7,7,Disgust,1.0,Female,7,7,7,7
marginal,540,197,7,7,Disgust,1.0,Female,7,7,7,7
marginal,540,185,6,6,Fearful,1.0,Female,6,3 6,3 6,3 6
marginal,540,262,2,3,Happy,0.0,Male,1,1 2,1 2 4,1 2 4
marginal,540,329,5,5,Angry,0.0,Male,5,5,5,5
marginal,540,99,6,6,Fearful,0.0,Male,4,3 4,3 4,3 4 6
marginal,540,358,3,3,Happy,1.0,Female,6,3 6 8,3 6 8,3 6 8
marginal,540,164,2,2,Calm,1.0,Female,2,1 2,1 2,2
marginal,540,289,1,4,Sad,0.0,Male,4,1 2 4,1 2 4,1 2 4
marginal,540,10,6,6,Fearful,1.0,Female,6,3 6 8,3 6 8,3 6
marginal,540,156,4,4,Sad,0.0,Male,4,4,4,2 3 4
marginal,540,115,5,5,Angry,0.0,Male,5,5,5,5
marginal,540,61,8,6,Fearful,0.0,Male,6,3 6 8,3 6 8,3 6 8
marginal,540,5,4,4,Sad,0.0,Male,4,2 4,2 4,2 4
marginal,540,77,1,2,Calm,1.0,Female,2,1 2,2,2
marginal,540,117,1,4,Sad,1.0,Female,2,2,2,2
marginal,540,270,5,3,Happy,1.0,Female,3,3 6 8,3 6 8,3 6 8
marginal,540,319,2,1,Neutral,1.0,Female,2,1 2,1 2,1 2
marginal,540,76,7,7,Disgust,0.0,Male,7,5 7,7,5 7
marginal,540,355,4,4,Sad,1.0,Female,4,2 4,2 4,2 4
marginal,540,111,2,2,Calm,0.0,Male,2,1 2,2,1 2
marginal,540,196,5,5,Angry,0.0,Male,5,5,5,5
marginal,540,139,6,6,Fearful,1.0,Female,6,3 6,3 6,3 6
marginal,540,83,3,3,Happy,0.0,Male,3,3 4 6,3 4 6,3 4 6
marginal,540,124,8,8,Surprised,0.0,Male,8,3 8,3 8,3 8
marginal,540,309,6,6,Fearful,0.0,Male,6,3 5 6 8,3 6 8,3 6 8
marginal,540,70,2,2,Calm,0.0,Male,2,2,2,1 2
marginal,540,269,1,4,Sad,1.0,Female,2,1 2,1 2,1 2
marginal,540,331,1,1,Neutral,0.0,Male,2,1 2,1 2,1 2
marginal,540,154,7,7,Disgust,0.0,Male,7,4 7,2 4 7,2 4 7
marginal,540,276,8,8,Surprised,0.0,Male,8,1 3 8,1 3 8,1 3 8
marginal,541,320,4,6,Fearful,1.0,Female,4,4,2 4,4
marginal,541,61,8,6,Fearful,0.0,Male,6,3 6 8,3 6 8,3 6 8
marginal,541,290,6,3,Happy,1.0,Female,6,3 6,3 4 6,3 6
marginal,541,105,4,4,Sad,0.0,Male,4,3 4 6,3 4,3 4 6
marginal,541,76,2,7,Disgust,0.0,Male,7,5 7,7,5 7
marginal,541,154,7,7,Disgust,0.0,Male,7,4 7,2 4 7,2 4 7
marginal,541,57,2,2,Calm,0.0,Male,2,2,2,1 2
marginal,541,185,6,6,Fearful,1.0,Female,6,3 6,3 6,3 6
marginal,541,306,2,2,Calm,1.0,Female,2,2,2,2
marginal,541,73,8,8,Surprised,0.0,Male,3,3 6 8,3 6 8,3 6 8
marginal,541,301,1,8,Surprised,1.0,Female,8,1 3 8,1 3 8,1 3 8
marginal,541,296,2,2,Calm,0.0,Male,2,1 2,2,1 2
marginal,541,164,2,2,Calm,1.0,Female,2,1 2,1 2,2
marginal,541,77,2,2,Calm,1.0,Female,2,1 2,2,2
marginal,541,197,7,7,Disgust,1.0,Female,7,7,7,7
marginal,541,100,3,8,Surprised,1.0,Female,8,3 8,3 8,8
marginal,541,124,8,8,Surprised,0.0,Male,8,3 8,3 8,3 8
marginal,541,289,4,4,Sad,0.0,Male,4,1 2 4,1 2 4,1 2 4
marginal,541,341,7,7,Disgust,1.0,Female,7,7,7,7
marginal,541,270,5,3,Happy,1.0,Female,3,3 6 8,3 6 8,3 6 8
marginal,541,269,1,4,Sad,1.0,Female,2,1 2,1 2,1 2
marginal,541,70,2,2,Calm,0.0,Male,2,2,2,1 2
marginal,541,88,7,7,Disgust,0.0,Male,5,5 7,5 7,5 7
marginal,541,276,1,8,Surprised,0.0,Male,8,1 3 8,1 3 8,1 3 8
marginal,541,227,6,6,Fearful,1.0,Female,6,3 4 6,3 4 6,3 4 6
marginal,541,139,6,6,Fearful,1.0,Female,6,3 6,3 6,3 6
marginal,541,331,2,1,Neutral,0.0,Male,2,1 2,1 2,1 2
marginal,541,117,2,4,Sad,1.0,Female,2,2,2,2
marginal,541,358,8,3,Happy,1.0,Female,6,3 6 8,3 6 8,3 6 8
marginal,541,329,5,5,Angry,0.0,Male,5,5,5,5
marginal,541,319,1,1,Neutral,1.0,Female,2,1 2,1 2,1 2
marginal,541,196,5,5,Angry,0.0,Male,5,5,5,5
marginal,541,111,2,2,Calm,0.0,Male,2,1 2,2,1 2
marginal,541,5,4,4,Sad,0.0,Male,4,2 4,2 4,2 4
marginal,541,188,8,8,Surprised,0.0,Male,8,3 6 8,3 8,3 6 8
marginal,541,246,1,3,Happy,1.0,Female,1,1 3 4 8,1 3 4,1 3 4
marginal,541,355,4,4,Sad,1.0,Female,4,2 4,2 4,2 4
marginal,541,83,3,3,Happy,0.0,Male,3,3 4 6,3 4 6,3 4 6
marginal,541,10,6,6,Fearful,1.0,Female,6,3 6 8,3 6 8,3 6
marginal,541,115,5,5,Angry,0.0,Male,5,5,5,5
marginal,541,93,8,8,Surprised,1.0,Female,8,3 8,3 8,8
marginal,541,99,2,6,Fearful,0.0,Male,4,3 4,3 4,3 4 6
marginal,541,171,2,1,Neutral,1.0,Female,2,1 2,1 2,1 2
marginal,541,106,7,7,Disgust,0.0,Male,7,7,7,5 7
marginal,541,191,4,2,Calm,1.0,Female,2,2,2,2
marginal,541,156,4,4,Sad,0.0,Male,4,4,4,2 3 4
marginal,541,152,3,4,Sad,0.0,Male,4,4,4,2 4
marginal,541,80,5,7,Disgust,1.0,Female,7,5 7,5 7,5 7
marginal,541,262,2,3,Happy,0.0,Male,1,1 2,1 2 4,1 2 4
marginal,541,309,4,6,Fearful,0.0,Male,6,3 5 6 8,3 6 8,3 6 8
marginal,542,219,2,7,Disgust,0.0,Male,7,7,7,5 7
marginal,542,354,5,5,Angry,1.0,Female,5,5,5,5
marginal,542,136,5,5,Angry,1.0,Female,5,5,5,5
marginal,542,44,4,6,Fearful,0.0,Male,3,3 4 6,3 4 6,3 4 6
marginal,542,80,7,7,Disgust,1.0,Female,7,5 7,5 7,5 7
marginal,542,179,6,6,Fearful,0.0,Male,6,3 6,3 6 8,3 6 8
marginal,542,120,1,7,Disgust,0.0,Male,7,2 4 7,2 4 7,2 4 7
marginal,542,252,6,3,Happy,0.0,Male,3,3 4 6 8,3 6 8,3 6 8
marginal,542,283,2,1,Neutral,0.0,Male,1,1 2,1 2,1 2 4
marginal,542,242,2,2,Calm,1.0,Female,2,2,2,2
marginal,542,344,8,6,Fearful,1.0,Female,6,3 6,3 4 6,3 6
marginal,542,103,7,2,Calm,0.0,Male,2,2,2,1 2
marginal,542,319,2,1,Neutral,1.0,Female,2,1 2,1 2,1 2
marginal,542,214,6,8,Surprised,0.0,Male,8,3 6 8,3 6 8,3 6 8
marginal,542,289,4,4,Sad,0.0,Male,4,1 2 4,1 2 4,1 2 4
marginal,542,272,5,5,Angry,1.0,Female,5,5 8,5 8,5 8
marginal,542,290,6,3,Happy,1.0,Female,6,3 6,3 4 6,3 6
marginal,542,168,5,5,Angry,1.0,Female,5,5,5,5
marginal,542,155,2,4,Sad,1.0,Female,2,2,2,2
marginal,542,110,7,6,Fearful,0.0,Male,6,3 4 6,3 4 6,3 4 6
marginal,542,307,5,3,Happy,1.0,Female,3,3 4 6,3 4 6,3 4 6
marginal,542,148,4,2,Calm,1.0,Female,2,2,2 4,2
marginal,542,160,5,5,Angry,1.0,Female,5,5,5,5
marginal,542,209,4,2,Calm,1.0,Female,2,2,2,2
marginal,542,228,7,5,Angry,0.0,Male,5,5,5,5
marginal,542,96,1,2,Calm,0.0,Male,2,2,2,1 2
marginal,542,72,6,4,Sad,1.0,Female,4,4,4,4
marginal,542,350,7,7,Disgust,1.0,Female,7,5 7,5 7,7
marginal,542,14,6,8,Surprised,0.0,Male,8,3 6 8,3 6 8,3 6 8
marginal,542,188,5,8,Surprised,0.0,Male,8,3 6 8,3 8,3 6 8
marginal,542,79,6,6,Fearful,1.0,Female,6,3 6,3 6 8,3 6
marginal,542,351,6,3,Happy,0.0,Male,6,3 6 8,3 6 8,3 6 8
marginal,542,305,8,8,Surprised,1.0,Female,8,3 8,8,8
marginal,542,355,2,4,Sad,1.0,Female,4,2 4,2 4,2 4
marginal,542,33,8,8,Surprised,0.0,Male,8,3 8,3 8,3 8
marginal,542,198,4,1,Neutral,1.0,Female,2,1 2,1 2,1 2
marginal,542,135,4,2,Calm,1.0,Female,2,1 2,2,2
marginal,542,212,5,5,Angry,0.0,Male,5,5 8,3 5 8,3 5 8
marginal,542,152,4,4,Sad,0.0,Male,4,4,4,2 4
marginal,542,82,7,6,Fearful,0.0,Male,4,3 4 6,3 4 6,3 4 6
marginal,542,197,7,7,Disgust,1.0,Female,7,7,7,7
marginal,542,23,8,8,Surprised,1.0,Female,8,3 8,3 8,3 8
marginal,542,175,2,2,Calm,1.0,Female,2,1 2,1 2,1 2
marginal,542,321,8,8,Surprised,1.0,Female,8,3 8,3 8,8
marginal,542,177,2,3,Happy,1.0,Female,1,1 2 4,1 2 4,1 2 4
marginal,542,317,8,7,Disgust,1.0,Female,7,7,7,7
marginal,542,287,1,4,Sad,0.0,Male,2,1 2 4,1 2 4,1 2 4
marginal,542,59,6,6,Fearful,1.0,Female,6,3 4 6,3 4 6,3 4 6
marginal,542,218,2,3,Happy,0.0,Male,1,1 2,1 2 8,1 2 8
marginal,542,5,4,4,Sad,0.0,Male,4,2 4,2 4,2 4
marginal,543,298,8,8,Surprised,0.0,Male,8,1 3 8,1 3 8,1 3 8
marginal,543,307,3,3,Happy,1.0,Female,3,3 4 6,3 4 6,3 4 6
marginal,543,105,4,4,Sad,0.0,Male,4,3 4 6,3 4,3 4 6
marginal,543,35,2,2,Calm,0.0,Male,2,2,2,1 2 4
marginal,543,207,7,7,Disgust,0.0,Male,7,7,7,7
marginal,543,173,6,6,Fearful,0.0,Male,8,3 5 6 8,3 6 8,3 6 8
marginal,543,319,2,1,Neutral,1.0,Female,2,1 2,1 2,1 2
marginal,543,215,4,4,Sad,0.0,Male,4,3 4,3 4,3 4 6
marginal,543,245,5,5,Angry,1.0,Female,5,5,5,5
marginal,543,236,3,3,Happy,1.0,Female,3,3 4 6,3 4 6,3 4 6
marginal,543,91,1,3,Happy,1.0,Female,1,1 2 3 4,1 2 4,1 2 4
marginal,543,267,1,1,Neutral,0.0,Male,2,1 2,1 2,1 2
marginal,543,62,8,8,Surprised,1.0,Female,8,3 8,8,8
marginal,543,152,4,4,Sad,0.0,Male,4,4,4,2 4
marginal,543,84,5,3,Happy,1.0,Female,5,3 5,3 5 6,5
marginal,543,352,6,7,Disgust,1.0,Female,7,5 7,5 7,7
marginal,543,129,2,4,Sad,1.0,Female,2,2,2,2
marginal,543,97,3,8,Surprised,0.0,Male,8,1 3 6 8,1 3 8,1 3 8
marginal,543,242,2,2,Calm,1.0,Female,2,2,2,2
marginal,543,257,2,2,Calm,1.0,Female,2,1 2,1 2,1 2
marginal,543,113,2,2,Calm,1.0,Female,2,2,2,2
marginal,543,111,2,2,Calm,0.0,Male,2,1 2,2,1 2
marginal,543,141,7,7,Disgust,0.0,Male,7,7,7,2 4 7
marginal,543,1,4,6,Fearful,0.0,Male,4,2 4,2 4,1 2 4
marginal,543,19,3,3,Happy,0.0,Male,1,1 2,1 2 4,1 2 4
marginal,543,233,6,6,Fearful,1.0,Female,6,3 6,3 5 6,3 5 6
marginal,543,26,5,5,Angry,0.0,Male,5,5,5,5
marginal,543,130,8,8,Surprised,1.0,Female,8,3 8,8,8
marginal,543,154,7,7,Disgust,0.0,Male,7,4 7,2 4 7,2 4 7
marginal,543,174,5,5,Angry,0.0,Male,5,5,5,5
marginal,543,199,6,4,Sad,0.0,Male,4,2 4,2 4,1 2 4
marginal,543,268,2,2,Calm,0.0,Male,2,1 2,2,1 2
marginal,543,188,8,8,Surprised,0.0,Male,8,3 6 8,3 8,3 6 8
marginal,543,328,8,8,Surprised,1.0,Female,1,1 2 8,1 2 8,1 2 8
marginal,543,76,7,7,Disgust,0.0,Male,7,5 7,7,5 7
marginal,543,299,5,6,Fearful,1.0,Female,8,3 6 8,3 6 8,3 6 8
marginal,543,178,5,5,Angry,1.0,Female,5,5 8,1 5 8,5 8
marginal,543,47,7,7,Disgust,1.0,Female,7,5 7,7,7
marginal,543,210,1,1,Neutral,1.0,Female,2,1 2,1 2,1 2
marginal,543,160,5,5,Angry,1.0,Female,5,5,5,5
marginal,543,316,7,5,Angry,1.0,Female,5,5,5,5
marginal,543,39,1,1,Neutral,1.0,Female,2,1 2,1 2,1 2
marginal,543,289,4,4,Sad,0.0,Male,4,1 2 4,1 2 4,1 2 4
marginal,543,197,7,7,Disgust,1.0,Female,7,7,7,7
marginal,543,318,6,6,Fearful,1.0,Female,6,3 6 8,3 6 8,3 6
marginal,543,37,6,6,Fearful,1.0,Female,6,3 5 6 8,3 6 8,3 6 8
marginal,543,223,4,4,Sad,1.0,Female,4,4,4,4
marginal,543,103,2,2,Calm,0.0,Male,2,2,2,1 2
marginal,543,202,4,4,Sad,0.0,Male,2,2 4,2 4,1 2 4
marginal,543,194,6,6,Fearful,1.0,Female,6,3 5 6,3 5 6,3 5 6
marginal,544,205,8,3,Happy,1.0,Female,1,1 3 4 8,1 3 8,1 3 8
marginal,544,123,1,2,Calm,0.0,Male,2,1 2,2,1 2
marginal,544,83,3,3,Happy,0.0,Male,3,3 4 6,3 4 6,3 4 6
marginal,544,110,6,6,Fearful,0.0,Male,6,3 4 6,3 4 6,3 4 6
marginal,544,274,7,6,Fearful,0.0,Male,3,3 4 6,3 4 6,3 4 6
marginal,544,102,1,3,Happy,1.0,Female,1,1 2,1 2 4,1 2
marginal,544,172,2,2,Calm,1.0,Female,2,2,2,2
marginal,544,294,8,3,Happy,1.0,Female,1,1 3 8,1 3 8,1 3 8
marginal,544,203,7,7,Disgust,1.0,Female,7,5 7,5 7,5 7
marginal,544,173,5,6,Fearful,0.0,Male,8,3 5 6 8,3 6 8,3 6 8
marginal,544,12,5,5,Angry,1.0,Female,5,5,5,5
marginal,544,108,2,4,Sad,0.0,Male,2,2 4,2 4,2 4 7
marginal,544,100,8,8,Surprised,1.0,Female,8,3 8,3 8,8
marginal,544,115,5,5,Angry,0.0,Male,5,5,5,5
marginal,544,346,4,4,Sad,0.0,Male,2,2 4,2 4,1 2 4
marginal,544,316,5,5,Angry,1.0,Female,5,5,5,5
marginal,544,101,1,7,Disgust,0.0,Male,7,5 7,5 7,5 7
marginal,544,355,6,4,Sad,1.0,Female,4,2 4,2 4,2 4
marginal,544,242,2,2,Calm,1.0,Female,2,2,2,2
marginal,544,134,5,5,Angry,1.0,Female,5,5,5,5
marginal,544,228,5,5,Angry,0.0,Male,5,5,5,5
marginal,544,142,8,8,Surprised,0.0,Male,8,3 8,8,3 8
marginal,544,147,1,3,Happy,0.0,Male,1,1 2,1 2,1 2 4
marginal,544,21,7,7,Disgust,1.0,Female,7,7,7,7
marginal,544,214,8,8,Surprised,0.0,Male,8,3 6 8,3 6 8,3 6 8
marginal,544,46,4,4,Sad,0.0,Male,4,4,4,2 3 4
marginal,544,224,3,3,Happy,0.0,Male,4,1 2 3 4,1 2 4,1 2 4
marginal,544,45,7,7,Disgust,1.0,Female,7,7,7,7
marginal,544,275,2,2,Calm,0.0,Male,2,2,2,1 2
marginal,544,197,7,7,Disgust,1.0,Female,7,7,7,7
marginal,544,284,5,5,Angry,1.0,Female,5,5,5,5
marginal,544,60,1,3,Happy,0.0,Male,1,1 2,1 2,1 2 4
marginal,544,116,7,7,Disgust,0.0,Male,7,5 7,5 7,5 7
marginal,544,222,3,8,Surprised,0.0,Male,8,3 8,3 8,1 3 8
marginal,544,62,8,8,Surprised,1.0,Female,8,3 8,8,8
marginal,544,216,3,3,Happy,1.0,Female,6,3 6 8,3 6 8,3 6
marginal,544,341,4,7,Disgust,1.0,Female,7,7,7,7
marginal,544,281,6,3,Happy,0.0,Male,8,3 6 8,3 6 8,3 6 8
marginal,544,271,6,6,Fearful,1.0,Female,6,3 6,3 6,3 6
marginal,544,329,5,5,Angry,0.0,Male,5,5,5,5
marginal,544,153,1,1,Neutral,1.0,Female,2,1 2,1 2,1 2
marginal,544,7,4,1,Neutral,0.0,Male,2,1 2,1 2,1 2
marginal,544,298,8,8,Surprised,0.0,Male,8,1 3 8,1 3 8,1 3 8
marginal,544,76,7,7,Disgust,0.0,Male,7,5 7,7,5 7
marginal,544,30,2,2,Calm,1.0,Female,2,2,2,2
marginal,544,235,5,5,Angry,0.0,Male,5,5,5,5
marginal,544,157,7,7,Disgust,1.0,Female,7,7,7,7
marginal,544,144,1,1,Neutral,0.0,Male,2,1 2,1 2,1 2
marginal,544,169,6,6,Fearful,1.0,Female,6,3 6,3 6 8,3 6
marginal,544,58,4,4,Sad,1.0,Female,2,2,2 4,2
marginal,545,21,7,7,Disgust,1.0,Female,7,7,7,7
marginal,545,144,1,1,Neutral,0.0,Male,2,1 2,1 2,1 2
marginal,545,152,4,4,Sad,0.0,Male,4,4,4,2 4
marginal,545,285,4,4,Sad,0.0,Male,4,2 4,2 4,2 4
marginal,545,313,5,5,Angry,0.0,Male,5,5,5,5
marginal,545,102,1,3,Happy,1.0,Female,1,1 2,1 2 4,1 2
marginal,545,15,6,4,Sad,1.0,Female,4,2 4,2 4 7,2 4
marginal,545,43,6,6,Fearful,0.0,Male,6,3 6,3 6,3 6 8
marginal,545,75,5,5,Angry,0.0,Male,5,5,5,5
marginal,545,122,5,5,Angry,1.0,Female,5,5,5,5
marginal,545,210,2,1,Neutral,1.0,Female,2,1 2,1 2,1 2
marginal,545,309,8,6,Fearful,0.0,Male,6,3 5 6 8,3 6 8,3 6 8
marginal,545,237,7,5,Angry,1.0,Female,5,5,5,5
marginal,545,143,7,7,Disgust,0.0,Male,7,7,7,7
marginal,545,290,3,3,Happy,1.0,Female,6,3 6,3 4 6,3 6
marginal,545,8,4,8,Surprised,0.0,Male,4,1 2 4,1 2 4,1 2 4
marginal,545,174,5,5,Angry,0.0,Male,5,5,5,5
marginal,545,262,8,3,Happy,0.0,Male,1,1 2,1 2 4,1 2 4
marginal,545,321,6,8,Surprised,1.0,Female,8,3 8,3 8,8
marginal,545,30,2,2,Calm,1.0,Female,2,2,2,2
marginal,545,199,6,4,Sad,0.0,Male,4,2 4,2 4,1 2 4
marginal,545,180,5,5,Angry,1.0,Female,5,5,5,5
marginal,545,339,4,4,Sad,0.0,Male,2,2 4,2 4,1 2 4
marginal,545,331,2,1,Neutral,0.0,Male,2,1 2,1 2,1 2
marginal,545,214,8,8,Surprised,0.0,Male,8,3 6 8,3 6 8,3 6 8
marginal,545,267,2,1,Neutral,0.0,Male,2,1 2,1 2,1 2
marginal,545,157,7,7,Disgust,1.0,Female,7,7,7,7
marginal,545,101,7,7,Disgust,0.0,Male,7,5 7,5 7,5 7
marginal,545,42,6,6,Fearful,0.0,Male,6,3 6,3 6,3 6 8
marginal,545,347,1,4,Sad,0.0,Male,4,1 2 3 4,1 2 4,1 2 4
marginal,545,70,2,2,Calm,0.0,Male,2,2,2,1 2
marginal,545,219,7,7,Disgust,0.0,Male,7,7,7,5 7
marginal,545,197,7,7,Disgust,1.0,Female,7,7,7,7
marginal,545,64,1,2,Calm,1.0,Female,2,2,2,2
marginal,545,123,1,2,Calm,0.0,Male,2,1 2,2,1 2
marginal,545,243,1,2,Calm,0.0,Male,2,2,2,1 2
marginal,545,192,5,5,Angry,1.0,Female,5,5,5,5
marginal,545,352,7,7,Disgust,1.0,Female,7,5 7,5 7,7
marginal,545,153,2,1,Neutral,1.0,Female,2,1 2,1 2,1 2
marginal,545,329,5,5,Angry,0.0,Male,5,5,5,5
marginal,545,239,8,8,Surprised,0.0,Male,8,3 8,3 8,3 8
marginal,545,87,8,8,Surprised,0.0,Male,8,3 8,3 8,3 6 8
marginal,545,60,1,3,Happy,0.0,Male,1,1 2,1 2,1 2 4
marginal,545,274,4,6,Fearful,0.0,Male,3,3 4 6,3 4 6,3 4 6
marginal,545,238,8,8,Surprised,0.0,Male,8,3 8,8,3 8
marginal,545,155,1,4,Sad,1.0,Female,2,2,2,2
marginal,545,268,1,2,Calm,0.0,Male,2,1 2,2,1 2
marginal,545,217,8,8,Surprised,1.0,Female,8,8,8,8
marginal,545,10,6,6,Fearful,1.0,Female,6,3 6 8,3 6 8,3 6
marginal,545,244,3,3,Happy,1.0,Female,4,1 3 4 6,1 3 4,1 3 4
marginal,546,211,2,2,Calm,0.0,Male,2,2,2,1 2
marginal,546,109,2,1,Neutral,1.0,Female,2,1 2,1 2,1 2
marginal,546,349,2,1,Neutral,0.0,Male,2,1 2,1 2,1 2 4
marginal,546,45,7,7,Disgust,1.0,Female,7,7,7,7
marginal,546,94,5,5,Angry,1.0,Female,5,5,5,5
marginal,546,97,8,8,Surprised,0.0,Male,8,1 3 6 8,1 3 8,1 3 8
marginal,546,206,5,5,Angry,1.0,Female,5,5,5,5
marginal,546,251,6,6,Fearful,0.0,Male,6,3 6 8,3 6 8,3 6 8
marginal,546,83,3,3,Happy,0.0,Male,3,3 4 6,3 4 6,3 4 6
marginal,546,118,1,3,Happy,1.0,Female,1,1 2,1 2 4,1 2
marginal,546,298,8,8,Surprised,0.0,Male,8,1 3 8,1 3 8,1 3 8
marginal,546,23,6,8,Surprised,1.0,Female,8,3 8,3 8,3 8
marginal,546,167,2,1,Neutral,0.0,Male,2,1 2,1 2,1 2
marginal,546,47,7,7,Disgust,1.0,Female,7,5 7,7,7
marginal,546,114,2,2,Calm,1.0,Female,2,1 2,1 2,2
marginal,546,201,5,5,Angry,0.0,Male,5,5,5,5
marginal,546,111,1,2,Calm,0.0,Male,2,1 2,2,1 2
marginal,546,96,2,2,Calm,0.0,Male,2,2,2,1 2
marginal,546,70,2,2,Calm,0.0,Male,2,2,2,1 2
marginal,546,233,6,6,Fearful,1.0,Female,6,3 6,3 5 6,3 5 6
marginal,546,27,7,7,Disgust,1.0,Female,7,7,7,7
marginal,546,198,2,1,Neutral,1.0,Female,2,1 2,1 2,1 2
marginal,546,112,8,8,Surprised,0.0,Male,8,3 8,3 8,3 8
marginal,546,166,6,3,Happy,0.0,Male,8,3 6 8,3 6 8,3 6 8
marginal,546,76,7,7,Disgust,0.0,Male,7,5 7,7,5 7
marginal,546,104,6,3,Happy,0.0,Male,6,3 5 6 8,3 5 6,3 5 6
marginal,546,313,5,5,Angry,0.0,Male,5,5,5,5
marginal,546,174,5,5,Angry,0.0,Male,5,5,5,5
marginal,546,247,4,4,Sad,1.0,Female,4,3 4 6,3 4,3 4 6
marginal,546,257,1,2,Calm,1.0,Female,2,1 2,1 2,1 2
marginal,546,101,7,7,Disgust,0.0,Male,7,5 7,5 7,5 7
marginal,546,267,1,1,Neutral,0.0,Male,2,1 2,1 2,1 2
marginal,546,32,7,7,Disgust,1.0,Female,7,5 7,7,7
marginal,546,137,6,6,Fearful,1.0,Female,6,3 4 6,3 4 6,3 4 6
marginal,546,357,4,4,Sad,1.0,Female,4,2 4,4,4
marginal,546,155,2,4,Sad,1.0,Female,2,2,2,2
marginal,546,81,8,8,Surprised,1.0,Female,8,3 8,8,8
marginal,546,193,5,5,Angry,1.0,Female,5,5,5,5
marginal,546,2,6,6,Fearful,1.0,Female,6,3 6,3 6,3 6
marginal,546,60,1,3,Happy,0.0,Male,1,1 2,1 2,1 2 4
marginal,546,226,4,4,Sad,0.0,Male,2,2,2,1 2 4
marginal,546,212,8,5,Angry,0.0,Male,5,5 8,3 5 8,3 5 8
marginal,546,275,2,2,Calm,0.0,Male,2,2,2,1 2
marginal,546,121,6,4,Sad,0.0,Male,4,3 4,3 4 6,3 4 6
marginal,546,115,5,5,Angry,0.0,Male,5,5,5,5
marginal,546,1,4,6,Fearful,0.0,Male,4,2 4,2 4,1 2 4
marginal,546,260,1,3,Happy,0.0,Male,2,1 2,1 2,1 2
marginal,546,304,7,7,Disgust,0.0,Male,7,7,7,7
marginal,546,98,6,6,Fearful,0.0,Male,6,3 6,3 4 6,3 4 6
marginal,546,14,8,8,Surprised,0.0,Male,8,3 6 8,3 6 8,3 6 8
marginal,547,45,7,7,Disgust,1.0,Female,7,7,7,7
marginal,547,197,7,7,Disgust,1.0,Female,7,7,7,7
marginal,547,101,7,7,Disgust,0.0,Male,7,5 7,5 7,5 7
marginal,547,355,6,4,Sad,1.0,Female,4,2 4,2 4,2 4
marginal,547,100,8,8,Surprised,1.0,Female,8,3 8,3 8,8
marginal,547,271,6,6,Fearful,1.0,Female,6,3 6,3 6,3 6
marginal,547,102,1,3,Happy,1.0,Female,1,1 2,1 2 4,1 2
marginal,547,116,7,7,Disgust,0.0,Male,7,5 7,5 7,5 7
marginal,547,12,5,5,Angry,1.0,Female,5,5,5,5
marginal,547,284,5,5,Angry,1.0,Female,5,5,5,5
marginal,547,172,2,2,Calm,1.0,Female,2,2,2,2
marginal,547,214,8,8,Surprised,0.0,Male,8,3 6 8,3 6 8,3 6 8
marginal,547,294,3,3,Happy,1.0,Female,1,1 3 8,1 3 8,1 3 8
marginal,547,222,8,8,Surprised,0.0,Male,8,3 8,3 8,1 3 8
marginal,547,216,3,3,Happy,1.0,Female,6,3 6 8,3 6 8,3 6
marginal,547,21,7,7,Disgust,1.0,Female,7,7,7,7
marginal,547,173,6,6,Fearful,0.0,Male,8,3 5 6 8,3 6 8,3 6 8
marginal,547,346,4,4,Sad,0.0,Male,2,2 4,2 4,1 2 4
marginal,547,205,3,3,Happy,1.0,Female,1,1 3 4 8,1 3 8,1 3 8
marginal,547,144,1,1,Neutral,0.0,Male,2,1 2,1 2,1 2
marginal,547,242,1,2,Calm,1.0,Female,2,2,2,2
marginal,547,7,1,1,Neutral,0.0,Male,2,1 2,1 2,1 2
marginal,547,153,2,1,Neutral,1.0,Female,2,1 2,1 2,1 2
marginal,547,58,2,4,Sad,1.0,Female,2,2,2 4,2
marginal,547,316,5,5,Angry,1.0,Female,5,5,5,5
marginal,547,341,8,7,Disgust,1.0,Female,7,7,7,7
marginal,547,329,5,5,Angry,0.0,Male,5,5,5,5
marginal,547,108,4,4,Sad,0.0,Male,2,2 4,2 4,2 4 7
marginal,547,142,8,8,Surprised,0.0,Male,8,3 8,8,3 8
marginal,547,281,3,3,Happy,0.0,Male,8,3 6 8,3 6 8,3 6 8
marginal,547,147,1,3,Happy,0.0,Male,1,1 2,1 2,1 2 4
marginal,547,298,8,8,Surprised,0.0,Male,8,1 3 8,1 3 8,1 3 8
marginal,547,203,7,7,Disgust,1.0,Female,7,5 7,5 7,5 7
marginal,547,228,5,5,Angry,0.0,Male,5,5,5,5
marginal,547,224,3,3,Happy,0.0,Male,4,1 2 3 4,1 2 4,1 2 4
marginal,547,274,4,6,Fearful,0.0,Male,3,3 4 6,3 4 6,3 4 6
marginal,547,110,4,6,Fearful,0.0,Male,6,3 4 6,3 4 6,3 4 6
marginal,547,275,2,2,Calm,0.0,Male,2,2,2,1 2
marginal,547,157,7,7,Disgust,1.0,Female,7,7,7,7
marginal,547,76,7,7,Disgust,0.0,Male,7,5 7,7,5 7
marginal,547,30,2,2,Calm,1.0,Female,2,2,2,2
marginal,547,169,6,6,Fearful,1.0,Female,6,3 6,3 6 8,3 6
marginal,547,62,8,8,Surprised,1.0,Female,8,3 8,8,8
marginal,547,123,1,2,Calm,0.0,Male,2,1 2,2,1 2
marginal,547,134,5,5,Angry,1.0,Female,5,5,5,5
marginal,547,115,5,5,Angry,0.0,Male,5,5,5,5
marginal,547,46,4,4,Sad,0.0,Male,4,4,4,2 3 4
marginal,547,235,5,5,Angry,0.0,Male,5,5,5,5
marginal,547,83,3,3,Happy,0.0,Male,3,3 4 6,3 4 6,3 4 6
marginal,547,60,1,3,Happy,0.0,Male,1,1 2,1 2,1 2 4
marginal,548,231,5,5,Angry,0.0,Male,5,5,5,5
marginal,548,19,1,3,Happy,0.0,Male,1,1 2,1 2 4,1 2 4
marginal,548,129,4,4,Sad,1.0,Female,2,2,2,2
marginal,548,268,2,2,Calm,0.0,Male,2,1 2,2,1 2
marginal,548,265,6,6,Fearful,0.0,Male,6,3 6 8,3 6 8,3 6 8
marginal,548,15,7,4,Sad,1.0,Female,4,2 4,2 4 7,2 4
marginal,548,104,6,3,Happy,0.0,Male,6,3 5 6 8,3 5 6,3 5 6
marginal,548,283,1,1,Neutral,0.0,Male,1,1 2,1 2,1 2 4
marginal,548,160,5,5,Angry,1.0,Female,5,5,5,5
marginal,548,27,7,7,Disgust,1.0,Female,7,7,7,7
marginal,548,105,6,4,Sad,0.0,Male,4,3 4 6,3 4,3 4 6
marginal,548,78,1,1,Neutral,0.0,Male,2,1 2,1 2,1 2 4
marginal,548,153,2,1,Neutral,1.0,Female,2,1 2,1 2,1 2
marginal,548,124,8,8,Surprised,0.0,Male,8,3 8,3 8,3 8
marginal,548,221,8,8,Surprised,0.0,Male,8,3 8,1 3 8,1 3 8
marginal,548,180,5,5,Angry,1.0,Female,5,5,5,5
marginal,548,244,3,3,Happy,1.0,Female,4,1 3 4 6,1 3 4,1 3 4
marginal,548,299,8,6,Fearful,1.0,Female,8,3 6 8,3 6 8,3 6 8
marginal,548,136,5,5,Angry,1.0,Female,5,5,5,5
marginal,548,80,7,7,Disgust,1.0,Female,7,5 7,5 7,5 7
marginal,548,354,1,5,Angry,1.0,Female,5,5,5,5
marginal,548,85,7,7,Disgust,0.0,Male,7,7,7,7
marginal,548,186,4,5,Angry,0.0,Male,4,3 4 6,3 4 6,3 4 6
marginal,548,194,5,6,Fearful,1.0,Female,6,3 5 6,3 5 6,3 5 6
marginal,548,308,2,7,Disgust,1.0,Female,7,2 7,2 7,2 7
marginal,548,210,1,1,Neutral,1.0,Female,2,1 2,1 2,1 2
marginal,548,311,2,4,Sad,1.0,Female,2,1 2 4,1 2 4,1 2 4
marginal,548,169,6,6,Fearful,1.0,Female,6,3 6,3 6 8,3 6
marginal,548,62,8,8,Surprised,1.0,Female,8,3 8,8,8
marginal,548,340,7,7,Disgust,1.0,Female,7,7,7,7
marginal,548,205,1,3,Happy,1.0,Female,1,1 3 4 8,1 3 8,1 3 8
marginal,548,297,2,2,Calm,1.0,Female,2,1 2,2,2
marginal,548,256,2,2,Calm,0.0,Male,2,1 2,2,1 2
marginal,548,238,8,8,Surprised,0.0,Male,8,3 8,8,3 8
marginal,548,225,8,8,Surprised,1.0,Female,8,3 8,8,8
marginal,548,358,3,3,Happy,1.0,Female,6,3 6 8,3 6 8,3 6 8
marginal,548,315,1,1,Neutral,1.0,Female,1,1 2,1 2,1 2
marginal,548,237,5,5,Angry,1.0,Female,5,5,5,5
marginal,548,278,8,8,Surprised,0.0,Male,8,3 8,8,3 8
marginal,548,71,4,4,Sad,0.0,Male,2,1 2,1 2,1 2 4
marginal,548,332,4,4,Sad,1.0,Female,4,4,4,4
marginal,548,8,1,8,Surprised,0.0,Male,4,1 2 4,1 2 4,1 2 4
marginal,548,350,1,7,Disgust,1.0,Female,7,5 7,5 7,7
marginal,548,121,4,4,Sad,0.0,Male,4,3 4,3 4 6,3 4 6
marginal,548,79,6,6,Fearful,1.0,Female,6,3 6,3 6 8,3 6
marginal,548,351,3,3,Happy,0.0,Male,6,3 6 8,3 6 8,3 6 8
marginal,548,148,2,2,Calm,1.0,Female,2,2,2 4,2
marginal,548,173,5,6,Fearful,0.0,Male,8,3 5 6 8,3 6 8,3 6 8
marginal,548,341,7,7,Disgust,1.0,Female,7,7,7,7
marginal,548,255,6,6,Fearful,1.0,Female,6,3 4 6,3 4 6,3 6
marginal,549,106,8,7,Disgust,0.0,Male,7,7,7,5 7
marginal,549,160,5,5,Angry,1.0,Female,5,5,5,5
marginal,549,300,2,4,Sad,1.0,Female,2,2 4,2 4,2 4
marginal,549,247,6,4,Sad,1.0,Female,4,3 4 6,3 4,3 4 6
marginal,549,238,8,8,Surprised,0.0,Male,8,3 8,8,3 8
marginal,549,291,7,7,Disgust,1.0,Female,7,5 7,5 7,5 7
marginal,549,177,1,3,Happy,1.0,Female,1,1 2 4,1 2 4,1 2 4
marginal,549,189,2,4,Sad,1.0,Female,2,2 4,1 2 4,2 4
marginal,549,318,6,6,Fearful,1.0,Female,6,3 6 8,3 6 8,3 6
marginal,549,190,4,4,Sad,1.0,Female,4,4,4,4
marginal,549,185,6,6,Fearful,1.0,Female,6,3 6,3 6,3 6
marginal,549,117,2,4,Sad,1.0,Female,2,2,2,2
marginal,549,178,1,5,Angry,1.0,Female,5,5 8,1 5 8,5 8
marginal,549,114,4,2,Calm,1.0,Female,2,1 2,1 2,2
marginal,549,148,2,2,Calm,1.0,Female,2,2,2 4,2
marginal,549,274,3,6,Fearful,0.0,Male,3,3 4 6,3 4 6,3 4 6
marginal,549,232,4,4,Sad,0.0,Male,4,2 4,2 4,1 2 4
marginal,549,143,7,7,Disgust,0.0,Male,7,7,7,7
marginal,549,309,6,6,Fearful,0.0,Male,6,3 5 6 8,3 6 8,3 6 8
marginal,549,18,4,4,Sad,0.0,Male,2,1 2 4,1 2 4,1 2 4
marginal,549,358,3,3,Happy,1.0,Female,6,3 6 8,3 6 8,3 6 8
marginal,549,283,1,1,Neutral,0.0,Male,1,1 2,1 2,1 2 4
marginal,549,90,5,5,Angry,1.0,Female,5,2 5 7,2 5 7,2 5 7
marginal,549,249,7,7,Disgust,0.0,Male,7,7,7,7
marginal,549,288,8,8,Surprised,1.0,Female,8,3 8,3 8,8
marginal,549,239,3,8,Surprised,0.0,Male,8,3 8,3 8,3 8
marginal,549,313,5,5,Angry,0.0,Male,5,5,5,5
marginal,549,255,6,6,Fearful,1.0,Female,6,3 4 6,3 4 6,3 6
marginal,549,220,4,3,Happy,1.0,Female,1,1 2,1 2 4,1 2
marginal,549,230,2,2,Calm,0.0,Male,2,2,2,1 2
marginal,549,69,3,8,Surprised,0.0,Male,8,3 5 6 8,3 6 8,3 6 8
marginal,549,67,2,2,Calm,0.0,Male,2,2 4,2 4,2 4 7
marginal,549,205,1,3,Happy,1.0,Female,1,1 3 4 8,1 3 8,1 3 8
marginal,549,333,1,1,Neutral,0.0,Male,2,1 2,1 2,1 2
marginal,549,154,7,7,Disgust,0.0,Male,7,4 7,2 4 7,2 4 7
marginal,549,144,2,1,Neutral,0.0,Male,2,1 2,1 2,1 2
marginal,549,226,2,4,Sad,0.0,Male,2,2,2,1 2 4
marginal,549,234,5,5,Angry,1.0,Female,5,5,5,5
marginal,549,350,7,7,Disgust,1.0,Female,7,5 7,5 7,7
marginal,549,51,3,8,Surprised,0.0,Male,1,1 3 8,1 3 8,1 3 8
marginal,549,141,7,7,Disgust,0.0,Male,7,7,7,2 4 7
marginal,549,174,5,5,Angry,0.0,Male,5,5,5,5
marginal,549,281,3,3,Happy,0.0,Male,8,3 6 8,3 6 8,3 6 8
marginal,549,307,3,3,Happy,1.0,Female,3,3 4 6,3 4 6,3 4 6
marginal,549,298,8,8,Surprised,0.0,Male,8,1 3 8,1 3 8,1 3 8
marginal,549,180,5,5,Angry,1.0,Female,5,5,5,5
marginal,549,128,7,7,Disgust,1.0,Female,7,7,7,7
marginal,549,343,8,5,Angry,1.0,Female,5,5,5,5
marginal,549,5,4,4,Sad,0.0,Male,4,2 4,2 4,2 4
marginal,549,82,6,6,Fearful,0.0,Male,4,3 4 6,3 4 6,3 4 6
conditional,550,174,5,5,Angry,0.0,Male,5,5,5,5
conditional,550,226,4,4,Sad,0.0,Male,2,2,2,1 2 4
conditional,550,167,2,1,Neutral,0.0,Male,2,1 2,1 2,1 2
conditional,550,166,1,3,Happy,0.0,Male,8,3 6 8,3 6 8,3 6 8
conditional,550,111,2,2,Calm,0.0,Male,2,1 2,2,1 2
conditional,550,83,3,3,Happy,0.0,Male,3,3 4 6,3 4 6,3 4 6
conditional,550,260,2,3,Happy,0.0,Male,2,1 2,1 2,1 2
conditional,550,76,7,7,Disgust,0.0,Male,7,5 7,7,5 7
conditional,550,298,8,8,Surprised,0.0,Male,8,1 3 8,1 3 8,1 3 8
conditional,550,96,2,2,Calm,0.0,Male,2,2,2,1 2
conditional,550,233,6,6,Fearful,1.0,Female,6,3 6,3 5 6,3 5 6
conditional,550,70,2,2,Calm,0.0,Male,2,2,2,1 2
conditional,550,201,5,5,Angry,0.0,Male,5,5,5,5
conditional,550,121,4,4,Sad,0.0,Male,4,3 4,3 4 6,3 4 6
conditional,550,304,7,7,Disgust,0.0,Male,7,7,7,7
conditional,550,98,3,6,Fearful,0.0,Male,6,3 6,3 4 6,3 4 6
conditional,550,313,5,5,Angry,0.0,Male,5,5,5,5
conditional,550,109,1,1,Neutral,1.0,Female,2,1 2,1 2,1 2
conditional,550,267,2,1,Neutral,0.0,Male,2,1 2,1 2,1 2
conditional,550,357,4,4,Sad,1.0,Female,4,2 4,4,4
conditional,550,101,7,7,Disgust,0.0,Male,7,5 7,5 7,5 7
conditional,550,257,2,2,Calm,1.0,Female,2,1 2,1 2,1 2
conditional,550,275,2,2,Calm,0.0,Male,2,2,2,1 2
conditional,550,247,4,4,Sad,1.0,Female,4,3 4 6,3 4,3 4 6
conditional,550,251,8,6,Fearful,0.0,Male,6,3 6 8,3 6 8,3 6 8
conditional,550,211,2,2,Calm,0.0,Male,2,2,2,1 2
conditional,550,112,8,8,Surprised,0.0,Male,8,3 8,3 8,3 8
conditional,550,23,8,8,Surprised,1.0,Female,8,3 8,3 8,3 8
conditional,550,97,3,8,Surprised,0.0,Male,8,1 3 6 8,1 3 8,1 3 8
conditional,550,137,4,6,Fearful,1.0,Female,6,3 4 6,3 4 6,3 4 6
conditional,550,45,7,7,Disgust,1.0,Female,7,7,7,7
conditional,550,118,1,3,Happy,1.0,Female,1,1 2,1 2 4,1 2
conditional,550,349,2,1,Neutral,0.0,Male,2,1 2,1 2,1 2 4
conditional,550,2,6,6,Fearful,1.0,Female,6,3 6,3 6,3 6
conditional,550,60,1,3,Happy,0.0,Male,1,1 2,1 2,1 2 4
conditional,550,1,1,6,Fearful,0.0,Male,4,2 4,2 4,1 2 4
conditional,550,14,8,8,Surprised,0.0,Male,8,3 6 8,3 6 8,3 6 8
conditional,550,104,6,3,Happy,0.0,Male,6,3 5 6 8,3 5 6,3 5 6
conditional,550,47,8,7,Disgust,1.0,Female,7,5 7,7,7
conditional,550,114,4,2,Calm,1.0,Female,2,1 2,1 2,2
conditional,550,32,7,7,Disgust,1.0,Female,7,5 7,7,7
conditional,550,115,5,5,Angry,0.0,Male,5,5,5,5
conditional,550,27,7,7,Disgust,1.0,Female,7,7,7,7
conditional,550,193,5,5,Angry,1.0,Female,5,5,5,5
conditional,550,212,7,5,Angry,0.0,Male,5,5 8,3 5 8,3 5 8
conditional,550,94,5,5,Angry,1.0,Female,5,5,5,5
conditional,550,81,8,8,Surprised,1.0,Female,8,3 8,8,8
conditional,550,206,5,5,Angry,1.0,Female,5,5,5,5
conditional,550,198,2,1,Neutral,1.0,Female,2,1 2,1 2,1 2
conditional,550,155,2,4,Sad,1.0,Female,2,2,2,2
conditional,551,281,3,3,Happy,0.0,Male,8,3 6 8,3 6 8,3 6 8
conditional,551,67,4,2,Calm,0.0,Male,2,2 4,2 4,2 4 7
conditional,551,205,1,3,Happy,1.0,Female,1,1 3 4 8,1 3 8,1 3 8
conditional,551,333,1,1,Neutral,0.0,Male,2,1 2,1 2,1 2
conditional,551,232,4,4,Sad,0.0,Male,4,2 4,2 4,1 2 4
conditional,551,230,2,2,Calm,0.0,Male,2,2,2,1 2
conditional,551,249,7,7,Disgust,0.0,Male,7,7,7,7
conditional,551,141,7,7,Disgust,0.0,Male,7,7,7,2 4 7
conditional,551,189,1,4,Sad,1.0,Female,2,2 4,1 2 4,2 4
conditional,551,274,1,6,Fearful,0.0,Male,3,3 4 6,3 4 6,3 4 6
conditional,551,283,1,1,Neutral,0.0,Male,1,1 2,1 2,1 2 4
conditional,551,144,1,1,Neutral,0.0,Male,2,1 2,1 2,1 2
conditional,551,160,5,5,Angry,1.0,Female,5,5,5,5
conditional,551,234,7,5,Angry,1.0,Female,5,5,5,5
conditional,551,128,7,7,Disgust,1.0,Female,7,7,7,7
conditional,551,220,1,3,Happy,1.0,Female,1,1 2,1 2 4,1 2
conditional,551,180,5,5,Angry,1.0,Female,5,5,5,5
conditional,551,239,8,8,Surprised,0.0,Male,8,3 8,3 8,3 8
conditional,551,178,6,5,Angry,1.0,Female,5,5 8,1 5 8,5 8
conditional,551,358,7,3,Happy,1.0,Female,6,3 6 8,3 6 8,3 6 8
conditional,551,313,5,5,Angry,0.0,Male,5,5,5,5
conditional,551,288,6,8,Surprised,1.0,Female,8,3 8,3 8,8
conditional,551,174,7,5,Angry,0.0,Male,5,5,5,5
conditional,551,117,1,4,Sad,1.0,Female,2,2,2,2
conditional,551,291,7,7,Disgust,1.0,Female,7,5 7,5 7,5 7
conditional,551,298,8,8,Surprised,0.0,Male,8,1 3 8,1 3 8,1 3 8
conditional,551,143,4,7,Disgust,0.0,Male,7,7,7,7
conditional,551,350,6,7,Disgust,1.0,Female,7,5 7,5 7,7
conditional,551,318,6,6,Fearful,1.0,Female,6,3 6 8,3 6 8,3 6
conditional,551,154,7,7,Disgust,0.0,Male,7,4 7,2 4 7,2 4 7
conditional,551,185,6,6,Fearful,1.0,Female,6,3 6,3 6,3 6
conditional,551,307,7,3,Happy,1.0,Female,3,3 4 6,3 4 6,3 4 6
conditional,551,5,4,4,Sad,0.0,Male,4,2 4,2 4,2 4
conditional,551,255,6,6,Fearful,1.0,Female,6,3 4 6,3 4 6,3 6
conditional,551,82,6,6,Fearful,0.0,Male,4,3 4 6,3 4 6,3 4 6
conditional,551,69,8,8,Surprised,0.0,Male,8,3 5 6 8,3 6 8,3 6 8
conditional,551,247,4,4,Sad,1.0,Female,4,3 4 6,3 4,3 4 6
conditional,551,90,1,5,Angry,1.0,Female,5,2 5 7,2 5 7,2 5 7
conditional,551,18,4,4,Sad,0.0,Male,2,1 2 4,1 2 4,1 2 4
conditional,551,114,2,2,Calm,1.0,Female,2,1 2,1 2,2
conditional,551,177,1,3,Happy,1.0,Female,1,1 2 4,1 2 4,1 2 4
conditional,551,238,8,8,Surprised,0.0,Male,8,3 8,8,3 8
conditional,551,190,4,4,Sad,1.0,Female,4,4,4,4
conditional,551,309,6,6,Fearful,0.0,Male,6,3 5 6 8,3 6 8,3 6 8
conditional,551,343,7,5,Angry,1.0,Female,5,5,5,5
conditional,551,226,4,4,Sad,0.0,Male,2,2,2,1 2 4
conditional,551,148,2,2,Calm,1.0,Female,2,2,2 4,2
conditional,551,51,1,8,Surprised,0.0,Male,1,1 3 8,1 3 8,1 3 8
conditional,551,300,4,4,Sad,1.0,Female,2,2 4,2 4,2 4
conditional,551,106,7,7,Disgust,0.0,Male,7,7,7,5 7
conditional,552,123,1,2,Calm,0.0,Male,2,1 2,2,1 2
conditional,552,76,5,7,Disgust,0.0,Male,7,5 7,7,5 7
conditional,552,101,7,7,Disgust,0.0,Male,7,5 7,5 7,5 7
conditional,552,21,7,7,Disgust,1.0,Female,7,7,7,7
conditional,552,275,2,2,Calm,0.0,Male,2,2,2,1 2
conditional,552,222,8,8,Surprised,0.0,Male,8,3 8,3 8,1 3 8
conditional,552,284,5,5,Angry,1.0,Female,5,5,5,5
conditional,552,228,5,5,Angry,0.0,Male,5,5,5,5
conditional,552,102,1,3,Happy,1.0,Female,1,1 2,1 2 4,1 2
conditional,552,294,3,3,Happy,1.0,Female,1,1 3 8,1 3 8,1 3 8
conditional,552,341,7,7,Disgust,1.0,Female,7,7,7,7
conditional,552,83,3,3,Happy,0.0,Male,3,3 4 6,3 4 6,3 4 6
conditional,552,144,1,1,Neutral,0.0,Male,2,1 2,1 2,1 2
conditional,552,58,2,4,Sad,1.0,Female,2,2,2 4,2
conditional,552,316,5,5,Angry,1.0,Female,5,5,5,5
conditional,552,203,5,7,Disgust,1.0,Female,7,5 7,5 7,5 7
conditional,552,214,8,8,Surprised,0.0,Male,8,3 6 8,3 6 8,3 6 8
conditional,552,271,6,6,Fearful,1.0,Female,6,3 6,3 6,3 6
conditional,552,216,6,3,Happy,1.0,Female,6,3 6 8,3 6 8,3 6
conditional,552,12,5,5,Angry,1.0,Female,5,5,5,5
conditional,552,115,5,5,Angry,0.0,Male,5,5,5,5
conditional,552,281,2,3,Happy,0.0,Male,8,3 6 8,3 6 8,3 6 8
conditional,552,197,7,7,Disgust,1.0,Female,7,7,7,7
conditional,552,274,1,6,Fearful,0.0,Male,3,3 4 6,3 4 6,3 4 6
conditional,552,298,8,8,Surprised,0.0,Male,8,1 3 8,1 3 8,1 3 8
conditional,552,147,2,3,Happy,0.0,Male,1,1 2,1 2,1 2 4
conditional,552,242,1,2,Calm,1.0,Female,2,2,2,2
conditional,552,153,2,1,Neutral,1.0,Female,2,1 2,1 2,1 2
conditional,552,157,7,7,Disgust,1.0,Female,7,7,7,7
conditional,552,329,5,5,Angry,0.0,Male,5,5,5,5
conditional,552,60,4,3,Happy,0.0,Male,1,1 2,1 2,1 2 4
conditional,552,169,6,6,Fearful,1.0,Female,6,3 6,3 6 8,3 6
conditional,552,172,2,2,Calm,1.0,Female,2,2,2,2
conditional,552,142,8,8,Surprised,0.0,Male,8,3 8,8,3 8
conditional,552,30,2,2,Calm,1.0,Female,2,2,2,2
conditional,552,346,2,4,Sad,0.0,Male,2,2 4,2 4,1 2 4
conditional,552,116,7,7,Disgust,0.0,Male,7,5 7,5 7,5 7
conditional,552,108,4,4,Sad,0.0,Male,2,2 4,2 4,2 4 7
conditional,552,134,5,5,Angry,1.0,Female,5,5,5,5
conditional,552,110,6,6,Fearful,0.0,Male,6,3 4 6,3 4 6,3 4 6
conditional,552,62,8,8,Surprised,1.0,Female,8,3 8,8,8
conditional,552,355,4,4,Sad,1.0,Female,4,2 4,2 4,2 4
conditional,552,235,5,5,Angry,0.0,Male,5,5,5,5
conditional,552,7,1,1,Neutral,0.0,Male,2,1 2,1 2,1 2
conditional,552,173,8,6,Fearful,0.0,Male,8,3 5 6 8,3 6 8,3 6 8
conditional,552,205,3,3,Happy,1.0,Female,1,1 3 4 8,1 3 8,1 3 8
conditional,552,45,7,7,Disgust,1.0,Female,7,7,7,7
conditional,552,224,3,3,Happy,0.0,Male,4,1 2 3 4,1 2 4,1 2 4
conditional,552,46,6,4,Sad,0.0,Male,4,4,4,2 3 4
conditional,552,100,8,8,Surprised,1.0,Female,8,3 8,3 8,8
conditional,553,8,2,8,Surprised,0.0,Male,4,1 2 4,1 2 4,1 2 4
conditional,553,160,5,5,Angry,1.0,Female,5,5,5,5
conditional,553,354,7,5,Angry,1.0,Female,5,5,5,5
conditional,553,315,2,1,Neutral,1.0,Female,1,1 2,1 2,1 2
conditional,553,180,7,5,Angry,1.0,Female,5,5,5,5
conditional,553,283,1,1,Neutral,0.0,Male,1,1 2,1 2,1 2 4
conditional,553,19,2,3,Happy,0.0,Male,1,1 2,1 2 4,1 2 4
conditional,553,237,6,5,Angry,1.0,Female,5,5,5,5
conditional,553,210,2,1,Neutral,1.0,Female,2,1 2,1 2,1 2
conditional,553,350,7,7,Disgust,1.0,Female,7,5 7,5 7,7
conditional,553,80,5,7,Disgust,1.0,Female,7,5 7,5 7,5 7
conditional,553,136,7,5,Angry,1.0,Female,5,5,5,5
conditional,553,79,8,6,Fearful,1.0,Female,6,3 6,3 6 8,3 6
conditional,553,186,1,5,Angry,0.0,Male,4,3 4 6,3 4 6,3 4 6
conditional,553,225,8,8,Surprised,1.0,Female,8,3 8,8,8
conditional,553,62,8,8,Surprised,1.0,Female,8,3 8,8,8
conditional,553,85,7,7,Disgust,0.0,Male,7,7,7,7
conditional,553,15,2,4,Sad,1.0,Female,4,2 4,2 4 7,2 4
conditional,553,221,8,8,Surprised,0.0,Male,8,3 8,1 3 8,1 3 8
conditional,553,278,8,8,Surprised,0.0,Male,8,3 8,8,3 8
conditional,553,297,2,2,Calm,1.0,Female,2,1 2,2,2
conditional,553,153,2,1,Neutral,1.0,Female,2,1 2,1 2,1 2
conditional,553,104,6,3,Happy,0.0,Male,6,3 5 6 8,3 5 6,3 5 6
conditional,553,194,5,6,Fearful,1.0,Female,6,3 5 6,3 5 6,3 5 6
conditional,553,124,8,8,Surprised,0.0,Male,8,3 8,3 8,3 8
conditional,553,256,1,2,Calm,0.0,Male,2,1 2,2,1 2
conditional,553,351,6,3,Happy,0.0,Male,6,3 6 8,3 6 8,3 6 8
conditional,553,71,2,4,Sad,0.0,Male,2,1 2,1 2,1 2 4
conditional,553,244,3,3,Happy,1.0,Female,4,1 3 4 6,1 3 4,1 3 4
conditional,553,268,1,2,Calm,0.0,Male,2,1 2,2,1 2
conditional,553,231,5,5,Angry,0.0,Male,5,5,5,5
conditional,553,78,1,1,Neutral,0.0,Male,2,1 2,1 2,1 2 4
conditional,553,27,7,7,Disgust,1.0,Female,7,7,7,7
conditional,553,173,6,6,Fearful,0.0,Male,8,3 5 6 8,3 6 8,3 6 8
conditional,553,169,6,6,Fearful,1.0,Female,6,3 6,3 6 8,3 6
conditional,553,340,7,7,Disgust,1.0,Female,7,7,7,7
conditional,553,299,8,6,Fearful,1.0,Female,8,3 6 8,3 6 8,3 6 8
conditional,553,332,4,4,Sad,1.0,Female,4,4,4,4
conditional,553,205,3,3,Happy,1.0,Female,1,1 3 4 8,1 3 8,1 3 8
conditional,553,105,6,4,Sad,0.0,Male,4,3 4 6,3 4,3 4 6
conditional,553,129,4,4,Sad,1.0,Female,2,2,2,2
conditional,553,341,7,7,Disgust,1.0,Female,7,7,7,7
conditional,553,255,6,6,Fearful,1.0,Female,6,3 4 6,3 4 6,3 6
conditional,553,238,3,8,Surprised,0.0,Male,8,3 8,8,3 8
conditional,553,308,7,7,Disgust,1.0,Female,7,2 7,2 7,2 7
conditional,553,265,6,6,Fearful,0.0,Male,6,3 6 8,3 6 8,3 6 8
conditional,553,311,4,4,Sad,1.0,Female,2,1 2 4,1 2 4,1 2 4
conditional,553,121,4,4,Sad,0.0,Male,4,3 4,3 4 6,3 4 6
conditional,553,358,8,3,Happy,1.0,Female,6,3 6 8,3 6 8,3 6 8
conditional,553,148,4,2,Calm,1.0,Female,2,2,2 4,2
conditional,554,69,3,8,Surprised,0.0,Male,8,3 5 6 8,3 6 8,3 6 8
conditional,554,190,4,4,Sad,1.0,Female,4,4,4,4
conditional,554,309,6,6,Fearful,0.0,Male,6,3 5 6 8,3 6 8,3 6 8
conditional,554,313,5,5,Angry,0.0,Male,5,5,5,5
conditional,554,318,6,6,Fearful,1.0,Female,6,3 6 8,3 6 8,3 6
conditional,554,144,1,1,Neutral,0.0,Male,2,1 2,1 2,1 2
conditional,554,82,6,6,Fearful,0.0,Male,4,3 4 6,3 4 6,3 4 6
conditional,554,143,4,7,Disgust,0.0,Male,7,7,7,7
conditional,554,358,8,3,Happy,1.0,Female,6,3 6 8,3 6 8,3 6 8
conditional,554,283,1,1,Neutral,0.0,Male,1,1 2,1 2,1 2 4
conditional,554,247,6,4,Sad,1.0,Female,4,3 4 6,3 4,3 4 6
conditional,554,232,4,4,Sad,0.0,Male,4,2 4,2 4,1 2 4
conditional,554,350,7,7,Disgust,1.0,Female,7,5 7,5 7,7
conditional,554,148,2,2,Calm,1.0,Female,2,2,2 4,2
conditional,554,226,1,4,Sad,0.0,Male,2,2,2,1 2 4
conditional,554,51,1,8,Surprised,0.0,Male,1,1 3 8,1 3 8,1 3 8
conditional,554,234,5,5,Angry,1.0,Female,5,5,5,5
conditional,554,178,1,5,Angry,1.0,Female,5,5 8,1 5 8,5 8
conditional,554,281,8,3,Happy,0.0,Male,8,3 6 8,3 6 8,3 6 8
conditional,554,117,2,4,Sad,1.0,Female,2,2,2,2
conditional,554,343,7,5,Angry,1.0,Female,5,5,5,5
conditional,554,185,6,6,Fearful,1.0,Female,6,3 6,3 6,3 6
conditional,554,160,5,5,Angry,1.0,Female,5,5,5,5
conditional,554,114,2,2,Calm,1.0,Female,2,1 2,1 2,2
conditional,554,128,7,7,Disgust,1.0,Female,7,7,7,7
conditional,554,300,4,4,Sad,1.0,Female,2,2 4,2 4,2 4
conditional,554,154,7,7,Disgust,0.0,Male,7,4 7,2 4 7,2 4 7
conditional,554,220,1,3,Happy,1.0,Female,1,1 2,1 2 4,1 2
conditional,554,205,3,3,Happy,1.0,Female,1,1 3 4 8,1 3 8,1 3 8
conditional,554,333,1,1,Neutral,0.0,Male,2,1 2,1 2,1 2
conditional,554,180,5,5,Angry,1.0,Female,5,5,5,5
conditional,554,67,1,2,Calm,0.0,Male,2,2 4,2 4,2 4 7
conditional,554,238,8,8,Surprised,0.0,Male,8,3 8,8,3 8
conditional,554,255,6,6,Fearful,1.0,Female,6,3 4 6,3 4 6,3 6
conditional,554,5,4,4,Sad,0.0,Male,4,2 4,2 4,2 4
conditional,554,90,5,5,Angry,1.0,Female,5,2 5 7,2 5 7,2 5 7
conditional,554,274,6,6,Fearful,0.0,Male,3,3 4 6,3 4 6,3 4 6
conditional,554,18,4,4,Sad,0.0,Male,2,1 2 4,1 2 4,1 2 4
conditional,554,141,7,7,Disgust,0.0,Male,7,7,7,2 4 7
conditional,554,230,2,2,Calm,0.0,Male,2,2,2,1 2
conditional,554,239,8,8,Surprised,0.0,Male,8,3 8,3 8,3 8
conditional,554,307,3,3,Happy,1.0,Female,3,3 4 6,3 4 6,3 4 6
conditional,554,174,5,5,Angry,0.0,Male,5,5,5,5
conditional,554,298,8,8,Surprised,0.0,Male,8,1 3 8,1 3 8,1 3 8
conditional,554,177,1,3,Happy,1.0,Female,1,1 2 4,1 2 4,1 2 4
conditional,554,189,2,4,Sad,1.0,Female,2,2 4,1 2 4,2 4
conditional,554,106,5,7,Disgust,0.0,Male,7,7,7,5 7
conditional,554,291,7,7,Disgust,1.0,Female,7,5 7,5 7,5 7
conditional,554,249,7,7,Disgust,0.0,Male,7,7,7,7
conditional,554,288,8,8,Surprised,1.0,Female,8,3 8,3 8,8
conditional,555,271,6,6,Fearful,1.0,Female,6,3 6,3 6,3 6
conditional,555,281,3,3,Happy,0.0,Male,8,3 6 8,3 6 8,3 6 8
conditional,555,120,3,7,Disgust,0.0,Male,7,2 4 7,2 4 7,2 4 7
conditional,555,161,8,8,Surprised,1.0,Female,8,3 8,1 3 8,8
conditional,555,300,2,4,Sad,1.0,Female,2,2 4,2 4,2 4
conditional,555,182,8,3,Happy,1.0,Female,3,3 5 6 8,3 6 8,3 6 8
conditional,555,122,5,5,Angry,1.0,Female,5,5,5,5
conditional,555,42,6,6,Fearful,0.0,Male,6,3 6,3 6,3 6 8
conditional,555,194,6,6,Fearful,1.0,Female,6,3 5 6,3 5 6,3 5 6
conditional,555,181,2,2,Calm,1.0,Female,2,2,2,2
conditional,555,220,3,3,Happy,1.0,Female,1,1 2,1 2 4,1 2
conditional,555,354,5,5,Angry,1.0,Female,5,5,5,5
conditional,555,97,3,8,Surprised,0.0,Male,8,1 3 6 8,1 3 8,1 3 8
conditional,555,77,2,2,Calm,1.0,Female,2,1 2,2,2
conditional,555,89,8,8,Surprised,1.0,Female,8,3 8,3 8,3 8
conditional,555,260,1,3,Happy,0.0,Male,2,1 2,1 2,1 2
conditional,555,214,8,8,Surprised,0.0,Male,8,3 6 8,3 6 8,3 6 8
conditional,555,14,8,8,Surprised,0.0,Male,8,3 6 8,3 6 8,3 6 8
conditional,555,72,4,4,Sad,1.0,Female,4,4,4,4
conditional,555,45,7,7,Disgust,1.0,Female,7,7,7,7
conditional,555,68,3,8,Surprised,0.0,Male,8,1 3 4 6 8,3 6 8,3 6 8
conditional,555,100,8,8,Surprised,1.0,Female,8,3 8,3 8,8
conditional,555,4,6,6,Fearful,1.0,Female,6,3 6,3 6 8,3 6
conditional,555,24,5,5,Angry,0.0,Male,5,5,5,5
conditional,555,10,6,6,Fearful,1.0,Female,6,3 6 8,3 6 8,3 6
conditional,555,172,2,2,Calm,1.0,Female,2,2,2,2
conditional,555,291,7,7,Disgust,1.0,Female,7,5 7,5 7,5 7
conditional,555,215,4,4,Sad,0.0,Male,4,3 4,3 4,3 4 6
conditional,555,293,1,3,Happy,0.0,Male,1,1 2,1 2 4,1 2 4
conditional,555,104,6,3,Happy,0.0,Male,6,3 5 6 8,3 5 6,3 5 6
conditional,555,312,2,2,Calm,1.0,Female,2,2,2 4,2
conditional,555,276,8,8,Surprised,0.0,Male,8,1 3 8,1 3 8,1 3 8
conditional,555,187,6,6,Fearful,1.0,Female,6,3 4 6,3 4 6,3 4 6
conditional,555,152,4,4,Sad,0.0,Male,4,4,4,2 4
conditional,555,75,5,5,Angry,0.0,Male,5,5,5,5
conditional,555,335,3,6,Fearful,0.0,Male,4,3 4 6,3 4 6,3 4 6
conditional,555,235,5,5,Angry,0.0,Male,5,5,5,5
conditional,555,330,2,2,Calm,1.0,Female,2,1 2,1 2,2
conditional,555,310,7,7,Disgust,1.0,Female,7,5 7,5 7,7
conditional,555,272,5,5,Angry,1.0,Female,5,5 8,5 8,5 8
conditional,555,134,5,5,Angry,1.0,Female,5,5,5,5
conditional,555,52,8,7,Disgust,0.0,Male,7,7,7,7
conditional,555,203,5,7,Disgust,1.0,Female,7,5 7,5 7,5 7
conditional,555,74,2,2,Calm,0.0,Male,2,2,2,1 2
conditional,555,218,1,3,Happy,0.0,Male,1,1 2,1 2 8,1 2 8
conditional,555,229,4,4,Sad,1.0,Female,4,4,4 6,4
conditional,555,78,1,1,Neutral,0.0,Male,2,1 2,1 2,1 2 4
conditional,555,329,5,5,Angry,0.0,Male,5,5,5,5
conditional,555,320,4,6,Fearful,1.0,Female,4,4,2 4,4
conditional,555,290,8,3,Happy,1.0,Female,6,3 6,3 4 6,3 6
conditional,556,354,5,5,Angry,1.0,Female,5,5,5,5
conditional,556,72,4,4,Sad,1.0,Female,4,4,4,4
conditional,556,89,8,8,Surprised,1.0,Female,8,3 8,3 8,3 8
conditional,556,75,5,5,Angry,0.0,Male,5,5,5,5
conditional,556,187,6,6,Fearful,1.0,Female,6,3 4 6,3 4 6,3 4 6
conditional,556,120,2,7,Disgust,0.0,Male,7,2 4 7,2 4 7,2 4 7
conditional,556,229,4,4,Sad,1.0,Female,4,4,4 6,4
conditional,556,122,5,5,Angry,1.0,Female,5,5,5,5
conditional,556,104,6,3,Happy,0.0,Male,6,3 5 6 8,3 5 6,3 5 6
conditional,556,181,2,2,Calm,1.0,Female,2,2,2,2
conditional,556,300,2,4,Sad,1.0,Female,2,2 4,2 4,2 4
conditional,556,78,2,1,Neutral,0.0,Male,2,1 2,1 2,1 2 4
conditional,556,290,3,3,Happy,1.0,Female,6,3 6,3 4 6,3 6
conditional,556,272,5,5,Angry,1.0,Female,5,5 8,5 8,5 8
conditional,556,172,2,2,Calm,1.0,Female,2,2,2,2
conditional,556,42,6,6,Fearful,0.0,Male,6,3 6,3 6,3 6 8
conditional,556,14,8,8,Surprised,0.0,Male,8,3 6 8,3 6 8,3 6 8
conditional,556,4,6,6,Fearful,1.0,Female,6,3 6,3 6 8,3 6
conditional,556,335,6,6,Fearful,0.0,Male,4,3 4 6,3 4 6,3 4 6
conditional,556,161,8,8,Surprised,1.0,Female,8,3 8,1 3 8,8
conditional,556,77,2,2,Calm,1.0,Female,2,1 2,2,2
conditional,556,214,8,8,Surprised,0.0,Male,8,3 6 8,3 6 8,3 6 8
conditional,556,293,1,3,Happy,0.0,Male,1,1 2,1 2 4,1 2 4
conditional,556,203,7,7,Disgust,1.0,Female,7,5 7,5 7,5 7
conditional,556,235,5,5,Angry,0.0,Male,5,5,5,5
conditional,556,312,2,2,Calm,1.0,Female,2,2,2 4,2
conditional,556,100,8,8,Surprised,1.0,Female,8,3 8,3 8,8
conditional,556,220,1,3,Happy,1.0,Female,1,1 2,1 2 4,1 2
conditional,556,329,5,5,Angry,0.0,Male,5,5,5,5
conditional,556,97,8,8,Surprised,0.0,Male,8,1 3 6 8,1 3 8,1 3 8
conditional,556,182,3,3,Happy,1.0,Female,3,3 5 6 8,3 6 8,3 6 8
conditional,556,310,7,7,Disgust,1.0,Female,7,5 7,5 7,7
conditional,556,330,2,2,Calm,1.0,Female,2,1 2,1 2,2
conditional,556,215,4,4,Sad,0.0,Male,4,3 4,3 4,3 4 6
conditional,556,52,2,7,Disgust,0.0,Male,7,7,7,7
conditional,556,152,4,4,Sad,0.0,Male,4,4,4,2 4
conditional,556,271,6,6,Fearful,1.0,Female,6,3 6,3 6,3 6
conditional,556,134,5,5,Angry,1.0,Female,5,5,5,5
conditional,556,74,2,2,Calm,0.0,Male,2,2,2,1 2
conditional,556,276,8,8,Surprised,0.0,Male,8,1 3 8,1 3 8,1 3 8
conditional,556,320,4,6,Fearful,1.0,Female,4,4,2 4,4
conditional,556,24,5,5,Angry,0.0,Male,5,5,5,5
conditional,556,10,6,6,Fearful,1.0,Female,6,3 6 8,3 6 8,3 6
conditional,556,194,6,6,Fearful,1.0,Female,6,3 5 6,3 5 6,3 5 6
conditional,556,291,8,7,Disgust,1.0,Female,7,5 7,5 7,5 7
conditional,556,68,1,8,Surprised,0.0,Male,8,1 3 4 6 8,3 6 8,3 6 8
conditional,556,218,1,3,Happy,0.0,Male,1,1 2,1 2 8,1 2 8
conditional,556,45,7,7,Disgust,1.0,Female,7,7,7,7
conditional,556,260,1,3,Happy,0.0,Male,2,1 2,1 2,1 2
conditional,556,281,8,3,Happy,0.0,Male,8,3 6 8,3 6 8,3 6 8
conditional,557,175,2,2,Calm,1.0,Female,2,1 2,1 2,1 2
conditional,557,300,1,4,Sad,1.0,Female,2,2 4,2 4,2 4
conditional,557,59,6,6,Fearful,1.0,Female,6,3 4 6,3 4 6,3 4 6
conditional,557,30,5,2,Calm,1.0,Female,2,2,2,2
conditional,557,205,7,3,Happy,1.0,Female,1,1 3 4 8,1 3 8,1 3 8
conditional,557,343,2,5,Angry,1.0,Female,5,5,5,5
conditional,557,286,7,7,Disgust,0.0,Male,7,4 7,7,4 7
conditional,557,305,5,8,Surprised,1.0,Female,8,3 8,8,8
conditional,557,34,5,5,Angry,0.0,Male,5,5,5,5
conditional,557,357,6,4,Sad,1.0,Female,4,2 4,4,4
conditional,557,290,5,3,Happy,1.0,Female,6,3 6,3 4 6,3 6
conditional,557,254,4,3,Happy,0.0,Male,1,1 2,1 2 4,1 2 4
conditional,557,5,5,4,Sad,0.0,Male,4,2 4,2 4,2 4
conditional,557,220,2,3,Happy,1.0,Female,1,1 2,1 2 4,1 2
conditional,557,97,4,8,Surprised,0.0,Male,8,1 3 6 8,1 3 8,1 3 8
conditional,557,18,6,4,Sad,0.0,Male,2,1 2 4,1 2 4,1 2 4
conditional,557,178,2,5,Angry,1.0,Female,5,5 8,1 5 8,5 8
conditional,557,245,5,5,Angry,1.0,Female,5,5,5,5
conditional,557,337,2,8,Surprised,1.0,Female,1,1 3 8,1 3 8,1 3 8
conditional,557,110,6,6,Fearful,0.0,Male,6,3 4 6,3 4 6,3 4 6
conditional,557,147,4,3,Happy,0.0,Male,1,1 2,1 2,1 2 4
conditional,557,222,1,8,Surprised,0.0,Male,8,3 8,3 8,1 3 8
conditional,557,94,5,5,Angry,1.0,Female,5,5,5,5
conditional,557,201,4,5,Angry,0.0,Male,5,5,5,5
conditional,557,86,2,7,Disgust,1.0,Female,2,2,2,2
conditional,557,310,7,7,Disgust,1.0,Female,7,5 7,5 7,7
conditional,557,51,8,8,Surprised,0.0,Male,1,1 3 8,1 3 8,1 3 8
conditional,557,57,2,2,Calm,0.0,Male,2,2,2,1 2
conditional,557,44,6,6,Fearful,0.0,Male,3,3 4 6,3 4 6,3 4 6
conditional,557,33,8,8,Surprised,0.0,Male,8,3 8,3 8,3 8
conditional,557,164,2,2,Calm,1.0,Female,2,1 2,1 2,2
conditional,557,139,6,6,Fearful,1.0,Female,6,3 6,3 6,3 6
conditional,557,218,1,3,Happy,0.0,Male,1,1 2,1 2 8,1 2 8
conditional,557,2,6,6,Fearful,1.0,Female,6,3 6,3 6,3 6
conditional,557,226,4,4,Sad,0.0,Male,2,2,2,1 2 4
conditional,557,242,2,2,Calm,1.0,Female,2,2,2,2
conditional,557,61,8,6,Fearful,0.0,Male,6,3 6 8,3 6 8,3 6 8
conditional,557,119,8,6,Fearful,0.0,Male,8,3 8,3 8,3 6 8
conditional,557,103,2,2,Calm,0.0,Male,2,2,2,1 2
conditional,557,23,8,8,Surprised,1.0,Female,8,3 8,3 8,3 8
conditional,557,234,5,5,Angry,1.0,Female,5,5,5,5
conditional,557,246,3,3,Happy,1.0,Female,1,1 3 4 8,1 3 4,1 3 4
conditional,557,267,2,1,Neutral,0.0,Male,2,1 2,1 2,1 2
conditional,557,215,6,4,Sad,0.0,Male,4,3 4,3 4,3 4 6
conditional,557,45,7,7,Disgust,1.0,Female,7,7,7,7
conditional,557,249,7,7,Disgust,0.0,Male,7,7,7,7
conditional,557,285,4,4,Sad,0.0,Male,4,2 4,2 4,2 4
conditional,557,70,2,2,Calm,0.0,Male,2,2,2,1 2
conditional,557,144,1,1,Neutral,0.0,Male,2,1 2,1 2,1 2
conditional,557,272,5,5,Angry,1.0,Female,5,5 8,5 8,5 8
conditional,558,265,6,6,Fearful,0.0,Male,6,3 6 8,3 6 8,3 6 8
conditional,558,85,1,7,Disgust,0.0,Male,7,7,7,7
conditional,558,341,6,7,Disgust,1.0,Female,7,7,7,7
conditional,558,180,5,5,Angry,1.0,Female,5,5,5,5
conditional,558,351,3,3,Happy,0.0,Male,6,3 6 8,3 6 8,3 6 8
conditional,558,148,2,2,Calm,1.0,Female,2,2,2 4,2
conditional,558,121,4,4,Sad,0.0,Male,4,3 4,3 4 6,3 4 6
conditional,558,350,7,7,Disgust,1.0,Female,7,5 7,5 7,7
conditional,558,315,1,1,Neutral,1.0,Female,1,1 2,1 2,1 2
conditional,558,27,7,7,Disgust,1.0,Female,7,7,7,7
conditional,558,268,2,2,Calm,0.0,Male,2,1 2,2,1 2
conditional,558,124,8,8,Surprised,0.0,Male,8,3 8,3 8,3 8
conditional,558,255,6,6,Fearful,1.0,Female,6,3 4 6,3 4 6,3 6
conditional,558,231,5,5,Angry,0.0,Male,5,5,5,5
conditional,558,358,6,3,Happy,1.0,Female,6,3 6 8,3 6 8,3 6 8
conditional,558,173,8,6,Fearful,0.0,Male,8,3 5 6 8,3 6 8,3 6 8
conditional,558,169,4,6,Fearful,1.0,Female,6,3 6,3 6 8,3 6
conditional,558,237,5,5,Angry,1.0,Female,5,5,5,5
conditional,558,340,7,7,Disgust,1.0,Female,7,7,7,7
conditional,558,80,5,7,Disgust,1.0,Female,7,5 7,5 7,5 7
conditional,558,15,4,4,Sad,1.0,Female,4,2 4,2 4 7,2 4
conditional,558,136,5,5,Angry,1.0,Female,5,5,5,5
conditional,558,311,6,4,Sad,1.0,Female,2,1 2 4,1 2 4,1 2 4
conditional,558,129,2,4,Sad,1.0,Female,2,2,2,2
conditional,558,210,1,1,Neutral,1.0,Female,2,1 2,1 2,1 2
conditional,558,225,8,8,Surprised,1.0,Female,8,3 8,8,8
conditional,558,71,4,4,Sad,0.0,Male,2,1 2,1 2,1 2 4
conditional,558,283,1,1,Neutral,0.0,Male,1,1 2,1 2,1 2 4
conditional,558,354,5,5,Angry,1.0,Female,5,5,5,5
conditional,558,19,1,3,Happy,0.0,Male,1,1 2,1 2 4,1 2 4
conditional,558,104,6,3,Happy,0.0,Male,6,3 5 6 8,3 5 6,3 5 6
conditional,558,205,1,3,Happy,1.0,Female,1,1 3 4 8,1 3 8,1 3 8
conditional,558,238,8,8,Surprised,0.0,Male,8,3 8,8,3 8
conditional,558,308,2,7,Disgust,1.0,Female,7,2 7,2 7,2 7
conditional,558,153,2,1,Neutral,1.0,Female,2,1 2,1 2,1 2
conditional,558,278,8,8,Surprised,0.0,Male,8,3 8,8,3 8
conditional,558,194,6,6,Fearful,1.0,Female,6,3 5 6,3 5 6,3 5 6
conditional,558,105,6,4,Sad,0.0,Male,4,3 4 6,3 4,3 4 6
conditional,558,62,8,8,Surprised,1.0,Female,8,3 8,8,8
conditional,558,8,2,8,Surprised,0.0,Male,4,1 2 4,1 2 4,1 2 4
conditional,558,299,6,6,Fearful,1.0,Female,8,3 6 8,3 6 8,3 6 8
conditional,558,79,6,6,Fearful,1.0,Female,6,3 6,3 6 8,3 6
conditional,558,186,4,5,Angry,0.0,Male,4,3 4 6,3 4 6,3 4 6
conditional,558,160,5,5,Angry,1.0,Female,5,5,5,5
conditional,558,244,3,3,Happy,1.0,Female,4,1 3 4 6,1 3 4,1 3 4
conditional,558,297,2,2,Calm,1.0,Female,2,1 2,2,2
conditional,558,221,8,8,Surprised,0.0,Male,8,3 8,1 3 8,1 3 8
conditional,558,332,4,4,Sad,1.0,Female,4,4,4,4
conditional,558,256,2,2,Calm,0.0,Male,2,1 2,2,1 2
conditional,558,78,1,1,Neutral,0.0,Male,2,1 2,1 2,1 2 4
conditional,559,188,6,8,Surprised,0.0,Male,8,3 6 8,3 8,3 6 8
conditional,559,305,8,8,Surprised,1.0,Female,8,3 8,8,8
conditional,559,354,5,5,Angry,1.0,Female,5,5,5,5
conditional,559,283,1,1,Neutral,0.0,Male,1,1 2,1 2,1 2 4
conditional,559,72,5,4,Sad,1.0,Female,4,4,4,4
conditional,559,272,5,5,Angry,1.0,Female,5,5 8,5 8,5 8
conditional,559,160,5,5,Angry,1.0,Female,5,5,5,5
conditional,559,290,6,3,Happy,1.0,Female,6,3 6,3 4 6,3 6
conditional,559,321,8,8,Surprised,1.0,Female,8,3 8,3 8,8
conditional,559,5,4,4,Sad,0.0,Male,4,2 4,2 4,2 4
conditional,559,218,1,3,Happy,0.0,Male,1,1 2,1 2 8,1 2 8
conditional,559,242,2,2,Calm,1.0,Female,2,2,2,2
conditional,559,252,6,3,Happy,0.0,Male,3,3 4 6 8,3 6 8,3 6 8
conditional,559,289,1,4,Sad,0.0,Male,4,1 2 4,1 2 4,1 2 4
conditional,559,120,7,7,Disgust,0.0,Male,7,2 4 7,2 4 7,2 4 7
conditional,559,319,1,1,Neutral,1.0,Female,2,1 2,1 2,1 2
conditional,559,59,6,6,Fearful,1.0,Female,6,3 4 6,3 4 6,3 4 6
conditional,559,344,6,6,Fearful,1.0,Female,6,3 6,3 4 6,3 6
conditional,559,155,2,4,Sad,1.0,Female,2,2,2,2
conditional,559,350,7,7,Disgust,1.0,Female,7,5 7,5 7,7
conditional,559,287,1,4,Sad,0.0,Male,2,1 2 4,1 2 4,1 2 4
conditional,559,135,2,2,Calm,1.0,Female,2,1 2,2,2
conditional,559,110,4,6,Fearful,0.0,Male,6,3 4 6,3 4 6,3 4 6
conditional,559,209,2,2,Calm,1.0,Female,2,2,2,2
conditional,559,33,8,8,Surprised,0.0,Male,8,3 8,3 8,3 8
conditional,559,355,4,4,Sad,1.0,Female,4,2 4,2 4,2 4
conditional,559,197,7,7,Disgust,1.0,Female,7,7,7,7
conditional,559,44,6,6,Fearful,0.0,Male,3,3 4 6,3 4 6,3 4 6
conditional,559,317,7,7,Disgust,1.0,Female,7,7,7,7
conditional,559,136,5,5,Angry,1.0,Female,5,5,5,5
conditional,559,96,2,2,Calm,0.0,Male,2,2,2,1 2
conditional,559,307,3,3,Happy,1.0,Female,3,3 4 6,3 4 6,3 4 6
conditional,559,168,5,5,Angry,1.0,Female,5,5,5,5
conditional,559,82,1,6,Fearful,0.0,Male,4,3 4 6,3 4 6,3 4 6
conditional,559,80,5,7,Disgust,1.0,Female,7,5 7,5 7,5 7
conditional,559,103,2,2,Calm,0.0,Male,2,2,2,1 2
conditional,559,152,3,4,Sad,0.0,Male,4,4,4,2 4
conditional,559,14,8,8,Surprised,0.0,Male,8,3 6 8,3 6 8,3 6 8
conditional,559,198,2,1,Neutral,1.0,Female,2,1 2,1 2,1 2
conditional,559,351,8,3,Happy,0.0,Male,6,3 6 8,3 6 8,3 6 8
conditional,559,179,6,6,Fearful,0.0,Male,6,3 6,3 6 8,3 6 8
conditional,559,177,1,3,Happy,1.0,Female,1,1 2 4,1 2 4,1 2 4
conditional,559,212,8,5,Angry,0.0,Male,5,5 8,3 5 8,3 5 8
conditional,559,79,3,6,Fearful,1.0,Female,6,3 6,3 6 8,3 6
conditional,559,228,5,5,Angry,0.0,Male,5,5,5,5
conditional,559,148,2,2,Calm,1.0,Female,2,2,2 4,2
conditional,559,214,3,8,Surprised,0.0,Male,8,3 6 8,3 6 8,3 6 8
conditional,559,175,1,2,Calm,1.0,Female,2,1 2,1 2,1 2
conditional,559,23,8,8,Surprised,1.0,Female,8,3 8,3 8,3 8
conditional,559,219,7,7,Disgust,0.0,Male,7,7,7,5 7
conditional,560,97,8,8,Surprised,0.0,Male,8,1 3 6 8,1 3 8,1 3 8
conditional,560,122,5,5,Angry,1.0,Female,5,5,5,5
conditional,560,104,6,3,Happy,0.0,Male,6,3 5 6 8,3 5 6,3 5 6
conditional,560,89,8,8,Surprised,1.0,Female,8,3 8,3 8,3 8
conditional,560,310,7,7,Disgust,1.0,Female,7,5 7,5 7,7
conditional,560,329,5,5,Angry,0.0,Male,5,5,5,5
conditional,560,120,4,7,Disgust,0.0,Male,7,2 4 7,2 4 7,2 4 7
conditional,560,100,8,8,Surprised,1.0,Female,8,3 8,3 8,8
conditional,560,260,2,3,Happy,0.0,Male,2,1 2,1 2,1 2
conditional,560,220,2,3,Happy,1.0,Female,1,1 2,1 2 4,1 2
conditional,560,187,6,6,Fearful,1.0,Female,6,3 4 6,3 4 6,3 4 6
conditional,560,229,4,4,Sad,1.0,Female,4,4,4 6,4
conditional,560,77,2,2,Calm,1.0,Female,2,1 2,2,2
conditional,560,4,6,6,Fearful,1.0,Female,6,3 6,3 6 8,3 6
conditional,560,276,1,8,Surprised,0.0,Male,8,1 3 8,1 3 8,1 3 8
conditional,560,45,7,7,Disgust,1.0,Female,7,7,7,7
conditional,560,74,4,2,Calm,0.0,Male,2,2,2,1 2
conditional,560,218,1,3,Happy,0.0,Male,1,1 2,1 2 8,1 2 8
conditional,560,75,5,5,Angry,0.0,Male,5,5,5,5
conditional,560,320,4,6,Fearful,1.0,Female,4,4,2 4,4
conditional,560,182,6,3,Happy,1.0,Female,3,3 5 6 8,3 6 8,3 6 8
conditional,560,235,5,5,Angry,0.0,Male,5,5,5,5
conditional,560,10,6,6,Fearful,1.0,Female,6,3 6 8,3 6 8,3 6
conditional,560,14,6,8,Surprised,0.0,Male,8,3 6 8,3 6 8,3 6 8
conditional,560,161,3,8,Surprised,1.0,Female,8,3 8,1 3 8,8
conditional,560,335,6,6,Fearful,0.0,Male,4,3 4 6,3 4 6,3 4 6
conditional,560,312,2,2,Calm,1.0,Female,2,2,2 4,2
conditional,560,330,7,2,Calm,1.0,Female,2,1 2,1 2,2
conditional,560,172,2,2,Calm,1.0,Female,2,2,2,2
conditional,560,214,6,8,Surprised,0.0,Male,8,3 6 8,3 6 8,3 6 8
conditional,560,203,5,7,Disgust,1.0,Female,7,5 7,5 7,5 7
conditional,560,72,4,4,Sad,1.0,Female,4,4,4,4
conditional,560,78,1,1,Neutral,0.0,Male,2,1 2,1 2,1 2 4
conditional,560,181,2,2,Calm,1.0,Female,2,2,2,2
conditional,560,291,7,7,Disgust,1.0,Female,7,5 7,5 7,5 7
conditional,560,290,3,3,Happy,1.0,Female,6,3 6,3 4 6,3 6
conditional,560,272,5,5,Angry,1.0,Female,5,5 8,5 8,5 8
conditional,560,52,7,7,Disgust,0.0,Male,7,7,7,7
conditional,560,293,1,3,Happy,0.0,Male,1,1 2,1 2 4,1 2 4
conditional,560,194,6,6,Fearful,1.0,Female,6,3 5 6,3 5 6,3 5 6
conditional,560,300,2,4,Sad,1.0,Female,2,2 4,2 4,2 4
conditional,560,281,3,3,Happy,0.0,Male,8,3 6 8,3 6 8,3 6 8
conditional,560,215,4,4,Sad,0.0,Male,4,3 4,3 4,3 4 6
conditional,560,271,6,6,Fearful,1.0,Female,6,3 6,3 6,3 6
conditional,560,152,4,4,Sad,0.0,Male,4,4,4,2 4
conditional,560,134,5,5,Angry,1.0,Female,5,5,5,5
conditional,560,68,8,8,Surprised,0.0,Male,8,1 3 4 6 8,3 6 8,3 6 8
conditional,560,354,5,5,Angry,1.0,Female,5,5,5,5
conditional,560,42,6,6,Fearful,0.0,Male,6,3 6,3 6,3 6 8
conditional,560,24,5,5,Angry,0.0,Male,5,5,5,5
conditional,561,289,8,4,Sad,0.0,Male,4,1 2 4,1 2 4,1 2 4
conditional,561,152,3,4,Sad,0.0,Male,4,4,4,2 4
conditional,561,341,8,7,Disgust,1.0,Female,7,7,7,7
conditional,561,355,4,4,Sad,1.0,Female,4,2 4,2 4,2 4
conditional,561,296,7,2,Calm,0.0,Male,2,1 2,2,1 2
conditional,561,124,8,8,Surprised,0.0,Male,8,3 8,3 8,3 8
conditional,561,10,6,6,Fearful,1.0,Female,6,3 6 8,3 6 8,3 6
conditional,561,106,6,7,Disgust,0.0,Male,7,7,7,5 7
conditional,561,188,6,8,Surprised,0.0,Male,8,3 6 8,3 8,3 6 8
conditional,561,80,5,7,Disgust,1.0,Female,7,5 7,5 7,5 7
conditional,561,57,1,2,Calm,0.0,Male,2,2,2,1 2
conditional,561,320,4,6,Fearful,1.0,Female,4,4,2 4,4
conditional,561,115,5,5,Angry,0.0,Male,5,5,5,5
conditional,561,5,4,4,Sad,0.0,Male,4,2 4,2 4,2 4
conditional,561,156,4,4,Sad,0.0,Male,4,4,4,2 3 4
conditional,561,269,7,4,Sad,1.0,Female,2,1 2,1 2,1 2
conditional,561,77,2,2,Calm,1.0,Female,2,1 2,2,2
conditional,561,358,8,3,Happy,1.0,Female,6,3 6 8,3 6 8,3 6 8
conditional,561,331,1,1,Neutral,0.0,Male,2,1 2,1 2,1 2
conditional,561,70,2,2,Calm,0.0,Male,2,2,2,1 2
conditional,561,76,7,7,Disgust,0.0,Male,7,5 7,7,5 7
conditional,561,164,2,2,Calm,1.0,Female,2,1 2,1 2,2
conditional,561,270,8,3,Happy,1.0,Female,3,3 6 8,3 6 8,3 6 8
conditional,561,117,2,4,Sad,1.0,Female,2,2,2,2
conditional,561,246,3,3,Happy,1.0,Female,1,1 3 4 8,1 3 4,1 3 4
conditional,561,99,6,6,Fearful,0.0,Male,4,3 4,3 4,3 4 6
conditional,561,197,7,7,Disgust,1.0,Female,7,7,7,7
conditional,561,319,1,1,Neutral,1.0,Female,2,1 2,1 2,1 2
conditional,561,262,2,3,Happy,0.0,Male,1,1 2,1 2 4,1 2 4
conditional,561,191,2,2,Calm,1.0,Female,2,2,2,2
conditional,561,100,7,8,Surprised,1.0,Female,8,3 8,3 8,8
conditional,561,185,4,6,Fearful,1.0,Female,6,3 6,3 6,3 6
conditional,561,105,6,4,Sad,0.0,Male,4,3 4 6,3 4,3 4 6
conditional,561,73,4,8,Surprised,0.0,Male,3,3 6 8,3 6 8,3 6 8
conditional,561,171,2,1,Neutral,1.0,Female,2,1 2,1 2,1 2
conditional,561,93,8,8,Surprised,1.0,Female,8,3 8,3 8,8
conditional,561,154,7,7,Disgust,0.0,Male,7,4 7,2 4 7,2 4 7
conditional,561,227,4,6,Fearful,1.0,Female,6,3 4 6,3 4 6,3 4 6
conditional,561,88,5,7,Disgust,0.0,Male,5,5 7,5 7,5 7
conditional,561,329,5,5,Angry,0.0,Male,5,5,5,5
conditional,561,196,5,5,Angry,0.0,Male,5,5,5,5
conditional,561,61,8,6,Fearful,0.0,Male,6,3 6 8,3 6 8,3 6 8
conditional,561,301,8,8,Surprised,1.0,Female,8,1 3 8,1 3 8,1 3 8
conditional,561,111,2,2,Calm,0.0,Male,2,1 2,2,1 2
conditional,561,83,4,3,Happy,0.0,Male,3,3 4 6,3 4 6,3 4 6
conditional,561,290,3,3,Happy,1.0,Female,6,3 6,3 4 6,3 6
conditional,561,309,3,6,Fearful,0.0,Male,6,3 5 6 8,3 6 8,3 6 8
conditional,561,276,1,8,Surprised,0.0,Male,8,1 3 8,1 3 8,1 3 8
conditional,561,139,6,6,Fearful,1.0,Female,6,3 6,3 6,3 6
conditional,561,306,2,2,Calm,1.0,Female,2,2,2,2
conditional,562,177,1,3,Happy,1.0,Female,1,1 2 4,1 2 4,1 2 4
conditional,562,103,2,2,Calm,0.0,Male,2,2,2,1 2
conditional,562,135,2,2,Calm,1.0,Female,2,1 2,2,2
conditional,562,287,1,4,Sad,0.0,Male,2,1 2 4,1 2 4,1 2 4
conditional,562,175,2,2,Calm,1.0,Female,2,1 2,1 2,1 2
conditional,562,344,6,6,Fearful,1.0,Female,6,3 6,3 4 6,3 6
conditional,562,72,4,4,Sad,1.0,Female,4,4,4,4
conditional,562,152,4,4,Sad,0.0,Male,4,4,4,2 4
conditional,562,317,7,7,Disgust,1.0,Female,7,7,7,7
conditional,562,96,2,2,Calm,0.0,Male,2,2,2,1 2
conditional,562,179,6,6,Fearful,0.0,Male,6,3 6,3 6 8,3 6 8
conditional,562,350,7,7,Disgust,1.0,Female,7,5 7,5 7,7
conditional,562,272,5,5,Angry,1.0,Female,5,5 8,5 8,5 8
conditional,562,354,7,5,Angry,1.0,Female,5,5,5,5
conditional,562,218,1,3,Happy,0.0,Male,1,1 2,1 2 8,1 2 8
conditional,562,155,2,4,Sad,1.0,Female,2,2,2,2
conditional,562,14,6,8,Surprised,0.0,Male,8,3 6 8,3 6 8,3 6 8
conditional,562,252,6,3,Happy,0.0,Male,3,3 4 6 8,3 6 8,3 6 8
conditional,562,148,2,2,Calm,1.0,Female,2,2,2 4,2
conditional,562,82,6,6,Fearful,0.0,Male,4,3 4 6,3 4 6,3 4 6
conditional,562,214,8,8,Surprised,0.0,Male,8,3 6 8,3 6 8,3 6 8
conditional,562,44,4,6,Fearful,0.0,Male,3,3 4 6,3 4 6,3 4 6
conditional,562,289,4,4,Sad,0.0,Male,4,1 2 4,1 2 4,1 2 4
conditional,562,197,7,7,Disgust,1.0,Female,7,7,7,7
conditional,562,160,5,5,Angry,1.0,Female,5,5,5,5
conditional,562,198,2,1,Neutral,1.0,Female,2,1 2,1 2,1 2
conditional,562,168,5,5,Angry,1.0,Female,5,5,5,5
conditional,562,219,8,7,Disgust,0.0,Male,7,7,7,5 7
conditional,562,23,8,8,Surprised,1.0,Female,8,3 8,3 8,3 8
conditional,562,136,5,5,Angry,1.0,Female,5,5,5,5
conditional,562,351,6,3,Happy,0.0,Male,6,3 6 8,3 6 8,3 6 8
conditional,562,5,4,4,Sad,0.0,Male,4,2 4,2 4,2 4
conditional,562,305,8,8,Surprised,1.0,Female,8,3 8,8,8
conditional,562,307,3,3,Happy,1.0,Female,3,3 4 6,3 4 6,3 4 6
conditional,562,283,1,1,Neutral,0.0,Male,1,1 2,1 2,1 2 4
conditional,562,228,5,5,Angry,0.0,Male,5,5,5,5
conditional,562,290,3,3,Happy,1.0,Female,6,3 6,3 4 6,3 6
conditional,562,242,2,2,Calm,1.0,Female,2,2,2,2
conditional,562,80,7,7,Disgust,1.0,Female,7,5 7,5 7,5 7
conditional,562,321,8,8,Surprised,1.0,Female,8,3 8,3 8,8
conditional,562,120,7,7,Disgust,0.0,Male,7,2 4 7,2 4 7,2 4 7
conditional,562,355,4,4,Sad,1.0,Female,4,2 4,2 4,2 4
conditional,562,212,8,5,Angry,0.0,Male,5,5 8,3 5 8,3 5 8
conditional,562,319,1,1,Neutral,1.0,Female,2,1 2,1 2,1 2
conditional,562,33,8,8,Surprised,0.0,Male,8,3 8,3 8,3 8
conditional,562,209,2,2,Calm,1.0,Female,2,2,2,2
conditional,562,110,6,6,Fearful,0.0,Male,6,3 4 6,3 4 6,3 4 6
conditional,562,59,6,6,Fearful,1.0,Female,6,3 4 6,3 4 6,3 4 6
conditional,562,79,3,6,Fearful,1.0,Female,6,3 6,3 6 8,3 6
conditional,562,188,8,8,Surprised,0.0,Male,8,3 6 8,3 8,3 6 8
conditional,563,236,3,3,Happy,1.0,Female,3,3 4 6,3 4 6,3 4 6
conditional,563,223,6,4,Sad,1.0,Female,4,4,4,4
conditional,563,105,6,4,Sad,0.0,Male,4,3 4 6,3 4,3 4 6
conditional,563,26,5,5,Angry,0.0,Male,5,5,5,5
conditional,563,129,4,4,Sad,1.0,Female,2,2,2,2
conditional,563,154,4,7,Disgust,0.0,Male,7,4 7,2 4 7,2 4 7
conditional,563,199,4,4,Sad,0.0,Male,4,2 4,2 4,1 2 4
conditional,563,197,7,7,Disgust,1.0,Female,7,7,7,7
conditional,563,174,5,5,Angry,0.0,Male,5,5,5,5
conditional,563,319,2,1,Neutral,1.0,Female,2,1 2,1 2,1 2
conditional,563,152,4,4,Sad,0.0,Male,4,4,4,2 4
conditional,563,210,1,1,Neutral,1.0,Female,2,1 2,1 2,1 2
conditional,563,1,4,6,Fearful,0.0,Male,4,2 4,2 4,1 2 4
conditional,563,242,2,2,Calm,1.0,Female,2,2,2,2
conditional,563,267,1,1,Neutral,0.0,Male,2,1 2,1 2,1 2
conditional,563,207,7,7,Disgust,0.0,Male,7,7,7,7
conditional,563,307,3,3,Happy,1.0,Female,3,3 4 6,3 4 6,3 4 6
conditional,563,130,8,8,Surprised,1.0,Female,8,3 8,8,8
conditional,563,352,7,7,Disgust,1.0,Female,7,5 7,5 7,7
conditional,563,76,7,7,Disgust,0.0,Male,7,5 7,7,5 7
conditional,563,84,3,3,Happy,1.0,Female,5,3 5,3 5 6,5
conditional,563,37,6,6,Fearful,1.0,Female,6,3 5 6 8,3 6 8,3 6 8
conditional,563,103,4,2,Calm,0.0,Male,2,2,2,1 2
conditional,563,298,8,8,Surprised,0.0,Male,8,1 3 8,1 3 8,1 3 8
conditional,563,289,1,4,Sad,0.0,Male,4,1 2 4,1 2 4,1 2 4
conditional,563,141,7,7,Disgust,0.0,Male,7,7,7,2 4 7
conditional,563,173,6,6,Fearful,0.0,Male,8,3 5 6 8,3 6 8,3 6 8
conditional,563,47,7,7,Disgust,1.0,Female,7,5 7,7,7
conditional,563,245,5,5,Angry,1.0,Female,5,5,5,5
conditional,563,62,8,8,Surprised,1.0,Female,8,3 8,8,8
conditional,563,233,6,6,Fearful,1.0,Female,6,3 6,3 5 6,3 5 6
conditional,563,113,2,2,Calm,1.0,Female,2,2,2,2
conditional,563,316,5,5,Angry,1.0,Female,5,5,5,5
conditional,563,268,2,2,Calm,0.0,Male,2,1 2,2,1 2
conditional,563,194,6,6,Fearful,1.0,Female,6,3 5 6,3 5 6,3 5 6
conditional,563,299,8,6,Fearful,1.0,Female,8,3 6 8,3 6 8,3 6 8
conditional,563,202,4,4,Sad,0.0,Male,2,2 4,2 4,1 2 4
conditional,563,215,4,4,Sad,0.0,Male,4,3 4,3 4,3 4 6
conditional,563,19,1,3,Happy,0.0,Male,1,1 2,1 2 4,1 2 4
conditional,563,91,3,3,Happy,1.0,Female,1,1 2 3 4,1 2 4,1 2 4
conditional,563,257,2,2,Calm,1.0,Female,2,1 2,1 2,1 2
conditional,563,97,8,8,Surprised,0.0,Male,8,1 3 6 8,1 3 8,1 3 8
conditional,563,188,8,8,Surprised,0.0,Male,8,3 6 8,3 8,3 6 8
conditional,563,318,6,6,Fearful,1.0,Female,6,3 6 8,3 6 8,3 6
conditional,563,111,1,2,Calm,0.0,Male,2,1 2,2,1 2
conditional,563,328,8,8,Surprised,1.0,Female,1,1 2 8,1 2 8,1 2 8
conditional,563,35,2,2,Calm,0.0,Male,2,2,2,1 2 4
conditional,563,39,1,1,Neutral,1.0,Female,2,1 2,1 2,1 2
conditional,563,160,5,5,Angry,1.0,Female,5,5,5,5
conditional,563,178,7,5,Angry,1.0,Female,5,5 8,1 5 8,5 8
conditional,564,43,6,6,Fearful,0.0,Male,6,3 6,3 6,3 6 8
conditional,564,30,2,2,Calm,1.0,Female,2,2,2,2
conditional,564,60,1,3,Happy,0.0,Male,1,1 2,1 2,1 2 4
conditional,564,75,7,5,Angry,0.0,Male,5,5,5,5
conditional,564,155,2,4,Sad,1.0,Female,2,2,2,2
conditional,564,210,1,1,Neutral,1.0,Female,2,1 2,1 2,1 2
conditional,564,239,8,8,Surprised,0.0,Male,8,3 8,3 8,3 8
conditional,564,192,5,5,Angry,1.0,Female,5,5,5,5
conditional,564,347,6,4,Sad,0.0,Male,4,1 2 3 4,1 2 4,1 2 4
conditional,564,157,7,7,Disgust,1.0,Female,7,7,7,7
conditional,564,87,8,8,Surprised,0.0,Male,8,3 8,3 8,3 6 8
conditional,564,274,2,6,Fearful,0.0,Male,3,3 4 6,3 4 6,3 4 6
conditional,564,143,7,7,Disgust,0.0,Male,7,7,7,7
conditional,564,290,3,3,Happy,1.0,Female,6,3 6,3 4 6,3 6
conditional,564,101,5,7,Disgust,0.0,Male,7,5 7,5 7,5 7
conditional,564,199,4,4,Sad,0.0,Male,4,2 4,2 4,1 2 4
conditional,564,102,2,3,Happy,1.0,Female,1,1 2,1 2 4,1 2
conditional,564,238,8,8,Surprised,0.0,Male,8,3 8,8,3 8
conditional,564,329,5,5,Angry,0.0,Male,5,5,5,5
conditional,564,262,2,3,Happy,0.0,Male,1,1 2,1 2 4,1 2 4
conditional,564,123,2,2,Calm,0.0,Male,2,1 2,2,1 2
conditional,564,42,6,6,Fearful,0.0,Male,6,3 6,3 6,3 6 8
conditional,564,122,5,5,Angry,1.0,Female,5,5,5,5
conditional,564,8,1,8,Surprised,0.0,Male,4,1 2 4,1 2 4,1 2 4
conditional,564,174,5,5,Angry,0.0,Male,5,5,5,5
conditional,564,21,7,7,Disgust,1.0,Female,7,7,7,7
conditional,564,237,5,5,Angry,1.0,Female,5,5,5,5
conditional,564,144,2,1,Neutral,0.0,Male,2,1 2,1 2,1 2
conditional,564,244,3,3,Happy,1.0,Female,4,1 3 4 6,1 3 4,1 3 4
conditional,564,153,2,1,Neutral,1.0,Female,2,1 2,1 2,1 2
conditional,564,243,2,2,Calm,0.0,Male,2,2,2,1 2
conditional,564,70,2,2,Calm,0.0,Male,2,2,2,1 2
conditional,564,219,8,7,Disgust,0.0,Male,7,7,7,5 7
conditional,564,331,2,1,Neutral,0.0,Male,2,1 2,1 2,1 2
conditional,564,352,7,7,Disgust,1.0,Female,7,5 7,5 7,7
conditional,564,267,2,1,Neutral,0.0,Male,2,1 2,1 2,1 2
conditional,564,313,5,5,Angry,0.0,Male,5,5,5,5
conditional,564,10,6,6,Fearful,1.0,Female,6,3 6 8,3 6 8,3 6
conditional,564,152,4,4,Sad,0.0,Male,4,4,4,2 4
conditional,564,64,2,2,Calm,1.0,Female,2,2,2,2
conditional,564,214,6,8,Surprised,0.0,Male,8,3 6 8,3 6 8,3 6 8
conditional,564,15,2,4,Sad,1.0,Female,4,2 4,2 4 7,2 4
conditional,564,197,7,7,Disgust,1.0,Female,7,7,7,7
conditional,564,339,4,4,Sad,0.0,Male,2,2 4,2 4,1 2 4
conditional,564,285,4,4,Sad,0.0,Male,4,2 4,2 4,2 4
conditional,564,268,1,2,Calm,0.0,Male,2,1 2,2,1 2
conditional,564,217,8,8,Surprised,1.0,Female,8,8,8,8
conditional,564,180,5,5,Angry,1.0,Female,5,5,5,5
conditional,564,321,8,8,Surprised,1.0,Female,8,3 8,3 8,8
conditional,564,309,6,6,Fearful,0.0,Male,6,3 5 6 8,3 6 8,3 6 8
conditional,565,70,2,2,Calm,0.0,Male,2,2,2,1 2
conditional,565,269,1,4,Sad,1.0,Female,2,1 2,1 2,1 2
conditional,565,296,1,2,Calm,0.0,Male,2,1 2,2,1 2
conditional,565,152,3,4,Sad,0.0,Male,4,4,4,2 4
conditional,565,80,5,7,Disgust,1.0,Female,7,5 7,5 7,5 7
conditional,565,105,6,4,Sad,0.0,Male,4,3 4 6,3 4,3 4 6
conditional,565,171,2,1,Neutral,1.0,Female,2,1 2,1 2,1 2
conditional,565,301,8,8,Surprised,1.0,Female,8,1 3 8,1 3 8,1 3 8
conditional,565,290,3,3,Happy,1.0,Female,6,3 6,3 4 6,3 6
conditional,565,306,2,2,Calm,1.0,Female,2,2,2,2
conditional,565,320,4,6,Fearful,1.0,Female,4,4,2 4,4
conditional,565,191,2,2,Calm,1.0,Female,2,2,2,2
conditional,565,329,5,5,Angry,0.0,Male,5,5,5,5
conditional,565,99,2,6,Fearful,0.0,Male,4,3 4,3 4,3 4 6
conditional,565,196,5,5,Angry,0.0,Male,5,5,5,5
conditional,565,319,8,1,Neutral,1.0,Female,2,1 2,1 2,1 2
conditional,565,156,4,4,Sad,0.0,Male,4,4,4,2 3 4
conditional,565,106,7,7,Disgust,0.0,Male,7,7,7,5 7
conditional,565,77,2,2,Calm,1.0,Female,2,1 2,2,2
conditional,565,276,1,8,Surprised,0.0,Male,8,1 3 8,1 3 8,1 3 8
conditional,565,124,8,8,Surprised,0.0,Male,8,3 8,3 8,3 8
conditional,565,164,2,2,Calm,1.0,Female,2,1 2,1 2,2
conditional,565,76,7,7,Disgust,0.0,Male,7,5 7,7,5 7
conditional,565,341,7,7,Disgust,1.0,Female,7,7,7,7
conditional,565,185,6,6,Fearful,1.0,Female,6,3 6,3 6,3 6
conditional,565,139,6,6,Fearful,1.0,Female,6,3 6,3 6,3 6
conditional,565,10,6,6,Fearful,1.0,Female,6,3 6 8,3 6 8,3 6
conditional,565,88,5,7,Disgust,0.0,Male,5,5 7,5 7,5 7
conditional,565,246,1,3,Happy,1.0,Female,1,1 3 4 8,1 3 4,1 3 4
conditional,565,270,7,3,Happy,1.0,Female,3,3 6 8,3 6 8,3 6 8
conditional,565,115,5,5,Angry,0.0,Male,5,5,5,5
conditional,565,100,3,8,Surprised,1.0,Female,8,3 8,3 8,8
conditional,565,111,2,2,Calm,0.0,Male,2,1 2,2,1 2
conditional,565,93,8,8,Surprised,1.0,Female,8,3 8,3 8,8
conditional,565,355,4,4,Sad,1.0,Female,4,2 4,2 4,2 4
conditional,565,188,3,8,Surprised,0.0,Male,8,3 6 8,3 8,3 6 8
conditional,565,227,6,6,Fearful,1.0,Female,6,3 4 6,3 4 6,3 4 6
conditional,565,83,3,3,Happy,0.0,Male,3,3 4 6,3 4 6,3 4 6
conditional,565,61,6,6,Fearful,0.0,Male,6,3 6 8,3 6 8,3 6 8
conditional,565,289,2,4,Sad,0.0,Male,4,1 2 4,1 2 4,1 2 4
conditional,565,358,3,3,Happy,1.0,Female,6,3 6 8,3 6 8,3 6 8
conditional,565,117,1,4,Sad,1.0,Female,2,2,2,2
conditional,565,73,3,8,Surprised,0.0,Male,3,3 6 8,3 6 8,3 6 8
conditional,565,154,8,7,Disgust,0.0,Male,7,4 7,2 4 7,2 4 7
conditional,565,262,3,3,Happy,0.0,Male,1,1 2,1 2 4,1 2 4
conditional,565,57,1,2,Calm,0.0,Male,2,2,2,1 2
conditional,565,331,1,1,Neutral,0.0,Male,2,1 2,1 2,1 2
conditional,565,5,4,4,Sad,0.0,Male,4,2 4,2 4,2 4
conditional,565,309,6,6,Fearful,0.0,Male,6,3 5 6 8,3 6 8,3 6 8
conditional,565,197,7,7,Disgust,1.0,Female,7,7,7,7
conditional,566,57,2,2,Calm,0.0,Male,2,2,2,1 2
conditional,566,175,1,2,Calm,1.0,Female,2,1 2,1 2,1 2
conditional,566,61,6,6,Fearful,0.0,Male,6,3 6 8,3 6 8,3 6 8
conditional,566,286,4,7,Disgust,0.0,Male,7,4 7,7,4 7
conditional,566,119,1,6,Fearful,0.0,Male,8,3 8,3 8,3 6 8
conditional,566,86,2,7,Disgust,1.0,Female,2,2,2,2
conditional,566,33,8,8,Surprised,0.0,Male,8,3 8,3 8,3 8
conditional,566,30,2,2,Calm,1.0,Female,2,2,2,2
conditional,566,144,1,1,Neutral,0.0,Male,2,1 2,1 2,1 2
conditional,566,246,4,3,Happy,1.0,Female,1,1 3 4 8,1 3 4,1 3 4
conditional,566,110,6,6,Fearful,0.0,Male,6,3 4 6,3 4 6,3 4 6
conditional,566,249,7,7,Disgust,0.0,Male,7,7,7,7
conditional,566,242,2,2,Calm,1.0,Female,2,2,2,2
conditional,566,267,1,1,Neutral,0.0,Male,2,1 2,1 2,1 2
conditional,566,222,3,8,Surprised,0.0,Male,8,3 8,3 8,1 3 8
conditional,566,272,5,5,Angry,1.0,Female,5,5 8,5 8,5 8
conditional,566,23,8,8,Surprised,1.0,Female,8,3 8,3 8,3 8
conditional,566,5,4,4,Sad,0.0,Male,4,2 4,2 4,2 4
conditional,566,245,5,5,Angry,1.0,Female,5,5,5,5
conditional,566,44,7,6,Fearful,0.0,Male,3,3 4 6,3 4 6,3 4 6
conditional,566,178,5,5,Angry,1.0,Female,5,5 8,1 5 8,5 8
conditional,566,103,2,2,Calm,0.0,Male,2,2,2,1 2
conditional,566,70,2,2,Calm,0.0,Male,2,2,2,1 2
conditional,566,220,1,3,Happy,1.0,Female,1,1 2,1 2 4,1 2
conditional,566,300,2,4,Sad,1.0,Female,2,2 4,2 4,2 4
conditional,566,164,2,2,Calm,1.0,Female,2,1 2,1 2,2
conditional,566,51,3,8,Surprised,0.0,Male,1,1 3 8,1 3 8,1 3 8
conditional,566,205,1,3,Happy,1.0,Female,1,1 3 4 8,1 3 8,1 3 8
conditional,566,215,4,4,Sad,0.0,Male,4,3 4,3 4,3 4 6
conditional,566,139,6,6,Fearful,1.0,Female,6,3 6,3 6,3 6
conditional,566,201,5,5,Angry,0.0,Male,5,5,5,5
conditional,566,234,5,5,Angry,1.0,Female,5,5,5,5
conditional,566,45,7,7,Disgust,1.0,Female,7,7,7,7
conditional,566,337,3,8,Surprised,1.0,Female,1,1 3 8,1 3 8,1 3 8
conditional,566,310,7,7,Disgust,1.0,Female,7,5 7,5 7,7
conditional,566,94,5,5,Angry,1.0,Female,5,5,5,5
conditional,566,285,4,4,Sad,0.0,Male,4,2 4,2 4,2 4
conditional,566,147,1,3,Happy,0.0,Male,1,1 2,1 2,1 2 4
conditional,566,343,5,5,Angry,1.0,Female,5,5,5,5
conditional,566,254,2,3,Happy,0.0,Male,1,1 2,1 2 4,1 2 4
conditional,566,290,6,3,Happy,1.0,Female,6,3 6,3 4 6,3 6
conditional,566,97,8,8,Surprised,0.0,Male,8,1 3 6 8,1 3 8,1 3 8
conditional,566,34,5,5,Angry,0.0,Male,5,5,5,5
conditional,566,357,4,4,Sad,1.0,Female,4,2 4,4,4
conditional,566,218,8,3,Happy,0.0,Male,1,1 2,1 2 8,1 2 8
conditional,566,305,8,8,Surprised,1.0,Female,8,3 8,8,8
conditional,566,59,6,6,Fearful,1.0,Female,6,3 4 6,3 4 6,3 4 6
conditional,566,18,4,4,Sad,0.0,Male,2,1 2 4,1 2 4,1 2 4
conditional,566,2,6,6,Fearful,1.0,Female,6,3 6,3 6,3 6
conditional,566,226,2,4,Sad,0.0,Male,2,2,2,1 2 4
conditional,567,199,4,4,Sad,0.0,Male,4,2 4,2 4,1 2 4
conditional,567,122,5,5,Angry,1.0,Female,5,5,5,5
conditional,567,197,7,7,Disgust,1.0,Female,7,7,7,7
conditional,567,290,6,3,Happy,1.0,Female,6,3 6,3 4 6,3 6
conditional,567,143,7,7,Disgust,0.0,Male,7,7,7,7
conditional,567,352,7,7,Disgust,1.0,Female,7,5 7,5 7,7
conditional,567,153,1,1,Neutral,1.0,Female,2,1 2,1 2,1 2
conditional,567,174,5,5,Angry,0.0,Male,5,5,5,5
conditional,567,64,2,2,Calm,1.0,Female,2,2,2,2
conditional,567,244,3,3,Happy,1.0,Female,4,1 3 4 6,1 3 4,1 3 4
conditional,567,101,7,7,Disgust,0.0,Male,7,5 7,5 7,5 7
conditional,567,43,6,6,Fearful,0.0,Male,6,3 6,3 6,3 6 8
conditional,567,123,1,2,Calm,0.0,Male,2,1 2,2,1 2
conditional,567,210,7,1,Neutral,1.0,Female,2,1 2,1 2,1 2
conditional,567,239,8,8,Surprised,0.0,Male,8,3 8,3 8,3 8
conditional,567,274,4,6,Fearful,0.0,Male,3,3 4 6,3 4 6,3 4 6
conditional,567,21,7,7,Disgust,1.0,Female,7,7,7,7
conditional,567,152,4,4,Sad,0.0,Male,4,4,4,2 4
conditional,567,243,2,2,Calm,0.0,Male,2,2,2,1 2
conditional,567,238,8,8,Surprised,0.0,Male,8,3 8,8,3 8
conditional,567,309,6,6,Fearful,0.0,Male,6,3 5 6 8,3 6 8,3 6 8
conditional,567,313,5,5,Angry,0.0,Male,5,5,5,5
conditional,567,339,4,4,Sad,0.0,Male,2,2 4,2 4,1 2 4
conditional,567,70,2,2,Calm,0.0,Male,2,2,2,1 2
conditional,567,8,1,8,Surprised,0.0,Male,4,1 2 4,1 2 4,1 2 4
conditional,567,262,1,3,Happy,0.0,Male,1,1 2,1 2 4,1 2 4
conditional,567,214,6,8,Surprised,0.0,Male,8,3 6 8,3 6 8,3 6 8
conditional,567,30,7,2,Calm,1.0,Female,2,2,2,2
conditional,567,75,5,5,Angry,0.0,Male,5,5,5,5
conditional,567,329,5,5,Angry,0.0,Male,5,5,5,5
conditional,567,42,6,6,Fearful,0.0,Male,6,3 6,3 6,3 6 8
conditional,567,10,6,6,Fearful,1.0,Female,6,3 6 8,3 6 8,3 6
conditional,567,192,5,5,Angry,1.0,Female,5,5,5,5
conditional,567,60,4,3,Happy,0.0,Male,1,1 2,1 2,1 2 4
conditional,567,267,1,1,Neutral,0.0,Male,2,1 2,1 2,1 2
conditional,567,321,8,8,Surprised,1.0,Female,8,3 8,3 8,8
conditional,567,87,8,8,Surprised,0.0,Male,8,3 8,3 8,3 6 8
conditional,567,347,4,4,Sad,0.0,Male,4,1 2 3 4,1 2 4,1 2 4
conditional,567,285,4,4,Sad,0.0,Male,4,2 4,2 4,2 4
conditional,567,331,1,1,Neutral,0.0,Male,2,1 2,1 2,1 2
conditional,567,144,1,1,Neutral,0.0,Male,2,1 2,1 2,1 2
conditional,567,15,2,4,Sad,1.0,Female,4,2 4,2 4 7,2 4
conditional,567,157,7,7,Disgust,1.0,Female,7,7,7,7
conditional,567,180,5,5,Angry,1.0,Female,5,5,5,5
conditional,567,155,2,4,Sad,1.0,Female,2,2,2,2
conditional,567,268,1,2,Calm,0.0,Male,2,1 2,2,1 2
conditional,567,219,7,7,Disgust,0.0,Male,7,7,7,5 7
conditional,567,237,5,5,Angry,1.0,Female,5,5,5,5
conditional,567,102,1,3,Happy,1.0,Female,1,1 2,1 2 4,1 2
conditional,567,217,8,8,Surprised,1.0,Female,8,8,8,8
conditional,568,42,6,6,Fearful,0.0,Male,6,3 6,3 6,3 6 8
conditional,568,24,5,5,Angry,0.0,Male,5,5,5,5
conditional,568,120,7,7,Disgust,0.0,Male,7,2 4 7,2 4 7,2 4 7
conditional,568,310,7,7,Disgust,1.0,Female,7,5 7,5 7,7
conditional,568,312,2,2,Calm,1.0,Female,2,2,2 4,2
conditional,568,4,6,6,Fearful,1.0,Female,6,3 6,3 6 8,3 6
conditional,568,293,1,3,Happy,0.0,Male,1,1 2,1 2 4,1 2 4
conditional,568,291,7,7,Disgust,1.0,Female,7,5 7,5 7,5 7
conditional,568,330,2,2,Calm,1.0,Female,2,1 2,1 2,2
conditional,568,134,5,5,Angry,1.0,Female,5,5,5,5
conditional,568,203,7,7,Disgust,1.0,Female,7,5 7,5 7,5 7
conditional,568,218,1,3,Happy,0.0,Male,1,1 2,1 2 8,1 2 8
conditional,568,290,3,3,Happy,1.0,Female,6,3 6,3 4 6,3 6
conditional,568,271,3,6,Fearful,1.0,Female,6,3 6,3 6,3 6
conditional,568,214,8,8,Surprised,0.0,Male,8,3 6 8,3 6 8,3 6 8
conditional,568,45,7,7,Disgust,1.0,Female,7,7,7,7
conditional,568,152,6,4,Sad,0.0,Male,4,4,4,2 4
conditional,568,229,4,4,Sad,1.0,Female,4,4,4 6,4
conditional,568,215,6,4,Sad,0.0,Male,4,3 4,3 4,3 4 6
conditional,568,320,4,6,Fearful,1.0,Female,4,4,2 4,4
conditional,568,276,1,8,Surprised,0.0,Male,8,1 3 8,1 3 8,1 3 8
conditional,568,122,5,5,Angry,1.0,Female,5,5,5,5
conditional,568,74,2,2,Calm,0.0,Male,2,2,2,1 2
conditional,568,235,5,5,Angry,0.0,Male,5,5,5,5
conditional,568,172,2,2,Calm,1.0,Female,2,2,2,2
conditional,568,182,8,3,Happy,1.0,Female,3,3 5 6 8,3 6 8,3 6 8
conditional,568,100,8,8,Surprised,1.0,Female,8,3 8,3 8,8
conditional,568,335,5,6,Fearful,0.0,Male,4,3 4 6,3 4 6,3 4 6
conditional,568,10,6,6,Fearful,1.0,Female,6,3 6 8,3 6 8,3 6
conditional,568,281,3,3,Happy,0.0,Male,8,3 6 8,3 6 8,3 6 8
conditional,568,104,3,3,Happy,0.0,Male,6,3 5 6 8,3 5 6,3 5 6
conditional,568,89,8,8,Surprised,1.0,Female,8,3 8,3 8,3 8
conditional,568,77,2,2,Calm,1.0,Female,2,1 2,2,2
conditional,568,354,5,5,Angry,1.0,Female,5,5,5,5
conditional,568,72,4,4,Sad,1.0,Female,4,4,4,4
conditional,568,161,8,8,Surprised,1.0,Female,8,3 8,1 3 8,8
conditional,568,52,7,7,Disgust,0.0,Male,7,7,7,7
conditional,568,220,1,3,Happy,1.0,Female,1,1 2,1 2 4,1 2
conditional,568,75,5,5,Angry,0.0,Male,5,5,5,5
conditional,568,14,3,8,Surprised,0.0,Male,8,3 6 8,3 6 8,3 6 8
conditional,568,68,8,8,Surprised,0.0,Male,8,1 3 4 6 8,3 6 8,3 6 8
conditional,568,97,8,8,Surprised,0.0,Male,8,1 3 6 8,1 3 8,1 3 8
conditional,568,260,4,3,Happy,0.0,Male,2,1 2,1 2,1 2
conditional,568,329,5,5,Angry,0.0,Male,5,5,5,5
conditional,568,181,2,2,Calm,1.0,Female,2,2,2,2
conditional,568,78,1,1,Neutral,0.0,Male,2,1 2,1 2,1 2 4
conditional,568,300,4,4,Sad,1.0,Female,2,2 4,2 4,2 4
conditional,568,194,6,6,Fearful,1.0,Female,6,3 5 6,3 5 6,3 5 6
conditional,568,272,5,5,Angry,1.0,Female,5,5 8,5 8,5 8
conditional,568,187,3,6,Fearful,1.0,Female,6,3 4 6,3 4 6,3 4 6
conditional,569,171,1,1,Neutral,1.0,Female,2,1 2,1 2,1 2
conditional,569,289,4,4,Sad,0.0,Male,4,1 2 4,1 2 4,1 2 4
conditional,569,93,8,8,Surprised,1.0,Female,8,3 8,3 8,8
conditional,569,341,7,7,Disgust,1.0,Female,7,7,7,7
conditional,569,306,2,2,Calm,1.0,Female,2,2,2,2
conditional,569,100,8,8,Surprised,1.0,Female,8,3 8,3 8,8
conditional,569,105,6,4,Sad,0.0,Male,4,3 4 6,3 4,3 4 6
conditional,569,154,7,7,Disgust,0.0,Male,7,4 7,2 4 7,2 4 7
conditional,569,191,2,2,Calm,1.0,Female,2,2,2,2
conditional,569,117,1,4,Sad,1.0,Female,2,2,2,2
conditional,569,269,1,4,Sad,1.0,Female,2,1 2,1 2,1 2
conditional,569,76,5,7,Disgust,0.0,Male,7,5 7,7,5 7
conditional,569,83,3,3,Happy,0.0,Male,3,3 4 6,3 4 6,3 4 6
conditional,569,57,2,2,Calm,0.0,Male,2,2,2,1 2
conditional,569,319,2,1,Neutral,1.0,Female,2,1 2,1 2,1 2
conditional,569,290,3,3,Happy,1.0,Female,6,3 6,3 4 6,3 6
conditional,569,196,5,5,Angry,0.0,Male,5,5,5,5
conditional,569,10,6,6,Fearful,1.0,Female,6,3 6 8,3 6 8,3 6
conditional,569,111,1,2,Calm,0.0,Male,2,1 2,2,1 2
conditional,569,124,8,8,Surprised,0.0,Male,8,3 8,3 8,3 8
conditional,569,88,5,7,Disgust,0.0,Male,5,5 7,5 7,5 7
conditional,569,106,5,7,Disgust,0.0,Male,7,7,7,5 7
conditional,569,188,8,8,Surprised,0.0,Male,8,3 6 8,3 8,3 6 8
conditional,569,270,6,3,Happy,1.0,Female,3,3 6 8,3 6 8,3 6 8
conditional,569,139,6,6,Fearful,1.0,Female,6,3 6,3 6,3 6
conditional,569,358,3,3,Happy,1.0,Female,6,3 6 8,3 6 8,3 6 8
conditional,569,70,2,2,Calm,0.0,Male,2,2,2,1 2
conditional,569,73,8,8,Surprised,0.0,Male,3,3 6 8,3 6 8,3 6 8
conditional,569,197,7,7,Disgust,1.0,Female,7,7,7,7
conditional,569,185,6,6,Fearful,1.0,Female,6,3 6,3 6,3 6
conditional,569,164,2,2,Calm,1.0,Female,2,1 2,1 2,2
conditional,569,61,3,6,Fearful,0.0,Male,6,3 6 8,3 6 8,3 6 8
conditional,569,296,1,2,Calm,0.0,Male,2,1 2,2,1 2
conditional,569,331,2,1,Neutral,0.0,Male,2,1 2,1 2,1 2
conditional,569,156,4,4,Sad,0.0,Male,4,4,4,2 3 4
conditional,569,152,4,4,Sad,0.0,Male,4,4,4,2 4
conditional,569,99,2,6,Fearful,0.0,Male,4,3 4,3 4,3 4 6
conditional,569,276,8,8,Surprised,0.0,Male,8,1 3 8,1 3 8,1 3 8
conditional,569,227,6,6,Fearful,1.0,Female,6,3 4 6,3 4 6,3 4 6
conditional,569,309,6,6,Fearful,0.0,Male,6,3 5 6 8,3 6 8,3 6 8
conditional,569,355,4,4,Sad,1.0,Female,4,2 4,2 4,2 4
conditional,569,77,2,2,Calm,1.0,Female,2,1 2,2,2
conditional,569,115,5,5,Angry,0.0,Male,5,5,5,5
conditional,569,246,1,3,Happy,1.0,Female,1,1 3 4 8,1 3 4,1 3 4
conditional,569,262,4,3,Happy,0.0,Male,1,1 2,1 2 4,1 2 4
conditional,569,320,4,6,Fearful,1.0,Female,4,4,2 4,4
conditional,569,80,7,7,Disgust,1.0,Female,7,5 7,5 7,5 7
conditional,569,329,5,5,Angry,0.0,Male,5,5,5,5
conditional,569,5,4,4,Sad,0.0,Male,4,2 4,2 4,2 4
conditional,569,301,8,8,Surprised,1.0,Female,8,1 3 8,1 3 8,1 3 8
conditional,570,19,1,3,Happy,0.0,Male,1,1 2,1 2 4,1 2 4
conditional,570,160,5,5,Angry,1.0,Female,5,5,5,5
conditional,570,268,1,2,Calm,0.0,Male,2,1 2,2,1 2
conditional,570,78,1,1,Neutral,0.0,Male,2,1 2,1 2,1 2 4
conditional,570,173,6,6,Fearful,0.0,Male,8,3 5 6 8,3 6 8,3 6 8
conditional,570,315,2,1,Neutral,1.0,Female,1,1 2,1 2,1 2
conditional,570,238,3,8,Surprised,0.0,Male,8,3 8,8,3 8
conditional,570,80,7,7,Disgust,1.0,Female,7,5 7,5 7,5 7
conditional,570,358,3,3,Happy,1.0,Female,6,3 6 8,3 6 8,3 6 8
conditional,570,351,6,3,Happy,0.0,Male,6,3 6 8,3 6 8,3 6 8
conditional,570,136,5,5,Angry,1.0,Female,5,5,5,5
conditional,570,129,2,4,Sad,1.0,Female,2,2,2,2
conditional,570,265,6,6,Fearful,0.0,Male,6,3 6 8,3 6 8,3 6 8
conditional,570,79,6,6,Fearful,1.0,Female,6,3 6,3 6 8,3 6
conditional,570,205,1,3,Happy,1.0,Female,1,1 3 4 8,1 3 8,1 3 8
conditional,570,341,8,7,Disgust,1.0,Female,7,7,7,7
conditional,570,210,2,1,Neutral,1.0,Female,2,1 2,1 2,1 2
conditional,570,244,1,3,Happy,1.0,Female,4,1 3 4 6,1 3 4,1 3 4
conditional,570,153,1,1,Neutral,1.0,Female,2,1 2,1 2,1 2
conditional,570,105,4,4,Sad,0.0,Male,4,3 4 6,3 4,3 4 6
conditional,570,15,2,4,Sad,1.0,Female,4,2 4,2 4 7,2 4
conditional,570,231,5,5,Angry,0.0,Male,5,5,5,5
conditional,570,299,3,6,Fearful,1.0,Female,8,3 6 8,3 6 8,3 6 8
conditional,570,8,4,8,Surprised,0.0,Male,4,1 2 4,1 2 4,1 2 4
conditional,570,169,6,6,Fearful,1.0,Female,6,3 6,3 6 8,3 6
conditional,570,148,2,2,Calm,1.0,Female,2,2,2 4,2
conditional,570,27,7,7,Disgust,1.0,Female,7,7,7,7
conditional,570,62,8,8,Surprised,1.0,Female,8,3 8,8,8
conditional,570,186,4,5,Angry,0.0,Male,4,3 4 6,3 4 6,3 4 6
conditional,570,124,8,8,Surprised,0.0,Male,8,3 8,3 8,3 8
conditional,570,71,1,4,Sad,0.0,Male,2,1 2,1 2,1 2 4
conditional,570,297,2,2,Calm,1.0,Female,2,1 2,2,2
conditional,570,194,3,6,Fearful,1.0,Female,6,3 5 6,3 5 6,3 5 6
conditional,570,225,8,8,Surprised,1.0,Female,8,3 8,8,8
conditional,570,221,8,8,Surprised,0.0,Male,8,3 8,1 3 8,1 3 8
conditional,570,256,1,2,Calm,0.0,Male,2,1 2,2,1 2
conditional,570,350,7,7,Disgust,1.0,Female,7,5 7,5 7,7
conditional,570,283,4,1,Neutral,0.0,Male,1,1 2,1 2,1 2 4
conditional,570,180,5,5,Angry,1.0,Female,5,5,5,5
conditional,570,311,1,4,Sad,1.0,Female,2,1 2 4,1 2 4,1 2 4
conditional,570,121,3,4,Sad,0.0,Male,4,3 4,3 4 6,3 4 6
conditional,570,255,3,6,Fearful,1.0,Female,6,3 4 6,3 4 6,3 6
conditional,570,278,3,8,Surprised,0.0,Male,8,3 8,8,3 8
conditional,570,354,5,5,Angry,1.0,Female,5,5,5,5
conditional,570,104,6,3,Happy,0.0,Male,6,3 5 6 8,3 5 6,3 5 6
conditional,570,237,5,5,Angry,1.0,Female,5,5,5,5
conditional,570,85,7,7,Disgust,0.0,Male,7,7,7,7
conditional,570,308,2,7,Disgust,1.0,Female,7,2 7,2 7,2 7
conditional,570,340,7,7,Disgust,1.0,Female,7,7,7,7
conditional,570,332,4,4,Sad,1.0,Female,4,4,4,4
conditional,571,15,4,4,Sad,1.0,Female,4,2 4,2 4 7,2 4
conditional,571,321,8,8,Surprised,1.0,Female,8,3 8,3 8,8
conditional,571,101,7,7,Disgust,0.0,Male,7,5 7,5 7,5 7
conditional,571,331,1,1,Neutral,0.0,Male,2,1 2,1 2,1 2
conditional,571,244,3,3,Happy,1.0,Female,4,1 3 4 6,1 3 4,1 3 4
conditional,571,153,2,1,Neutral,1.0,Female,2,1 2,1 2,1 2
conditional,571,152,4,4,Sad,0.0,Male,4,4,4,2 4
conditional,571,43,6,6,Fearful,0.0,Male,6,3 6,3 6,3 6 8
conditional,571,237,5,5,Angry,1.0,Female,5,5,5,5
conditional,571,199,2,4,Sad,0.0,Male,4,2 4,2 4,1 2 4
conditional,571,217,8,8,Surprised,1.0,Female,8,8,8,8
conditional,571,347,4,4,Sad,0.0,Male,4,1 2 3 4,1 2 4,1 2 4
conditional,571,309,6,6,Fearful,0.0,Male,6,3 5 6 8,3 6 8,3 6 8
conditional,571,42,6,6,Fearful,0.0,Male,6,3 6,3 6,3 6 8
conditional,571,180,5,5,Angry,1.0,Female,5,5,5,5
conditional,571,8,1,8,Surprised,0.0,Male,4,1 2 4,1 2 4,1 2 4
conditional,571,238,8,8,Surprised,0.0,Male,8,3 8,8,3 8
conditional,571,274,1,6,Fearful,0.0,Male,3,3 4 6,3 4 6,3 4 6
conditional,571,214,6,8,Surprised,0.0,Male,8,3 6 8,3 6 8,3 6 8
conditional,571,64,2,2,Calm,1.0,Female,2,2,2,2
conditional,571,267,1,1,Neutral,0.0,Male,2,1 2,1 2,1 2
conditional,571,123,1,2,Calm,0.0,Male,2,1 2,2,1 2
conditional,571,268,1,2,Calm,0.0,Male,2,1 2,2,1 2
conditional,571,210,1,1,Neutral,1.0,Female,2,1 2,1 2,1 2
conditional,571,262,4,3,Happy,0.0,Male,1,1 2,1 2 4,1 2 4
conditional,571,144,1,1,Neutral,0.0,Male,2,1 2,1 2,1 2
conditional,571,21,7,7,Disgust,1.0,Female,7,7,7,7
conditional,571,102,1,3,Happy,1.0,Female,1,1 2,1 2 4,1 2
conditional,571,70,2,2,Calm,0.0,Male,2,2,2,1 2
conditional,571,290,6,3,Happy,1.0,Female,6,3 6,3 4 6,3 6
conditional,571,243,2,2,Calm,0.0,Male,2,2,2,1 2
conditional,571,329,5,5,Angry,0.0,Male,5,5,5,5
conditional,571,75,5,5,Angry,0.0,Male,5,5,5,5
conditional,571,239,8,8,Surprised,0.0,Male,8,3 8,3 8,3 8
conditional,571,155,2,4,Sad,1.0,Female,2,2,2,2
conditional,571,219,7,7,Disgust,0.0,Male,7,7,7,5 7
conditional,571,197,7,7,Disgust,1.0,Female,7,7,7,7
conditional,571,174,7,5,Angry,0.0,Male,5,5,5,5
conditional,571,10,6,6,Fearful,1.0,Female,6,3 6 8,3 6 8,3 6
conditional,571,352,7,7,Disgust,1.0,Female,7,5 7,5 7,7
conditional,571,285,3,4,Sad,0.0,Male,4,2 4,2 4,2 4
conditional,571,60,8,3,Happy,0.0,Male,1,1 2,1 2,1 2 4
conditional,571,157,7,7,Disgust,1.0,Female,7,7,7,7
conditional,571,87,8,8,Surprised,0.0,Male,8,3 8,3 8,3 6 8
conditional,571,122,5,5,Angry,1.0,Female,5,5,5,5
conditional,571,143,4,7,Disgust,0.0,Male,7,7,7,7
conditional,571,313,5,5,Angry,0.0,Male,5,5,5,5
conditional,571,192,6,5,Angry,1.0,Female,5,5,5,5
conditional,571,30,1,2,Calm,1.0,Female,2,2,2,2
conditional,571,339,5,4,Sad,0.0,Male,2,2 4,2 4,1 2 4
conditional,572,331,1,1,Neutral,0.0,Male,2,1 2,1 2,1 2
conditional,572,192,5,5,Angry,1.0,Female,5,5,5,5
conditional,572,15,2,4,Sad,1.0,Female,4,2 4,2 4 7,2 4
conditional,572,243,2,2,Calm,0.0,Male,2,2,2,1 2
conditional,572,180,5,5,Angry,1.0,Female,5,5,5,5
conditional,572,217,8,8,Surprised,1.0,Female,8,8,8,8
conditional,572,174,5,5,Angry,0.0,Male,5,5,5,5
conditional,572,267,2,1,Neutral,0.0,Male,2,1 2,1 2,1 2
conditional,572,268,2,2,Calm,0.0,Male,2,1 2,2,1 2
conditional,572,143,7,7,Disgust,0.0,Male,7,7,7,7
conditional,572,347,4,4,Sad,0.0,Male,4,1 2 3 4,1 2 4,1 2 4
conditional,572,321,8,8,Surprised,1.0,Female,8,3 8,3 8,8
conditional,572,60,1,3,Happy,0.0,Male,1,1 2,1 2,1 2 4
conditional,572,285,4,4,Sad,0.0,Male,4,2 4,2 4,2 4
conditional,572,152,4,4,Sad,0.0,Male,4,4,4,2 4
conditional,572,210,1,1,Neutral,1.0,Female,2,1 2,1 2,1 2
conditional,572,144,2,1,Neutral,0.0,Male,2,1 2,1 2,1 2
conditional,572,70,2,2,Calm,0.0,Male,2,2,2,1 2
conditional,572,123,2,2,Calm,0.0,Male,2,1 2,2,1 2
conditional,572,313,5,5,Angry,0.0,Male,5,5,5,5
conditional,572,122,5,5,Angry,1.0,Female,5,5,5,5
conditional,572,290,6,3,Happy,1.0,Female,6,3 6,3 4 6,3 6
conditional,572,238,8,8,Surprised,0.0,Male,8,3 8,8,3 8
conditional,572,102,1,3,Happy,1.0,Female,1,1 2,1 2 4,1 2
conditional,572,10,6,6,Fearful,1.0,Female,6,3 6 8,3 6 8,3 6
conditional,572,262,3,3,Happy,0.0,Male,1,1 2,1 2 4,1 2 4
conditional,572,30,2,2,Calm,1.0,Female,2,2,2,2
conditional,572,157,7,7,Disgust,1.0,Female,7,7,7,7
conditional,572,75,5,5,Angry,0.0,Male,5,5,5,5
conditional,572,43,6,6,Fearful,0.0,Male,6,3 6,3 6,3 6 8
conditional,572,21,7,7,Disgust,1.0,Female,7,7,7,7
conditional,572,101,7,7,Disgust,0.0,Male,7,5 7,5 7,5 7
conditional,572,199,4,4,Sad,0.0,Male,4,2 4,2 4,1 2 4
conditional,572,153,1,1,Neutral,1.0,Female,2,1 2,1 2,1 2
conditional,572,352,7,7,Disgust,1.0,Female,7,5 7,5 7,7
conditional,572,329,5,5,Angry,0.0,Male,5,5,5,5
conditional,572,274,4,6,Fearful,0.0,Male,3,3 4 6,3 4 6,3 4 6
conditional,572,244,3,3,Happy,1.0,Female,4,1 3 4 6,1 3 4,1 3 4
conditional,572,339,4,4,Sad,0.0,Male,2,2 4,2 4,1 2 4
conditional,572,239,8,8,Surprised,0.0,Male,8,3 8,3 8,3 8
conditional,572,42,6,6,Fearful,0.0,Male,6,3 6,3 6,3 6 8
conditional,572,64,2,2,Calm,1.0,Female,2,2,2,2
conditional,572,309,6,6,Fearful,0.0,Male,6,3 5 6 8,3 6 8,3 6 8
conditional,572,219,7,7,Disgust,0.0,Male,7,7,7,5 7
conditional,572,87,8,8,Surprised,0.0,Male,8,3 8,3 8,3 6 8
conditional,572,8,2,8,Surprised,0.0,Male,4,1 2 4,1 2 4,1 2 4
conditional,572,197,7,7,Disgust,1.0,Female,7,7,7,7
conditional,572,155,2,4,Sad,1.0,Female,2,2,2,2
conditional,572,214,3,8,Surprised,0.0,Male,8,3 6 8,3 6 8,3 6 8
conditional,572,237,5,5,Angry,1.0,Female,5,5,5,5
conditional,573,72,4,4,Sad,1.0,Female,4,4,4,4
conditional,573,103,2,2,Calm,0.0,Male,2,2,2,1 2
conditional,573,179,6,6,Fearful,0.0,Male,6,3 6,3 6 8,3 6 8
conditional,573,350,7,7,Disgust,1.0,Female,7,5 7,5 7,7
conditional,573,14,3,8,Surprised,0.0,Male,8,3 6 8,3 6 8,3 6 8
conditional,573,272,8,5,Angry,1.0,Female,5,5 8,5 8,5 8
conditional,573,354,5,5,Angry,1.0,Female,5,5,5,5
conditional,573,228,5,5,Angry,0.0,Male,5,5,5,5
conditional,573,218,1,3,Happy,0.0,Male,1,1 2,1 2 8,1 2 8
conditional,573,120,4,7,Disgust,0.0,Male,7,2 4 7,2 4 7,2 4 7
conditional,573,136,5,5,Angry,1.0,Female,5,5,5,5
conditional,573,155,2,4,Sad,1.0,Female,2,2,2,2
conditional,573,96,2,2,Calm,0.0,Male,2,2,2,1 2
conditional,573,59,6,6,Fearful,1.0,Female,6,3 4 6,3 4 6,3 4 6
conditional,573,110,6,6,Fearful,0.0,Male,6,3 4 6,3 4 6,3 4 6
conditional,573,197,7,7,Disgust,1.0,Female,7,7,7,7
conditional,573,212,3,5,Angry,0.0,Male,5,5 8,3 5 8,3 5 8
conditional,573,287,4,4,Sad,0.0,Male,2,1 2 4,1 2 4,1 2 4
conditional,573,351,8,3,Happy,0.0,Male,6,3 6 8,3 6 8,3 6 8
conditional,573,33,8,8,Surprised,0.0,Male,8,3 8,3 8,3 8
conditional,573,79,6,6,Fearful,1.0,Female,6,3 6,3 6 8,3 6
conditional,573,175,2,2,Calm,1.0,Female,2,1 2,1 2,1 2
conditional,573,317,7,7,Disgust,1.0,Female,7,7,7,7
conditional,573,152,4,4,Sad,0.0,Male,4,4,4,2 4
conditional,573,283,1,1,Neutral,0.0,Male,1,1 2,1 2,1 2 4
conditional,573,214,8,8,Surprised,0.0,Male,8,3 6 8,3 6 8,3 6 8
conditional,573,290,3,3,Happy,1.0,Female,6,3 6,3 4 6,3 6
conditional,573,209,2,2,Calm,1.0,Female,2,2,2,2
conditional,573,252,3,3,Happy,0.0,Male,3,3 4 6 8,3 6 8,3 6 8
conditional,573,242,2,2,Calm,1.0,Female,2,2,2,2
conditional,573,198,1,1,Neutral,1.0,Female,2,1 2,1 2,1 2
conditional,573,307,3,3,Happy,1.0,Female,3,3 4 6,3 4 6,3 4 6
conditional,573,289,2,4,Sad,0.0,Male,4,1 2 4,1 2 4,1 2 4
conditional,573,5,4,4,Sad,0.0,Male,4,2 4,2 4,2 4
conditional,573,80,7,7,Disgust,1.0,Female,7,5 7,5 7,5 7
conditional,573,188,8,8,Surprised,0.0,Male,8,3 6 8,3 8,3 6 8
conditional,573,321,8,8,Surprised,1.0,Female,8,3 8,3 8,8
conditional,573,23,8,8,Surprised,1.0,Female,8,3 8,3 8,3 8
conditional,573,319,1,1,Neutral,1.0,Female,2,1 2,1 2,1 2
conditional,573,148,2,2,Calm,1.0,Female,2,2,2 4,2
conditional,573,344,6,6,Fearful,1.0,Female,6,3 6,3 4 6,3 6
conditional,573,160,5,5,Angry,1.0,Female,5,5,5,5
conditional,573,82,4,6,Fearful,0.0,Male,4,3 4 6,3 4 6,3 4 6
conditional,573,305,8,8,Surprised,1.0,Female,8,3 8,8,8
conditional,573,219,5,7,Disgust,0.0,Male,7,7,7,5 7
conditional,573,177,2,3,Happy,1.0,Female,1,1 2 4,1 2 4,1 2 4
conditional,573,44,6,6,Fearful,0.0,Male,3,3 4 6,3 4 6,3 4 6
conditional,573,135,2,2,Calm,1.0,Female,2,1 2,2,2
conditional,573,168,5,5,Angry,1.0,Female,5,5,5,5
conditional,573,355,4,4,Sad,1.0,Female,4,2 4,2 4,2 4
conditional,574,318,6,6,Fearful,1.0,Female,6,3 6 8,3 6 8,3 6
conditional,574,141,7,7,Disgust,0.0,Male,7,7,7,2 4 7
conditional,574,289,4,4,Sad,0.0,Male,4,1 2 4,1 2 4,1 2 4
conditional,574,199,2,4,Sad,0.0,Male,4,2 4,2 4,1 2 4
conditional,574,268,2,2,Calm,0.0,Male,2,1 2,2,1 2
conditional,574,307,3,3,Happy,1.0,Female,3,3 4 6,3 4 6,3 4 6
conditional,574,19,2,3,Happy,0.0,Male,1,1 2,1 2 4,1 2 4
conditional,574,129,4,4,Sad,1.0,Female,2,2,2,2
conditional,574,103,4,2,Calm,0.0,Male,2,2,2,1 2
conditional,574,39,1,1,Neutral,1.0,Female,2,1 2,1 2,1 2
conditional,574,352,7,7,Disgust,1.0,Female,7,5 7,5 7,7
conditional,574,233,6,6,Fearful,1.0,Female,6,3 6,3 5 6,3 5 6
conditional,574,91,1,3,Happy,1.0,Female,1,1 2 3 4,1 2 4,1 2 4
conditional,574,188,8,8,Surprised,0.0,Male,8,3 6 8,3 8,3 6 8
conditional,574,26,5,5,Angry,0.0,Male,5,5,5,5
conditional,574,174,7,5,Angry,0.0,Male,5,5,5,5
conditional,574,242,2,2,Calm,1.0,Female,2,2,2,2
conditional,574,210,1,1,Neutral,1.0,Female,2,1 2,1 2,1 2
conditional,574,154,4,7,Disgust,0.0,Male,7,4 7,2 4 7,2 4 7
conditional,574,105,4,4,Sad,0.0,Male,4,3 4 6,3 4,3 4 6
conditional,574,130,3,8,Surprised,1.0,Female,8,3 8,8,8
conditional,574,223,4,4,Sad,1.0,Female,4,4,4,4
conditional,574,178,5,5,Angry,1.0,Female,5,5 8,1 5 8,5 8
conditional,574,319,1,1,Neutral,1.0,Female,2,1 2,1 2,1 2
conditional,574,97,8,8,Surprised,0.0,Male,8,1 3 6 8,1 3 8,1 3 8
conditional,574,173,8,6,Fearful,0.0,Male,8,3 5 6 8,3 6 8,3 6 8
conditional,574,47,7,7,Disgust,1.0,Female,7,5 7,7,7
conditional,574,1,4,6,Fearful,0.0,Male,4,2 4,2 4,1 2 4
conditional,574,84,5,3,Happy,1.0,Female,5,3 5,3 5 6,5
conditional,574,35,2,2,Calm,0.0,Male,2,2,2,1 2 4
conditional,574,76,7,7,Disgust,0.0,Male,7,5 7,7,5 7
conditional,574,202,4,4,Sad,0.0,Male,2,2 4,2 4,1 2 4
conditional,574,215,4,4,Sad,0.0,Male,4,3 4,3 4,3 4 6
conditional,574,298,8,8,Surprised,0.0,Male,8,1 3 8,1 3 8,1 3 8
conditional,574,316,5,5,Angry,1.0,Female,5,5,5,5
conditional,574,207,7,7,Disgust,0.0,Male,7,7,7,7
conditional,574,152,4,4,Sad,0.0,Male,4,4,4,2 4
conditional,574,111,2,2,Calm,0.0,Male,2,1 2,2,1 2
conditional,574,160,5,5,Angry,1.0,Female,5,5,5,5
conditional,574,37,6,6,Fearful,1.0,Female,6,3 5 6 8,3 6 8,3 6 8
conditional,574,245,5,5,Angry,1.0,Female,5,5,5,5
conditional,574,236,4,3,Happy,1.0,Female,3,3 4 6,3 4 6,3 4 6
conditional,574,197,7,7,Disgust,1.0,Female,7,7,7,7
conditional,574,257,2,2,Calm,1.0,Female,2,1 2,1 2,1 2
conditional,574,62,8,8,Surprised,1.0,Female,8,3 8,8,8
conditional,574,113,2,2,Calm,1.0,Female,2,2,2,2
conditional,574,328,8,8,Surprised,1.0,Female,1,1 2 8,1 2 8,1 2 8
conditional,574,194,6,6,Fearful,1.0,Female,6,3 5 6,3 5 6,3 5 6
conditional,574,267,2,1,Neutral,0.0,Male,2,1 2,1 2,1 2
conditional,574,299,8,6,Fearful,1.0,Female,8,3 6 8,3 6 8,3 6 8
conditional,575,15,2,4,Sad,1.0,Female,4,2 4,2 4 7,2 4
conditional,575,217,8,8,Surprised,1.0,Female,8,8,8,8
conditional,575,60,2,3,Happy,0.0,Male,1,1 2,1 2,1 2 4
conditional,575,244,4,3,Happy,1.0,Female,4,1 3 4 6,1 3 4,1 3 4
conditional,575,329,5,5,Angry,0.0,Male,5,5,5,5
conditional,575,122,5,5,Angry,1.0,Female,5,5,5,5
conditional,575,101,7,7,Disgust,0.0,Male,7,5 7,5 7,5 7
conditional,575,43,6,6,Fearful,0.0,Male,6,3 6,3 6,3 6 8
conditional,575,70,2,2,Calm,0.0,Male,2,2,2,1 2
conditional,575,21,7,7,Disgust,1.0,Female,7,7,7,7
conditional,575,268,2,2,Calm,0.0,Male,2,1 2,2,1 2
conditional,575,157,7,7,Disgust,1.0,Female,7,7,7,7
conditional,575,180,5,5,Angry,1.0,Female,5,5,5,5
conditional,575,199,4,4,Sad,0.0,Male,4,2 4,2 4,1 2 4
conditional,575,155,2,4,Sad,1.0,Female,2,2,2,2
conditional,575,243,2,2,Calm,0.0,Male,2,2,2,1 2
conditional,575,102,2,3,Happy,1.0,Female,1,1 2,1 2 4,1 2
conditional,575,210,2,1,Neutral,1.0,Female,2,1 2,1 2,1 2
conditional,575,237,5,5,Angry,1.0,Female,5,5,5,5
conditional,575,321,8,8,Surprised,1.0,Female,8,3 8,3 8,8
conditional,575,309,6,6,Fearful,0.0,Male,6,3 5 6 8,3 6 8,3 6 8
conditional,575,285,2,4,Sad,0.0,Male,4,2 4,2 4,2 4
conditional,575,290,6,3,Happy,1.0,Female,6,3 6,3 4 6,3 6
conditional,575,64,2,2,Calm,1.0,Female,2,2,2,2
conditional,575,267,2,1,Neutral,0.0,Male,2,1 2,1 2,1 2
conditional,575,219,7,7,Disgust,0.0,Male,7,7,7,5 7
conditional,575,262,2,3,Happy,0.0,Male,1,1 2,1 2 4,1 2 4
conditional,575,214,8,8,Surprised,0.0,Male,8,3 6 8,3 6 8,3 6 8
conditional,575,87,6,8,Surprised,0.0,Male,8,3 8,3 8,3 6 8
conditional,575,42,6,6,Fearful,0.0,Male,6,3 6,3 6,3 6 8
conditional,575,30,2,2,Calm,1.0,Female,2,2,2,2
conditional,575,197,7,7,Disgust,1.0,Female,7,7,7,7
conditional,575,174,5,5,Angry,0.0,Male,5,5,5,5
conditional,575,347,4,4,Sad,0.0,Male,4,1 2 3 4,1 2 4,1 2 4
conditional,575,123,2,2,Calm,0.0,Male,2,1 2,2,1 2
conditional,575,339,4,4,Sad,0.0,Male,2,2 4,2 4,1 2 4
conditional,575,274,3,6,Fearful,0.0,Male,3,3 4 6,3 4 6,3 4 6
conditional,575,8,2,8,Surprised,0.0,Male,4,1 2 4,1 2 4,1 2 4
conditional,575,143,7,7,Disgust,0.0,Male,7,7,7,7
conditional,575,239,8,8,Surprised,0.0,Male,8,3 8,3 8,3 8
conditional,575,238,8,8,Surprised,0.0,Male,8,3 8,8,3 8
conditional,575,153,2,1,Neutral,1.0,Female,2,1 2,1 2,1 2
conditional,575,313,5,5,Angry,0.0,Male,5,5,5,5
conditional,575,192,5,5,Angry,1.0,Female,5,5,5,5
conditional,575,144,2,1,Neutral,0.0,Male,2,1 2,1 2,1 2
conditional,575,331,2,1,Neutral,0.0,Male,2,1 2,1 2,1 2
conditional,575,352,7,7,Disgust,1.0,Female,7,5 7,5 7,7
conditional,575,75,5,5,Angry,0.0,Male,5,5,5,5
conditional,575,10,6,6,Fearful,1.0,Female,6,3 6 8,3 6 8,3 6
conditional,575,152,4,4,Sad,0.0,Male,4,4,4,2 4
conditional,576,218,1,3,Happy,0.0,Male,1,1 2,1 2 8,1 2 8
conditional,576,86,2,7,Disgust,1.0,Female,2,2,2,2
conditional,576,34,5,5,Angry,0.0,Male,5,5,5,5
conditional,576,70,2,2,Calm,0.0,Male,2,2,2,1 2
conditional,576,272,5,5,Angry,1.0,Female,5,5 8,5 8,5 8
conditional,576,222,8,8,Surprised,0.0,Male,8,3 8,3 8,1 3 8
conditional,576,2,6,6,Fearful,1.0,Female,6,3 6,3 6,3 6
conditional,576,33,8,8,Surprised,0.0,Male,8,3 8,3 8,3 8
conditional,576,45,7,7,Disgust,1.0,Female,7,7,7,7
conditional,576,226,4,4,Sad,0.0,Male,2,2,2,1 2 4
conditional,576,310,7,7,Disgust,1.0,Female,7,5 7,5 7,7
conditional,576,144,1,1,Neutral,0.0,Male,2,1 2,1 2,1 2
conditional,576,254,3,3,Happy,0.0,Male,1,1 2,1 2 4,1 2 4
conditional,576,290,3,3,Happy,1.0,Female,6,3 6,3 4 6,3 6
conditional,576,178,5,5,Angry,1.0,Female,5,5 8,1 5 8,5 8
conditional,576,337,1,8,Surprised,1.0,Female,1,1 3 8,1 3 8,1 3 8
conditional,576,110,6,6,Fearful,0.0,Male,6,3 4 6,3 4 6,3 4 6
conditional,576,201,5,5,Angry,0.0,Male,5,5,5,5
conditional,576,205,3,3,Happy,1.0,Female,1,1 3 4 8,1 3 8,1 3 8
conditional,576,285,4,4,Sad,0.0,Male,4,2 4,2 4,2 4
conditional,576,246,3,3,Happy,1.0,Female,1,1 3 4 8,1 3 4,1 3 4
conditional,576,103,2,2,Calm,0.0,Male,2,2,2,1 2
conditional,576,164,2,2,Calm,1.0,Female,2,1 2,1 2,2
conditional,576,5,6,4,Sad,0.0,Male,4,2 4,2 4,2 4
conditional,576,220,3,3,Happy,1.0,Female,1,1 2,1 2 4,1 2
conditional,576,51,8,8,Surprised,0.0,Male,1,1 3 8,1 3 8,1 3 8
conditional,576,23,8,8,Surprised,1.0,Female,8,3 8,3 8,3 8
conditional,576,305,8,8,Surprised,1.0,Female,8,3 8,8,8
conditional,576,94,5,5,Angry,1.0,Female,5,5,5,5
conditional,576,357,4,4,Sad,1.0,Female,4,2 4,4,4
conditional,576,343,7,5,Angry,1.0,Female,5,5,5,5
conditional,576,175,2,2,Calm,1.0,Female,2,1 2,1 2,1 2
conditional,576,30,2,2,Calm,1.0,Female,2,2,2,2
conditional,576,139,6,6,Fearful,1.0,Female,6,3 6,3 6,3 6
conditional,576,245,5,5,Angry,1.0,Female,5,5,5,5
conditional,576,59,6,6,Fearful,1.0,Female,6,3 4 6,3 4 6,3 4 6
conditional,576,97,8,8,Surprised,0.0,Male,8,1 3 6 8,1 3 8,1 3 8
conditional,576,300,4,4,Sad,1.0,Female,2,2 4,2 4,2 4
conditional,576,249,7,7,Disgust,0.0,Male,7,7,7,7
conditional,576,242,2,2,Calm,1.0,Female,2,2,2,2
conditional,576,44,6,6,Fearful,0.0,Male,3,3 4 6,3 4 6,3 4 6
conditional,576,57,2,2,Calm,0.0,Male,2,2,2,1 2
conditional,576,286,7,7,Disgust,0.0,Male,7,4 7,7,4 7
conditional,576,147,3,3,Happy,0.0,Male,1,1 2,1 2,1 2 4
conditional,576,215,6,4,Sad,0.0,Male,4,3 4,3 4,3 4 6
conditional,576,267,1,1,Neutral,0.0,Male,2,1 2,1 2,1 2
conditional,576,61,8,6,Fearful,0.0,Male,6,3 6 8,3 6 8,3 6 8
conditional,576,18,4,4,Sad,0.0,Male,2,1 2 4,1 2 4,1 2 4
conditional,576,234,5,5,Angry,1.0,Female,5,5,5,5
conditional,576,119,8,6,Fearful,0.0,Male,8,3 8,3 8,3 6 8
conditional,577,105,6,4,Sad,0.0,Male,4,3 4 6,3 4,3 4 6
conditional,577,37,6,6,Fearful,1.0,Female,6,3 5 6 8,3 6 8,3 6 8
conditional,577,19,1,3,Happy,0.0,Male,1,1 2,1 2 4,1 2 4
conditional,577,298,8,8,Surprised,0.0,Male,8,1 3 8,1 3 8,1 3 8
conditional,577,199,2,4,Sad,0.0,Male,4,2 4,2 4,1 2 4
conditional,577,352,7,7,Disgust,1.0,Female,7,5 7,5 7,7
conditional,577,233,6,6,Fearful,1.0,Female,6,3 6,3 5 6,3 5 6
conditional,577,194,6,6,Fearful,1.0,Female,6,3 5 6,3 5 6,3 5 6
conditional,577,113,2,2,Calm,1.0,Female,2,2,2,2
conditional,577,111,1,2,Calm,0.0,Male,2,1 2,2,1 2
conditional,577,76,5,7,Disgust,0.0,Male,7,5 7,7,5 7
conditional,577,47,7,7,Disgust,1.0,Female,7,5 7,7,7
conditional,577,141,2,7,Disgust,0.0,Male,7,7,7,2 4 7
conditional,577,129,2,4,Sad,1.0,Female,2,2,2,2
conditional,577,1,1,6,Fearful,0.0,Male,4,2 4,2 4,1 2 4
conditional,577,236,6,3,Happy,1.0,Female,3,3 4 6,3 4 6,3 4 6
conditional,577,97,3,8,Surprised,0.0,Male,8,1 3 6 8,1 3 8,1 3 8
conditional,577,202,1,4,Sad,0.0,Male,2,2 4,2 4,1 2 4
conditional,577,39,2,1,Neutral,1.0,Female,2,1 2,1 2,1 2
conditional,577,328,8,8,Surprised,1.0,Female,1,1 2 8,1 2 8,1 2 8
conditional,577,103,2,2,Calm,0.0,Male,2,2,2,1 2
conditional,577,210,2,1,Neutral,1.0,Female,2,1 2,1 2,1 2
conditional,577,289,3,4,Sad,0.0,Male,4,1 2 4,1 2 4,1 2 4
conditional,577,154,7,7,Disgust,0.0,Male,7,4 7,2 4 7,2 4 7
conditional,577,35,1,2,Calm,0.0,Male,2,2,2,1 2 4
conditional,577,188,6,8,Surprised,0.0,Male,8,3 6 8,3 8,3 6 8
conditional,577,318,6,6,Fearful,1.0,Female,6,3 6 8,3 6 8,3 6
conditional,577,130,8,8,Surprised,1.0,Female,8,3 8,8,8
conditional,577,197,7,7,Disgust,1.0,Female,7,7,7,7
conditional,577,207,7,7,Disgust,0.0,Male,7,7,7,7
conditional,577,257,2,2,Calm,1.0,Female,2,1 2,1 2,1 2
conditional,577,84,5,3,Happy,1.0,Female,5,3 5,3 5 6,5
conditional,577,26,5,5,Angry,0.0,Male,5,5,5,5
conditional,577,215,7,4,Sad,0.0,Male,4,3 4,3 4,3 4 6
conditional,577,91,1,3,Happy,1.0,Female,1,1 2 3 4,1 2 4,1 2 4
conditional,577,152,4,4,Sad,0.0,Male,4,4,4,2 4
conditional,577,307,3,3,Happy,1.0,Female,3,3 4 6,3 4 6,3 4 6
conditional,577,62,8,8,Surprised,1.0,Female,8,3 8,8,8
conditional,577,178,5,5,Angry,1.0,Female,5,5 8,1 5 8,5 8
conditional,577,173,8,6,Fearful,0.0,Male,8,3 5 6 8,3 6 8,3 6 8
conditional,577,299,6,6,Fearful,1.0,Female,8,3 6 8,3 6 8,3 6 8
conditional,577,319,2,1,Neutral,1.0,Female,2,1 2,1 2,1 2
conditional,577,242,2,2,Calm,1.0,Female,2,2,2,2
conditional,577,316,5,5,Angry,1.0,Female,5,5,5,5
conditional,577,268,2,2,Calm,0.0,Male,2,1 2,2,1 2
conditional,577,174,5,5,Angry,0.0,Male,5,5,5,5
conditional,577,223,4,4,Sad,1.0,Female,4,4,4,4
conditional,577,160,5,5,Angry,1.0,Female,5,5,5,5
conditional,577,267,1,1,Neutral,0.0,Male,2,1 2,1 2,1 2
conditional,577,245,5,5,Angry,1.0,Female,5,5,5,5
conditional,578,30,2,2,Calm,1.0,Female,2,2,2,2
conditional,578,164,2,2,Calm,1.0,Female,2,1 2,1 2,2
conditional,578,343,7,5,Angry,1.0,Female,5,5,5,5
conditional,578,34,8,5,Angry,0.0,Male,5,5,5,5
conditional,578,218,2,3,Happy,0.0,Male,1,1 2,1 2 8,1 2 8
conditional,578,59,6,6,Fearful,1.0,Female,6,3 4 6,3 4 6,3 4 6
conditional,578,285,4,4,Sad,0.0,Male,4,2 4,2 4,2 4
conditional,578,310,7,7,Disgust,1.0,Female,7,5 7,5 7,7
conditional,578,51,8,8,Surprised,0.0,Male,1,1 3 8,1 3 8,1 3 8
conditional,578,2,6,6,Fearful,1.0,Female,6,3 6,3 6,3 6
conditional,578,234,5,5,Angry,1.0,Female,5,5,5,5
conditional,578,267,2,1,Neutral,0.0,Male,2,1 2,1 2,1 2
conditional,578,337,8,8,Surprised,1.0,Female,1,1 3 8,1 3 8,1 3 8
conditional,578,242,2,2,Calm,1.0,Female,2,2,2,2
conditional,578,144,2,1,Neutral,0.0,Male,2,1 2,1 2,1 2
conditional,578,246,3,3,Happy,1.0,Female,1,1 3 4 8,1 3 4,1 3 4
conditional,578,205,7,3,Happy,1.0,Female,1,1 3 4 8,1 3 8,1 3 8
conditional,578,110,6,6,Fearful,0.0,Male,6,3 4 6,3 4 6,3 4 6
conditional,578,357,4,4,Sad,1.0,Female,4,2 4,4,4
conditional,578,290,6,3,Happy,1.0,Female,6,3 6,3 4 6,3 6
conditional,578,139,6,6,Fearful,1.0,Female,6,3 6,3 6,3 6
conditional,578,220,1,3,Happy,1.0,Female,1,1 2,1 2 4,1 2
conditional,578,147,2,3,Happy,0.0,Male,1,1 2,1 2,1 2 4
conditional,578,215,4,4,Sad,0.0,Male,4,3 4,3 4,3 4 6
conditional,578,33,8,8,Surprised,0.0,Male,8,3 8,3 8,3 8
conditional,578,18,4,4,Sad,0.0,Male,2,1 2 4,1 2 4,1 2 4
conditional,578,201,7,5,Angry,0.0,Male,5,5,5,5
conditional,578,103,1,2,Calm,0.0,Male,2,2,2,1 2
conditional,578,286,7,7,Disgust,0.0,Male,7,4 7,7,4 7
conditional,578,61,6,6,Fearful,0.0,Male,6,3 6 8,3 6 8,3 6 8
conditional,578,70,2,2,Calm,0.0,Male,2,2,2,1 2
conditional,578,300,2,4,Sad,1.0,Female,2,2 4,2 4,2 4
conditional,578,175,2,2,Calm,1.0,Female,2,1 2,1 2,1 2
conditional,578,249,7,7,Disgust,0.0,Male,7,7,7,7
conditional,578,222,8,8,Surprised,0.0,Male,8,3 8,3 8,1 3 8
conditional,578,226,4,4,Sad,0.0,Male,2,2,2,1 2 4
conditional,578,305,8,8,Surprised,1.0,Female,8,3 8,8,8
conditional,578,97,8,8,Surprised,0.0,Male,8,1 3 6 8,1 3 8,1 3 8
conditional,578,45,7,7,Disgust,1.0,Female,7,7,7,7
conditional,578,119,8,6,Fearful,0.0,Male,8,3 8,3 8,3 6 8
conditional,578,57,1,2,Calm,0.0,Male,2,2,2,1 2
conditional,578,254,3,3,Happy,0.0,Male,1,1 2,1 2 4,1 2 4
conditional,578,86,3,7,Disgust,1.0,Female,2,2,2,2
conditional,578,94,5,5,Angry,1.0,Female,5,5,5,5
conditional,578,245,5,5,Angry,1.0,Female,5,5,5,5
conditional,578,5,4,4,Sad,0.0,Male,4,2 4,2 4,2 4
conditional,578,23,8,8,Surprised,1.0,Female,8,3 8,3 8,3 8
conditional,578,272,5,5,Angry,1.0,Female,5,5 8,5 8,5 8
conditional,578,44,6,6,Fearful,0.0,Male,3,3 4 6,3 4 6,3 4 6
conditional,578,178,7,5,Angry,1.0,Female,5,5 8,1 5 8,5 8
conditional,579,238,5,8,Surprised,0.0,Male,8,3 8,8,3 8
conditional,579,122,5,5,Angry,1.0,Female,5,5,5,5
conditional,579,237,5,5,Angry,1.0,Female,5,5,5,5
conditional,579,155,2,4,Sad,1.0,Female,2,2,2,2
conditional,579,180,5,5,Angry,1.0,Female,5,5,5,5
conditional,579,244,3,3,Happy,1.0,Female,4,1 3 4 6,1 3 4,1 3 4
conditional,579,21,5,7,Disgust,1.0,Female,7,7,7,7
conditional,579,8,2,8,Surprised,0.0,Male,4,1 2 4,1 2 4,1 2 4
conditional,579,143,1,7,Disgust,0.0,Male,7,7,7,7
conditional,579,219,7,7,Disgust,0.0,Male,7,7,7,5 7
conditional,579,262,8,3,Happy,0.0,Male,1,1 2,1 2 4,1 2 4
conditional,579,239,5,8,Surprised,0.0,Male,8,3 8,3 8,3 8
conditional,579,192,6,5,Angry,1.0,Female,5,5,5,5
conditional,579,321,7,8,Surprised,1.0,Female,8,3 8,3 8,8
conditional,579,15,1,4,Sad,1.0,Female,4,2 4,2 4 7,2 4
conditional,579,290,6,3,Happy,1.0,Female,6,3 6,3 4 6,3 6
conditional,579,197,7,7,Disgust,1.0,Female,7,7,7,7
conditional,579,199,2,4,Sad,0.0,Male,4,2 4,2 4,1 2 4
conditional,579,214,3,8,Surprised,0.0,Male,8,3 6 8,3 6 8,3 6 8
conditional,579,329,5,5,Angry,0.0,Male,5,5,5,5
conditional,579,268,2,2,Calm,0.0,Male,2,1 2,2,1 2
conditional,579,153,2,1,Neutral,1.0,Female,2,1 2,1 2,1 2
conditional,579,42,6,6,Fearful,0.0,Male,6,3 6,3 6,3 6 8
conditional,579,285,4,4,Sad,0.0,Male,4,2 4,2 4,2 4
conditional,579,75,5,5,Angry,0.0,Male,5,5,5,5
conditional,579,101,7,7,Disgust,0.0,Male,7,5 7,5 7,5 7
conditional,579,123,2,2,Calm,0.0,Male,2,1 2,2,1 2
conditional,579,339,3,4,Sad,0.0,Male,2,2 4,2 4,1 2 4
conditional,579,144,1,1,Neutral,0.0,Male,2,1 2,1 2,1 2
conditional,579,102,2,3,Happy,1.0,Female,1,1 2,1 2 4,1 2
conditional,579,243,4,2,Calm,0.0,Male,2,2,2,1 2
conditional,579,157,7,7,Disgust,1.0,Female,7,7,7,7
conditional,579,309,6,6,Fearful,0.0,Male,6,3 5 6 8,3 6 8,3 6 8
conditional,579,30,7,2,Calm,1.0,Female,2,2,2,2
conditional,579,331,2,1,Neutral,0.0,Male,2,1 2,1 2,1 2
conditional,579,60,2,3,Happy,0.0,Male,1,1 2,1 2,1 2 4
conditional,579,70,2,2,Calm,0.0,Male,2,2,2,1 2
conditional,579,210,2,1,Neutral,1.0,Female,2,1 2,1 2,1 2
conditional,579,152,4,4,Sad,0.0,Male,4,4,4,2 4
conditional,579,217,8,8,Surprised,1.0,Female,8,8,8,8
conditional,579,352,7,7,Disgust,1.0,Female,7,5 7,5 7,7
conditional,579,87,8,8,Surprised,0.0,Male,8,3 8,3 8,3 6 8
conditional,579,274,4,6,Fearful,0.0,Male,3,3 4 6,3 4 6,3 4 6
conditional,579,267,1,1,Neutral,0.0,Male,2,1 2,1 2,1 2
conditional,579,313,5,5,Angry,0.0,Male,5,5,5,5
conditional,579,347,6,4,Sad,0.0,Male,4,1 2 3 4,1 2 4,1 2 4
conditional,579,43,6,6,Fearful,0.0,Male,6,3 6,3 6,3 6 8
conditional,579,64,2,2,Calm,1.0,Female,2,2,2,2
conditional,579,10,6,6,Fearful,1.0,Female,6,3 6 8,3 6 8,3 6
conditional,579,174,5,5,Angry,0.0,Male,5,5,5,5
conditional,580,329,5,5,Angry,0.0,Male,5,5,5,5
conditional,580,270,6,3,Happy,1.0,Female,3,3 6 8,3 6 8,3 6 8
conditional,580,80,7,7,Disgust,1.0,Female,7,5 7,5 7,5 7
conditional,580,331,2,1,Neutral,0.0,Male,2,1 2,1 2,1 2
conditional,580,73,8,8,Surprised,0.0,Male,3,3 6 8,3 6 8,3 6 8
conditional,580,185,6,6,Fearful,1.0,Female,6,3 6,3 6,3 6
conditional,580,262,2,3,Happy,0.0,Male,1,1 2,1 2 4,1 2 4
conditional,580,306,2,2,Calm,1.0,Female,2,2,2,2
conditional,580,290,6,3,Happy,1.0,Female,6,3 6,3 4 6,3 6
conditional,580,191,2,2,Calm,1.0,Female,2,2,2,2
conditional,580,188,8,8,Surprised,0.0,Male,8,3 6 8,3 8,3 6 8
conditional,580,105,6,4,Sad,0.0,Male,4,3 4 6,3 4,3 4 6
conditional,580,227,6,6,Fearful,1.0,Female,6,3 4 6,3 4 6,3 4 6
conditional,580,106,7,7,Disgust,0.0,Male,7,7,7,5 7
conditional,580,156,4,4,Sad,0.0,Male,4,4,4,2 3 4
conditional,580,269,1,4,Sad,1.0,Female,2,1 2,1 2,1 2
conditional,580,10,6,6,Fearful,1.0,Female,6,3 6 8,3 6 8,3 6
conditional,580,111,1,2,Calm,0.0,Male,2,1 2,2,1 2
conditional,580,88,7,7,Disgust,0.0,Male,5,5 7,5 7,5 7
conditional,580,124,8,8,Surprised,0.0,Male,8,3 8,3 8,3 8
conditional,580,246,1,3,Happy,1.0,Female,1,1 3 4 8,1 3 4,1 3 4
conditional,580,76,7,7,Disgust,0.0,Male,7,5 7,7,5 7
conditional,580,83,3,3,Happy,0.0,Male,3,3 4 6,3 4 6,3 4 6
conditional,580,164,2,2,Calm,1.0,Female,2,1 2,1 2,2
conditional,580,61,6,6,Fearful,0.0,Male,6,3 6 8,3 6 8,3 6 8
conditional,580,57,2,2,Calm,0.0,Male,2,2,2,1 2
conditional,580,93,8,8,Surprised,1.0,Female,8,3 8,3 8,8
conditional,580,276,1,8,Surprised,0.0,Male,8,1 3 8,1 3 8,1 3 8
conditional,580,289,2,4,Sad,0.0,Male,4,1 2 4,1 2 4,1 2 4
conditional,580,171,2,1,Neutral,1.0,Female,2,1 2,1 2,1 2
conditional,580,154,7,7,Disgust,0.0,Male,7,4 7,2 4 7,2 4 7
conditional,580,139,6,6,Fearful,1.0,Female,6,3 6,3 6,3 6
conditional,580,341,7,7,Disgust,1.0,Female,7,7,7,7
conditional,580,301,3,8,Surprised,1.0,Female,8,1 3 8,1 3 8,1 3 8
conditional,580,358,8,3,Happy,1.0,Female,6,3 6 8,3 6 8,3 6 8
conditional,580,115,5,5,Angry,0.0,Male,5,5,5,5
conditional,580,117,2,4,Sad,1.0,Female,2,2,2,2
conditional,580,296,1,2,Calm,0.0,Male,2,1 2,2,1 2
conditional,580,99,4,6,Fearful,0.0,Male,4,3 4,3 4,3 4 6
conditional,580,196,5,5,Angry,0.0,Male,5,5,5,5
conditional,580,100,8,8,Surprised,1.0,Female,8,3 8,3 8,8
conditional,580,5,4,4,Sad,0.0,Male,4,2 4,2 4,2 4
conditional,580,355,4,4,Sad,1.0,Female,4,2 4,2 4,2 4
conditional,580,77,2,2,Calm,1.0,Female,2,1 2,2,2
conditional,580,152,4,4,Sad,0.0,Male,4,4,4,2 4
conditional,580,197,7,7,Disgust,1.0,Female,7,7,7,7
conditional,580,320,4,6,Fearful,1.0,Female,4,4,2 4,4
conditional,580,319,1,1,Neutral,1.0,Female,2,1 2,1 2,1 2
conditional,580,309,8,6,Fearful,0.0,Male,6,3 5 6 8,3 6 8,3 6 8
conditional,580,70,2,2,Calm,0.0,Male,2,2,2,1 2
conditional,581,226,2,4,Sad,0.0,Male,2,2,2,1 2 4
conditional,581,82,6,6,Fearful,0.0,Male,4,3 4 6,3 4 6,3 4 6
conditional,581,174,5,5,Angry,0.0,Male,5,5,5,5
conditional,581,283,1,1,Neutral,0.0,Male,1,1 2,1 2,1 2 4
conditional,581,144,1,1,Neutral,0.0,Male,2,1 2,1 2,1 2
conditional,581,189,2,4,Sad,1.0,Female,2,2 4,1 2 4,2 4
conditional,581,160,5,5,Angry,1.0,Female,5,5,5,5
conditional,581,141,7,7,Disgust,0.0,Male,7,7,7,2 4 7
conditional,581,230,2,2,Calm,0.0,Male,2,2,2,1 2
conditional,581,239,8,8,Surprised,0.0,Male,8,3 8,3 8,3 8
conditional,581,358,3,3,Happy,1.0,Female,6,3 6 8,3 6 8,3 6 8
conditional,581,238,8,8,Surprised,0.0,Male,8,3 8,8,3 8
conditional,581,313,5,5,Angry,0.0,Male,5,5,5,5
conditional,581,220,1,3,Happy,1.0,Female,1,1 2,1 2 4,1 2
conditional,581,333,2,1,Neutral,0.0,Male,2,1 2,1 2,1 2
conditional,581,318,6,6,Fearful,1.0,Female,6,3 6 8,3 6 8,3 6
conditional,581,307,3,3,Happy,1.0,Female,3,3 4 6,3 4 6,3 4 6
conditional,581,117,4,4,Sad,1.0,Female,2,2,2,2
conditional,581,291,7,7,Disgust,1.0,Female,7,5 7,5 7,5 7
conditional,581,90,7,5,Angry,1.0,Female,5,2 5 7,2 5 7,2 5 7
conditional,581,300,4,4,Sad,1.0,Female,2,2 4,2 4,2 4
conditional,581,247,6,4,Sad,1.0,Female,4,3 4 6,3 4,3 4 6
conditional,581,232,4,4,Sad,0.0,Male,4,2 4,2 4,1 2 4
conditional,581,309,3,6,Fearful,0.0,Male,6,3 5 6 8,3 6 8,3 6 8
conditional,581,298,8,8,Surprised,0.0,Male,8,1 3 8,1 3 8,1 3 8
conditional,581,148,2,2,Calm,1.0,Female,2,2,2 4,2
conditional,581,180,5,5,Angry,1.0,Female,5,5,5,5
conditional,581,178,7,5,Angry,1.0,Female,5,5 8,1 5 8,5 8
conditional,581,114,2,2,Calm,1.0,Female,2,1 2,1 2,2
conditional,581,350,7,7,Disgust,1.0,Female,7,5 7,5 7,7
conditional,581,190,4,4,Sad,1.0,Female,4,4,4,4
conditional,581,249,7,7,Disgust,0.0,Male,7,7,7,7
conditional,581,255,6,6,Fearful,1.0,Female,6,3 4 6,3 4 6,3 6
conditional,581,288,8,8,Surprised,1.0,Female,8,3 8,3 8,8
conditional,581,234,5,5,Angry,1.0,Female,5,5,5,5
conditional,581,205,1,3,Happy,1.0,Female,1,1 3 4 8,1 3 8,1 3 8
conditional,581,69,3,8,Surprised,0.0,Male,8,3 5 6 8,3 6 8,3 6 8
conditional,581,106,7,7,Disgust,0.0,Male,7,7,7,5 7
conditional,581,281,3,3,Happy,0.0,Male,8,3 6 8,3 6 8,3 6 8
conditional,581,128,7,7,Disgust,1.0,Female,7,7,7,7
conditional,581,343,7,5,Angry,1.0,Female,5,5,5,5
conditional,581,274,2,6,Fearful,0.0,Male,3,3 4 6,3 4 6,3 4 6
conditional,581,51,8,8,Surprised,0.0,Male,1,1 3 8,1 3 8,1 3 8
conditional,581,143,7,7,Disgust,0.0,Male,7,7,7,7
conditional,581,5,4,4,Sad,0.0,Male,4,2 4,2 4,2 4
conditional,581,67,2,2,Calm,0.0,Male,2,2 4,2 4,2 4 7
conditional,581,185,6,6,Fearful,1.0,Female,6,3 6,3 6,3 6
conditional,581,18,4,4,Sad,0.0,Male,2,1 2 4,1 2 4,1 2 4
conditional,581,154,7,7,Disgust,0.0,Male,7,4 7,2 4 7,2 4 7
conditional,581,177,1,3,Happy,1.0,Female,1,1 2 4,1 2 4,1 2 4
conditional,582,180,5,5,Angry,1.0,Female,5,5,5,5
conditional,582,340,7,7,Disgust,1.0,Female,7,7,7,7
conditional,582,358,3,3,Happy,1.0,Female,6,3 6 8,3 6 8,3 6 8
conditional,582,256,2,2,Calm,0.0,Male,2,1 2,2,1 2
conditional,582,194,6,6,Fearful,1.0,Female,6,3 5 6,3 5 6,3 5 6
conditional,582,278,8,8,Surprised,0.0,Male,8,3 8,8,3 8
conditional,582,225,8,8,Surprised,1.0,Female,8,3 8,8,8
conditional,582,136,5,5,Angry,1.0,Female,5,5,5,5
conditional,582,205,1,3,Happy,1.0,Female,1,1 3 4 8,1 3 8,1 3 8
conditional,582,80,7,7,Disgust,1.0,Female,7,5 7,5 7,5 7
conditional,582,124,8,8,Surprised,0.0,Male,8,3 8,3 8,3 8
conditional,582,71,4,4,Sad,0.0,Male,2,1 2,1 2,1 2 4
conditional,582,308,2,7,Disgust,1.0,Female,7,2 7,2 7,2 7
conditional,582,350,7,7,Disgust,1.0,Female,7,5 7,5 7,7
conditional,582,210,1,1,Neutral,1.0,Female,2,1 2,1 2,1 2
conditional,582,315,1,1,Neutral,1.0,Female,1,1 2,1 2,1 2
conditional,582,297,2,2,Calm,1.0,Female,2,1 2,2,2
conditional,582,221,8,8,Surprised,0.0,Male,8,3 8,1 3 8,1 3 8
conditional,582,299,6,6,Fearful,1.0,Female,8,3 6 8,3 6 8,3 6 8
conditional,582,341,7,7,Disgust,1.0,Female,7,7,7,7
conditional,582,8,2,8,Surprised,0.0,Male,4,1 2 4,1 2 4,1 2 4
conditional,582,121,6,4,Sad,0.0,Male,4,3 4,3 4 6,3 4 6
conditional,582,105,6,4,Sad,0.0,Male,4,3 4 6,3 4,3 4 6
conditional,582,153,2,1,Neutral,1.0,Female,2,1 2,1 2,1 2
conditional,582,19,1,3,Happy,0.0,Male,1,1 2,1 2 4,1 2 4
conditional,582,186,6,5,Angry,0.0,Male,4,3 4 6,3 4 6,3 4 6
conditional,582,62,8,8,Surprised,1.0,Female,8,3 8,8,8
conditional,582,283,2,1,Neutral,0.0,Male,1,1 2,1 2,1 2 4
conditional,582,15,4,4,Sad,1.0,Female,4,2 4,2 4 7,2 4
conditional,582,237,5,5,Angry,1.0,Female,5,5,5,5
conditional,582,169,6,6,Fearful,1.0,Female,6,3 6,3 6 8,3 6
conditional,582,79,4,6,Fearful,1.0,Female,6,3 6,3 6 8,3 6
conditional,582,351,8,3,Happy,0.0,Male,6,3 6 8,3 6 8,3 6 8
conditional,582,129,1,4,Sad,1.0,Female,2,2,2,2
conditional,582,268,1,2,Calm,0.0,Male,2,1 2,2,1 2
conditional,582,265,6,6,Fearful,0.0,Male,6,3 6 8,3 6 8,3 6 8
conditional,582,332,4,4,Sad,1.0,Female,4,4,4,4
conditional,582,255,6,6,Fearful,1.0,Female,6,3 4 6,3 4 6,3 6
conditional,582,244,3,3,Happy,1.0,Female,4,1 3 4 6,1 3 4,1 3 4
conditional,582,78,2,1,Neutral,0.0,Male,2,1 2,1 2,1 2 4
conditional,582,148,2,2,Calm,1.0,Female,2,2,2 4,2
conditional,582,354,5,5,Angry,1.0,Female,5,5,5,5
conditional,582,238,8,8,Surprised,0.0,Male,8,3 8,8,3 8
conditional,582,85,7,7,Disgust,0.0,Male,7,7,7,7
conditional,582,27,7,7,Disgust,1.0,Female,7,7,7,7
conditional,582,231,5,5,Angry,0.0,Male,5,5,5,5
conditional,582,173,5,6,Fearful,0.0,Male,8,3 5 6 8,3 6 8,3 6 8
conditional,582,160,5,5,Angry,1.0,Female,5,5,5,5
conditional,582,104,5,3,Happy,0.0,Male,6,3 5 6 8,3 5 6,3 5 6
conditional,582,311,4,4,Sad,1.0,Female,2,1 2 4,1 2 4,1 2 4
conditional,583,291,7,7,Disgust,1.0,Female,7,5 7,5 7,5 7
conditional,583,350,7,7,Disgust,1.0,Female,7,5 7,5 7,7
conditional,583,18,4,4,Sad,0.0,Male,2,1 2 4,1 2 4,1 2 4
conditional,583,106,5,7,Disgust,0.0,Male,7,7,7,5 7
conditional,583,234,5,5,Angry,1.0,Female,5,5,5,5
conditional,583,226,1,4,Sad,0.0,Male,2,2,2,1 2 4
conditional,583,90,5,5,Angry,1.0,Female,5,2 5 7,2 5 7,2 5 7
conditional,583,154,7,7,Disgust,0.0,Male,7,4 7,2 4 7,2 4 7
conditional,583,148,2,2,Calm,1.0,Female,2,2,2 4,2
conditional,583,114,2,2,Calm,1.0,Female,2,1 2,1 2,2
conditional,583,51,1,8,Surprised,0.0,Male,1,1 3 8,1 3 8,1 3 8
conditional,583,128,7,7,Disgust,1.0,Female,7,7,7,7
conditional,583,318,8,6,Fearful,1.0,Female,6,3 6 8,3 6 8,3 6
conditional,583,144,1,1,Neutral,0.0,Male,2,1 2,1 2,1 2
conditional,583,298,8,8,Surprised,0.0,Male,8,1 3 8,1 3 8,1 3 8
conditional,583,333,1,1,Neutral,0.0,Male,2,1 2,1 2,1 2
conditional,583,177,1,3,Happy,1.0,Female,1,1 2 4,1 2 4,1 2 4
conditional,583,283,1,1,Neutral,0.0,Male,1,1 2,1 2,1 2 4
conditional,583,190,6,4,Sad,1.0,Female,4,4,4,4
conditional,583,232,4,4,Sad,0.0,Male,4,2 4,2 4,1 2 4
conditional,583,143,7,7,Disgust,0.0,Male,7,7,7,7
conditional,583,220,1,3,Happy,1.0,Female,1,1 2,1 2 4,1 2
conditional,583,288,8,8,Surprised,1.0,Female,8,3 8,3 8,8
conditional,583,189,2,4,Sad,1.0,Female,2,2 4,1 2 4,2 4
conditional,583,5,4,4,Sad,0.0,Male,4,2 4,2 4,2 4
conditional,583,313,5,5,Angry,0.0,Male,5,5,5,5
conditional,583,82,5,6,Fearful,0.0,Male,4,3 4 6,3 4 6,3 4 6
conditional,583,249,7,7,Disgust,0.0,Male,7,7,7,7
conditional,583,230,2,2,Calm,0.0,Male,2,2,2,1 2
conditional,583,358,8,3,Happy,1.0,Female,6,3 6 8,3 6 8,3 6 8
conditional,583,185,6,6,Fearful,1.0,Female,6,3 6,3 6,3 6
conditional,583,309,6,6,Fearful,0.0,Male,6,3 5 6 8,3 6 8,3 6 8
conditional,583,117,2,4,Sad,1.0,Female,2,2,2,2
conditional,583,174,5,5,Angry,0.0,Male,5,5,5,5
conditional,583,160,5,5,Angry,1.0,Female,5,5,5,5
conditional,583,238,8,8,Surprised,0.0,Male,8,3 8,8,3 8
conditional,583,255,6,6,Fearful,1.0,Female,6,3 4 6,3 4 6,3 6
conditional,583,69,8,8,Surprised,0.0,Male,8,3 5 6 8,3 6 8,3 6 8
conditional,583,247,6,4,Sad,1.0,Female,4,3 4 6,3 4,3 4 6
conditional,583,178,8,5,Angry,1.0,Female,5,5 8,1 5 8,5 8
conditional,583,239,8,8,Surprised,0.0,Male,8,3 8,3 8,3 8
conditional,583,300,2,4,Sad,1.0,Female,2,2 4,2 4,2 4
conditional,583,205,4,3,Happy,1.0,Female,1,1 3 4 8,1 3 8,1 3 8
conditional,583,281,3,3,Happy,0.0,Male,8,3 6 8,3 6 8,3 6 8
conditional,583,67,2,2,Calm,0.0,Male,2,2 4,2 4,2 4 7
conditional,583,141,2,7,Disgust,0.0,Male,7,7,7,2 4 7
conditional,583,307,3,3,Happy,1.0,Female,3,3 4 6,3 4 6,3 4 6
conditional,583,343,5,5,Angry,1.0,Female,5,5,5,5
conditional,583,274,2,6,Fearful,0.0,Male,3,3 4 6,3 4 6,3 4 6
conditional,583,180,5,5,Angry,1.0,Female,5,5,5,5
conditional,584,82,6,6,Fearful,0.0,Male,4,3 4 6,3 4 6,3 4 6
conditional,584,160,5,5,Angry,1.0,Female,5,5,5,5
conditional,584,287,4,4,Sad,0.0,Male,2,1 2 4,1 2 4,1 2 4
conditional,584,351,8,3,Happy,0.0,Male,6,3 6 8,3 6 8,3 6 8
conditional,584,317,7,7,Disgust,1.0,Female,7,7,7,7
conditional,584,209,2,2,Calm,1.0,Female,2,2,2,2
conditional,584,355,4,4,Sad,1.0,Female,4,2 4,2 4,2 4
conditional,584,59,6,6,Fearful,1.0,Female,6,3 4 6,3 4 6,3 4 6
conditional,584,136,5,5,Angry,1.0,Female,5,5,5,5
conditional,584,79,6,6,Fearful,1.0,Female,6,3 6,3 6 8,3 6
conditional,584,103,2,2,Calm,0.0,Male,2,2,2,1 2
conditional,584,219,7,7,Disgust,0.0,Male,7,7,7,5 7
conditional,584,96,1,2,Calm,0.0,Male,2,2,2,1 2
conditional,584,218,8,3,Happy,0.0,Male,1,1 2,1 2 8,1 2 8
conditional,584,214,8,8,Surprised,0.0,Male,8,3 6 8,3 6 8,3 6 8
conditional,584,44,6,6,Fearful,0.0,Male,3,3 4 6,3 4 6,3 4 6
conditional,584,155,2,4,Sad,1.0,Female,2,2,2,2
conditional,584,252,8,3,Happy,0.0,Male,3,3 4 6 8,3 6 8,3 6 8
conditional,584,168,5,5,Angry,1.0,Female,5,5,5,5
conditional,584,198,2,1,Neutral,1.0,Female,2,1 2,1 2,1 2
conditional,584,148,2,2,Calm,1.0,Female,2,2,2 4,2
conditional,584,228,5,5,Angry,0.0,Male,5,5,5,5
conditional,584,177,2,3,Happy,1.0,Female,1,1 2 4,1 2 4,1 2 4
conditional,584,110,6,6,Fearful,0.0,Male,6,3 4 6,3 4 6,3 4 6
conditional,584,175,2,2,Calm,1.0,Female,2,1 2,1 2,1 2
conditional,584,135,2,2,Calm,1.0,Female,2,1 2,2,2
conditional,584,152,3,4,Sad,0.0,Male,4,4,4,2 4
conditional,584,307,3,3,Happy,1.0,Female,3,3 4 6,3 4 6,3 4 6
conditional,584,321,8,8,Surprised,1.0,Female,8,3 8,3 8,8
conditional,584,290,3,3,Happy,1.0,Female,6,3 6,3 4 6,3 6
conditional,584,354,5,5,Angry,1.0,Female,5,5,5,5
conditional,584,23,8,8,Surprised,1.0,Female,8,3 8,3 8,3 8
conditional,584,5,4,4,Sad,0.0,Male,4,2 4,2 4,2 4
conditional,584,120,7,7,Disgust,0.0,Male,7,2 4 7,2 4 7,2 4 7
conditional,584,14,6,8,Surprised,0.0,Male,8,3 6 8,3 6 8,3 6 8
conditional,584,283,1,1,Neutral,0.0,Male,1,1 2,1 2,1 2 4
conditional,584,242,2,2,Calm,1.0,Female,2,2,2,2
conditional,584,305,8,8,Surprised,1.0,Female,8,3 8,8,8
conditional,584,33,8,8,Surprised,0.0,Male,8,3 8,3 8,3 8
conditional,584,72,4,4,Sad,1.0,Female,4,4,4,4
conditional,584,188,8,8,Surprised,0.0,Male,8,3 6 8,3 8,3 6 8
conditional,584,179,6,6,Fearful,0.0,Male,6,3 6,3 6 8,3 6 8
conditional,584,212,8,5,Angry,0.0,Male,5,5 8,3 5 8,3 5 8
conditional,584,80,7,7,Disgust,1.0,Female,7,5 7,5 7,5 7
conditional,584,197,7,7,Disgust,1.0,Female,7,7,7,7
conditional,584,319,1,1,Neutral,1.0,Female,2,1 2,1 2,1 2
conditional,584,289,4,4,Sad,0.0,Male,4,1 2 4,1 2 4,1 2 4
conditional,584,344,6,6,Fearful,1.0,Female,6,3 6,3 4 6,3 6
conditional,584,350,7,7,Disgust,1.0,Female,7,5 7,5 7,7
conditional,584,272,5,5,Angry,1.0,Female,5,5 8,5 8,5 8
conditional,585,120,4,7,Disgust,0.0,Male,7,2 4 7,2 4 7,2 4 7
conditional,585,212,5,5,Angry,0.0,Male,5,5 8,3 5 8,3 5 8
conditional,585,319,2,1,Neutral,1.0,Female,2,1 2,1 2,1 2
conditional,585,59,3,6,Fearful,1.0,Female,6,3 4 6,3 4 6,3 4 6
conditional,585,160,5,5,Angry,1.0,Female,5,5,5,5
conditional,585,136,5,5,Angry,1.0,Female,5,5,5,5
conditional,585,252,3,3,Happy,0.0,Male,3,3 4 6 8,3 6 8,3 6 8
conditional,585,80,7,7,Disgust,1.0,Female,7,5 7,5 7,5 7
conditional,585,321,8,8,Surprised,1.0,Female,8,3 8,3 8,8
conditional,585,79,6,6,Fearful,1.0,Female,6,3 6,3 6 8,3 6
conditional,585,148,2,2,Calm,1.0,Female,2,2,2 4,2
conditional,585,283,4,1,Neutral,0.0,Male,1,1 2,1 2,1 2 4
conditional,585,209,2,2,Calm,1.0,Female,2,2,2,2
conditional,585,44,1,6,Fearful,0.0,Male,3,3 4 6,3 4 6,3 4 6
conditional,585,168,5,5,Angry,1.0,Female,5,5,5,5
conditional,585,354,5,5,Angry,1.0,Female,5,5,5,5
conditional,585,152,2,4,Sad,0.0,Male,4,4,4,2 4
conditional,585,289,2,4,Sad,0.0,Male,4,1 2 4,1 2 4,1 2 4
conditional,585,33,8,8,Surprised,0.0,Male,8,3 8,3 8,3 8
conditional,585,355,4,4,Sad,1.0,Female,4,2 4,2 4,2 4
conditional,585,351,6,3,Happy,0.0,Male,6,3 6 8,3 6 8,3 6 8
conditional,585,317,7,7,Disgust,1.0,Female,7,7,7,7
conditional,585,23,8,8,Surprised,1.0,Female,8,3 8,3 8,3 8
conditional,585,103,1,2,Calm,0.0,Male,2,2,2,1 2
conditional,585,219,7,7,Disgust,0.0,Male,7,7,7,5 7
conditional,585,197,7,7,Disgust,1.0,Female,7,7,7,7
conditional,585,214,8,8,Surprised,0.0,Male,8,3 6 8,3 6 8,3 6 8
conditional,585,242,2,2,Calm,1.0,Female,2,2,2,2
conditional,585,110,4,6,Fearful,0.0,Male,6,3 4 6,3 4 6,3 4 6
conditional,585,218,8,3,Happy,0.0,Male,1,1 2,1 2 8,1 2 8
conditional,585,307,6,3,Happy,1.0,Female,3,3 4 6,3 4 6,3 4 6
conditional,585,350,7,7,Disgust,1.0,Female,7,5 7,5 7,7
conditional,585,155,2,4,Sad,1.0,Female,2,2,2,2
conditional,585,287,4,4,Sad,0.0,Male,2,1 2 4,1 2 4,1 2 4
conditional,585,305,8,8,Surprised,1.0,Female,8,3 8,8,8
conditional,585,344,6,6,Fearful,1.0,Female,6,3 6,3 4 6,3 6
conditional,585,228,5,5,Angry,0.0,Male,5,5,5,5
conditional,585,135,2,2,Calm,1.0,Female,2,1 2,2,2
conditional,585,82,6,6,Fearful,0.0,Male,4,3 4 6,3 4 6,3 4 6
conditional,585,14,8,8,Surprised,0.0,Male,8,3 6 8,3 6 8,3 6 8
conditional,585,179,6,6,Fearful,0.0,Male,6,3 6,3 6 8,3 6 8
conditional,585,72,4,4,Sad,1.0,Female,4,4,4,4
conditional,585,272,6,5,Angry,1.0,Female,5,5 8,5 8,5 8
conditional,585,290,6,3,Happy,1.0,Female,6,3 6,3 4 6,3 6
conditional,585,5,6,4,Sad,0.0,Male,4,2 4,2 4,2 4
conditional,585,175,2,2,Calm,1.0,Female,2,1 2,1 2,1 2
conditional,585,96,2,2,Calm,0.0,Male,2,2,2,1 2
conditional,585,198,1,1,Neutral,1.0,Female,2,1 2,1 2,1 2
conditional,585,177,4,3,Happy,1.0,Female,1,1 2 4,1 2 4,1 2 4
conditional,585,188,8,8,Surprised,0.0,Male,8,3 6 8,3 8,3 6 8
conditional,586,171,1,1,Neutral,1.0,Female,2,1 2,1 2,1 2
conditional,586,358,3,3,Happy,1.0,Female,6,3 6 8,3 6 8,3 6 8
conditional,586,188,6,8,Surprised,0.0,Male,8,3 6 8,3 8,3 6 8
conditional,586,197,7,7,Disgust,1.0,Female,7,7,7,7
conditional,586,296,1,2,Calm,0.0,Male,2,1 2,2,1 2
conditional,586,269,2,4,Sad,1.0,Female,2,1 2,1 2,1 2
conditional,586,227,6,6,Fearful,1.0,Female,6,3 4 6,3 4 6,3 4 6
conditional,586,100,8,8,Surprised,1.0,Female,8,3 8,3 8,8
conditional,586,111,1,2,Calm,0.0,Male,2,1 2,2,1 2
conditional,586,191,2,2,Calm,1.0,Female,2,2,2,2
conditional,586,105,6,4,Sad,0.0,Male,4,3 4 6,3 4,3 4 6
conditional,586,106,7,7,Disgust,0.0,Male,7,7,7,5 7
conditional,586,80,5,7,Disgust,1.0,Female,7,5 7,5 7,5 7
conditional,586,61,6,6,Fearful,0.0,Male,6,3 6 8,3 6 8,3 6 8
conditional,586,164,2,2,Calm,1.0,Female,2,1 2,1 2,2
conditional,586,301,3,8,Surprised,1.0,Female,8,1 3 8,1 3 8,1 3 8
conditional,586,331,1,1,Neutral,0.0,Male,2,1 2,1 2,1 2
conditional,586,276,1,8,Surprised,0.0,Male,8,1 3 8,1 3 8,1 3 8
conditional,586,355,4,4,Sad,1.0,Female,4,2 4,2 4,2 4
conditional,586,341,7,7,Disgust,1.0,Female,7,7,7,7
conditional,586,99,4,6,Fearful,0.0,Male,4,3 4,3 4,3 4 6
conditional,586,139,6,6,Fearful,1.0,Female,6,3 6,3 6,3 6
conditional,586,156,4,4,Sad,0.0,Male,4,4,4,2 3 4
conditional,586,185,6,6,Fearful,1.0,Female,6,3 6,3 6,3 6
conditional,586,270,8,3,Happy,1.0,Female,3,3 6 8,3 6 8,3 6 8
conditional,586,5,4,4,Sad,0.0,Male,4,2 4,2 4,2 4
conditional,586,289,2,4,Sad,0.0,Male,4,1 2 4,1 2 4,1 2 4
conditional,586,306,2,2,Calm,1.0,Female,2,2,2,2
conditional,586,154,7,7,Disgust,0.0,Male,7,4 7,2 4 7,2 4 7
conditional,586,309,6,6,Fearful,0.0,Male,6,3 5 6 8,3 6 8,3 6 8
conditional,586,76,7,7,Disgust,0.0,Male,7,5 7,7,5 7
conditional,586,57,1,2,Calm,0.0,Male,2,2,2,1 2
conditional,586,88,5,7,Disgust,0.0,Male,5,5 7,5 7,5 7
conditional,586,73,6,8,Surprised,0.0,Male,3,3 6 8,3 6 8,3 6 8
conditional,586,262,2,3,Happy,0.0,Male,1,1 2,1 2 4,1 2 4
conditional,586,83,3,3,Happy,0.0,Male,3,3 4 6,3 4 6,3 4 6
conditional,586,319,1,1,Neutral,1.0,Female,2,1 2,1 2,1 2
conditional,586,320,4,6,Fearful,1.0,Female,4,4,2 4,4
conditional,586,77,2,2,Calm,1.0,Female,2,1 2,2,2
conditional,586,70,2,2,Calm,0.0,Male,2,2,2,1 2
conditional,586,152,4,4,Sad,0.0,Male,4,4,4,2 4
conditional,586,93,8,8,Surprised,1.0,Female,8,3 8,3 8,8
conditional,586,115,5,5,Angry,0.0,Male,5,5,5,5
conditional,586,329,5,5,Angry,0.0,Male,5,5,5,5
conditional,586,290,6,3,Happy,1.0,Female,6,3 6,3 4 6,3 6
conditional,586,246,3,3,Happy,1.0,Female,1,1 3 4 8,1 3 4,1 3 4
conditional,586,10,6,6,Fearful,1.0,Female,6,3 6 8,3 6 8,3 6
conditional,586,196,5,5,Angry,0.0,Male,5,5,5,5
conditional,586,124,8,8,Surprised,0.0,Male,8,3 8,3 8,3 8
conditional,586,117,2,4,Sad,1.0,Female,2,2,2,2
conditional,587,245,5,5,Angry,1.0,Female,5,5,5,5
conditional,587,233,6,6,Fearful,1.0,Female,6,3 6,3 5 6,3 5 6
conditional,587,268,1,2,Calm,0.0,Male,2,1 2,2,1 2
conditional,587,199,6,4,Sad,0.0,Male,4,2 4,2 4,1 2 4
conditional,587,152,4,4,Sad,0.0,Male,4,4,4,2 4
conditional,587,130,8,8,Surprised,1.0,Female,8,3 8,8,8
conditional,587,84,3,3,Happy,1.0,Female,5,3 5,3 5 6,5
conditional,587,35,7,2,Calm,0.0,Male,2,2,2,1 2 4
conditional,587,160,5,5,Angry,1.0,Female,5,5,5,5
conditional,587,173,8,6,Fearful,0.0,Male,8,3 5 6 8,3 6 8,3 6 8
conditional,587,318,6,6,Fearful,1.0,Female,6,3 6 8,3 6 8,3 6
conditional,587,129,2,4,Sad,1.0,Female,2,2,2,2
conditional,587,141,4,7,Disgust,0.0,Male,7,7,7,2 4 7
conditional,587,26,5,5,Angry,0.0,Male,5,5,5,5
conditional,587,236,3,3,Happy,1.0,Female,3,3 4 6,3 4 6,3 4 6
conditional,587,97,8,8,Surprised,0.0,Male,8,1 3 6 8,1 3 8,1 3 8
conditional,587,178,7,5,Angry,1.0,Female,5,5 8,1 5 8,5 8
conditional,587,215,4,4,Sad,0.0,Male,4,3 4,3 4,3 4 6
conditional,587,188,8,8,Surprised,0.0,Male,8,3 6 8,3 8,3 6 8
conditional,587,267,1,1,Neutral,0.0,Male,2,1 2,1 2,1 2
conditional,587,91,3,3,Happy,1.0,Female,1,1 2 3 4,1 2 4,1 2 4
conditional,587,111,2,2,Calm,0.0,Male,2,1 2,2,1 2
conditional,587,105,4,4,Sad,0.0,Male,4,3 4 6,3 4,3 4 6
conditional,587,154,6,7,Disgust,0.0,Male,7,4 7,2 4 7,2 4 7
conditional,587,207,5,7,Disgust,0.0,Male,7,7,7,7
conditional,587,103,7,2,Calm,0.0,Male,2,2,2,1 2
conditional,587,299,6,6,Fearful,1.0,Female,8,3 6 8,3 6 8,3 6 8
conditional,587,223,4,4,Sad,1.0,Female,4,4,4,4
conditional,587,47,7,7,Disgust,1.0,Female,7,5 7,7,7
conditional,587,352,7,7,Disgust,1.0,Female,7,5 7,5 7,7
conditional,587,197,7,7,Disgust,1.0,Female,7,7,7,7
conditional,587,113,2,2,Calm,1.0,Female,2,2,2,2
conditional,587,19,3,3,Happy,0.0,Male,1,1 2,1 2 4,1 2 4
conditional,587,319,2,1,Neutral,1.0,Female,2,1 2,1 2,1 2
conditional,587,174,5,5,Angry,0.0,Male,5,5,5,5
conditional,587,37,6,6,Fearful,1.0,Female,6,3 5 6 8,3 6 8,3 6 8
conditional,587,62,8,8,Surprised,1.0,Female,8,3 8,8,8
conditional,587,289,4,4,Sad,0.0,Male,4,1 2 4,1 2 4,1 2 4
conditional,587,194,6,6,Fearful,1.0,Female,6,3 5 6,3 5 6,3 5 6
conditional,587,39,2,1,Neutral,1.0,Female,2,1 2,1 2,1 2
conditional,587,307,3,3,Happy,1.0,Female,3,3 4 6,3 4 6,3 4 6
conditional,587,298,8,8,Surprised,0.0,Male,8,1 3 8,1 3 8,1 3 8
conditional,587,242,2,2,Calm,1.0,Female,2,2,2,2
conditional,587,210,7,1,Neutral,1.0,Female,2,1 2,1 2,1 2
conditional,587,76,7,7,Disgust,0.0,Male,7,5 7,7,5 7
conditional,587,1,1,6,Fearful,0.0,Male,4,2 4,2 4,1 2 4
conditional,587,257,2,2,Calm,1.0,Female,2,1 2,1 2,1 2
conditional,587,316,5,5,Angry,1.0,Female,5,5,5,5
conditional,587,328,8,8,Surprised,1.0,Female,1,1 2 8,1 2 8,1 2 8
conditional,587,202,6,4,Sad,0.0,Male,2,2 4,2 4,1 2 4
conditional,588,60,2,3,Happy,0.0,Male,1,1 2,1 2,1 2 4
conditional,588,143,4,7,Disgust,0.0,Male,7,7,7,7
conditional,588,219,7,7,Disgust,0.0,Male,7,7,7,5 7
conditional,588,199,1,4,Sad,0.0,Male,4,2 4,2 4,1 2 4
conditional,588,290,3,3,Happy,1.0,Female,6,3 6,3 4 6,3 6
conditional,588,339,4,4,Sad,0.0,Male,2,2 4,2 4,1 2 4
conditional,588,313,5,5,Angry,0.0,Male,5,5,5,5
conditional,588,329,5,5,Angry,0.0,Male,5,5,5,5
conditional,588,285,4,4,Sad,0.0,Male,4,2 4,2 4,2 4
conditional,588,309,6,6,Fearful,0.0,Male,6,3 5 6 8,3 6 8,3 6 8
conditional,588,155,2,4,Sad,1.0,Female,2,2,2,2
conditional,588,331,2,1,Neutral,0.0,Male,2,1 2,1 2,1 2
conditional,588,238,8,8,Surprised,0.0,Male,8,3 8,8,3 8
conditional,588,8,1,8,Surprised,0.0,Male,4,1 2 4,1 2 4,1 2 4
conditional,588,180,5,5,Angry,1.0,Female,5,5,5,5
conditional,588,217,8,8,Surprised,1.0,Female,8,8,8,8
conditional,588,214,7,8,Surprised,0.0,Male,8,3 6 8,3 6 8,3 6 8
conditional,588,102,2,3,Happy,1.0,Female,1,1 2,1 2 4,1 2
conditional,588,101,7,7,Disgust,0.0,Male,7,5 7,5 7,5 7
conditional,588,244,3,3,Happy,1.0,Female,4,1 3 4 6,1 3 4,1 3 4
conditional,588,87,8,8,Surprised,0.0,Male,8,3 8,3 8,3 6 8
conditional,588,15,4,4,Sad,1.0,Female,4,2 4,2 4 7,2 4
conditional,588,43,6,6,Fearful,0.0,Male,6,3 6,3 6,3 6 8
conditional,588,64,4,2,Calm,1.0,Female,2,2,2,2
conditional,588,210,6,1,Neutral,1.0,Female,2,1 2,1 2,1 2
conditional,588,122,5,5,Angry,1.0,Female,5,5,5,5
conditional,588,243,4,2,Calm,0.0,Male,2,2,2,1 2
conditional,588,197,7,7,Disgust,1.0,Female,7,7,7,7
conditional,588,21,7,7,Disgust,1.0,Female,7,7,7,7
conditional,588,174,5,5,Angry,0.0,Male,5,5,5,5
conditional,588,123,1,2,Calm,0.0,Male,2,1 2,2,1 2
conditional,588,144,2,1,Neutral,0.0,Male,2,1 2,1 2,1 2
conditional,588,157,7,7,Disgust,1.0,Female,7,7,7,7
conditional,588,75,5,5,Angry,0.0,Male,5,5,5,5
conditional,588,10,6,6,Fearful,1.0,Female,6,3 6 8,3 6 8,3 6
conditional,588,192,5,5,Angry,1.0,Female,5,5,5,5
conditional,588,152,4,4,Sad,0.0,Male,4,4,4,2 4
conditional,588,70,2,2,Calm,0.0,Male,2,2,2,1 2
conditional,588,267,2,1,Neutral,0.0,Male,2,1 2,1 2,1 2
conditional,588,274,6,6,Fearful,0.0,Male,3,3 4 6,3 4 6,3 4 6
conditional,588,268,1,2,Calm,0.0,Male,2,1 2,2,1 2
conditional,588,153,2,1,Neutral,1.0,Female,2,1 2,1 2,1 2
conditional,588,42,6,6,Fearful,0.0,Male,6,3 6,3 6,3 6 8
conditional,588,262,8,3,Happy,0.0,Male,1,1 2,1 2 4,1 2 4
conditional,588,239,8,8,Surprised,0.0,Male,8,3 8,3 8,3 8
conditional,588,237,5,5,Angry,1.0,Female,5,5,5,5
conditional,588,321,8,8,Surprised,1.0,Female,8,3 8,3 8,8
conditional,588,352,7,7,Disgust,1.0,Female,7,5 7,5 7,7
conditional,588,30,2,2,Calm,1.0,Female,2,2,2,2
conditional,588,347,4,4,Sad,0.0,Male,4,1 2 3 4,1 2 4,1 2 4
conditional,589,44,4,6,Fearful,0.0,Male,3,3 4 6,3 4 6,3 4 6
conditional,589,179,6,6,Fearful,0.0,Male,6,3 6,3 6 8,3 6 8
conditional,589,351,8,3,Happy,0.0,Male,6,3 6 8,3 6 8,3 6 8
conditional,589,198,1,1,Neutral,1.0,Female,2,1 2,1 2,1 2
conditional,589,96,2,2,Calm,0.0,Male,2,2,2,1 2
conditional,589,290,3,3,Happy,1.0,Female,6,3 6,3 4 6,3 6
conditional,589,242,4,2,Calm,1.0,Female,2,2,2,2
conditional,589,287,4,4,Sad,0.0,Male,2,1 2 4,1 2 4,1 2 4
conditional,589,155,2,4,Sad,1.0,Female,2,2,2,2
conditional,589,272,5,5,Angry,1.0,Female,5,5 8,5 8,5 8
conditional,589,79,3,6,Fearful,1.0,Female,6,3 6,3 6 8,3 6
conditional,589,252,8,3,Happy,0.0,Male,3,3 4 6 8,3 6 8,3 6 8
conditional,589,350,7,7,Disgust,1.0,Female,7,5 7,5 7,7
conditional,589,219,7,7,Disgust,0.0,Male,7,7,7,5 7
conditional,589,23,8,8,Surprised,1.0,Female,8,3 8,3 8,3 8
conditional,589,136,5,5,Angry,1.0,Female,5,5,5,5
conditional,589,160,5,5,Angry,1.0,Female,5,5,5,5
conditional,589,33,8,8,Surprised,0.0,Male,8,3 8,3 8,3 8
conditional,589,209,2,2,Calm,1.0,Female,2,2,2,2
conditional,589,344,6,6,Fearful,1.0,Female,6,3 6,3 4 6,3 6
conditional,589,59,6,6,Fearful,1.0,Female,6,3 4 6,3 4 6,3 4 6
conditional,589,218,1,3,Happy,0.0,Male,1,1 2,1 2 8,1 2 8
conditional,589,103,1,2,Calm,0.0,Male,2,2,2,1 2
conditional,589,317,7,7,Disgust,1.0,Female,7,7,7,7
conditional,589,321,8,8,Surprised,1.0,Female,8,3 8,3 8,8
conditional,589,82,4,6,Fearful,0.0,Male,4,3 4 6,3 4 6,3 4 6
conditional,589,120,7,7,Disgust,0.0,Male,7,2 4 7,2 4 7,2 4 7
conditional,589,80,7,7,Disgust,1.0,Female,7,5 7,5 7,5 7
conditional,589,305,8,8,Surprised,1.0,Female,8,3 8,8,8
conditional,589,355,4,4,Sad,1.0,Female,4,2 4,2 4,2 4
conditional,589,175,2,2,Calm,1.0,Female,2,1 2,1 2,1 2
conditional,589,14,3,8,Surprised,0.0,Male,8,3 6 8,3 6 8,3 6 8
conditional,589,228,5,5,Angry,0.0,Male,5,5,5,5
conditional,589,188,3,8,Surprised,0.0,Male,8,3 6 8,3 8,3 6 8
conditional,589,354,5,5,Angry,1.0,Female,5,5,5,5
conditional,589,212,8,5,Angry,0.0,Male,5,5 8,3 5 8,3 5 8
conditional,589,283,4,1,Neutral,0.0,Male,1,1 2,1 2,1 2 4
conditional,589,148,2,2,Calm,1.0,Female,2,2,2 4,2
conditional,589,135,2,2,Calm,1.0,Female,2,1 2,2,2
conditional,589,214,3,8,Surprised,0.0,Male,8,3 6 8,3 6 8,3 6 8
conditional,589,152,4,4,Sad,0.0,Male,4,4,4,2 4
conditional,589,319,2,1,Neutral,1.0,Female,2,1 2,1 2,1 2
conditional,589,197,7,7,Disgust,1.0,Female,7,7,7,7
conditional,589,72,4,4,Sad,1.0,Female,4,4,4,4
conditional,589,168,5,5,Angry,1.0,Female,5,5,5,5
conditional,589,177,2,3,Happy,1.0,Female,1,1 2 4,1 2 4,1 2 4
conditional,589,110,6,6,Fearful,0.0,Male,6,3 4 6,3 4 6,3 4 6
conditional,589,5,4,4,Sad,0.0,Male,4,2 4,2 4,2 4
conditional,589,307,3,3,Happy,1.0,Female,3,3 4 6,3 4 6,3 4 6
conditional,589,289,2,4,Sad,0.0,Male,4,1 2 4,1 2 4,1 2 4
conditional,590,62,8,8,Surprised,1.0,Female,8,3 8,8,8
conditional,590,12,5,5,Angry,1.0,Female,5,5,5,5
conditional,590,242,2,2,Calm,1.0,Female,2,2,2,2
conditional,590,144,1,1,Neutral,0.0,Male,2,1 2,1 2,1 2
conditional,590,214,6,8,Surprised,0.0,Male,8,3 6 8,3 6 8,3 6 8
conditional,590,275,2,2,Calm,0.0,Male,2,2,2,1 2
conditional,590,228,5,5,Angry,0.0,Male,5,5,5,5
conditional,590,30,2,2,Calm,1.0,Female,2,2,2,2
conditional,590,341,7,7,Disgust,1.0,Female,7,7,7,7
conditional,590,147,1,3,Happy,0.0,Male,1,1 2,1 2,1 2 4
conditional,590,173,8,6,Fearful,0.0,Male,8,3 5 6 8,3 6 8,3 6 8
conditional,590,108,1,4,Sad,0.0,Male,2,2 4,2 4,2 4 7
conditional,590,235,5,5,Angry,0.0,Male,5,5,5,5
conditional,590,153,1,1,Neutral,1.0,Female,2,1 2,1 2,1 2
conditional,590,100,8,8,Surprised,1.0,Female,8,3 8,3 8,8
conditional,590,115,5,5,Angry,0.0,Male,5,5,5,5
conditional,590,205,1,3,Happy,1.0,Female,1,1 3 4 8,1 3 8,1 3 8
conditional,590,7,2,1,Neutral,0.0,Male,2,1 2,1 2,1 2
conditional,590,329,5,5,Angry,0.0,Male,5,5,5,5
conditional,590,224,3,3,Happy,0.0,Male,4,1 2 3 4,1 2 4,1 2 4
conditional,590,284,5,5,Angry,1.0,Female,5,5,5,5
conditional,590,46,4,4,Sad,0.0,Male,4,4,4,2 3 4
conditional,590,142,8,8,Surprised,0.0,Male,8,3 8,8,3 8
conditional,590,216,3,3,Happy,1.0,Female,6,3 6 8,3 6 8,3 6
conditional,590,281,3,3,Happy,0.0,Male,8,3 6 8,3 6 8,3 6 8
conditional,590,274,4,6,Fearful,0.0,Male,3,3 4 6,3 4 6,3 4 6
conditional,590,298,8,8,Surprised,0.0,Male,8,1 3 8,1 3 8,1 3 8
conditional,590,294,3,3,Happy,1.0,Female,1,1 3 8,1 3 8,1 3 8
conditional,590,355,4,4,Sad,1.0,Female,4,2 4,2 4,2 4
conditional,590,346,1,4,Sad,0.0,Male,2,2 4,2 4,1 2 4
conditional,590,222,3,8,Surprised,0.0,Male,8,3 8,3 8,1 3 8
conditional,590,157,8,7,Disgust,1.0,Female,7,7,7,7
conditional,590,316,5,5,Angry,1.0,Female,5,5,5,5
conditional,590,134,7,5,Angry,1.0,Female,5,5,5,5
conditional,590,101,7,7,Disgust,0.0,Male,7,5 7,5 7,5 7
conditional,590,123,2,2,Calm,0.0,Male,2,1 2,2,1 2
conditional,590,76,5,7,Disgust,0.0,Male,7,5 7,7,5 7
conditional,590,102,2,3,Happy,1.0,Female,1,1 2,1 2 4,1 2
conditional,590,83,3,3,Happy,0.0,Male,3,3 4 6,3 4 6,3 4 6
conditional,590,45,3,7,Disgust,1.0,Female,7,7,7,7
conditional,590,110,4,6,Fearful,0.0,Male,6,3 4 6,3 4 6,3 4 6
conditional,590,172,2,2,Calm,1.0,Female,2,2,2,2
conditional,590,58,4,4,Sad,1.0,Female,2,2,2 4,2
conditional,590,271,6,6,Fearful,1.0,Female,6,3 6,3 6,3 6
conditional,590,116,7,7,Disgust,0.0,Male,7,5 7,5 7,5 7
conditional,590,60,2,3,Happy,0.0,Male,1,1 2,1 2,1 2 4
conditional,590,21,7,7,Disgust,1.0,Female,7,7,7,7
conditional,590,203,7,7,Disgust,1.0,Female,7,5 7,5 7,5 7
conditional,590,169,6,6,Fearful,1.0,Female,6,3 6,3 6 8,3 6
conditional,590,197,7,7,Disgust,1.0,Female,7,7,7,7
conditional,591,103,2,2,Calm,0.0,Male,2,2,2,1 2
conditional,591,37,6,6,Fearful,1.0,Female,6,3 5 6 8,3 6 8,3 6 8
conditional,591,318,6,6,Fearful,1.0,Female,6,3 6 8,3 6 8,3 6
conditional,591,35,1,2,Calm,0.0,Male,2,2,2,1 2 4
conditional,591,76,7,7,Disgust,0.0,Male,7,5 7,7,5 7
conditional,591,178,8,5,Angry,1.0,Female,5,5 8,1 5 8,5 8
conditional,591,113,2,2,Calm,1.0,Female,2,2,2,2
conditional,591,105,6,4,Sad,0.0,Male,4,3 4 6,3 4,3 4 6
conditional,591,19,2,3,Happy,0.0,Male,1,1 2,1 2 4,1 2 4
conditional,591,298,1,8,Surprised,0.0,Male,8,1 3 8,1 3 8,1 3 8
conditional,591,160,5,5,Angry,1.0,Female,5,5,5,5
conditional,591,215,4,4,Sad,0.0,Male,4,3 4,3 4,3 4 6
conditional,591,174,5,5,Angry,0.0,Male,5,5,5,5
conditional,591,194,6,6,Fearful,1.0,Female,6,3 5 6,3 5 6,3 5 6
conditional,591,188,8,8,Surprised,0.0,Male,8,3 6 8,3 8,3 6 8
conditional,591,299,8,6,Fearful,1.0,Female,8,3 6 8,3 6 8,3 6 8
conditional,591,207,7,7,Disgust,0.0,Male,7,7,7,7
conditional,591,39,2,1,Neutral,1.0,Female,2,1 2,1 2,1 2
conditional,591,268,1,2,Calm,0.0,Male,2,1 2,2,1 2
conditional,591,141,7,7,Disgust,0.0,Male,7,7,7,2 4 7
conditional,591,129,2,4,Sad,1.0,Female,2,2,2,2
conditional,591,62,8,8,Surprised,1.0,Female,8,3 8,8,8
conditional,591,47,7,7,Disgust,1.0,Female,7,5 7,7,7
conditional,591,173,8,6,Fearful,0.0,Male,8,3 5 6 8,3 6 8,3 6 8
conditional,591,319,1,1,Neutral,1.0,Female,2,1 2,1 2,1 2
conditional,591,236,3,3,Happy,1.0,Female,3,3 4 6,3 4 6,3 4 6
conditional,591,289,4,4,Sad,0.0,Male,4,1 2 4,1 2 4,1 2 4
conditional,591,26,5,5,Angry,0.0,Male,5,5,5,5
conditional,591,154,7,7,Disgust,0.0,Male,7,4 7,2 4 7,2 4 7
conditional,591,210,2,1,Neutral,1.0,Female,2,1 2,1 2,1 2
conditional,591,130,8,8,Surprised,1.0,Female,8,3 8,8,8
conditional,591,267,2,1,Neutral,0.0,Male,2,1 2,1 2,1 2
conditional,591,245,5,5,Angry,1.0,Female,5,5,5,5
conditional,591,223,4,4,Sad,1.0,Female,4,4,4,4
conditional,591,352,7,7,Disgust,1.0,Female,7,5 7,5 7,7
conditional,591,84,7,3,Happy,1.0,Female,5,3 5,3 5 6,5
conditional,591,242,2,2,Calm,1.0,Female,2,2,2,2
conditional,591,111,2,2,Calm,0.0,Male,2,1 2,2,1 2
conditional,591,1,2,6,Fearful,0.0,Male,4,2 4,2 4,1 2 4
conditional,591,199,4,4,Sad,0.0,Male,4,2 4,2 4,1 2 4
conditional,591,328,8,8,Surprised,1.0,Female,1,1 2 8,1 2 8,1 2 8
conditional,591,197,7,7,Disgust,1.0,Female,7,7,7,7
conditional,591,91,2,3,Happy,1.0,Female,1,1 2 3 4,1 2 4,1 2 4
conditional,591,152,4,4,Sad,0.0,Male,4,4,4,2 4
conditional,591,97,8,8,Surprised,0.0,Male,8,1 3 6 8,1 3 8,1 3 8
conditional,591,233,6,6,Fearful,1.0,Female,6,3 6,3 5 6,3 5 6
conditional,591,257,1,2,Calm,1.0,Female,2,1 2,1 2,1 2
conditional,591,202,4,4,Sad,0.0,Male,2,2 4,2 4,1 2 4
conditional,591,316,5,5,Angry,1.0,Female,5,5,5,5
conditional,591,307,3,3,Happy,1.0,Female,3,3 4 6,3 4 6,3 4 6
conditional,592,70,2,2,Calm,0.0,Male,2,2,2,1 2
conditional,592,329,6,5,Angry,0.0,Male,5,5,5,5
conditional,592,8,1,8,Surprised,0.0,Male,4,1 2 4,1 2 4,1 2 4
conditional,592,30,2,2,Calm,1.0,Female,2,2,2,2
conditional,592,339,4,4,Sad,0.0,Male,2,2 4,2 4,1 2 4
conditional,592,43,6,6,Fearful,0.0,Male,6,3 6,3 6,3 6 8
conditional,592,313,5,5,Angry,0.0,Male,5,5,5,5
conditional,592,347,4,4,Sad,0.0,Male,4,1 2 3 4,1 2 4,1 2 4
conditional,592,237,5,5,Angry,1.0,Female,5,5,5,5
conditional,592,21,7,7,Disgust,1.0,Female,7,7,7,7
conditional,592,180,5,5,Angry,1.0,Female,5,5,5,5
conditional,592,122,5,5,Angry,1.0,Female,5,5,5,5
conditional,592,10,6,6,Fearful,1.0,Female,6,3 6 8,3 6 8,3 6
conditional,592,42,6,6,Fearful,0.0,Male,6,3 6,3 6,3 6 8
conditional,592,217,8,8,Surprised,1.0,Female,8,8,8,8
conditional,592,123,1,2,Calm,0.0,Male,2,1 2,2,1 2
conditional,592,192,6,5,Angry,1.0,Female,5,5,5,5
conditional,592,238,8,8,Surprised,0.0,Male,8,3 8,8,3 8
conditional,592,219,7,7,Disgust,0.0,Male,7,7,7,5 7
conditional,592,244,3,3,Happy,1.0,Female,4,1 3 4 6,1 3 4,1 3 4
conditional,592,321,8,8,Surprised,1.0,Female,8,3 8,3 8,8
conditional,592,210,1,1,Neutral,1.0,Female,2,1 2,1 2,1 2
conditional,592,243,2,2,Calm,0.0,Male,2,2,2,1 2
conditional,592,199,6,4,Sad,0.0,Male,4,2 4,2 4,1 2 4
conditional,592,285,4,4,Sad,0.0,Male,4,2 4,2 4,2 4
conditional,592,239,8,8,Surprised,0.0,Male,8,3 8,3 8,3 8
conditional,592,60,1,3,Happy,0.0,Male,1,1 2,1 2,1 2 4
conditional,592,75,5,5,Angry,0.0,Male,5,5,5,5
conditional,592,352,7,7,Disgust,1.0,Female,7,5 7,5 7,7
conditional,592,309,3,6,Fearful,0.0,Male,6,3 5 6 8,3 6 8,3 6 8
conditional,592,64,2,2,Calm,1.0,Female,2,2,2,2
conditional,592,144,1,1,Neutral,0.0,Male,2,1 2,1 2,1 2
conditional,592,153,1,1,Neutral,1.0,Female,2,1 2,1 2,1 2
conditional,592,268,2,2,Calm,0.0,Male,2,1 2,2,1 2
conditional,592,214,6,8,Surprised,0.0,Male,8,3 6 8,3 6 8,3 6 8
conditional,592,155,2,4,Sad,1.0,Female,2,2,2,2
conditional,592,197,7,7,Disgust,1.0,Female,7,7,7,7
conditional,592,102,1,3,Happy,1.0,Female,1,1 2,1 2 4,1 2
conditional,592,157,7,7,Disgust,1.0,Female,7,7,7,7
conditional,592,331,1,1,Neutral,0.0,Male,2,1 2,1 2,1 2
conditional,592,143,4,7,Disgust,0.0,Male,7,7,7,7
conditional,592,274,8,6,Fearful,0.0,Male,3,3 4 6,3 4 6,3 4 6
conditional,592,15,2,4,Sad,1.0,Female,4,2 4,2 4 7,2 4
conditional,592,262,1,3,Happy,0.0,Male,1,1 2,1 2 4,1 2 4
conditional,592,101,7,7,Disgust,0.0,Male,7,5 7,5 7,5 7
conditional,592,290,3,3,Happy,1.0,Female,6,3 6,3 4 6,3 6
conditional,592,87,8,8,Surprised,0.0,Male,8,3 8,3 8,3 6 8
conditional,592,152,3,4,Sad,0.0,Male,4,4,4,2 4
conditional,592,267,1,1,Neutral,0.0,Male,2,1 2,1 2,1 2
conditional,592,174,5,5,Angry,0.0,Male,5,5,5,5
conditional,593,233,6,6,Fearful,1.0,Female,6,3 6,3 5 6,3 5 6
conditional,593,357,4,4,Sad,1.0,Female,4,2 4,4,4
conditional,593,313,5,5,Angry,0.0,Male,5,5,5,5
conditional,593,111,2,2,Calm,0.0,Male,2,1 2,2,1 2
conditional,593,104,6,3,Happy,0.0,Male,6,3 5 6 8,3 5 6,3 5 6
conditional,593,193,5,5,Angry,1.0,Female,5,5,5,5
conditional,593,60,2,3,Happy,0.0,Male,1,1 2,1 2,1 2 4
conditional,593,257,1,2,Calm,1.0,Female,2,1 2,1 2,1 2
conditional,593,81,8,8,Surprised,1.0,Female,8,3 8,8,8
conditional,593,45,3,7,Disgust,1.0,Female,7,7,7,7
conditional,593,70,2,2,Calm,0.0,Male,2,2,2,1 2
conditional,593,155,2,4,Sad,1.0,Female,2,2,2,2
conditional,593,121,4,4,Sad,0.0,Male,4,3 4,3 4 6,3 4 6
conditional,593,97,8,8,Surprised,0.0,Male,8,1 3 6 8,1 3 8,1 3 8
conditional,593,298,8,8,Surprised,0.0,Male,8,1 3 8,1 3 8,1 3 8
conditional,593,115,5,5,Angry,0.0,Male,5,5,5,5
conditional,593,96,2,2,Calm,0.0,Male,2,2,2,1 2
conditional,593,260,1,3,Happy,0.0,Male,2,1 2,1 2,1 2
conditional,593,98,6,6,Fearful,0.0,Male,6,3 6,3 4 6,3 4 6
conditional,593,32,7,7,Disgust,1.0,Female,7,5 7,7,7
conditional,593,76,7,7,Disgust,0.0,Male,7,5 7,7,5 7
conditional,593,304,7,7,Disgust,0.0,Male,7,7,7,7
conditional,593,247,4,4,Sad,1.0,Female,4,3 4 6,3 4,3 4 6
conditional,593,2,6,6,Fearful,1.0,Female,6,3 6,3 6,3 6
conditional,593,101,7,7,Disgust,0.0,Male,7,5 7,5 7,5 7
conditional,593,114,2,2,Calm,1.0,Female,2,1 2,1 2,2
conditional,593,47,7,7,Disgust,1.0,Female,7,5 7,7,7
conditional,593,174,5,5,Angry,0.0,Male,5,5,5,5
conditional,593,201,5,5,Angry,0.0,Male,5,5,5,5
conditional,593,212,3,5,Angry,0.0,Male,5,5 8,3 5 8,3 5 8
conditional,593,83,3,3,Happy,0.0,Male,3,3 4 6,3 4 6,3 4 6
conditional,593,94,5,5,Angry,1.0,Female,5,5,5,5
conditional,593,1,4,6,Fearful,0.0,Male,4,2 4,2 4,1 2 4
conditional,593,112,3,8,Surprised,0.0,Male,8,3 8,3 8,3 8
conditional,593,167,2,1,Neutral,0.0,Male,2,1 2,1 2,1 2
conditional,593,198,1,1,Neutral,1.0,Female,2,1 2,1 2,1 2
conditional,593,206,5,5,Angry,1.0,Female,5,5,5,5
conditional,593,275,2,2,Calm,0.0,Male,2,2,2,1 2
conditional,593,166,8,3,Happy,0.0,Male,8,3 6 8,3 6 8,3 6 8
conditional,593,27,7,7,Disgust,1.0,Female,7,7,7,7
conditional,593,23,8,8,Surprised,1.0,Female,8,3 8,3 8,3 8
conditional,593,137,6,6,Fearful,1.0,Female,6,3 4 6,3 4 6,3 4 6
conditional,593,118,2,3,Happy,1.0,Female,1,1 2,1 2 4,1 2
conditional,593,267,1,1,Neutral,0.0,Male,2,1 2,1 2,1 2
conditional,593,251,6,6,Fearful,0.0,Male,6,3 6 8,3 6 8,3 6 8
conditional,593,211,2,2,Calm,0.0,Male,2,2,2,1 2
conditional,593,14,3,8,Surprised,0.0,Male,8,3 6 8,3 6 8,3 6 8
conditional,593,349,1,1,Neutral,0.0,Male,2,1 2,1 2,1 2 4
conditional,593,226,4,4,Sad,0.0,Male,2,2,2,1 2 4
conditional,593,109,1,1,Neutral,1.0,Female,2,1 2,1 2,1 2
conditional,594,330,2,2,Calm,1.0,Female,2,1 2,1 2,2
conditional,594,42,6,6,Fearful,0.0,Male,6,3 6,3 6,3 6 8
conditional,594,14,8,8,Surprised,0.0,Male,8,3 6 8,3 6 8,3 6 8
conditional,594,78,2,1,Neutral,0.0,Male,2,1 2,1 2,1 2 4
conditional,594,120,1,7,Disgust,0.0,Male,7,2 4 7,2 4 7,2 4 7
conditional,594,122,5,5,Angry,1.0,Female,5,5,5,5
conditional,594,100,8,8,Surprised,1.0,Female,8,3 8,3 8,8
conditional,594,235,5,5,Angry,0.0,Male,5,5,5,5
conditional,594,52,7,7,Disgust,0.0,Male,7,7,7,7
conditional,594,260,2,3,Happy,0.0,Male,2,1 2,1 2,1 2
conditional,594,24,5,5,Angry,0.0,Male,5,5,5,5
conditional,594,75,5,5,Angry,0.0,Male,5,5,5,5
conditional,594,220,2,3,Happy,1.0,Female,1,1 2,1 2 4,1 2
conditional,594,215,6,4,Sad,0.0,Male,4,3 4,3 4,3 4 6
conditional,594,354,2,5,Angry,1.0,Female,5,5,5,5
conditional,594,281,3,3,Happy,0.0,Male,8,3 6 8,3 6 8,3 6 8
conditional,594,72,4,4,Sad,1.0,Female,4,4,4,4
conditional,594,329,5,5,Angry,0.0,Male,5,5,5,5
conditional,594,320,4,6,Fearful,1.0,Female,4,4,2 4,4
conditional,594,290,6,3,Happy,1.0,Female,6,3 6,3 4 6,3 6
conditional,594,276,1,8,Surprised,0.0,Male,8,1 3 8,1 3 8,1 3 8
conditional,594,45,7,7,Disgust,1.0,Female,7,7,7,7
conditional,594,97,3,8,Surprised,0.0,Male,8,1 3 6 8,1 3 8,1 3 8
conditional,594,68,3,8,Surprised,0.0,Male,8,1 3 4 6 8,3 6 8,3 6 8
conditional,594,181,2,2,Calm,1.0,Female,2,2,2,2
conditional,594,214,3,8,Surprised,0.0,Male,8,3 6 8,3 6 8,3 6 8
conditional,594,152,4,4,Sad,0.0,Male,4,4,4,2 4
conditional,594,134,5,5,Angry,1.0,Female,5,5,5,5
conditional,594,300,2,4,Sad,1.0,Female,2,2 4,2 4,2 4
conditional,594,312,2,2,Calm,1.0,Female,2,2,2 4,2
conditional,594,187,3,6,Fearful,1.0,Female,6,3 4 6,3 4 6,3 4 6
conditional,594,182,6,3,Happy,1.0,Female,3,3 5 6 8,3 6 8,3 6 8
conditional,594,74,2,2,Calm,0.0,Male,2,2,2,1 2
conditional,594,271,3,6,Fearful,1.0,Female,6,3 6,3 6,3 6
conditional,594,194,3,6,Fearful,1.0,Female,6,3 5 6,3 5 6,3 5 6
conditional,594,172,2,2,Calm,1.0,Female,2,2,2,2
conditional,594,293,1,3,Happy,0.0,Male,1,1 2,1 2 4,1 2 4
conditional,594,10,3,6,Fearful,1.0,Female,6,3 6 8,3 6 8,3 6
conditional,594,89,8,8,Surprised,1.0,Female,8,3 8,3 8,3 8
conditional,594,203,7,7,Disgust,1.0,Female,7,5 7,5 7,5 7
conditional,594,161,8,8,Surprised,1.0,Female,8,3 8,1 3 8,8
conditional,594,272,5,5,Angry,1.0,Female,5,5 8,5 8,5 8
conditional,594,4,6,6,Fearful,1.0,Female,6,3 6,3 6 8,3 6
conditional,594,104,3,3,Happy,0.0,Male,6,3 5 6 8,3 5 6,3 5 6
conditional,594,291,5,7,Disgust,1.0,Female,7,5 7,5 7,5 7
conditional,594,77,2,2,Calm,1.0,Female,2,1 2,2,2
conditional,594,218,1,3,Happy,0.0,Male,1,1 2,1 2 8,1 2 8
conditional,594,335,4,6,Fearful,0.0,Male,4,3 4 6,3 4 6,3 4 6
conditional,594,229,4,4,Sad,1.0,Female,4,4,4 6,4
conditional,594,310,7,7,Disgust,1.0,Female,7,5 7,5 7,7
conditional,595,77,2,2,Calm,1.0,Female,2,1 2,2,2
conditional,595,68,8,8,Surprised,0.0,Male,8,1 3 4 6 8,3 6 8,3 6 8
conditional,595,45,7,7,Disgust,1.0,Female,7,7,7,7
conditional,595,293,1,3,Happy,0.0,Male,1,1 2,1 2 4,1 2 4
conditional,595,235,5,5,Angry,0.0,Male,5,5,5,5
conditional,595,52,7,7,Disgust,0.0,Male,7,7,7,7
conditional,595,271,6,6,Fearful,1.0,Female,6,3 6,3 6,3 6
conditional,595,320,4,6,Fearful,1.0,Female,4,4,2 4,4
conditional,595,24,5,5,Angry,0.0,Male,5,5,5,5
conditional,595,290,3,3,Happy,1.0,Female,6,3 6,3 4 6,3 6
conditional,595,260,1,3,Happy,0.0,Male,2,1 2,1 2,1 2
conditional,595,74,2,2,Calm,0.0,Male,2,2,2,1 2
conditional,595,181,2,2,Calm,1.0,Female,2,2,2,2
conditional,595,354,5,5,Angry,1.0,Female,5,5,5,5
conditional,595,276,8,8,Surprised,0.0,Male,8,1 3 8,1 3 8,1 3 8
conditional,595,203,5,7,Disgust,1.0,Female,7,5 7,5 7,5 7
conditional,595,122,5,5,Angry,1.0,Female,5,5,5,5
conditional,595,182,3,3,Happy,1.0,Female,3,3 5 6 8,3 6 8,3 6 8
conditional,595,104,3,3,Happy,0.0,Male,6,3 5 6 8,3 5 6,3 5 6
conditional,595,229,6,4,Sad,1.0,Female,4,4,4 6,4
conditional,595,281,3,3,Happy,0.0,Male,8,3 6 8,3 6 8,3 6 8
conditional,595,75,5,5,Angry,0.0,Male,5,5,5,5
conditional,595,89,8,8,Surprised,1.0,Female,8,3 8,3 8,3 8
conditional,595,42,6,6,Fearful,0.0,Male,6,3 6,3 6,3 6 8
conditional,595,310,7,7,Disgust,1.0,Female,7,5 7,5 7,7
conditional,595,100,8,8,Surprised,1.0,Female,8,3 8,3 8,8
conditional,595,329,5,5,Angry,0.0,Male,5,5,5,5
conditional,595,134,5,5,Angry,1.0,Female,5,5,5,5
conditional,595,152,4,4,Sad,0.0,Male,4,4,4,2 4
conditional,595,120,7,7,Disgust,0.0,Male,7,2 4 7,2 4 7,2 4 7
conditional,595,272,5,5,Angry,1.0,Female,5,5 8,5 8,5 8
conditional,595,172,2,2,Calm,1.0,Female,2,2,2,2
conditional,595,161,8,8,Surprised,1.0,Female,8,3 8,1 3 8,8
conditional,595,215,6,4,Sad,0.0,Male,4,3 4,3 4,3 4 6
conditional,595,187,6,6,Fearful,1.0,Female,6,3 4 6,3 4 6,3 4 6
conditional,595,14,8,8,Surprised,0.0,Male,8,3 6 8,3 6 8,3 6 8
conditional,595,214,8,8,Surprised,0.0,Male,8,3 6 8,3 6 8,3 6 8
conditional,595,291,7,7,Disgust,1.0,Female,7,5 7,5 7,5 7
conditional,595,330,2,2,Calm,1.0,Female,2,1 2,1 2,2
conditional,595,72,4,4,Sad,1.0,Female,4,4,4,4
conditional,595,4,3,6,Fearful,1.0,Female,6,3 6,3 6 8,3 6
conditional,595,78,2,1,Neutral,0.0,Male,2,1 2,1 2,1 2 4
conditional,595,10,6,6,Fearful,1.0,Female,6,3 6 8,3 6 8,3 6
conditional,595,300,2,4,Sad,1.0,Female,2,2 4,2 4,2 4
conditional,595,312,2,2,Calm,1.0,Female,2,2,2 4,2
conditional,595,218,8,3,Happy,0.0,Male,1,1 2,1 2 8,1 2 8
conditional,595,335,6,6,Fearful,0.0,Male,4,3 4 6,3 4 6,3 4 6
conditional,595,97,8,8,Surprised,0.0,Male,8,1 3 6 8,1 3 8,1 3 8
conditional,595,194,6,6,Fearful,1.0,Female,6,3 5 6,3 5 6,3 5 6
conditional,595,220,1,3,Happy,1.0,Female,1,1 2,1 2 4,1 2
conditional,596,71,4,4,Sad,0.0,Male,2,1 2,1 2,1 2 4
conditional,596,332,4,4,Sad,1.0,Female,4,4,4,4
conditional,596,299,6,6,Fearful,1.0,Female,8,3 6 8,3 6 8,3 6 8
conditional,596,104,6,3,Happy,0.0,Male,6,3 5 6 8,3 5 6,3 5 6
conditional,596,8,4,8,Surprised,0.0,Male,4,1 2 4,1 2 4,1 2 4
conditional,596,85,7,7,Disgust,0.0,Male,7,7,7,7
conditional,596,153,2,1,Neutral,1.0,Female,2,1 2,1 2,1 2
conditional,596,78,4,1,Neutral,0.0,Male,2,1 2,1 2,1 2 4
conditional,596,129,2,4,Sad,1.0,Female,2,2,2,2
conditional,596,350,7,7,Disgust,1.0,Female,7,5 7,5 7,7
conditional,596,124,8,8,Surprised,0.0,Male,8,3 8,3 8,3 8
conditional,596,19,1,3,Happy,0.0,Male,1,1 2,1 2 4,1 2 4
conditional,596,283,1,1,Neutral,0.0,Male,1,1 2,1 2,1 2 4
conditional,596,15,4,4,Sad,1.0,Female,4,2 4,2 4 7,2 4
conditional,596,173,6,6,Fearful,0.0,Male,8,3 5 6 8,3 6 8,3 6 8
conditional,596,244,1,3,Happy,1.0,Female,4,1 3 4 6,1 3 4,1 3 4
conditional,596,221,8,8,Surprised,0.0,Male,8,3 8,1 3 8,1 3 8
conditional,596,205,3,3,Happy,1.0,Female,1,1 3 4 8,1 3 8,1 3 8
conditional,596,80,7,7,Disgust,1.0,Female,7,5 7,5 7,5 7
conditional,596,278,8,8,Surprised,0.0,Male,8,3 8,8,3 8
conditional,596,238,8,8,Surprised,0.0,Male,8,3 8,8,3 8
conditional,596,354,5,5,Angry,1.0,Female,5,5,5,5
conditional,596,194,6,6,Fearful,1.0,Female,6,3 5 6,3 5 6,3 5 6
conditional,596,186,4,5,Angry,0.0,Male,4,3 4 6,3 4 6,3 4 6
conditional,596,79,6,6,Fearful,1.0,Female,6,3 6,3 6 8,3 6
conditional,596,256,2,2,Calm,0.0,Male,2,1 2,2,1 2
conditional,596,341,7,7,Disgust,1.0,Female,7,7,7,7
conditional,596,308,7,7,Disgust,1.0,Female,7,2 7,2 7,2 7
conditional,596,180,5,5,Angry,1.0,Female,5,5,5,5
conditional,596,358,8,3,Happy,1.0,Female,6,3 6 8,3 6 8,3 6 8
conditional,596,105,6,4,Sad,0.0,Male,4,3 4 6,3 4,3 4 6
conditional,596,225,8,8,Surprised,1.0,Female,8,3 8,8,8
conditional,596,340,7,7,Disgust,1.0,Female,7,7,7,7
conditional,596,169,6,6,Fearful,1.0,Female,6,3 6,3 6 8,3 6
conditional,596,121,4,4,Sad,0.0,Male,4,3 4,3 4 6,3 4 6
conditional,596,351,8,3,Happy,0.0,Male,6,3 6 8,3 6 8,3 6 8
conditional,596,315,1,1,Neutral,1.0,Female,1,1 2,1 2,1 2
conditional,596,311,4,4,Sad,1.0,Female,2,1 2 4,1 2 4,1 2 4
conditional,596,268,2,2,Calm,0.0,Male,2,1 2,2,1 2
conditional,596,148,2,2,Calm,1.0,Female,2,2,2 4,2
conditional,596,237,5,5,Angry,1.0,Female,5,5,5,5
conditional,596,136,5,5,Angry,1.0,Female,5,5,5,5
conditional,596,255,6,6,Fearful,1.0,Female,6,3 4 6,3 4 6,3 6
conditional,596,297,2,2,Calm,1.0,Female,2,1 2,2,2
conditional,596,27,7,7,Disgust,1.0,Female,7,7,7,7
conditional,596,62,8,8,Surprised,1.0,Female,8,3 8,8,8
conditional,596,231,5,5,Angry,0.0,Male,5,5,5,5
conditional,596,265,6,6,Fearful,0.0,Male,6,3 6 8,3 6 8,3 6 8
conditional,596,210,2,1,Neutral,1.0,Female,2,1 2,1 2,1 2
conditional,596,160,5,5,Angry,1.0,Female,5,5,5,5
conditional,597,156,4,4,Sad,0.0,Male,4,4,4,2 3 4
conditional,597,227,6,6,Fearful,1.0,Female,6,3 4 6,3 4 6,3 4 6
conditional,597,152,4,4,Sad,0.0,Male,4,4,4,2 4
conditional,597,111,1,2,Calm,0.0,Male,2,1 2,2,1 2
conditional,597,197,7,7,Disgust,1.0,Female,7,7,7,7
conditional,597,61,6,6,Fearful,0.0,Male,6,3 6 8,3 6 8,3 6 8
conditional,597,57,4,2,Calm,0.0,Male,2,2,2,1 2
conditional,597,70,2,2,Calm,0.0,Male,2,2,2,1 2
conditional,597,105,6,4,Sad,0.0,Male,4,3 4 6,3 4,3 4 6
conditional,597,320,4,6,Fearful,1.0,Female,4,4,2 4,4
conditional,597,154,7,7,Disgust,0.0,Male,7,4 7,2 4 7,2 4 7
conditional,597,246,1,3,Happy,1.0,Female,1,1 3 4 8,1 3 4,1 3 4
conditional,597,164,2,2,Calm,1.0,Female,2,1 2,1 2,2
conditional,597,269,1,4,Sad,1.0,Female,2,1 2,1 2,1 2
conditional,597,117,2,4,Sad,1.0,Female,2,2,2,2
conditional,597,80,5,7,Disgust,1.0,Female,7,5 7,5 7,5 7
conditional,597,331,1,1,Neutral,0.0,Male,2,1 2,1 2,1 2
conditional,597,115,5,5,Angry,0.0,Male,5,5,5,5
conditional,597,88,7,7,Disgust,0.0,Male,5,5 7,5 7,5 7
conditional,597,171,1,1,Neutral,1.0,Female,2,1 2,1 2,1 2
conditional,597,306,2,2,Calm,1.0,Female,2,2,2,2
conditional,597,188,8,8,Surprised,0.0,Male,8,3 6 8,3 8,3 6 8
conditional,597,185,6,6,Fearful,1.0,Female,6,3 6,3 6,3 6
conditional,597,99,4,6,Fearful,0.0,Male,4,3 4,3 4,3 4 6
conditional,597,262,2,3,Happy,0.0,Male,1,1 2,1 2 4,1 2 4
conditional,597,124,8,8,Surprised,0.0,Male,8,3 8,3 8,3 8
conditional,597,329,5,5,Angry,0.0,Male,5,5,5,5
conditional,597,319,2,1,Neutral,1.0,Female,2,1 2,1 2,1 2
conditional,597,100,8,8,Surprised,1.0,Female,8,3 8,3 8,8
conditional,597,83,3,3,Happy,0.0,Male,3,3 4 6,3 4 6,3 4 6
conditional,597,10,7,6,Fearful,1.0,Female,6,3 6 8,3 6 8,3 6
conditional,597,289,4,4,Sad,0.0,Male,4,1 2 4,1 2 4,1 2 4
conditional,597,290,3,3,Happy,1.0,Female,6,3 6,3 4 6,3 6
conditional,597,355,4,4,Sad,1.0,Female,4,2 4,2 4,2 4
conditional,597,93,8,8,Surprised,1.0,Female,8,3 8,3 8,8
conditional,597,341,7,7,Disgust,1.0,Female,7,7,7,7
conditional,597,191,4,2,Calm,1.0,Female,2,2,2,2
conditional,597,76,7,7,Disgust,0.0,Male,7,5 7,7,5 7
conditional,597,296,2,2,Calm,0.0,Male,2,1 2,2,1 2
conditional,597,77,2,2,Calm,1.0,Female,2,1 2,2,2
conditional,597,358,3,3,Happy,1.0,Female,6,3 6 8,3 6 8,3 6 8
conditional,597,106,7,7,Disgust,0.0,Male,7,7,7,5 7
conditional,597,196,5,5,Angry,0.0,Male,5,5,5,5
conditional,597,270,3,3,Happy,1.0,Female,3,3 6 8,3 6 8,3 6 8
conditional,597,309,8,6,Fearful,0.0,Male,6,3 5 6 8,3 6 8,3 6 8
conditional,597,139,6,6,Fearful,1.0,Female,6,3 6,3 6,3 6
conditional,597,73,6,8,Surprised,0.0,Male,3,3 6 8,3 6 8,3 6 8
conditional,597,276,1,8,Surprised,0.0,Male,8,1 3 8,1 3 8,1 3 8
conditional,597,5,4,4,Sad,0.0,Male,4,2 4,2 4,2 4
conditional,597,301,1,8,Surprised,1.0,Female,8,1 3 8,1 3 8,1 3 8
conditional,598,121,6,4,Sad,0.0,Male,4,3 4,3 4 6,3 4 6
conditional,598,79,6,6,Fearful,1.0,Female,6,3 6,3 6 8,3 6
conditional,598,105,6,4,Sad,0.0,Male,4,3 4 6,3 4,3 4 6
conditional,598,19,1,3,Happy,0.0,Male,1,1 2,1 2 4,1 2 4
conditional,598,169,6,6,Fearful,1.0,Female,6,3 6,3 6 8,3 6
conditional,598,173,8,6,Fearful,0.0,Male,8,3 5 6 8,3 6 8,3 6 8
conditional,598,255,6,6,Fearful,1.0,Female,6,3 4 6,3 4 6,3 6
conditional,598,315,1,1,Neutral,1.0,Female,1,1 2,1 2,1 2
conditional,598,8,2,8,Surprised,0.0,Male,4,1 2 4,1 2 4,1 2 4
conditional,598,299,6,6,Fearful,1.0,Female,8,3 6 8,3 6 8,3 6 8
conditional,598,278,8,8,Surprised,0.0,Male,8,3 8,8,3 8
conditional,598,311,4,4,Sad,1.0,Female,2,1 2 4,1 2 4,1 2 4
conditional,598,265,6,6,Fearful,0.0,Male,6,3 6 8,3 6 8,3 6 8
conditional,598,71,4,4,Sad,0.0,Male,2,1 2,1 2,1 2 4
conditional,598,27,7,7,Disgust,1.0,Female,7,7,7,7
conditional,598,62,8,8,Surprised,1.0,Female,8,3 8,8,8
conditional,598,221,1,8,Surprised,0.0,Male,8,3 8,1 3 8,1 3 8
conditional,598,85,7,7,Disgust,0.0,Male,7,7,7,7
conditional,598,238,3,8,Surprised,0.0,Male,8,3 8,8,3 8
conditional,598,80,7,7,Disgust,1.0,Female,7,5 7,5 7,5 7
conditional,598,194,6,6,Fearful,1.0,Female,6,3 5 6,3 5 6,3 5 6
conditional,598,358,1,3,Happy,1.0,Female,6,3 6 8,3 6 8,3 6 8
conditional,598,231,5,5,Angry,0.0,Male,5,5,5,5
conditional,598,15,2,4,Sad,1.0,Female,4,2 4,2 4 7,2 4
conditional,598,237,5,5,Angry,1.0,Female,5,5,5,5
conditional,598,341,8,7,Disgust,1.0,Female,7,7,7,7
conditional,598,354,5,5,Angry,1.0,Female,5,5,5,5
conditional,598,180,5,5,Angry,1.0,Female,5,5,5,5
conditional,598,78,2,1,Neutral,0.0,Male,2,1 2,1 2,1 2 4
conditional,598,340,7,7,Disgust,1.0,Female,7,7,7,7
conditional,598,205,8,3,Happy,1.0,Female,1,1 3 4 8,1 3 8,1 3 8
conditional,598,268,1,2,Calm,0.0,Male,2,1 2,2,1 2
conditional,598,351,6,3,Happy,0.0,Male,6,3 6 8,3 6 8,3 6 8
conditional,598,136,5,5,Angry,1.0,Female,5,5,5,5
conditional,598,104,6,3,Happy,0.0,Male,6,3 5 6 8,3 5 6,3 5 6
conditional,598,283,4,1,Neutral,0.0,Male,1,1 2,1 2,1 2 4
conditional,598,350,7,7,Disgust,1.0,Female,7,5 7,5 7,7
conditional,598,297,2,2,Calm,1.0,Female,2,1 2,2,2
conditional,598,225,8,8,Surprised,1.0,Female,8,3 8,8,8
conditional,598,153,1,1,Neutral,1.0,Female,2,1 2,1 2,1 2
conditional,598,308,7,7,Disgust,1.0,Female,7,2 7,2 7,2 7
conditional,598,256,2,2,Calm,0.0,Male,2,1 2,2,1 2
conditional,598,160,5,5,Angry,1.0,Female,5,5,5,5
conditional,598,148,2,2,Calm,1.0,Female,2,2,2 4,2
conditional,598,244,1,3,Happy,1.0,Female,4,1 3 4 6,1 3 4,1 3 4
conditional,598,210,1,1,Neutral,1.0,Female,2,1 2,1 2,1 2
conditional,598,186,6,5,Angry,0.0,Male,4,3 4 6,3 4 6,3 4 6
conditional,598,332,4,4,Sad,1.0,Female,4,4,4,4
conditional,598,124,8,8,Surprised,0.0,Male,8,3 8,3 8,3 8
conditional,598,129,2,4,Sad,1.0,Female,2,2,2,2
conditional,599,285,2,4,Sad,0.0,Male,4,2 4,2 4,2 4
conditional,599,357,4,4,Sad,1.0,Female,4,2 4,4,4
conditional,599,139,6,6,Fearful,1.0,Female,6,3 6,3 6,3 6
conditional,599,290,6,3,Happy,1.0,Female,6,3 6,3 4 6,3 6
conditional,599,30,2,2,Calm,1.0,Female,2,2,2,2
conditional,599,245,5,5,Angry,1.0,Female,5,5,5,5
conditional,599,215,3,4,Sad,0.0,Male,4,3 4,3 4,3 4 6
conditional,599,119,3,6,Fearful,0.0,Male,8,3 8,3 8,3 6 8
conditional,599,86,2,7,Disgust,1.0,Female,2,2,2,2
conditional,599,178,8,5,Angry,1.0,Female,5,5 8,1 5 8,5 8
conditional,599,226,2,4,Sad,0.0,Male,2,2,2,1 2 4
conditional,599,337,3,8,Surprised,1.0,Female,1,1 3 8,1 3 8,1 3 8
conditional,599,34,5,5,Angry,0.0,Male,5,5,5,5
conditional,599,18,4,4,Sad,0.0,Male,2,1 2 4,1 2 4,1 2 4
conditional,599,205,8,3,Happy,1.0,Female,1,1 3 4 8,1 3 8,1 3 8
conditional,599,164,2,2,Calm,1.0,Female,2,1 2,1 2,2
conditional,599,44,3,6,Fearful,0.0,Male,3,3 4 6,3 4 6,3 4 6
conditional,599,57,2,2,Calm,0.0,Male,2,2,2,1 2
conditional,599,103,2,2,Calm,0.0,Male,2,2,2,1 2
conditional,599,45,7,7,Disgust,1.0,Female,7,7,7,7
conditional,599,59,4,6,Fearful,1.0,Female,6,3 4 6,3 4 6,3 4 6
conditional,599,220,2,3,Happy,1.0,Female,1,1 2,1 2 4,1 2
conditional,599,51,8,8,Surprised,0.0,Male,1,1 3 8,1 3 8,1 3 8
conditional,599,175,2,2,Calm,1.0,Female,2,1 2,1 2,1 2
conditional,599,305,8,8,Surprised,1.0,Female,8,3 8,8,8
conditional,599,201,5,5,Angry,0.0,Male,5,5,5,5
conditional,599,246,3,3,Happy,1.0,Female,1,1 3 4 8,1 3 4,1 3 4
conditional,599,5,4,4,Sad,0.0,Male,4,2 4,2 4,2 4
conditional,599,33,8,8,Surprised,0.0,Male,8,3 8,3 8,3 8
conditional,599,147,4,3,Happy,0.0,Male,1,1 2,1 2,1 2 4
conditional,599,2,6,6,Fearful,1.0,Female,6,3 6,3 6,3 6
conditional,599,242,2,2,Calm,1.0,Female,2,2,2,2
conditional,599,272,8,5,Angry,1.0,Female,5,5 8,5 8,5 8
conditional,599,222,3,8,Surprised,0.0,Male,8,3 8,3 8,1 3 8
conditional,599,343,5,5,Angry,1.0,Female,5,5,5,5
conditional,599,144,2,1,Neutral,0.0,Male,2,1 2,1 2,1 2
conditional,599,249,7,7,Disgust,0.0,Male,7,7,7,7
conditional,599,94,5,5,Angry,1.0,Female,5,5,5,5
conditional,599,234,5,5,Angry,1.0,Female,5,5,5,5
conditional,599,286,4,7,Disgust,0.0,Male,7,4 7,7,4 7
conditional,599,97,8,8,Surprised,0.0,Male,8,1 3 6 8,1 3 8,1 3 8
conditional,599,70,2,2,Calm,0.0,Male,2,2,2,1 2
conditional,599,267,2,1,Neutral,0.0,Male,2,1 2,1 2,1 2
conditional,599,110,4,6,Fearful,0.0,Male,6,3 4 6,3 4 6,3 4 6
conditional,599,23,8,8,Surprised,1.0,Female,8,3 8,3 8,3 8
conditional,599,310,7,7,Disgust,1.0,Female,7,5 7,5 7,7
conditional,599,300,2,4,Sad,1.0,Female,2,2 4,2 4,2 4
conditional,599,218,8,3,Happy,0.0,Male,1,1 2,1 2 8,1 2 8
conditional,599,61,8,6,Fearful,0.0,Male,6,3 6 8,3 6 8,3 6 8
conditional,599,254,2,3,Happy,0.0,Male,1,1 2,1 2 4,1 2 4
