idx,prompt,label_text,label,original_label,group,group_text,top1,topk_set,avgk_set,conformal_marginal_set,conformal_conditional_set,corr_ans_text,topk_text,avgk_text,conformal_marginal_text,conformal_conditional_text
1251,data/facet/images/imgs_2/sa_5464072.jpg,Backpacker,1,0,3,Unknown,16,3 11 16,11 16,3 6 11 16,3 6 11 16,The best answer is 1. Backpacker.,3. Computer User  11. Laborer  16. Salesperson,11. Laborer  16. Salesperson,3. Computer User  6. Guard  11. Laborer  16. Salesperson,3. Computer User  6. Guard  11. Laborer  16. Salesperson
334,data/facet/images/imgs_2/sa_3328077.jpg,Boatman,2,1,1,Middle,2,1 2 11,2,2,2,The best answer is 2. Boatman.,1. Backpacker  2. Boatman  11. Laborer,2. Boatman,2. Boatman,2. Boatman
424,data/facet/images/imgs_2/sa_10230206.jpg,Computer User,3,2,3,Unknown,3,3 6 13,3 6 10 11 13 19,3 6 10 13,3 6 10 13,The best answer is 3. Computer User.,3. Computer User  6. Guard  13. Motorcyclist,3. Computer User  6. Guard  10. Horse Rider  11. Laborer  13. Motorcyclist  19. Speaker,3. Computer User  6. Guard  10. Horse Rider  13. Motorcyclist,3. Computer User  6. Guard  10. Horse Rider  13. Motorcyclist
46,data/facet/images/imgs_2/sa_6774732.jpg,Craftsman,4,3,3,Unknown,11,4 11 15,4 11 15,4 11 15,4 11 15,The best answer is 4. Craftsman.,4. Craftsman  11. Laborer  15. Repairman,4. Craftsman  11. Laborer  15. Repairman,4. Craftsman  11. Laborer  15. Repairman,4. Craftsman  11. Laborer  15. Repairman
51,data/facet/images/imgs_2/sa_3441141.jpg,Farmer,5,4,1,Middle,5,1 5 11,5 11,5 11,5 11,The best answer is 5. Farmer.,1. Backpacker  5. Farmer  11. Laborer,5. Farmer  11. Laborer,5. Farmer  11. Laborer,5. Farmer  11. Laborer
561,data/facet/images/imgs_3/sa_2133120.jpg,Guard,6,5,1,Middle,6,6 12 13,6 12,6 12 13,6 11 12 13,The best answer is 6. Guard.,6. Guard  12. Officer  13. Motorcyclist,6. Guard  12. Officer,6. Guard  12. Officer  13. Motorcyclist,6. Guard  11. Laborer  12. Officer  13. Motorcyclist
1307,data/facet/images/imgs_3/sa_223393.jpg,Guitarist,7,6,1,Middle,7,1 7 17,1 7 11 15 17,1 7 15 17,1 7 15 17,The best answer is 7. Guitarist.,1. Backpacker  7. Guitarist  17. Singer,1. Backpacker  7. Guitarist  11. Laborer  15. Repairman  17. Singer,1. Backpacker  7. Guitarist  15. Repairman  17. Singer,1. Backpacker  7. Guitarist  15. Repairman  17. Singer
33,data/facet/images/imgs_3/sa_11156222.jpg,Gymnast,8,7,0,Younger,8,6 8 20,8,8,8,The best answer is 8. Gymnast.,6. Guard  8. Gymnast  20. Tennis Player,8. Gymnast,8. Gymnast,8. Gymnast
819,data/facet/images/imgs_3/sa_6210745.jpg,Hairdresser,9,8,1,Middle,9,4 9 11,9,9,9,The best answer is 9. Hairdresser.,4. Craftsman  9. Hairdresser  11. Laborer,9. Hairdresser,9. Hairdresser,9. Hairdresser
1142,data/facet/images/imgs_3/sa_10310193.jpg,Horse Rider,10,9,2,Older,10,3 8 10,10,10,3 8 10 12 20,The best answer is 10. Horse Rider.,3. Computer User  8. Gymnast  10. Horse Rider,10. Horse Rider,10. Horse Rider,3. Computer User  8. Gymnast  10. Horse Rider  12. Officer  20. Tennis Player
619,data/facet/images/imgs_2/sa_1926606.jpg,Laborer,11,10,3,Unknown,11,5 11 16,5 11 16,5 11 16,5 11 16,The best answer is 11. Laborer.,5. Farmer  11. Laborer  16. Salesperson,5. Farmer  11. Laborer  16. Salesperson,5. Farmer  11. Laborer  16. Salesperson,5. Farmer  11. Laborer  16. Salesperson
981,data/facet/images/imgs_1/sa_8103739.jpg,Officer,12,11,3,Unknown,11,11 13 16,4 6 11 13 15 16,4 11 13 16,4 11 13 16,The best answer is 12. Officer.,11. Laborer  13. Motorcyclist  16. Salesperson,4. Craftsman  6. Guard  11. Laborer  13. Motorcyclist  15. Repairman  16. Salesperson,4. Craftsman  11. Laborer  13. Motorcyclist  16. Salesperson,4. Craftsman  11. Laborer  13. Motorcyclist  16. Salesperson
472,data/facet/images/imgs_2/sa_3174098.jpg,Motorcyclist,13,12,3,Unknown,13,1 10 13,13,13,13,The best answer is 13. Motorcyclist.,1. Backpacker  10. Horse Rider  13. Motorcyclist,13. Motorcyclist,13. Motorcyclist,13. Motorcyclist
360,data/facet/images/imgs_2/sa_8126786.jpg,Painter,14,13,1,Middle,14,11 14 16,11 14 16,4 11 14 16,4 11 14 16,The best answer is 14. Painter.,11. Laborer  14. Painter  16. Salesperson,11. Laborer  14. Painter  16. Salesperson,4. Craftsman  11. Laborer  14. Painter  16. Salesperson,4. Craftsman  11. Laborer  14. Painter  16. Salesperson
492,data/facet/images/imgs_2/sa_2751388.jpg,Repairman,15,14,0,Younger,16,1 15 16,1 3 11 15 16,1 11 15 16,1 11 15 16,The best answer is 15. Repairman.,1. Backpacker  15. Repairman  16. Salesperson,1. Backpacker  3. Computer User  11. Laborer  15. Repairman  16. Salesperson,1. Backpacker  11. Laborer  15. Repairman  16. Salesperson,1. Backpacker  11. Laborer  15. Repairman  16. Salesperson
994,data/facet/images/imgs_2/sa_4413267.jpg,Salesperson,16,15,2,Older,16,6 11 16,16,16,4 6 11 16,The best answer is 16. Salesperson.,6. Guard  11. Laborer  16. Salesperson,16. Salesperson,16. Salesperson,4. Craftsman  6. Guard  11. Laborer  16. Salesperson
482,data/facet/images/imgs_2/sa_2239322.jpg,Singer,17,16,0,Younger,17,7 11 17,7 17,1 7 11 17,17,The best answer is 17. Singer.,7. Guitarist  11. Laborer  17. Singer,7. Guitarist  17. Singer,1. Backpacker  7. Guitarist  11. Laborer  17. Singer,17. Singer
852,data/facet/images/imgs_2/sa_4921987.jpg,Skateboarder,18,17,1,Middle,18,6 16 18,18,18,18,The best answer is 18. Skateboarder.,6. Guard  16. Salesperson  18. Skateboarder,18. Skateboarder,18. Skateboarder,18. Skateboarder
569,data/facet/images/imgs_1/sa_7900224.jpg,Speaker,19,18,1,Middle,19,10 11 19,6 10 11 18 19,10 11 18 19,10 11 18 19,The best answer is 19. Speaker.,10. Horse Rider  11. Laborer  19. Speaker,6. Guard  10. Horse Rider  11. Laborer  18. Skateboarder  19. Speaker,10. Horse Rider  11. Laborer  18. Skateboarder  19. Speaker,10. Horse Rider  11. Laborer  18. Skateboarder  19. Speaker
691,data/facet/images/imgs_1/sa_6774498.jpg,Tennis Player,20,19,1,Middle,20,11 16 20,20,20,20,The best answer is 20. Tennis Player.,11. Laborer  16. Salesperson  20. Tennis Player,20. Tennis Player,20. Tennis Player,20. Tennis Player
172,data/facet/images/imgs_2/sa_4172662.jpg,Backpacker,1,0,0,Younger,1,1 11 16,1,1,1,The best answer is 1. Backpacker.,1. Backpacker  11. Laborer  16. Salesperson,1. Backpacker,1. Backpacker,1. Backpacker
343,data/facet/images/imgs_2/sa_3703641.jpg,Boatman,2,1,1,Middle,2,2 11 16,2,2,2,The best answer is 2. Boatman.,2. Boatman  11. Laborer  16. Salesperson,2. Boatman,2. Boatman,2. Boatman
1022,data/facet/images/imgs_1/sa_9531936.jpg,Computer User,3,2,1,Middle,11,3 11 15,3 11,3 11 15 19,3 11 15 19,The best answer is 3. Computer User.,3. Computer User  11. Laborer  15. Repairman,3. Computer User  11. Laborer,3. Computer User  11. Laborer  15. Repairman  19. Speaker,3. Computer User  11. Laborer  15. Repairman  19. Speaker
49,data/facet/images/imgs_2/sa_5875698.jpg,Craftsman,4,3,1,Middle,11,4 11 16,4 11 16,4 5 11 16,4 5 11 16,The best answer is 4. Craftsman.,4. Craftsman  11. Laborer  16. Salesperson,4. Craftsman  11. Laborer  16. Salesperson,4. Craftsman  5. Farmer  11. Laborer  16. Salesperson,4. Craftsman  5. Farmer  11. Laborer  16. Salesperson
1100,data/facet/images/imgs_2/sa_3280958.jpg,Farmer,5,4,3,Unknown,2,2 11 16,2 5 11 16,2 5 11 16,2 5 11 16,The best answer is 5. Farmer.,2. Boatman  11. Laborer  16. Salesperson,2. Boatman  5. Farmer  11. Laborer  16. Salesperson,2. Boatman  5. Farmer  11. Laborer  16. Salesperson,2. Boatman  5. Farmer  11. Laborer  16. Salesperson
562,data/facet/images/imgs_2/sa_9493488.jpg,Guard,6,5,1,Middle,6,6 12 16,6 11 12 15 16,6 12 15 16,6 12 15 16,The best answer is 6. Guard.,6. Guard  12. Officer  16. Salesperson,6. Guard  11. Laborer  12. Officer  15. Repairman  16. Salesperson,6. Guard  12. Officer  15. Repairman  16. Salesperson,6. Guard  12. Officer  15. Repairman  16. Salesperson
29,data/facet/images/imgs_2/sa_8346827.jpg,Guitarist,7,6,1,Middle,7,2 7 17,2 7 11 17 19,2 7 17 19,2 7 17 19,The best answer is 7. Guitarist.,2. Boatman  7. Guitarist  17. Singer,2. Boatman  7. Guitarist  11. Laborer  17. Singer  19. Speaker,2. Boatman  7. Guitarist  17. Singer  19. Speaker,2. Boatman  7. Guitarist  17. Singer  19. Speaker
787,data/facet/images/imgs_3/sa_3846391.jpg,Gymnast,8,7,1,Middle,8,1 8 16,1 2 8 11 16,1 8 11 16,1 8 11 16,The best answer is 8. Gymnast.,1. Backpacker  8. Gymnast  16. Salesperson,1. Backpacker  2. Boatman  8. Gymnast  11. Laborer  16. Salesperson,1. Backpacker  8. Gymnast  11. Laborer  16. Salesperson,1. Backpacker  8. Gymnast  11. Laborer  16. Salesperson
628,data/facet/images/imgs_3/sa_4423695.jpg,Hairdresser,9,8,0,Younger,9,4 9 11,9,9,9,The best answer is 9. Hairdresser.,4. Craftsman  9. Hairdresser  11. Laborer,9. Hairdresser,9. Hairdresser,9. Hairdresser
1011,data/facet/images/imgs_3/sa_3190665.jpg,Horse Rider,10,9,0,Younger,10,8 10 12,10,8 10,10,The best answer is 10. Horse Rider.,8. Gymnast  10. Horse Rider  12. Officer,10. Horse Rider,8. Gymnast  10. Horse Rider,10. Horse Rider
620,data/facet/images/imgs_2/sa_1560587.jpg,Laborer,11,10,3,Unknown,11,11 15 16,11 15,11 15,11 15,The best answer is 11. Laborer.,11. Laborer  15. Repairman  16. Salesperson,11. Laborer  15. Repairman,11. Laborer  15. Repairman,11. Laborer  15. Repairman
978,data/facet/images/imgs_1/sa_719752.jpg,Officer,12,11,1,Middle,16,6 11 16,1 6 11 12 13 16,6 11 12 16,6 11 12 16,The best answer is 12. Officer.,6. Guard  11. Laborer  16. Salesperson,1. Backpacker  6. Guard  11. Laborer  12. Officer  13. Motorcyclist  16. Salesperson,6. Guard  11. Laborer  12. Officer  16. Salesperson,6. Guard  11. Laborer  12. Officer  16. Salesperson
954,data/facet/images/imgs_2/sa_3428772.jpg,Motorcyclist,13,12,1,Middle,13,6 12 13,13,13,13,The best answer is 13. Motorcyclist.,6. Guard  12. Officer  13. Motorcyclist,13. Motorcyclist,13. Motorcyclist,13. Motorcyclist
688,data/facet/images/imgs_2/sa_59231.jpg,Painter,14,13,3,Unknown,14,2 14 16,14,14,14,The best answer is 14. Painter.,2. Boatman  14. Painter  16. Salesperson,14. Painter,14. Painter,14. Painter
1151,data/facet/images/imgs_2/sa_4767782.jpg,Repairman,15,14,1,Middle,15,11 15 16,11 15,11 15 16,4 11 15 16,The best answer is 15. Repairman.,11. Laborer  15. Repairman  16. Salesperson,11. Laborer  15. Repairman,11. Laborer  15. Repairman  16. Salesperson,4. Craftsman  11. Laborer  15. Repairman  16. Salesperson
245,data/facet/images/imgs_2/sa_6088412.jpg,Salesperson,16,15,1,Middle,2,2 6 9,2 6,2 6,2 6 9 17,The best answer is 16. Salesperson.,2. Boatman  6. Guard  9. Hairdresser,2. Boatman  6. Guard,2. Boatman  6. Guard,2. Boatman  6. Guard  9. Hairdresser  17. Singer
42,data/facet/images/imgs_2/sa_3272603.jpg,Singer,17,16,1,Middle,17,3 10 17,10 17,10 17,1 3 10 17,The best answer is 17. Singer.,3. Computer User  10. Horse Rider  17. Singer,10. Horse Rider  17. Singer,10. Horse Rider  17. Singer,1. Backpacker  3. Computer User  10. Horse Rider  17. Singer
864,data/facet/images/imgs_2/sa_3135630.jpg,Skateboarder,18,17,0,Younger,18,6 8 18,18,18,18,The best answer is 18. Skateboarder.,6. Guard  8. Gymnast  18. Skateboarder,18. Skateboarder,18. Skateboarder,18. Skateboarder
1175,data/facet/images/imgs_1/sa_8011527.jpg,Speaker,19,18,2,Older,16,10 16 19,6 8 10 16 17 19,6 10 16 19,6 10 16 17 19,The best answer is 19. Speaker.,10. Horse Rider  16. Salesperson  19. Speaker,6. Guard  8. Gymnast  10. Horse Rider  16. Salesperson  17. Singer  19. Speaker,6. Guard  10. Horse Rider  16. Salesperson  19. Speaker,6. Guard  10. Horse Rider  16. Salesperson  17. Singer  19. Speaker
684,data/facet/images/imgs_1/sa_6886440.jpg,Tennis Player,20,19,1,Middle,20,11 14 20,20,20,20,The best answer is 20. Tennis Player.,11. Laborer  14. Painter  20. Tennis Player,20. Tennis Player,20. Tennis Player,20. Tennis Player
200,data/facet/images/imgs_2/sa_4179059.jpg,Backpacker,1,0,0,Younger,6,6 15 16,1 6 15 16,1 6 15 16,6 15 16,The best answer is 1. Backpacker.,6. Guard  15. Repairman  16. Salesperson,1. Backpacker  6. Guard  15. Repairman  16. Salesperson,1. Backpacker  6. Guard  15. Repairman  16. Salesperson,6. Guard  15. Repairman  16. Salesperson
344,data/facet/images/imgs_2/sa_2148689.jpg,Boatman,2,1,1,Middle,2,2 11 16,2,2 11,2 11 16,The best answer is 2. Boatman.,2. Boatman  11. Laborer  16. Salesperson,2. Boatman,2. Boatman  11. Laborer,2. Boatman  11. Laborer  16. Salesperson
427,data/facet/images/imgs_1/sa_9431123.jpg,Computer User,3,2,3,Unknown,3,3 11 16,3 11 15 16 19,3 11 16 19,3 11 16 19,The best answer is 3. Computer User.,3. Computer User  11. Laborer  16. Salesperson,3. Computer User  11. Laborer  15. Repairman  16. Salesperson  19. Speaker,3. Computer User  11. Laborer  16. Salesperson  19. Speaker,3. Computer User  11. Laborer  16. Salesperson  19. Speaker
346,data/facet/images/imgs_2/sa_4171439.jpg,Craftsman,4,3,1,Middle,11,4 11 16,2 4 11 16,2 4 11 16,2 4 11 16,The best answer is 4. Craftsman.,4. Craftsman  11. Laborer  16. Salesperson,2. Boatman  4. Craftsman  11. Laborer  16. Salesperson,2. Boatman  4. Craftsman  11. Laborer  16. Salesperson,2. Boatman  4. Craftsman  11. Laborer  16. Salesperson
1103,data/facet/images/imgs_2/sa_3125169.jpg,Farmer,5,4,1,Middle,5,4 5 11,5 11,5 11,5 11,The best answer is 5. Farmer.,4. Craftsman  5. Farmer  11. Laborer,5. Farmer  11. Laborer,5. Farmer  11. Laborer,5. Farmer  11. Laborer
931,data/facet/images/imgs_2/sa_9746976.jpg,Guard,6,5,1,Middle,6,4 6 10,6,6,6,The best answer is 6. Guard.,4. Craftsman  6. Guard  10. Horse Rider,6. Guard,6. Guard,6. Guard
1357,data/facet/images/imgs_3/sa_2580064.jpg,Guitarist,7,6,1,Middle,17,3 7 17,3 6 7 10 14 17 19,3 7 14 17,3 7 14 17,The best answer is 7. Guitarist.,3. Computer User  7. Guitarist  17. Singer,3. Computer User  6. Guard  7. Guitarist  10. Horse Rider  14. Painter  17. Singer  19. Speaker,3. Computer User  7. Guitarist  14. Painter  17. Singer,3. Computer User  7. Guitarist  14. Painter  17. Singer
847,data/facet/images/imgs_3/sa_1296601.jpg,Gymnast,8,7,1,Middle,8,3 8 20,8,8,8,The best answer is 8. Gymnast.,3. Computer User  8. Gymnast  20. Tennis Player,8. Gymnast,8. Gymnast,8. Gymnast
1268,data/facet/images/imgs_3/sa_5179643.jpg,Hairdresser,9,8,1,Middle,9,4 9 15,4 9 11 15,4 9 11 15,4 9 11 15,The best answer is 9. Hairdresser.,4. Craftsman  9. Hairdresser  15. Repairman,4. Craftsman  9. Hairdresser  11. Laborer  15. Repairman,4. Craftsman  9. Hairdresser  11. Laborer  15. Repairman,4. Craftsman  9. Hairdresser  11. Laborer  15. Repairman
1017,data/facet/images/imgs_3/sa_1476633.jpg,Horse Rider,10,9,1,Middle,10,5 10 12,10 12,10 12,5 10 12,The best answer is 10. Horse Rider.,5. Farmer  10. Horse Rider  12. Officer,10. Horse Rider  12. Officer,10. Horse Rider  12. Officer,5. Farmer  10. Horse Rider  12. Officer
163,data/facet/images/imgs_2/sa_3503895.jpg,Laborer,11,10,1,Middle,11,11 15 16,11 15,11 15 16,11 15 16,The best answer is 11. Laborer.,11. Laborer  15. Repairman  16. Salesperson,11. Laborer  15. Repairman,11. Laborer  15. Repairman  16. Salesperson,11. Laborer  15. Repairman  16. Salesperson
454,data/facet/images/imgs_1/sa_7617303.jpg,Officer,12,11,1,Middle,6,6 11 13,6,6 11 13 16,6 11 13 16,The best answer is 12. Officer.,6. Guard  11. Laborer  13. Motorcyclist,6. Guard,6. Guard  11. Laborer  13. Motorcyclist  16. Salesperson,6. Guard  11. Laborer  13. Motorcyclist  16. Salesperson
952,data/facet/images/imgs_2/sa_5333880.jpg,Motorcyclist,13,12,0,Younger,13,11 13 18,13,13,13,The best answer is 13. Motorcyclist.,11. Laborer  13. Motorcyclist  18. Skateboarder,13. Motorcyclist,13. Motorcyclist,13. Motorcyclist
116,data/facet/images/imgs_2/sa_7391541.jpg,Painter,14,13,0,Younger,11,4 11 14,4 11 14,4 11 14 16,11 14,The best answer is 14. Painter.,4. Craftsman  11. Laborer  14. Painter,4. Craftsman  11. Laborer  14. Painter,4. Craftsman  11. Laborer  14. Painter  16. Salesperson,11. Laborer  14. Painter
1140,data/facet/images/imgs_2/sa_3332908.jpg,Repairman,15,14,1,Middle,15,11 15 16,11 15 16,11 13 15 16,11 13 15 16,The best answer is 15. Repairman.,11. Laborer  15. Repairman  16. Salesperson,11. Laborer  15. Repairman  16. Salesperson,11. Laborer  13. Motorcyclist  15. Repairman  16. Salesperson,11. Laborer  13. Motorcyclist  15. Repairman  16. Salesperson
246,data/facet/images/imgs_2/sa_5136558.jpg,Salesperson,16,15,1,Middle,16,1 6 16,1 6 16,1 6 9 16,1 6 9 16,The best answer is 16. Salesperson.,1. Backpacker  6. Guard  16. Salesperson,1. Backpacker  6. Guard  16. Salesperson,1. Backpacker  6. Guard  9. Hairdresser  16. Salesperson,1. Backpacker  6. Guard  9. Hairdresser  16. Salesperson
477,data/facet/images/imgs_2/sa_2742722.jpg,Singer,17,16,1,Middle,17,6 17 19,17,6 17 19,6 7 17 19,The best answer is 17. Singer.,6. Guard  17. Singer  19. Speaker,17. Singer,6. Guard  17. Singer  19. Speaker,6. Guard  7. Guitarist  17. Singer  19. Speaker
638,data/facet/images/imgs_2/sa_2874174.jpg,Skateboarder,18,17,1,Middle,18,11 16 18,18,18,18,The best answer is 18. Skateboarder.,11. Laborer  16. Salesperson  18. Skateboarder,18. Skateboarder,18. Skateboarder,18. Skateboarder
248,data/facet/images/imgs_1/sa_7663575.jpg,Speaker,19,18,1,Middle,1,1 9 12,1 4 5 6 8 9 11 12 13 16 17,1 9 11 12,1 9 11 12,The best answer is 19. Speaker.,1. Backpacker  9. Hairdresser  12. Officer,1. Backpacker  4. Craftsman  5. Farmer  6. Guard  8. Gymnast  9. Hairdresser  11. Laborer  12. Officer  13. Motorcyclist  16. Salesperson  17. Singer,1. Backpacker  9. Hairdresser  11. Laborer  12. Officer,1. Backpacker  9. Hairdresser  11. Laborer  12. Officer
767,data/facet/images/imgs_1/sa_6035884.jpg,Tennis Player,20,19,1,Middle,20,11 14 20,20,20,20,The best answer is 20. Tennis Player.,11. Laborer  14. Painter  20. Tennis Player,20. Tennis Player,20. Tennis Player,20. Tennis Player
552,data/facet/images/imgs_2/sa_4868760.jpg,Backpacker,1,0,0,Younger,1,1 11 16,1 11 16 18,1 11 16 18,1 11 16 18,The best answer is 1. Backpacker.,1. Backpacker  11. Laborer  16. Salesperson,1. Backpacker  11. Laborer  16. Salesperson  18. Skateboarder,1. Backpacker  11. Laborer  16. Salesperson  18. Skateboarder,1. Backpacker  11. Laborer  16. Salesperson  18. Skateboarder
476,data/facet/images/imgs_2/sa_3106168.jpg,Backpacker,1,0,0,Younger,1,1 5 11,1,1,1,The best answer is 1. Backpacker.,1. Backpacker  5. Farmer  11. Laborer,1. Backpacker,1. Backpacker,1. Backpacker
1020,data/facet/images/imgs_2/sa_5007377.jpg,Backpacker,1,0,3,Unknown,18,10 11 18,1 2 5 6 10 11 14 15 16 18,6 10 11 18,6 10 11 18,The best answer is 1. Backpacker.,10. Horse Rider  11. Laborer  18. Skateboarder,1. Backpacker  2. Boatman  5. Farmer  6. Guard  10. Horse Rider  11. Laborer  14. Painter  15. Repairman  16. Salesperson  18. Skateboarder,6. Guard  10. Horse Rider  11. Laborer  18. Skateboarder,6. Guard  10. Horse Rider  11. Laborer  18. Skateboarder
1033,data/facet/images/imgs_2/sa_4681601.jpg,Backpacker,1,0,3,Unknown,8,6 8 16,5 6 8 10 11 14 15 16 17 18,6 8 11 16,6 8 11 16,The best answer is 1. Backpacker.,6. Guard  8. Gymnast  16. Salesperson,5. Farmer  6. Guard  8. Gymnast  10. Horse Rider  11. Laborer  14. Painter  15. Repairman  16. Salesperson  17. Singer  18. Skateboarder,6. Guard  8. Gymnast  11. Laborer  16. Salesperson,6. Guard  8. Gymnast  11. Laborer  16. Salesperson
1397,data/facet/images/imgs_2/sa_4909628.jpg,Backpacker,1,0,0,Younger,16,1 11 16,1 16,1 9 11 16,1 16,The best answer is 1. Backpacker.,1. Backpacker  11. Laborer  16. Salesperson,1. Backpacker  16. Salesperson,1. Backpacker  9. Hairdresser  11. Laborer  16. Salesperson,1. Backpacker  16. Salesperson
21,data/facet/images/imgs_2/sa_1930587.jpg,Backpacker,1,0,1,Middle,11,6 10 11,3 6 10 11 18 19 20,3 6 10 11,3 6 10 11,The best answer is 1. Backpacker.,6. Guard  10. Horse Rider  11. Laborer,3. Computer User  6. Guard  10. Horse Rider  11. Laborer  18. Skateboarder  19. Speaker  20. Tennis Player,3. Computer User  6. Guard  10. Horse Rider  11. Laborer,3. Computer User  6. Guard  10. Horse Rider  11. Laborer
1270,data/facet/images/imgs_2/sa_2617066.jpg,Backpacker,1,0,0,Younger,1,1 11 16,1,1,1,The best answer is 1. Backpacker.,1. Backpacker  11. Laborer  16. Salesperson,1. Backpacker,1. Backpacker,1. Backpacker
670,data/facet/images/imgs_2/sa_2739622.jpg,Backpacker,1,0,3,Unknown,1,1 3 16,1 3 6 11 16 18,1 3 11 16,1 3 11 16,The best answer is 1. Backpacker.,1. Backpacker  3. Computer User  16. Salesperson,1. Backpacker  3. Computer User  6. Guard  11. Laborer  16. Salesperson  18. Skateboarder,1. Backpacker  3. Computer User  11. Laborer  16. Salesperson,1. Backpacker  3. Computer User  11. Laborer  16. Salesperson
673,data/facet/images/imgs_2/sa_2119164.jpg,Backpacker,1,0,1,Middle,1,1 6 11,1,1,1 11,The best answer is 1. Backpacker.,1. Backpacker  6. Guard  11. Laborer,1. Backpacker,1. Backpacker,1. Backpacker  11. Laborer
674,data/facet/images/imgs_2/sa_3450902.jpg,Backpacker,1,0,3,Unknown,6,2 6 11,2 6,2 6 11,2 6 11,The best answer is 1. Backpacker.,2. Boatman  6. Guard  11. Laborer,2. Boatman  6. Guard,2. Boatman  6. Guard  11. Laborer,2. Boatman  6. Guard  11. Laborer
676,data/facet/images/imgs_2/sa_3075760.jpg,Backpacker,1,0,1,Middle,1,1 11 16,1 11 16,1 11 16,1 5 11 16,The best answer is 1. Backpacker.,1. Backpacker  11. Laborer  16. Salesperson,1. Backpacker  11. Laborer  16. Salesperson,1. Backpacker  11. Laborer  16. Salesperson,1. Backpacker  5. Farmer  11. Laborer  16. Salesperson
293,data/facet/images/imgs_2/sa_3152828.jpg,Backpacker,1,0,1,Middle,16,1 15 16,1 3 6 11 15 16 18,1 11 15 16,1 11 15 16,The best answer is 1. Backpacker.,1. Backpacker  15. Repairman  16. Salesperson,1. Backpacker  3. Computer User  6. Guard  11. Laborer  15. Repairman  16. Salesperson  18. Skateboarder,1. Backpacker  11. Laborer  15. Repairman  16. Salesperson,1. Backpacker  11. Laborer  15. Repairman  16. Salesperson
748,data/facet/images/imgs_2/sa_502763.jpg,Backpacker,1,0,1,Middle,16,1 11 16,1 11 16,1 2 11 16,1 2 11 16,The best answer is 1. Backpacker.,1. Backpacker  11. Laborer  16. Salesperson,1. Backpacker  11. Laborer  16. Salesperson,1. Backpacker  2. Boatman  11. Laborer  16. Salesperson,1. Backpacker  2. Boatman  11. Laborer  16. Salesperson
96,data/facet/images/imgs_2/sa_5456797.jpg,Backpacker,1,0,1,Middle,16,11 15 16,16,11 16,11 14 15 16,The best answer is 1. Backpacker.,11. Laborer  15. Repairman  16. Salesperson,16. Salesperson,11. Laborer  16. Salesperson,11. Laborer  14. Painter  15. Repairman  16. Salesperson
1297,data/facet/images/imgs_2/sa_4672827.jpg,Backpacker,1,0,1,Middle,13,13 16 18,6 9 10 13 14 16 18,10 13 16 18,10 13 16 18,The best answer is 1. Backpacker.,13. Motorcyclist  16. Salesperson  18. Skateboarder,6. Guard  9. Hairdresser  10. Horse Rider  13. Motorcyclist  14. Painter  16. Salesperson  18. Skateboarder,10. Horse Rider  13. Motorcyclist  16. Salesperson  18. Skateboarder,10. Horse Rider  13. Motorcyclist  16. Salesperson  18. Skateboarder
122,data/facet/images/imgs_2/sa_4681797.jpg,Backpacker,1,0,2,Older,1,1 6 16,1 6 16,1 6 15 16,1 6 15 16 18,The best answer is 1. Backpacker.,1. Backpacker  6. Guard  16. Salesperson,1. Backpacker  6. Guard  16. Salesperson,1. Backpacker  6. Guard  15. Repairman  16. Salesperson,1. Backpacker  6. Guard  15. Repairman  16. Salesperson  18. Skateboarder
1154,data/facet/images/imgs_2/sa_3676755.jpg,Backpacker,1,0,1,Middle,1,1 6 20,1 6 20,1 6 17 20,1 6 17 20,The best answer is 1. Backpacker.,1. Backpacker  6. Guard  20. Tennis Player,1. Backpacker  6. Guard  20. Tennis Player,1. Backpacker  6. Guard  17. Singer  20. Tennis Player,1. Backpacker  6. Guard  17. Singer  20. Tennis Player
1047,data/facet/images/imgs_2/sa_4147900.jpg,Backpacker,1,0,0,Younger,10,1 6 10,1 6 10 13 20,1 6 10 13,1 6 10 13,The best answer is 1. Backpacker.,1. Backpacker  6. Guard  10. Horse Rider,1. Backpacker  6. Guard  10. Horse Rider  13. Motorcyclist  20. Tennis Player,1. Backpacker  6. Guard  10. Horse Rider  13. Motorcyclist,1. Backpacker  6. Guard  10. Horse Rider  13. Motorcyclist
1051,data/facet/images/imgs_2/sa_3816936.jpg,Backpacker,1,0,0,Younger,1,1 11 16,1,1 16,1,The best answer is 1. Backpacker.,1. Backpacker  11. Laborer  16. Salesperson,1. Backpacker,1. Backpacker  16. Salesperson,1. Backpacker
402,data/facet/images/imgs_2/sa_2065267.jpg,Backpacker,1,0,0,Younger,1,1 3 16,1,1,1,The best answer is 1. Backpacker.,1. Backpacker  3. Computer User  16. Salesperson,1. Backpacker,1. Backpacker,1. Backpacker
531,data/facet/images/imgs_2/sa_3432353.jpg,Backpacker,1,0,2,Older,6,6 11 14,1 3 6 10 11 12 14 16,3 6 11 14,3 6 11 14 16,The best answer is 1. Backpacker.,6. Guard  11. Laborer  14. Painter,1. Backpacker  3. Computer User  6. Guard  10. Horse Rider  11. Laborer  12. Officer  14. Painter  16. Salesperson,3. Computer User  6. Guard  11. Laborer  14. Painter,3. Computer User  6. Guard  11. Laborer  14. Painter  16. Salesperson
533,data/facet/images/imgs_2/sa_255560.jpg,Backpacker,1,0,1,Middle,1,1 11 16,1,1 5 11 16,1 5 11 16,The best answer is 1. Backpacker.,1. Backpacker  11. Laborer  16. Salesperson,1. Backpacker,1. Backpacker  5. Farmer  11. Laborer  16. Salesperson,1. Backpacker  5. Farmer  11. Laborer  16. Salesperson
536,data/facet/images/imgs_2/sa_3784671.jpg,Backpacker,1,0,3,Unknown,1,1 6 16,1 6 11 16,1 6 11 16,1 6 11 16,The best answer is 1. Backpacker.,1. Backpacker  6. Guard  16. Salesperson,1. Backpacker  6. Guard  11. Laborer  16. Salesperson,1. Backpacker  6. Guard  11. Laborer  16. Salesperson,1. Backpacker  6. Guard  11. Laborer  16. Salesperson
543,data/facet/images/imgs_2/sa_5488594.jpg,Backpacker,1,0,1,Middle,1,1 2 10,1,1,1,The best answer is 1. Backpacker.,1. Backpacker  2. Boatman  10. Horse Rider,1. Backpacker,1. Backpacker,1. Backpacker
550,data/facet/images/imgs_2/sa_5301120.jpg,Backpacker,1,0,1,Middle,3,3 11 16,3 11 15 16,3 11 15 16,3 11 15 16,The best answer is 1. Backpacker.,3. Computer User  11. Laborer  16. Salesperson,3. Computer User  11. Laborer  15. Repairman  16. Salesperson,3. Computer User  11. Laborer  15. Repairman  16. Salesperson,3. Computer User  11. Laborer  15. Repairman  16. Salesperson
945,data/facet/images/imgs_2/sa_2319819.jpg,Backpacker,1,0,1,Middle,16,13 16 19,16,13 16 19,6 13 16 19,The best answer is 1. Backpacker.,13. Motorcyclist  16. Salesperson  19. Speaker,16. Salesperson,13. Motorcyclist  16. Salesperson  19. Speaker,6. Guard  13. Motorcyclist  16. Salesperson  19. Speaker
1074,data/facet/images/imgs_2/sa_5161621.jpg,Backpacker,1,0,3,Unknown,1,1 10 12,1,1 10 12,1 10,The best answer is 1. Backpacker.,1. Backpacker  10. Horse Rider  12. Officer,1. Backpacker,1. Backpacker  10. Horse Rider  12. Officer,1. Backpacker  10. Horse Rider
1092,data/facet/images/imgs_2/sa_3594058.jpg,Backpacker,1,0,3,Unknown,14,11 14 16,14 16,14 16,14 16,The best answer is 1. Backpacker.,11. Laborer  14. Painter  16. Salesperson,14. Painter  16. Salesperson,14. Painter  16. Salesperson,14. Painter  16. Salesperson
1097,data/facet/images/imgs_2/sa_5269223.jpg,Backpacker,1,0,0,Younger,18,6 16 18,6 18,1 6 16 18,18,The best answer is 1. Backpacker.,6. Guard  16. Salesperson  18. Skateboarder,6. Guard  18. Skateboarder,1. Backpacker  6. Guard  16. Salesperson  18. Skateboarder,18. Skateboarder
1199,data/facet/images/imgs_2/sa_3014932.jpg,Backpacker,1,0,0,Younger,1,1 12 18,1 3 6 8 10 12 18,1 8 12 18,1 8 12 18,The best answer is 1. Backpacker.,1. Backpacker  12. Officer  18. Skateboarder,1. Backpacker  3. Computer User  6. Guard  8. Gymnast  10. Horse Rider  12. Officer  18. Skateboarder,1. Backpacker  8. Gymnast  12. Officer  18. Skateboarder,1. Backpacker  8. Gymnast  12. Officer  18. Skateboarder
1215,data/facet/images/imgs_2/sa_3821635.jpg,Backpacker,1,0,1,Middle,20,8 11 20,6 8 11 15 20,8 11 15 20,8 11 15 20,The best answer is 1. Backpacker.,8. Gymnast  11. Laborer  20. Tennis Player,6. Guard  8. Gymnast  11. Laborer  15. Repairman  20. Tennis Player,8. Gymnast  11. Laborer  15. Repairman  20. Tennis Player,8. Gymnast  11. Laborer  15. Repairman  20. Tennis Player
499,data/facet/images/imgs_2/sa_363638.jpg,Backpacker,1,0,0,Younger,1,1 6 16,1 6 16,1 6 10 16,1,The best answer is 1. Backpacker.,1. Backpacker  6. Guard  16. Salesperson,1. Backpacker  6. Guard  16. Salesperson,1. Backpacker  6. Guard  10. Horse Rider  16. Salesperson,1. Backpacker
526,data/facet/images/imgs_2/sa_3274109.jpg,Backpacker,1,0,0,Younger,1,1 6 16,1 4 6 14 15 16,1 4 6 16,1 4 6 16,The best answer is 1. Backpacker.,1. Backpacker  6. Guard  16. Salesperson,1. Backpacker  4. Craftsman  6. Guard  14. Painter  15. Repairman  16. Salesperson,1. Backpacker  4. Craftsman  6. Guard  16. Salesperson,1. Backpacker  4. Craftsman  6. Guard  16. Salesperson
381,data/facet/images/imgs_2/sa_4059546.jpg,Backpacker,1,0,0,Younger,16,1 6 16,1 3 6 11 15 16,1 6 11 16,1 6 11 16,The best answer is 1. Backpacker.,1. Backpacker  6. Guard  16. Salesperson,1. Backpacker  3. Computer User  6. Guard  11. Laborer  15. Repairman  16. Salesperson,1. Backpacker  6. Guard  11. Laborer  16. Salesperson,1. Backpacker  6. Guard  11. Laborer  16. Salesperson
389,data/facet/images/imgs_2/sa_2315596.jpg,Backpacker,1,0,2,Older,13,1 13 16,13,13,1 2 13 16,The best answer is 1. Backpacker.,1. Backpacker  13. Motorcyclist  16. Salesperson,13. Motorcyclist,13. Motorcyclist,1. Backpacker  2. Boatman  13. Motorcyclist  16. Salesperson
270,data/facet/images/imgs_2/sa_3195677.jpg,Backpacker,1,0,1,Middle,1,1 6 12,1 3 6 10 11 12 13,1 6 10 12,1 6 10 12,The best answer is 1. Backpacker.,1. Backpacker  6. Guard  12. Officer,1. Backpacker  3. Computer User  6. Guard  10. Horse Rider  11. Laborer  12. Officer  13. Motorcyclist,1. Backpacker  6. Guard  10. Horse Rider  12. Officer,1. Backpacker  6. Guard  10. Horse Rider  12. Officer
279,data/facet/images/imgs_2/sa_3261071.jpg,Backpacker,1,0,3,Unknown,1,1 11 16,1 16,1 16,1,The best answer is 1. Backpacker.,1. Backpacker  11. Laborer  16. Salesperson,1. Backpacker  16. Salesperson,1. Backpacker  16. Salesperson,1. Backpacker
147,data/facet/images/imgs_2/sa_5531528.jpg,Backpacker,1,0,1,Middle,1,1 11 16,1,1 11,1 3 11 16,The best answer is 1. Backpacker.,1. Backpacker  11. Laborer  16. Salesperson,1. Backpacker,1. Backpacker  11. Laborer,1. Backpacker  3. Computer User  11. Laborer  16. Salesperson
153,data/facet/images/imgs_2/sa_3771423.jpg,Backpacker,1,0,1,Middle,1,1 5 11,1,1,1,The best answer is 1. Backpacker.,1. Backpacker  5. Farmer  11. Laborer,1. Backpacker,1. Backpacker,1. Backpacker
598,data/facet/images/imgs_2/sa_2540798.jpg,Backpacker,1,0,0,Younger,1,1 3 16,1,1,1,The best answer is 1. Backpacker.,1. Backpacker  3. Computer User  16. Salesperson,1. Backpacker,1. Backpacker,1. Backpacker
607,data/facet/images/imgs_2/sa_2140694.jpg,Backpacker,1,0,0,Younger,9,3 9 16,3 9 11 14 16 20,3 9 14 16,3 9 14 16,The best answer is 1. Backpacker.,3. Computer User  9. Hairdresser  16. Salesperson,3. Computer User  9. Hairdresser  11. Laborer  14. Painter  16. Salesperson  20. Tennis Player,3. Computer User  9. Hairdresser  14. Painter  16. Salesperson,3. Computer User  9. Hairdresser  14. Painter  16. Salesperson
627,data/facet/images/imgs_2/sa_4375077.jpg,Backpacker,1,0,1,Middle,3,1 3 16,1 3 4 5 14 16,1 3 5 16,1 3 5 16,The best answer is 1. Backpacker.,1. Backpacker  3. Computer User  16. Salesperson,1. Backpacker  3. Computer User  4. Craftsman  5. Farmer  14. Painter  16. Salesperson,1. Backpacker  3. Computer User  5. Farmer  16. Salesperson,1. Backpacker  3. Computer User  5. Farmer  16. Salesperson
630,data/facet/images/imgs_2/sa_1951379.jpg,Backpacker,1,0,1,Middle,14,11 14 16,14,14,14 16,The best answer is 1. Backpacker.,11. Laborer  14. Painter  16. Salesperson,14. Painter,14. Painter,14. Painter  16. Salesperson
577,data/facet/images/imgs_2/sa_5246025.jpg,Backpacker,1,0,0,Younger,1,1 11 14,1 14,1 11 14 16,1,The best answer is 1. Backpacker.,1. Backpacker  11. Laborer  14. Painter,1. Backpacker  14. Painter,1. Backpacker  11. Laborer  14. Painter  16. Salesperson,1. Backpacker
919,data/facet/images/imgs_2/sa_3110162.jpg,Backpacker,1,0,1,Middle,1,1 4 16,1 16,1 16,1 2 4 16,The best answer is 1. Backpacker.,1. Backpacker  4. Craftsman  16. Salesperson,1. Backpacker  16. Salesperson,1. Backpacker  16. Salesperson,1. Backpacker  2. Boatman  4. Craftsman  16. Salesperson
922,data/facet/images/imgs_2/sa_5097356.jpg,Backpacker,1,0,3,Unknown,16,1 11 16,16,16,16,The best answer is 1. Backpacker.,1. Backpacker  11. Laborer  16. Salesperson,16. Salesperson,16. Salesperson,16. Salesperson
930,data/facet/images/imgs_2/sa_535911.jpg,Backpacker,1,0,3,Unknown,1,1 11 16,1 11 16,1 6 11 16,1 6 11 16,The best answer is 1. Backpacker.,1. Backpacker  11. Laborer  16. Salesperson,1. Backpacker  11. Laborer  16. Salesperson,1. Backpacker  6. Guard  11. Laborer  16. Salesperson,1. Backpacker  6. Guard  11. Laborer  16. Salesperson
557,data/facet/images/imgs_2/sa_4017612.jpg,Backpacker,1,0,1,Middle,3,3 16 19,3 6 16 18 19 20,3 6 16 19,3 6 16 19,The best answer is 1. Backpacker.,3. Computer User  16. Salesperson  19. Speaker,3. Computer User  6. Guard  16. Salesperson  18. Skateboarder  19. Speaker  20. Tennis Player,3. Computer User  6. Guard  16. Salesperson  19. Speaker,3. Computer User  6. Guard  16. Salesperson  19. Speaker
567,data/facet/images/imgs_2/sa_3999641.jpg,Backpacker,1,0,1,Middle,1,1 5 11,1 5,1 5 11 16,1 5 11 16,The best answer is 1. Backpacker.,1. Backpacker  5. Farmer  11. Laborer,1. Backpacker  5. Farmer,1. Backpacker  5. Farmer  11. Laborer  16. Salesperson,1. Backpacker  5. Farmer  11. Laborer  16. Salesperson
590,data/facet/images/imgs_2/sa_213409.jpg,Backpacker,1,0,1,Middle,1,1 4 16,1 16,1 4 11 16,1 4 11 16,The best answer is 1. Backpacker.,1. Backpacker  4. Craftsman  16. Salesperson,1. Backpacker  16. Salesperson,1. Backpacker  4. Craftsman  11. Laborer  16. Salesperson,1. Backpacker  4. Craftsman  11. Laborer  16. Salesperson
595,data/facet/images/imgs_2/sa_3943571.jpg,Backpacker,1,0,1,Middle,16,1 14 16,14 16,1 14 16,1 2 14 16,The best answer is 1. Backpacker.,1. Backpacker  14. Painter  16. Salesperson,14. Painter  16. Salesperson,1. Backpacker  14. Painter  16. Salesperson,1. Backpacker  2. Boatman  14. Painter  16. Salesperson
1192,data/facet/images/imgs_2/sa_181212.jpg,Backpacker,1,0,3,Unknown,16,11 16 18,6 10 11 14 15 16 18,11 14 16 18,11 14 16 18,The best answer is 1. Backpacker.,11. Laborer  16. Salesperson  18. Skateboarder,6. Guard  10. Horse Rider  11. Laborer  14. Painter  15. Repairman  16. Salesperson  18. Skateboarder,11. Laborer  14. Painter  16. Salesperson  18. Skateboarder,11. Laborer  14. Painter  16. Salesperson  18. Skateboarder
1000,data/facet/images/imgs_2/sa_5070769.jpg,Backpacker,1,0,1,Middle,16,1 6 16,6 16,1 6 13 16,1 6 13 16,The best answer is 1. Backpacker.,1. Backpacker  6. Guard  16. Salesperson,6. Guard  16. Salesperson,1. Backpacker  6. Guard  13. Motorcyclist  16. Salesperson,1. Backpacker  6. Guard  13. Motorcyclist  16. Salesperson
772,data/facet/images/imgs_2/sa_3225903.jpg,Backpacker,1,0,1,Middle,10,1 10 16,1 5 10 11 16,1 5 10 16,1 5 10 16,The best answer is 1. Backpacker.,1. Backpacker  10. Horse Rider  16. Salesperson,1. Backpacker  5. Farmer  10. Horse Rider  11. Laborer  16. Salesperson,1. Backpacker  5. Farmer  10. Horse Rider  16. Salesperson,1. Backpacker  5. Farmer  10. Horse Rider  16. Salesperson
700,data/facet/images/imgs_2/sa_5397669.jpg,Backpacker,1,0,3,Unknown,1,1 2 6,1 2 6 14,1 2 6 14,1 2 6 14,The best answer is 1. Backpacker.,1. Backpacker  2. Boatman  6. Guard,1. Backpacker  2. Boatman  6. Guard  14. Painter,1. Backpacker  2. Boatman  6. Guard  14. Painter,1. Backpacker  2. Boatman  6. Guard  14. Painter
840,data/facet/images/imgs_2/sa_2860785.jpg,Backpacker,1,0,1,Middle,11,11 13 16,5 6 11 13 16,5 11 13 16,5 11 13 16,The best answer is 1. Backpacker.,11. Laborer  13. Motorcyclist  16. Salesperson,5. Farmer  6. Guard  11. Laborer  13. Motorcyclist  16. Salesperson,5. Farmer  11. Laborer  13. Motorcyclist  16. Salesperson,5. Farmer  11. Laborer  13. Motorcyclist  16. Salesperson
689,data/facet/images/imgs_2/sa_2123689.jpg,Backpacker,1,0,1,Middle,16,2 11 16,2 11 14 16,2 11 14 16,2 11 14 16,The best answer is 1. Backpacker.,2. Boatman  11. Laborer  16. Salesperson,2. Boatman  11. Laborer  14. Painter  16. Salesperson,2. Boatman  11. Laborer  14. Painter  16. Salesperson,2. Boatman  11. Laborer  14. Painter  16. Salesperson
662,data/facet/images/imgs_2/sa_2499281.jpg,Backpacker,1,0,0,Younger,1,1 17 20,1,1,1,The best answer is 1. Backpacker.,1. Backpacker  17. Singer  20. Tennis Player,1. Backpacker,1. Backpacker,1. Backpacker
668,data/facet/images/imgs_2/sa_1968795.jpg,Backpacker,1,0,1,Middle,1,1 2 11,1 2,1 2,1 2 7 11,The best answer is 1. Backpacker.,1. Backpacker  2. Boatman  11. Laborer,1. Backpacker  2. Boatman,1. Backpacker  2. Boatman,1. Backpacker  2. Boatman  7. Guitarist  11. Laborer
107,data/facet/images/imgs_2/sa_4253431.jpg,Backpacker,1,0,1,Middle,16,6 16 17,6 11 16 17,6 11 16 17,6 11 16 17,The best answer is 1. Backpacker.,6. Guard  16. Salesperson  17. Singer,6. Guard  11. Laborer  16. Salesperson  17. Singer,6. Guard  11. Laborer  16. Salesperson  17. Singer,6. Guard  11. Laborer  16. Salesperson  17. Singer
230,data/facet/images/imgs_2/sa_3780739.jpg,Backpacker,1,0,3,Unknown,1,1 6 16,1 16,1 6 14 16,1 6 14 16,The best answer is 1. Backpacker.,1. Backpacker  6. Guard  16. Salesperson,1. Backpacker  16. Salesperson,1. Backpacker  6. Guard  14. Painter  16. Salesperson,1. Backpacker  6. Guard  14. Painter  16. Salesperson
1331,data/facet/images/imgs_2/sa_5153707.jpg,Backpacker,1,0,1,Middle,1,1 11 16,1 5 11 16,1 5 11 16,1 5 11 16,The best answer is 1. Backpacker.,1. Backpacker  11. Laborer  16. Salesperson,1. Backpacker  5. Farmer  11. Laborer  16. Salesperson,1. Backpacker  5. Farmer  11. Laborer  16. Salesperson,1. Backpacker  5. Farmer  11. Laborer  16. Salesperson
1330,data/facet/images/imgs_2/sa_209527.jpg,Backpacker,1,0,1,Middle,1,1 6 7,1 4 6 7 11 12 15 17 18 19,1 6 7 15,1 6 7 15,The best answer is 1. Backpacker.,1. Backpacker  6. Guard  7. Guitarist,1. Backpacker  4. Craftsman  6. Guard  7. Guitarist  11. Laborer  12. Officer  15. Repairman  17. Singer  18. Skateboarder  19. Speaker,1. Backpacker  6. Guard  7. Guitarist  15. Repairman,1. Backpacker  6. Guard  7. Guitarist  15. Repairman
72,data/facet/images/imgs_2/sa_2375131.jpg,Backpacker,1,0,1,Middle,16,1 11 16,1 3 6 11 14 16,1 3 11 16,1 3 11 16,The best answer is 1. Backpacker.,1. Backpacker  11. Laborer  16. Salesperson,1. Backpacker  3. Computer User  6. Guard  11. Laborer  14. Painter  16. Salesperson,1. Backpacker  3. Computer User  11. Laborer  16. Salesperson,1. Backpacker  3. Computer User  11. Laborer  16. Salesperson
1104,data/facet/images/imgs_2/sa_2389927.jpg,Backpacker,1,0,1,Middle,1,1 13 16,1 13,1 13 16 18,1 13 16 18,The best answer is 1. Backpacker.,1. Backpacker  13. Motorcyclist  16. Salesperson,1. Backpacker  13. Motorcyclist,1. Backpacker  13. Motorcyclist  16. Salesperson  18. Skateboarder,1. Backpacker  13. Motorcyclist  16. Salesperson  18. Skateboarder
351,data/facet/images/imgs_2/sa_4726432.jpg,Backpacker,1,0,0,Younger,1,1 11 16,1,1,1,The best answer is 1. Backpacker.,1. Backpacker  11. Laborer  16. Salesperson,1. Backpacker,1. Backpacker,1. Backpacker
48,data/facet/images/imgs_2/sa_3718037.jpg,Backpacker,1,0,3,Unknown,1,1 2 11,1,1 2 11,1 2,The best answer is 1. Backpacker.,1. Backpacker  2. Boatman  11. Laborer,1. Backpacker,1. Backpacker  2. Boatman  11. Laborer,1. Backpacker  2. Boatman
1102,data/facet/images/imgs_2/sa_51806.jpg,Boatman,2,1,3,Unknown,2,2 11 14,2,2,2,The best answer is 2. Boatman.,2. Boatman  11. Laborer  14. Painter,2. Boatman,2. Boatman,2. Boatman
1113,data/facet/images/imgs_2/sa_2863451.jpg,Boatman,2,1,1,Middle,2,2 11 14,2 14,2 11 14 17,2 11 14 17,The best answer is 2. Boatman.,2. Boatman  11. Laborer  14. Painter,2. Boatman  14. Painter,2. Boatman  11. Laborer  14. Painter  17. Singer,2. Boatman  11. Laborer  14. Painter  17. Singer
354,data/facet/images/imgs_2/sa_5247360.jpg,Boatman,2,1,3,Unknown,2,2 6 11,2 11,2 6 11,2 6 11,The best answer is 2. Boatman.,2. Boatman  6. Guard  11. Laborer,2. Boatman  11. Laborer,2. Boatman  6. Guard  11. Laborer,2. Boatman  6. Guard  11. Laborer
35,data/facet/images/imgs_2/sa_4457844.jpg,Boatman,2,1,0,Younger,2,1 2 11,2,2,2,The best answer is 2. Boatman.,1. Backpacker  2. Boatman  11. Laborer,2. Boatman,2. Boatman,2. Boatman
22,data/facet/images/imgs_2/sa_2574130.jpg,Boatman,2,1,0,Younger,2,1 2 11,2,2,2,The best answer is 2. Boatman.,1. Backpacker  2. Boatman  11. Laborer,2. Boatman,2. Boatman,2. Boatman
1266,data/facet/images/imgs_2/sa_3203784.jpg,Boatman,2,1,0,Younger,2,2 11 16,2,2,2,The best answer is 2. Boatman.,2. Boatman  11. Laborer  16. Salesperson,2. Boatman,2. Boatman,2. Boatman
473,data/facet/images/imgs_2/sa_4719987.jpg,Boatman,2,1,1,Middle,2,2 11 16,2,2 11,2 11,The best answer is 2. Boatman.,2. Boatman  11. Laborer  16. Salesperson,2. Boatman,2. Boatman  11. Laborer,2. Boatman  11. Laborer
1009,data/facet/images/imgs_2/sa_3173669.jpg,Boatman,2,1,3,Unknown,2,2 6 12,2 6 12,2 6 12,2 6 12,The best answer is 2. Boatman.,2. Boatman  6. Guard  12. Officer,2. Boatman  6. Guard  12. Officer,2. Boatman  6. Guard  12. Officer,2. Boatman  6. Guard  12. Officer
439,data/facet/images/imgs_2/sa_3140119.jpg,Boatman,2,1,0,Younger,2,2 5 16,2,2,2,The best answer is 2. Boatman.,2. Boatman  5. Farmer  16. Salesperson,2. Boatman,2. Boatman,2. Boatman
260,data/facet/images/imgs_2/sa_4745781.jpg,Boatman,2,1,1,Middle,2,2 6 16,2 6,2 6,2 6,The best answer is 2. Boatman.,2. Boatman  6. Guard  16. Salesperson,2. Boatman  6. Guard,2. Boatman  6. Guard,2. Boatman  6. Guard
266,data/facet/images/imgs_2/sa_2590400.jpg,Boatman,2,1,1,Middle,2,2 11 16,2,2,2,The best answer is 2. Boatman.,2. Boatman  11. Laborer  16. Salesperson,2. Boatman,2. Boatman,2. Boatman
191,data/facet/images/imgs_2/sa_4271157.jpg,Boatman,2,1,3,Unknown,2,2 4 15,2 4 6 11 14 15 16,2 4 11 15,2 4 11 15,The best answer is 2. Boatman.,2. Boatman  4. Craftsman  15. Repairman,2. Boatman  4. Craftsman  6. Guard  11. Laborer  14. Painter  15. Repairman  16. Salesperson,2. Boatman  4. Craftsman  11. Laborer  15. Repairman,2. Boatman  4. Craftsman  11. Laborer  15. Repairman
193,data/facet/images/imgs_2/sa_319794.jpg,Boatman,2,1,3,Unknown,2,2 6 12,2 6,2 6 11 12,2 6 12,The best answer is 2. Boatman.,2. Boatman  6. Guard  12. Officer,2. Boatman  6. Guard,2. Boatman  6. Guard  11. Laborer  12. Officer,2. Boatman  6. Guard  12. Officer
199,data/facet/images/imgs_2/sa_4879022.jpg,Boatman,2,1,0,Younger,2,1 2 11,2,2,2,The best answer is 2. Boatman.,1. Backpacker  2. Boatman  11. Laborer,2. Boatman,2. Boatman,2. Boatman
909,data/facet/images/imgs_2/sa_4336680.jpg,Boatman,2,1,0,Younger,2,1 2 11,2,2,2,The best answer is 2. Boatman.,1. Backpacker  2. Boatman  11. Laborer,2. Boatman,2. Boatman,2. Boatman
456,data/facet/images/imgs_2/sa_2793205.jpg,Boatman,2,1,0,Younger,2,1 2 11,2,2 11,2,The best answer is 2. Boatman.,1. Backpacker  2. Boatman  11. Laborer,2. Boatman,2. Boatman  11. Laborer,2. Boatman
977,data/facet/images/imgs_2/sa_528789.jpg,Boatman,2,1,1,Middle,2,2 11 16,2,2 16,2 11 16,The best answer is 2. Boatman.,2. Boatman  11. Laborer  16. Salesperson,2. Boatman,2. Boatman  16. Salesperson,2. Boatman  11. Laborer  16. Salesperson
982,data/facet/images/imgs_2/sa_2892396.jpg,Boatman,2,1,1,Middle,2,1 2 11,2,2,1 2,The best answer is 2. Boatman.,1. Backpacker  2. Boatman  11. Laborer,2. Boatman,2. Boatman,1. Backpacker  2. Boatman
459,data/facet/images/imgs_2/sa_279984.jpg,Boatman,2,1,2,Older,2,2 6 15,2,2,2 6 14 15 16,The best answer is 2. Boatman.,2. Boatman  6. Guard  15. Repairman,2. Boatman,2. Boatman,2. Boatman  6. Guard  14. Painter  15. Repairman  16. Salesperson
926,data/facet/images/imgs_2/sa_2186449.jpg,Boatman,2,1,1,Middle,2,2 11 16,2,2,2,The best answer is 2. Boatman.,2. Boatman  11. Laborer  16. Salesperson,2. Boatman,2. Boatman,2. Boatman
928,data/facet/images/imgs_2/sa_2946231.jpg,Boatman,2,1,2,Older,2,2 6 10,2,2,2 6 10 12,The best answer is 2. Boatman.,2. Boatman  6. Guard  10. Horse Rider,2. Boatman,2. Boatman,2. Boatman  6. Guard  10. Horse Rider  12. Officer
1195,data/facet/images/imgs_2/sa_4736510.jpg,Boatman,2,1,1,Middle,2,2 11 16,2,2,2,The best answer is 2. Boatman.,2. Boatman  11. Laborer  16. Salesperson,2. Boatman,2. Boatman,2. Boatman
161,data/facet/images/imgs_2/sa_5219665.jpg,Boatman,2,1,1,Middle,2,2 11 19,2,2,2 11 19,The best answer is 2. Boatman.,2. Boatman  11. Laborer  19. Speaker,2. Boatman,2. Boatman,2. Boatman  11. Laborer  19. Speaker
602,data/facet/images/imgs_2/sa_2790167.jpg,Boatman,2,1,1,Middle,2,2 6 19,2 6 19,2 3 6 19,2 3 6 19,The best answer is 2. Boatman.,2. Boatman  6. Guard  19. Speaker,2. Boatman  6. Guard  19. Speaker,2. Boatman  3. Computer User  6. Guard  19. Speaker,2. Boatman  3. Computer User  6. Guard  19. Speaker
626,data/facet/images/imgs_2/sa_3975611.jpg,Boatman,2,1,1,Middle,2,1 2 14,2,2,2,The best answer is 2. Boatman.,1. Backpacker  2. Boatman  14. Painter,2. Boatman,2. Boatman,2. Boatman
280,data/facet/images/imgs_2/sa_3761330.jpg,Boatman,2,1,1,Middle,2,1 2 14,2,2,2,The best answer is 2. Boatman.,1. Backpacker  2. Boatman  14. Painter,2. Boatman,2. Boatman,2. Boatman
145,data/facet/images/imgs_2/sa_2711896.jpg,Boatman,2,1,1,Middle,2,2 14 16,2,2,2,The best answer is 2. Boatman.,2. Boatman  14. Painter  16. Salesperson,2. Boatman,2. Boatman,2. Boatman
1209,data/facet/images/imgs_2/sa_4212151.jpg,Boatman,2,1,1,Middle,2,2 16 19,2,2 16,2 3 16 19,The best answer is 2. Boatman.,2. Boatman  16. Salesperson  19. Speaker,2. Boatman,2. Boatman  16. Salesperson,2. Boatman  3. Computer User  16. Salesperson  19. Speaker
226,data/facet/images/imgs_2/sa_1992673.jpg,Boatman,2,1,0,Younger,2,2 11 14,2,2,2,The best answer is 2. Boatman.,2. Boatman  11. Laborer  14. Painter,2. Boatman,2. Boatman,2. Boatman
498,data/facet/images/imgs_2/sa_3433316.jpg,Boatman,2,1,1,Middle,2,2 11 16,2,2,2 11 16,The best answer is 2. Boatman.,2. Boatman  11. Laborer  16. Salesperson,2. Boatman,2. Boatman,2. Boatman  11. Laborer  16. Salesperson
502,data/facet/images/imgs_2/sa_5098931.jpg,Boatman,2,1,1,Middle,2,2 11 14,2,2,2,The best answer is 2. Boatman.,2. Boatman  11. Laborer  14. Painter,2. Boatman,2. Boatman,2. Boatman
404,data/facet/images/imgs_2/sa_2024879.jpg,Boatman,2,1,3,Unknown,2,2 6 14,2,2,2,The best answer is 2. Boatman.,2. Boatman  6. Guard  14. Painter,2. Boatman,2. Boatman,2. Boatman
408,data/facet/images/imgs_2/sa_4013599.jpg,Boatman,2,1,3,Unknown,2,2 8 10,2,2,2,The best answer is 2. Boatman.,2. Boatman  8. Gymnast  10. Horse Rider,2. Boatman,2. Boatman,2. Boatman
416,data/facet/images/imgs_2/sa_5238536.jpg,Boatman,2,1,2,Older,2,2 11 14,2,2,2 11 14 15,The best answer is 2. Boatman.,2. Boatman  11. Laborer  14. Painter,2. Boatman,2. Boatman,2. Boatman  11. Laborer  14. Painter  15. Repairman
423,data/facet/images/imgs_2/sa_354956.jpg,Boatman,2,1,0,Younger,2,2 11 15,2,2,2,The best answer is 2. Boatman.,2. Boatman  11. Laborer  15. Repairman,2. Boatman,2. Boatman,2. Boatman
1089,data/facet/images/imgs_2/sa_4735135.jpg,Boatman,2,1,0,Younger,2,1 2 11,2,1 2,2,The best answer is 2. Boatman.,1. Backpacker  2. Boatman  11. Laborer,2. Boatman,1. Backpacker  2. Boatman,2. Boatman
538,data/facet/images/imgs_2/sa_376697.jpg,Boatman,2,1,1,Middle,2,2 6 16,2,2,2 6 16,The best answer is 2. Boatman.,2. Boatman  6. Guard  16. Salesperson,2. Boatman,2. Boatman,2. Boatman  6. Guard  16. Salesperson
942,data/facet/images/imgs_2/sa_4005839.jpg,Boatman,2,1,3,Unknown,2,1 2 4,1 2,1 2,1 2,The best answer is 2. Boatman.,1. Backpacker  2. Boatman  4. Craftsman,1. Backpacker  2. Boatman,1. Backpacker  2. Boatman,1. Backpacker  2. Boatman
137,data/facet/images/imgs_2/sa_1975913.jpg,Boatman,2,1,1,Middle,2,1 2 16,2,2,2,The best answer is 2. Boatman.,1. Backpacker  2. Boatman  16. Salesperson,2. Boatman,2. Boatman,2. Boatman
1059,data/facet/images/imgs_2/sa_4124085.jpg,Boatman,2,1,3,Unknown,2,1 2 11,2,2,2,The best answer is 2. Boatman.,1. Backpacker  2. Boatman  11. Laborer,2. Boatman,2. Boatman,2. Boatman
1062,data/facet/images/imgs_2/sa_2125086.jpg,Boatman,2,1,3,Unknown,2,2 5 11,2 5 11,2 5 11,2 5 11,The best answer is 2. Boatman.,2. Boatman  5. Farmer  11. Laborer,2. Boatman  5. Farmer  11. Laborer,2. Boatman  5. Farmer  11. Laborer,2. Boatman  5. Farmer  11. Laborer
965,data/facet/images/imgs_2/sa_4147967.jpg,Boatman,2,1,0,Younger,2,2 11 16,2 11 16,2 5 11 16,2 11 16,The best answer is 2. Boatman.,2. Boatman  11. Laborer  16. Salesperson,2. Boatman  11. Laborer  16. Salesperson,2. Boatman  5. Farmer  11. Laborer  16. Salesperson,2. Boatman  11. Laborer  16. Salesperson
493,data/facet/images/imgs_2/sa_3249888.jpg,Boatman,2,1,3,Unknown,2,1 2 16,2,1 2 16,1 2 16,The best answer is 2. Boatman.,1. Backpacker  2. Boatman  16. Salesperson,2. Boatman,1. Backpacker  2. Boatman  16. Salesperson,1. Backpacker  2. Boatman  16. Salesperson
228,data/facet/images/imgs_2/sa_4859621.jpg,Boatman,2,1,1,Middle,2,2 14 16,2,2,2,The best answer is 2. Boatman.,2. Boatman  14. Painter  16. Salesperson,2. Boatman,2. Boatman,2. Boatman
1174,data/facet/images/imgs_2/sa_5409047.jpg,Boatman,2,1,0,Younger,2,1 2 11,2,2,2,The best answer is 2. Boatman.,1. Backpacker  2. Boatman  11. Laborer,2. Boatman,2. Boatman,2. Boatman
1300,data/facet/images/imgs_2/sa_5024810.jpg,Boatman,2,1,1,Middle,2,1 2 11,2,1 2,1 2,The best answer is 2. Boatman.,1. Backpacker  2. Boatman  11. Laborer,2. Boatman,1. Backpacker  2. Boatman,1. Backpacker  2. Boatman
839,data/facet/images/imgs_2/sa_4354590.jpg,Boatman,2,1,3,Unknown,2,2 6 12,2,2 6,2,The best answer is 2. Boatman.,2. Boatman  6. Guard  12. Officer,2. Boatman,2. Boatman  6. Guard,2. Boatman
868,data/facet/images/imgs_2/sa_3050837.jpg,Boatman,2,1,3,Unknown,2,2 15 19,2,2,2,The best answer is 2. Boatman.,2. Boatman  15. Repairman  19. Speaker,2. Boatman,2. Boatman,2. Boatman
664,data/facet/images/imgs_2/sa_3767394.jpg,Boatman,2,1,1,Middle,2,2 11 16,2 16,2 11 16,2 11 15 16,The best answer is 2. Boatman.,2. Boatman  11. Laborer  16. Salesperson,2. Boatman  16. Salesperson,2. Boatman  11. Laborer  16. Salesperson,2. Boatman  11. Laborer  15. Repairman  16. Salesperson
743,data/facet/images/imgs_2/sa_3989414.jpg,Boatman,2,1,3,Unknown,2,2 5 11,2 11,2 11,2 11,The best answer is 2. Boatman.,2. Boatman  5. Farmer  11. Laborer,2. Boatman  11. Laborer,2. Boatman  11. Laborer,2. Boatman  11. Laborer
782,data/facet/images/imgs_2/sa_4831559.jpg,Boatman,2,1,3,Unknown,2,2 6 16,2 16,2 6 11 16,2 16,The best answer is 2. Boatman.,2. Boatman  6. Guard  16. Salesperson,2. Boatman  16. Salesperson,2. Boatman  6. Guard  11. Laborer  16. Salesperson,2. Boatman  16. Salesperson
784,data/facet/images/imgs_2/sa_5088938.jpg,Boatman,2,1,1,Middle,2,1 2 11,2,2,2,The best answer is 2. Boatman.,1. Backpacker  2. Boatman  11. Laborer,2. Boatman,2. Boatman,2. Boatman
794,data/facet/images/imgs_2/sa_3150287.jpg,Boatman,2,1,1,Middle,2,2 3 15,2,2,2,The best answer is 2. Boatman.,2. Boatman  3. Computer User  15. Repairman,2. Boatman,2. Boatman,2. Boatman
795,data/facet/images/imgs_2/sa_2917988.jpg,Boatman,2,1,1,Middle,2,2 6 20,2 20,2 6 9 20,2 6 9 20,The best answer is 2. Boatman.,2. Boatman  6. Guard  20. Tennis Player,2. Boatman  20. Tennis Player,2. Boatman  6. Guard  9. Hairdresser  20. Tennis Player,2. Boatman  6. Guard  9. Hairdresser  20. Tennis Player
810,data/facet/images/imgs_2/sa_463357.jpg,Boatman,2,1,0,Younger,2,1 2 3,2,2,2,The best answer is 2. Boatman.,1. Backpacker  2. Boatman  3. Computer User,2. Boatman,2. Boatman,2. Boatman
1314,data/facet/images/imgs_2/sa_5253007.jpg,Boatman,2,1,0,Younger,2,1 2 20,2,2,2,The best answer is 2. Boatman.,1. Backpacker  2. Boatman  20. Tennis Player,2. Boatman,2. Boatman,2. Boatman
1320,data/facet/images/imgs_2/sa_5392973.jpg,Boatman,2,1,3,Unknown,2,2 11 16,2,2,2,The best answer is 2. Boatman.,2. Boatman  11. Laborer  16. Salesperson,2. Boatman,2. Boatman,2. Boatman
283,data/facet/images/imgs_2/sa_2126648.jpg,Boatman,2,1,0,Younger,2,1 2 11,2,1 2,2,The best answer is 2. Boatman.,1. Backpacker  2. Boatman  11. Laborer,2. Boatman,1. Backpacker  2. Boatman,2. Boatman
304,data/facet/images/imgs_2/sa_3533983.jpg,Boatman,2,1,3,Unknown,2,2 11 14,2,2,2,The best answer is 2. Boatman.,2. Boatman  11. Laborer  14. Painter,2. Boatman,2. Boatman,2. Boatman
315,data/facet/images/imgs_2/sa_3873611.jpg,Boatman,2,1,3,Unknown,2,1 2 11,2,1 2,2,The best answer is 2. Boatman.,1. Backpacker  2. Boatman  11. Laborer,2. Boatman,1. Backpacker  2. Boatman,2. Boatman
329,data/facet/images/imgs_2/sa_3804532.jpg,Boatman,2,1,1,Middle,2,2 11 14,2,2,2,The best answer is 2. Boatman.,2. Boatman  11. Laborer  14. Painter,2. Boatman,2. Boatman,2. Boatman
1271,data/facet/images/imgs_2/sa_2131569.jpg,Boatman,2,1,3,Unknown,2,1 2 16,2,1 2,2,The best answer is 2. Boatman.,1. Backpacker  2. Boatman  16. Salesperson,2. Boatman,1. Backpacker  2. Boatman,2. Boatman
836,data/facet/images/imgs_2/sa_2358112.jpg,Boatman,2,1,3,Unknown,2,1 2 11,1 2,1 2,1 2,The best answer is 2. Boatman.,1. Backpacker  2. Boatman  11. Laborer,1. Backpacker  2. Boatman,1. Backpacker  2. Boatman,1. Backpacker  2. Boatman
838,data/facet/images/imgs_2/sa_3601715.jpg,Boatman,2,1,3,Unknown,2,2 6 16,2,2,2,The best answer is 2. Boatman.,2. Boatman  6. Guard  16. Salesperson,2. Boatman,2. Boatman,2. Boatman
1362,data/facet/images/imgs_2/sa_1991791.jpg,Boatman,2,1,0,Younger,2,1 2 11,2,2 11,2,The best answer is 2. Boatman.,1. Backpacker  2. Boatman  11. Laborer,2. Boatman,2. Boatman  11. Laborer,2. Boatman
65,data/facet/images/imgs_2/sa_2993129.jpg,Boatman,2,1,1,Middle,2,1 2 11,1 2,1 2 11,1 2 11,The best answer is 2. Boatman.,1. Backpacker  2. Boatman  11. Laborer,1. Backpacker  2. Boatman,1. Backpacker  2. Boatman  11. Laborer,1. Backpacker  2. Boatman  11. Laborer
1372,data/facet/images/imgs_2/sa_3925629.jpg,Boatman,2,1,1,Middle,2,2 11 16,2,2 11 16,2 11 16,The best answer is 2. Boatman.,2. Boatman  11. Laborer  16. Salesperson,2. Boatman,2. Boatman  11. Laborer  16. Salesperson,2. Boatman  11. Laborer  16. Salesperson
190,data/facet/images/imgs_1/sa_8948099.jpg,Computer User,3,2,0,Younger,3,3 16 19,3,3 16,3,The best answer is 3. Computer User.,3. Computer User  16. Salesperson  19. Speaker,3. Computer User,3. Computer User  16. Salesperson,3. Computer User
446,data/facet/images/imgs_1/sa_8718667.jpg,Computer User,3,2,3,Unknown,3,3 6 15,3,3 6 15 20,3 6,The best answer is 3. Computer User.,3. Computer User  6. Guard  15. Repairman,3. Computer User,3. Computer User  6. Guard  15. Repairman  20. Tennis Player,3. Computer User  6. Guard
1134,data/facet/images/imgs_2/sa_10077704.jpg,Computer User,3,2,3,Unknown,3,1 3 16,1 3 16,1 3 11 16,1 3 11 16,The best answer is 3. Computer User.,1. Backpacker  3. Computer User  16. Salesperson,1. Backpacker  3. Computer User  16. Salesperson,1. Backpacker  3. Computer User  11. Laborer  16. Salesperson,1. Backpacker  3. Computer User  11. Laborer  16. Salesperson
1143,data/facet/images/imgs_2/sa_1014886.jpg,Computer User,3,2,0,Younger,3,3 19 20,3,3,3,The best answer is 3. Computer User.,3. Computer User  19. Speaker  20. Tennis Player,3. Computer User,3. Computer User,3. Computer User
1176,data/facet/images/imgs_1/sa_9496091.jpg,Computer User,3,2,1,Middle,3,3 15 16,3 16,3 15 16,3 11 15 16,The best answer is 3. Computer User.,3. Computer User  15. Repairman  16. Salesperson,3. Computer User  16. Salesperson,3. Computer User  15. Repairman  16. Salesperson,3. Computer User  11. Laborer  15. Repairman  16. Salesperson
4,data/facet/images/imgs_1/sa_9413325.jpg,Computer User,3,2,3,Unknown,3,3 11 16,3 11 15 16,3 11 15 16,3 11 15 16,The best answer is 3. Computer User.,3. Computer User  11. Laborer  16. Salesperson,3. Computer User  11. Laborer  15. Repairman  16. Salesperson,3. Computer User  11. Laborer  15. Repairman  16. Salesperson,3. Computer User  11. Laborer  15. Repairman  16. Salesperson
1111,data/facet/images/imgs_1/sa_851080.jpg,Computer User,3,2,3,Unknown,3,1 3 16,1 3 16,1 3 16 18,1 3 16,The best answer is 3. Computer User.,1. Backpacker  3. Computer User  16. Salesperson,1. Backpacker  3. Computer User  16. Salesperson,1. Backpacker  3. Computer User  16. Salesperson  18. Skateboarder,1. Backpacker  3. Computer User  16. Salesperson
1122,data/facet/images/imgs_1/sa_8664899.jpg,Computer User,3,2,1,Middle,3,3 16 19,3 16 17 19,3 16 17 19,3 16 17 19,The best answer is 3. Computer User.,3. Computer User  16. Salesperson  19. Speaker,3. Computer User  16. Salesperson  17. Singer  19. Speaker,3. Computer User  16. Salesperson  17. Singer  19. Speaker,3. Computer User  16. Salesperson  17. Singer  19. Speaker
1124,data/facet/images/imgs_1/sa_993723.jpg,Computer User,3,2,3,Unknown,3,3 6 11,3 6 11 15,3 6 11 15,3 6 11 15,The best answer is 3. Computer User.,3. Computer User  6. Guard  11. Laborer,3. Computer User  6. Guard  11. Laborer  15. Repairman,3. Computer User  6. Guard  11. Laborer  15. Repairman,3. Computer User  6. Guard  11. Laborer  15. Repairman
287,data/facet/images/imgs_2/sa_10333188.jpg,Computer User,3,2,3,Unknown,16,3 5 16,3 5 16,3 5 10 16,3 5 10 16,The best answer is 3. Computer User.,3. Computer User  5. Farmer  16. Salesperson,3. Computer User  5. Farmer  16. Salesperson,3. Computer User  5. Farmer  10. Horse Rider  16. Salesperson,3. Computer User  5. Farmer  10. Horse Rider  16. Salesperson
1278,data/facet/images/imgs_2/sa_10028343.jpg,Computer User,3,2,3,Unknown,11,3 6 11,3 6 11 14 15 16,3 6 11 14,3 6 11 14,The best answer is 3. Computer User.,3. Computer User  6. Guard  11. Laborer,3. Computer User  6. Guard  11. Laborer  14. Painter  15. Repairman  16. Salesperson,3. Computer User  6. Guard  11. Laborer  14. Painter,3. Computer User  6. Guard  11. Laborer  14. Painter
1283,data/facet/images/imgs_2/sa_10289349.jpg,Computer User,3,2,3,Unknown,16,2 3 16,2 3 11 15 16,2 3 15 16,2 3 15 16,The best answer is 3. Computer User.,2. Boatman  3. Computer User  16. Salesperson,2. Boatman  3. Computer User  11. Laborer  15. Repairman  16. Salesperson,2. Boatman  3. Computer User  15. Repairman  16. Salesperson,2. Boatman  3. Computer User  15. Repairman  16. Salesperson
79,data/facet/images/imgs_1/sa_8654752.jpg,Computer User,3,2,0,Younger,3,3 11 15,3 11 15,3 11 15,3,The best answer is 3. Computer User.,3. Computer User  11. Laborer  15. Repairman,3. Computer User  11. Laborer  15. Repairman,3. Computer User  11. Laborer  15. Repairman,3. Computer User
659,data/facet/images/imgs_1/sa_8383835.jpg,Computer User,3,2,3,Unknown,3,3 11 16,3 16,3 11 16,3 11 15 16,The best answer is 3. Computer User.,3. Computer User  11. Laborer  16. Salesperson,3. Computer User  16. Salesperson,3. Computer User  11. Laborer  16. Salesperson,3. Computer User  11. Laborer  15. Repairman  16. Salesperson
1259,data/facet/images/imgs_1/sa_9803081.jpg,Computer User,3,2,3,Unknown,3,3 11 16,3 6 11 16,3 6 11 16,3 6 11 16,The best answer is 3. Computer User.,3. Computer User  11. Laborer  16. Salesperson,3. Computer User  6. Guard  11. Laborer  16. Salesperson,3. Computer User  6. Guard  11. Laborer  16. Salesperson,3. Computer User  6. Guard  11. Laborer  16. Salesperson
745,data/facet/images/imgs_1/sa_8746739.jpg,Computer User,3,2,1,Middle,3,1 3 11,1 3,1 3 11 16,1 3 11 16,The best answer is 3. Computer User.,1. Backpacker  3. Computer User  11. Laborer,1. Backpacker  3. Computer User,1. Backpacker  3. Computer User  11. Laborer  16. Salesperson,1. Backpacker  3. Computer User  11. Laborer  16. Salesperson
753,data/facet/images/imgs_1/sa_950526.jpg,Computer User,3,2,1,Middle,11,1 11 18,1 11 18,1 3 11 18,1 3 11 18,The best answer is 3. Computer User.,1. Backpacker  11. Laborer  18. Skateboarder,1. Backpacker  11. Laborer  18. Skateboarder,1. Backpacker  3. Computer User  11. Laborer  18. Skateboarder,1. Backpacker  3. Computer User  11. Laborer  18. Skateboarder
756,data/facet/images/imgs_2/sa_10320681.jpg,Computer User,3,2,1,Middle,3,3 11 16,1 3 11 16,1 3 11 16,1 3 11 16,The best answer is 3. Computer User.,3. Computer User  11. Laborer  16. Salesperson,1. Backpacker  3. Computer User  11. Laborer  16. Salesperson,1. Backpacker  3. Computer User  11. Laborer  16. Salesperson,1. Backpacker  3. Computer User  11. Laborer  16. Salesperson
100,data/facet/images/imgs_1/sa_9731796.jpg,Computer User,3,2,3,Unknown,3,3 15 16,2 3 8 11 15 16 19,3 11 15 16,3 11 15 16,The best answer is 3. Computer User.,3. Computer User  15. Repairman  16. Salesperson,2. Boatman  3. Computer User  8. Gymnast  11. Laborer  15. Repairman  16. Salesperson  19. Speaker,3. Computer User  11. Laborer  15. Repairman  16. Salesperson,3. Computer User  11. Laborer  15. Repairman  16. Salesperson
1292,data/facet/images/imgs_1/sa_8626832.jpg,Computer User,3,2,1,Middle,16,3 15 16,1 3 15 16,1 3 15 16,1 3 15 16,The best answer is 3. Computer User.,3. Computer User  15. Repairman  16. Salesperson,1. Backpacker  3. Computer User  15. Repairman  16. Salesperson,1. Backpacker  3. Computer User  15. Repairman  16. Salesperson,1. Backpacker  3. Computer User  15. Repairman  16. Salesperson
1295,data/facet/images/imgs_1/sa_8734904.jpg,Computer User,3,2,3,Unknown,3,3 16 19,3 16 19,3 15 16 19,3 16 19,The best answer is 3. Computer User.,3. Computer User  16. Salesperson  19. Speaker,3. Computer User  16. Salesperson  19. Speaker,3. Computer User  15. Repairman  16. Salesperson  19. Speaker,3. Computer User  16. Salesperson  19. Speaker
1064,data/facet/images/imgs_2/sa_10229317.jpg,Computer User,3,2,0,Younger,3,3 11 16,3 11,3 11,3,The best answer is 3. Computer User.,3. Computer User  11. Laborer  16. Salesperson,3. Computer User  11. Laborer,3. Computer User  11. Laborer,3. Computer User
1066,data/facet/images/imgs_1/sa_8816203.jpg,Computer User,3,2,0,Younger,16,3 11 16,3 11 16,3 11 16,3 16,The best answer is 3. Computer User.,3. Computer User  11. Laborer  16. Salesperson,3. Computer User  11. Laborer  16. Salesperson,3. Computer User  11. Laborer  16. Salesperson,3. Computer User  16. Salesperson
1049,data/facet/images/imgs_1/sa_9413295.jpg,Computer User,3,2,3,Unknown,2,2 3 16,2 3 16,2 3 11 16,2 3 16,The best answer is 3. Computer User.,2. Boatman  3. Computer User  16. Salesperson,2. Boatman  3. Computer User  16. Salesperson,2. Boatman  3. Computer User  11. Laborer  16. Salesperson,2. Boatman  3. Computer User  16. Salesperson
1054,data/facet/images/imgs_1/sa_8995157.jpg,Computer User,3,2,3,Unknown,3,3 16 19,3,3,3,The best answer is 3. Computer User.,3. Computer User  16. Salesperson  19. Speaker,3. Computer User,3. Computer User,3. Computer User
232,data/facet/images/imgs_1/sa_9826096.jpg,Computer User,3,2,3,Unknown,3,3 11 16,3 11 16,3 11 15 16,3 11 15 16,The best answer is 3. Computer User.,3. Computer User  11. Laborer  16. Salesperson,3. Computer User  11. Laborer  16. Salesperson,3. Computer User  11. Laborer  15. Repairman  16. Salesperson,3. Computer User  11. Laborer  15. Repairman  16. Salesperson
1163,data/facet/images/imgs_1/sa_8848335.jpg,Computer User,3,2,3,Unknown,3,3 15 16,3 11 15 16,3 11 15 16,3 11 15 16,The best answer is 3. Computer User.,3. Computer User  15. Repairman  16. Salesperson,3. Computer User  11. Laborer  15. Repairman  16. Salesperson,3. Computer User  11. Laborer  15. Repairman  16. Salesperson,3. Computer User  11. Laborer  15. Repairman  16. Salesperson
1173,data/facet/images/imgs_2/sa_10305551.jpg,Computer User,3,2,3,Unknown,3,3 16 20,3 11 16 20,3 11 16 20,3 11 16 20,The best answer is 3. Computer User.,3. Computer User  16. Salesperson  20. Tennis Player,3. Computer User  11. Laborer  16. Salesperson  20. Tennis Player,3. Computer User  11. Laborer  16. Salesperson  20. Tennis Player,3. Computer User  11. Laborer  16. Salesperson  20. Tennis Player
955,data/facet/images/imgs_1/sa_8381276.jpg,Computer User,3,2,0,Younger,3,3 16 19,3 16 19,3 9 16 19,3 16,The best answer is 3. Computer User.,3. Computer User  16. Salesperson  19. Speaker,3. Computer User  16. Salesperson  19. Speaker,3. Computer User  9. Hairdresser  16. Salesperson  19. Speaker,3. Computer User  16. Salesperson
375,data/facet/images/imgs_2/sa_10013256.jpg,Computer User,3,2,1,Middle,3,3 16 20,3 11 15 16 20,3 11 16 20,3 11 16 20,The best answer is 3. Computer User.,3. Computer User  16. Salesperson  20. Tennis Player,3. Computer User  11. Laborer  15. Repairman  16. Salesperson  20. Tennis Player,3. Computer User  11. Laborer  16. Salesperson  20. Tennis Player,3. Computer User  11. Laborer  16. Salesperson  20. Tennis Player
383,data/facet/images/imgs_1/sa_8702821.jpg,Computer User,3,2,3,Unknown,3,3 8 16,3 8 9 11 16,3 8 11 16,3 8 11 16,The best answer is 3. Computer User.,3. Computer User  8. Gymnast  16. Salesperson,3. Computer User  8. Gymnast  9. Hairdresser  11. Laborer  16. Salesperson,3. Computer User  8. Gymnast  11. Laborer  16. Salesperson,3. Computer User  8. Gymnast  11. Laborer  16. Salesperson
1067,data/facet/images/imgs_1/sa_8341541.jpg,Computer User,3,2,3,Unknown,3,3 11 16,3,3,3,The best answer is 3. Computer User.,3. Computer User  11. Laborer  16. Salesperson,3. Computer User,3. Computer User,3. Computer User
959,data/facet/images/imgs_1/sa_9078246.jpg,Computer User,3,2,3,Unknown,3,3 4 19,3,3,3,The best answer is 3. Computer User.,3. Computer User  4. Craftsman  19. Speaker,3. Computer User,3. Computer User,3. Computer User
479,data/facet/images/imgs_1/sa_9789178.jpg,Computer User,3,2,1,Middle,3,3 11 16,3 11 15 16,3 11 15 16,3 11 15 16,The best answer is 3. Computer User.,3. Computer User  11. Laborer  16. Salesperson,3. Computer User  11. Laborer  15. Repairman  16. Salesperson,3. Computer User  11. Laborer  15. Repairman  16. Salesperson,3. Computer User  11. Laborer  15. Repairman  16. Salesperson
487,data/facet/images/imgs_1/sa_9649871.jpg,Computer User,3,2,3,Unknown,3,3 11 16,3 11 16 19,3 11 16 19,3 11 16 19,The best answer is 3. Computer User.,3. Computer User  11. Laborer  16. Salesperson,3. Computer User  11. Laborer  16. Salesperson  19. Speaker,3. Computer User  11. Laborer  16. Salesperson  19. Speaker,3. Computer User  11. Laborer  16. Salesperson  19. Speaker
488,data/facet/images/imgs_1/sa_978742.jpg,Computer User,3,2,1,Middle,16,3 6 16,3 6 16,2 3 6 16,2 3 6 16,The best answer is 3. Computer User.,3. Computer User  6. Guard  16. Salesperson,3. Computer User  6. Guard  16. Salesperson,2. Boatman  3. Computer User  6. Guard  16. Salesperson,2. Boatman  3. Computer User  6. Guard  16. Salesperson
1232,data/facet/images/imgs_1/sa_9405101.jpg,Computer User,3,2,0,Younger,3,3 5 11,1 3 5 11 15 16,3 5 11 16,3 5 11 16,The best answer is 3. Computer User.,3. Computer User  5. Farmer  11. Laborer,1. Backpacker  3. Computer User  5. Farmer  11. Laborer  15. Repairman  16. Salesperson,3. Computer User  5. Farmer  11. Laborer  16. Salesperson,3. Computer User  5. Farmer  11. Laborer  16. Salesperson
601,data/facet/images/imgs_1/sa_9107159.jpg,Computer User,3,2,1,Middle,3,3 11 16,3,1 3 11 16,1 3 11 16,The best answer is 3. Computer User.,3. Computer User  11. Laborer  16. Salesperson,3. Computer User,1. Backpacker  3. Computer User  11. Laborer  16. Salesperson,1. Backpacker  3. Computer User  11. Laborer  16. Salesperson
606,data/facet/images/imgs_2/sa_10116832.jpg,Computer User,3,2,3,Unknown,3,3 8 16,3 6 8 16,3 6 8 16,3 6 8 16,The best answer is 3. Computer User.,3. Computer User  8. Gymnast  16. Salesperson,3. Computer User  6. Guard  8. Gymnast  16. Salesperson,3. Computer User  6. Guard  8. Gymnast  16. Salesperson,3. Computer User  6. Guard  8. Gymnast  16. Salesperson
157,data/facet/images/imgs_1/sa_9608470.jpg,Computer User,3,2,3,Unknown,16,15 16 19,3 6 11 14 15 16 19,11 15 16 19,11 15 16 19,The best answer is 3. Computer User.,15. Repairman  16. Salesperson  19. Speaker,3. Computer User  6. Guard  11. Laborer  14. Painter  15. Repairman  16. Salesperson  19. Speaker,11. Laborer  15. Repairman  16. Salesperson  19. Speaker,11. Laborer  15. Repairman  16. Salesperson  19. Speaker
534,data/facet/images/imgs_2/sa_1008517.jpg,Computer User,3,2,1,Middle,11,3 11 15,2 3 6 11 15,2 3 11 15,2 3 11 15,The best answer is 3. Computer User.,3. Computer User  11. Laborer  15. Repairman,2. Boatman  3. Computer User  6. Guard  11. Laborer  15. Repairman,2. Boatman  3. Computer User  11. Laborer  15. Repairman,2. Boatman  3. Computer User  11. Laborer  15. Repairman
902,data/facet/images/imgs_1/sa_9227657.jpg,Computer User,3,2,3,Unknown,3,3 8 19,3 8 11 16 19,3 8 11 19,3 8 11 19,The best answer is 3. Computer User.,3. Computer User  8. Gymnast  19. Speaker,3. Computer User  8. Gymnast  11. Laborer  16. Salesperson  19. Speaker,3. Computer User  8. Gymnast  11. Laborer  19. Speaker,3. Computer User  8. Gymnast  11. Laborer  19. Speaker
906,data/facet/images/imgs_1/sa_9853630.jpg,Computer User,3,2,0,Younger,3,3 10 11,3,3,3,The best answer is 3. Computer User.,3. Computer User  10. Horse Rider  11. Laborer,3. Computer User,3. Computer User,3. Computer User
597,data/facet/images/imgs_1/sa_8664044.jpg,Computer User,3,2,1,Middle,19,3 17 19,3 11 15 17 19,3 11 17 19,3 11 17 19,The best answer is 3. Computer User.,3. Computer User  17. Singer  19. Speaker,3. Computer User  11. Laborer  15. Repairman  17. Singer  19. Speaker,3. Computer User  11. Laborer  17. Singer  19. Speaker,3. Computer User  11. Laborer  17. Singer  19. Speaker
629,data/facet/images/imgs_1/sa_9052032.jpg,Computer User,3,2,0,Younger,3,3 11 15,3,3 11,3,The best answer is 3. Computer User.,3. Computer User  11. Laborer  15. Repairman,3. Computer User,3. Computer User  11. Laborer,3. Computer User
1180,data/facet/images/imgs_1/sa_9260193.jpg,Computer User,3,2,3,Unknown,3,3 16 19,3,3,3,The best answer is 3. Computer User.,3. Computer User  16. Salesperson  19. Speaker,3. Computer User,3. Computer User,3. Computer User
1182,data/facet/images/imgs_1/sa_9400169.jpg,Computer User,3,2,3,Unknown,3,3 16 19,3,3,3,The best answer is 3. Computer User.,3. Computer User  16. Salesperson  19. Speaker,3. Computer User,3. Computer User,3. Computer User
1190,data/facet/images/imgs_2/sa_10428935.jpg,Computer User,3,2,1,Middle,1,1 3 16,1 3 15 16,1 3 15 16,1 3 15 16,The best answer is 3. Computer User.,1. Backpacker  3. Computer User  16. Salesperson,1. Backpacker  3. Computer User  15. Repairman  16. Salesperson,1. Backpacker  3. Computer User  15. Repairman  16. Salesperson,1. Backpacker  3. Computer User  15. Repairman  16. Salesperson
240,data/facet/images/imgs_1/sa_9153018.jpg,Computer User,3,2,1,Middle,3,3 11 19,3,3 19,3 11 19,The best answer is 3. Computer User.,3. Computer User  11. Laborer  19. Speaker,3. Computer User,3. Computer User  19. Speaker,3. Computer User  11. Laborer  19. Speaker
889,data/facet/images/imgs_1/sa_8287456.jpg,Computer User,3,2,3,Unknown,3,3 11 16,3 11 16,1 3 11 16,1 3 11 16,The best answer is 3. Computer User.,3. Computer User  11. Laborer  16. Salesperson,3. Computer User  11. Laborer  16. Salesperson,1. Backpacker  3. Computer User  11. Laborer  16. Salesperson,1. Backpacker  3. Computer User  11. Laborer  16. Salesperson
890,data/facet/images/imgs_1/sa_9441530.jpg,Computer User,3,2,0,Younger,3,3 6 11,1 3 6 11 16,3 6 11 16,3 6 11 16,The best answer is 3. Computer User.,3. Computer User  6. Guard  11. Laborer,1. Backpacker  3. Computer User  6. Guard  11. Laborer  16. Salesperson,3. Computer User  6. Guard  11. Laborer  16. Salesperson,3. Computer User  6. Guard  11. Laborer  16. Salesperson
1253,data/facet/images/imgs_1/sa_9716327.jpg,Computer User,3,2,1,Middle,7,3 7 19,3 7 19,3 7 17 19,3 7 17 19,The best answer is 3. Computer User.,3. Computer User  7. Guitarist  19. Speaker,3. Computer User  7. Guitarist  19. Speaker,3. Computer User  7. Guitarist  17. Singer  19. Speaker,3. Computer User  7. Guitarist  17. Singer  19. Speaker
1255,data/facet/images/imgs_2/sa_10498589.jpg,Computer User,3,2,0,Younger,3,3 5 11,3 11,3 11,3 11,The best answer is 3. Computer User.,3. Computer User  5. Farmer  11. Laborer,3. Computer User  11. Laborer,3. Computer User  11. Laborer,3. Computer User  11. Laborer
76,data/facet/images/imgs_1/sa_9085231.jpg,Computer User,3,2,3,Unknown,16,3 11 16,3 11 15 16,3 11 15 16,3 11 15 16,The best answer is 3. Computer User.,3. Computer User  11. Laborer  16. Salesperson,3. Computer User  11. Laborer  15. Repairman  16. Salesperson,3. Computer User  11. Laborer  15. Repairman  16. Salesperson,3. Computer User  11. Laborer  15. Repairman  16. Salesperson
26,data/facet/images/imgs_2/sa_10182545.jpg,Computer User,3,2,1,Middle,3,3 6 15,3,3,3 15,The best answer is 3. Computer User.,3. Computer User  6. Guard  15. Repairman,3. Computer User,3. Computer User,3. Computer User  15. Repairman
763,data/facet/images/imgs_2/sa_10273707.jpg,Computer User,3,2,0,Younger,6,6 14 19,6 14 19,6 14 16 19,6 19,The best answer is 3. Computer User.,6. Guard  14. Painter  19. Speaker,6. Guard  14. Painter  19. Speaker,6. Guard  14. Painter  16. Salesperson  19. Speaker,6. Guard  19. Speaker
777,data/facet/images/imgs_1/sa_9744373.jpg,Computer User,3,2,3,Unknown,3,3 11 16,3 11 16,3 11 15 16,3 11 15 16,The best answer is 3. Computer User.,3. Computer User  11. Laborer  16. Salesperson,3. Computer User  11. Laborer  16. Salesperson,3. Computer User  11. Laborer  15. Repairman  16. Salesperson,3. Computer User  11. Laborer  15. Repairman  16. Salesperson
730,data/facet/images/imgs_1/sa_932867.jpg,Computer User,3,2,3,Unknown,1,1 2 16,1 2 11 16 17,1 2 11 16,1 2 11 16,The best answer is 3. Computer User.,1. Backpacker  2. Boatman  16. Salesperson,1. Backpacker  2. Boatman  11. Laborer  16. Salesperson  17. Singer,1. Backpacker  2. Boatman  11. Laborer  16. Salesperson,1. Backpacker  2. Boatman  11. Laborer  16. Salesperson
687,data/facet/images/imgs_2/sa_10399289.jpg,Computer User,3,2,3,Unknown,3,3 11 16,3,3,3,The best answer is 3. Computer User.,3. Computer User  11. Laborer  16. Salesperson,3. Computer User,3. Computer User,3. Computer User
850,data/facet/images/imgs_1/sa_920935.jpg,Computer User,3,2,3,Unknown,16,3 11 16,11 16,3 11 15 16,3 11 15 16,The best answer is 3. Computer User.,3. Computer User  11. Laborer  16. Salesperson,11. Laborer  16. Salesperson,3. Computer User  11. Laborer  15. Repairman  16. Salesperson,3. Computer User  11. Laborer  15. Repairman  16. Salesperson
854,data/facet/images/imgs_1/sa_9205250.jpg,Computer User,3,2,1,Middle,3,3 15 19,3,3 4 15 19,3 4 15 19,The best answer is 3. Computer User.,3. Computer User  15. Repairman  19. Speaker,3. Computer User,3. Computer User  4. Craftsman  15. Repairman  19. Speaker,3. Computer User  4. Craftsman  15. Repairman  19. Speaker
6,data/facet/images/imgs_1/sa_8728427.jpg,Computer User,3,2,0,Younger,3,1 3 11,1 3 10 11 14 15 16 17 18 19,1 3 11 17,1 3 11 17,The best answer is 3. Computer User.,1. Backpacker  3. Computer User  11. Laborer,1. Backpacker  3. Computer User  10. Horse Rider  11. Laborer  14. Painter  15. Repairman  16. Salesperson  17. Singer  18. Skateboarder  19. Speaker,1. Backpacker  3. Computer User  11. Laborer  17. Singer,1. Backpacker  3. Computer User  11. Laborer  17. Singer
1382,data/facet/images/imgs_1/sa_9414277.jpg,Computer User,3,2,1,Middle,3,3 6 16,3 6 9 12 15 16,3 6 15 16,3 6 15 16,The best answer is 3. Computer User.,3. Computer User  6. Guard  16. Salesperson,3. Computer User  6. Guard  9. Hairdresser  12. Officer  15. Repairman  16. Salesperson,3. Computer User  6. Guard  15. Repairman  16. Salesperson,3. Computer User  6. Guard  15. Repairman  16. Salesperson
31,data/facet/images/imgs_1/sa_8499485.jpg,Computer User,3,2,1,Middle,3,3 15 19,3 15,3 15 16 19,3 15 16 19,The best answer is 3. Computer User.,3. Computer User  15. Repairman  19. Speaker,3. Computer User  15. Repairman,3. Computer User  15. Repairman  16. Salesperson  19. Speaker,3. Computer User  15. Repairman  16. Salesperson  19. Speaker
1354,data/facet/images/imgs_2/sa_10307944.jpg,Computer User,3,2,3,Unknown,3,3 10 12,3 10 12 16,3 10 12 16,3 10 12 16,The best answer is 3. Computer User.,3. Computer User  10. Horse Rider  12. Officer,3. Computer User  10. Horse Rider  12. Officer  16. Salesperson,3. Computer User  10. Horse Rider  12. Officer  16. Salesperson,3. Computer User  10. Horse Rider  12. Officer  16. Salesperson
1345,data/facet/images/imgs_2/sa_10323057.jpg,Computer User,3,2,3,Unknown,3,3 11 16,3 4 6 9 11 15 16 19,3 4 11 16,3 4 11 16,The best answer is 3. Computer User.,3. Computer User  11. Laborer  16. Salesperson,3. Computer User  4. Craftsman  6. Guard  9. Hairdresser  11. Laborer  15. Repairman  16. Salesperson  19. Speaker,3. Computer User  4. Craftsman  11. Laborer  16. Salesperson,3. Computer User  4. Craftsman  11. Laborer  16. Salesperson
1370,data/facet/images/imgs_1/sa_8556005.jpg,Computer User,3,2,3,Unknown,3,3 15 16,3 11 15 16 19,3 11 15 16,3 11 15 16,The best answer is 3. Computer User.,3. Computer User  15. Repairman  16. Salesperson,3. Computer User  11. Laborer  15. Repairman  16. Salesperson  19. Speaker,3. Computer User  11. Laborer  15. Repairman  16. Salesperson,3. Computer User  11. Laborer  15. Repairman  16. Salesperson
27,data/facet/images/imgs_2/sa_6205016.jpg,Craftsman,4,3,1,Middle,11,4 11 16,4 11,4 11,4 11 16,The best answer is 4. Craftsman.,4. Craftsman  11. Laborer  16. Salesperson,4. Craftsman  11. Laborer,4. Craftsman  11. Laborer,4. Craftsman  11. Laborer  16. Salesperson
41,data/facet/images/imgs_2/sa_4112993.jpg,Craftsman,4,3,3,Unknown,11,4 11 15,4 11,4 11,4 11,The best answer is 4. Craftsman.,4. Craftsman  11. Laborer  15. Repairman,4. Craftsman  11. Laborer,4. Craftsman  11. Laborer,4. Craftsman  11. Laborer
1360,data/facet/images/imgs_2/sa_5052063.jpg,Craftsman,4,3,3,Unknown,16,11 14 16,11 14 15 16,11 14 15 16,11 14 15 16,The best answer is 4. Craftsman.,11. Laborer  14. Painter  16. Salesperson,11. Laborer  14. Painter  15. Repairman  16. Salesperson,11. Laborer  14. Painter  15. Repairman  16. Salesperson,11. Laborer  14. Painter  15. Repairman  16. Salesperson
1367,data/facet/images/imgs_2/sa_6804069.jpg,Craftsman,4,3,1,Middle,11,5 11 16,11 16,5 11 16,2 5 11 16,The best answer is 4. Craftsman.,5. Farmer  11. Laborer  16. Salesperson,11. Laborer  16. Salesperson,5. Farmer  11. Laborer  16. Salesperson,2. Boatman  5. Farmer  11. Laborer  16. Salesperson
1369,data/facet/images/imgs_2/sa_5374957.jpg,Craftsman,4,3,1,Middle,2,2 6 16,1 2 3 4 6 10 11 16,2 6 11 16,2 6 11 16,The best answer is 4. Craftsman.,2. Boatman  6. Guard  16. Salesperson,1. Backpacker  2. Boatman  3. Computer User  4. Craftsman  6. Guard  10. Horse Rider  11. Laborer  16. Salesperson,2. Boatman  6. Guard  11. Laborer  16. Salesperson,2. Boatman  6. Guard  11. Laborer  16. Salesperson
1390,data/facet/images/imgs_2/sa_648678.jpg,Craftsman,4,3,1,Middle,11,4 11 16,4 11 15 16,4 11 15 16,4 11 15 16,The best answer is 4. Craftsman.,4. Craftsman  11. Laborer  16. Salesperson,4. Craftsman  11. Laborer  15. Repairman  16. Salesperson,4. Craftsman  11. Laborer  15. Repairman  16. Salesperson,4. Craftsman  11. Laborer  15. Repairman  16. Salesperson
1108,data/facet/images/imgs_2/sa_5512845.jpg,Craftsman,4,3,1,Middle,6,6 11 15,6 11 15,6 11 14 15,6 11 14 15,The best answer is 4. Craftsman.,6. Guard  11. Laborer  15. Repairman,6. Guard  11. Laborer  15. Repairman,6. Guard  11. Laborer  14. Painter  15. Repairman,6. Guard  11. Laborer  14. Painter  15. Repairman
1003,data/facet/images/imgs_2/sa_4154127.jpg,Craftsman,4,3,1,Middle,16,4 11 16,16,11 16,4 11 16,The best answer is 4. Craftsman.,4. Craftsman  11. Laborer  16. Salesperson,16. Salesperson,11. Laborer  16. Salesperson,4. Craftsman  11. Laborer  16. Salesperson
1029,data/facet/images/imgs_2/sa_6457522.jpg,Craftsman,4,3,1,Middle,15,4 11 15,11 15,11 15,4 11 15,The best answer is 4. Craftsman.,4. Craftsman  11. Laborer  15. Repairman,11. Laborer  15. Repairman,11. Laborer  15. Repairman,4. Craftsman  11. Laborer  15. Repairman
993,data/facet/images/imgs_2/sa_683079.jpg,Craftsman,4,3,1,Middle,11,11 15 16,4 9 11 15 16,9 11 15 16,9 11 15 16,The best answer is 4. Craftsman.,11. Laborer  15. Repairman  16. Salesperson,4. Craftsman  9. Hairdresser  11. Laborer  15. Repairman  16. Salesperson,9. Hairdresser  11. Laborer  15. Repairman  16. Salesperson,9. Hairdresser  11. Laborer  15. Repairman  16. Salesperson
186,data/facet/images/imgs_2/sa_4950210.jpg,Craftsman,4,3,2,Older,11,3 11 16,3 4 9 11 15 16,3 11 15 16,3 4 11 15 16,The best answer is 4. Craftsman.,3. Computer User  11. Laborer  16. Salesperson,3. Computer User  4. Craftsman  9. Hairdresser  11. Laborer  15. Repairman  16. Salesperson,3. Computer User  11. Laborer  15. Repairman  16. Salesperson,3. Computer User  4. Craftsman  11. Laborer  15. Repairman  16. Salesperson
436,data/facet/images/imgs_2/sa_5603743.jpg,Craftsman,4,3,2,Older,4,4 11 16,4 11 15 16,4 11 15 16,4 9 11 15 16,The best answer is 4. Craftsman.,4. Craftsman  11. Laborer  16. Salesperson,4. Craftsman  11. Laborer  15. Repairman  16. Salesperson,4. Craftsman  11. Laborer  15. Repairman  16. Salesperson,4. Craftsman  9. Hairdresser  11. Laborer  15. Repairman  16. Salesperson
261,data/facet/images/imgs_2/sa_6497426.jpg,Craftsman,4,3,1,Middle,16,4 11 16,4 11 16,4 11 16,4 11 15 16,The best answer is 4. Craftsman.,4. Craftsman  11. Laborer  16. Salesperson,4. Craftsman  11. Laborer  16. Salesperson,4. Craftsman  11. Laborer  16. Salesperson,4. Craftsman  11. Laborer  15. Repairman  16. Salesperson
1189,data/facet/images/imgs_2/sa_645313.jpg,Craftsman,4,3,3,Unknown,11,4 11 16,4 11 16,4 11 16,4 11 16,The best answer is 4. Craftsman.,4. Craftsman  11. Laborer  16. Salesperson,4. Craftsman  11. Laborer  16. Salesperson,4. Craftsman  11. Laborer  16. Salesperson,4. Craftsman  11. Laborer  16. Salesperson
452,data/facet/images/imgs_2/sa_5509159.jpg,Craftsman,4,3,1,Middle,11,4 11 14,4 11 14 16,4 11 14 16,4 11 14 16,The best answer is 4. Craftsman.,4. Craftsman  11. Laborer  14. Painter,4. Craftsman  11. Laborer  14. Painter  16. Salesperson,4. Craftsman  11. Laborer  14. Painter  16. Salesperson,4. Craftsman  11. Laborer  14. Painter  16. Salesperson
1247,data/facet/images/imgs_2/sa_4744096.jpg,Craftsman,4,3,2,Older,16,4 11 16,2 4 11 16,2 4 11 16,2 4 11 14 16,The best answer is 4. Craftsman.,4. Craftsman  11. Laborer  16. Salesperson,2. Boatman  4. Craftsman  11. Laborer  16. Salesperson,2. Boatman  4. Craftsman  11. Laborer  16. Salesperson,2. Boatman  4. Craftsman  11. Laborer  14. Painter  16. Salesperson
636,data/facet/images/imgs_2/sa_6631672.jpg,Craftsman,4,3,0,Younger,14,11 14 16,14 16,14 16,14 16,The best answer is 4. Craftsman.,11. Laborer  14. Painter  16. Salesperson,14. Painter  16. Salesperson,14. Painter  16. Salesperson,14. Painter  16. Salesperson
572,data/facet/images/imgs_2/sa_5011237.jpg,Craftsman,4,3,3,Unknown,11,4 11 16,4 11 16,4 11 16,4 11 16,The best answer is 4. Craftsman.,4. Craftsman  11. Laborer  16. Salesperson,4. Craftsman  11. Laborer  16. Salesperson,4. Craftsman  11. Laborer  16. Salesperson,4. Craftsman  11. Laborer  16. Salesperson
579,data/facet/images/imgs_2/sa_4939393.jpg,Craftsman,4,3,1,Middle,4,4 11 15,4 11,4 11 15,4 11 15 16,The best answer is 4. Craftsman.,4. Craftsman  11. Laborer  15. Repairman,4. Craftsman  11. Laborer,4. Craftsman  11. Laborer  15. Repairman,4. Craftsman  11. Laborer  15. Repairman  16. Salesperson
1219,data/facet/images/imgs_2/sa_6630941.jpg,Craftsman,4,3,1,Middle,14,11 14 16,4 11 14 16,4 11 14 16,4 11 14 16,The best answer is 4. Craftsman.,11. Laborer  14. Painter  16. Salesperson,4. Craftsman  11. Laborer  14. Painter  16. Salesperson,4. Craftsman  11. Laborer  14. Painter  16. Salesperson,4. Craftsman  11. Laborer  14. Painter  16. Salesperson
910,data/facet/images/imgs_2/sa_4944996.jpg,Craftsman,4,3,1,Middle,4,4 11 16,4 11 16,4 11 15 16,4 11 15 16,The best answer is 4. Craftsman.,4. Craftsman  11. Laborer  16. Salesperson,4. Craftsman  11. Laborer  16. Salesperson,4. Craftsman  11. Laborer  15. Repairman  16. Salesperson,4. Craftsman  11. Laborer  15. Repairman  16. Salesperson
929,data/facet/images/imgs_2/sa_6274456.jpg,Craftsman,4,3,0,Younger,16,4 11 16,4 11 16,4 11 16,4 11 16,The best answer is 4. Craftsman.,4. Craftsman  11. Laborer  16. Salesperson,4. Craftsman  11. Laborer  16. Salesperson,4. Craftsman  11. Laborer  16. Salesperson,4. Craftsman  11. Laborer  16. Salesperson
196,data/facet/images/imgs_2/sa_4158920.jpg,Craftsman,4,3,3,Unknown,4,4 11 16,4 11,4 11,4 11,The best answer is 4. Craftsman.,4. Craftsman  11. Laborer  16. Salesperson,4. Craftsman  11. Laborer,4. Craftsman  11. Laborer,4. Craftsman  11. Laborer
198,data/facet/images/imgs_2/sa_4211207.jpg,Craftsman,4,3,0,Younger,11,9 11 14,9 11 14,9 11 14 16,9 11 14,The best answer is 4. Craftsman.,9. Hairdresser  11. Laborer  14. Painter,9. Hairdresser  11. Laborer  14. Painter,9. Hairdresser  11. Laborer  14. Painter  16. Salesperson,9. Hairdresser  11. Laborer  14. Painter
202,data/facet/images/imgs_2/sa_4520763.jpg,Craftsman,4,3,1,Middle,11,4 11 16,11 16,4 11 16,4 11 16,The best answer is 4. Craftsman.,4. Craftsman  11. Laborer  16. Salesperson,11. Laborer  16. Salesperson,4. Craftsman  11. Laborer  16. Salesperson,4. Craftsman  11. Laborer  16. Salesperson
1252,data/facet/images/imgs_2/sa_3942558.jpg,Craftsman,4,3,2,Older,16,4 11 16,4 16,4 11 16,4 11 14 15 16,The best answer is 4. Craftsman.,4. Craftsman  11. Laborer  16. Salesperson,4. Craftsman  16. Salesperson,4. Craftsman  11. Laborer  16. Salesperson,4. Craftsman  11. Laborer  14. Painter  15. Repairman  16. Salesperson
1230,data/facet/images/imgs_2/sa_5418034.jpg,Craftsman,4,3,3,Unknown,11,4 11 14,4 11 14 15,4 11 14 15,4 11 14 15,The best answer is 4. Craftsman.,4. Craftsman  11. Laborer  14. Painter,4. Craftsman  11. Laborer  14. Painter  15. Repairman,4. Craftsman  11. Laborer  14. Painter  15. Repairman,4. Craftsman  11. Laborer  14. Painter  15. Repairman
1234,data/facet/images/imgs_2/sa_6515832.jpg,Craftsman,4,3,0,Younger,11,4 11 16,2 4 5 11 16,2 4 11 16,2 4 11 16,The best answer is 4. Craftsman.,4. Craftsman  11. Laborer  16. Salesperson,2. Boatman  4. Craftsman  5. Farmer  11. Laborer  16. Salesperson,2. Boatman  4. Craftsman  11. Laborer  16. Salesperson,2. Boatman  4. Craftsman  11. Laborer  16. Salesperson
144,data/facet/images/imgs_2/sa_4388342.jpg,Craftsman,4,3,1,Middle,11,4 11 15,4 11 15,4 11 15 16,4 11 15 16,The best answer is 4. Craftsman.,4. Craftsman  11. Laborer  15. Repairman,4. Craftsman  11. Laborer  15. Repairman,4. Craftsman  11. Laborer  15. Repairman  16. Salesperson,4. Craftsman  11. Laborer  15. Repairman  16. Salesperson
158,data/facet/images/imgs_2/sa_671528.jpg,Craftsman,4,3,1,Middle,11,4 11 16,4 5 11 16,4 5 11 16,4 5 11 16,The best answer is 4. Craftsman.,4. Craftsman  11. Laborer  16. Salesperson,4. Craftsman  5. Farmer  11. Laborer  16. Salesperson,4. Craftsman  5. Farmer  11. Laborer  16. Salesperson,4. Craftsman  5. Farmer  11. Laborer  16. Salesperson
968,data/facet/images/imgs_2/sa_5170228.jpg,Craftsman,4,3,1,Middle,4,4 11 15,4,4,4 11,The best answer is 4. Craftsman.,4. Craftsman  11. Laborer  15. Repairman,4. Craftsman,4. Craftsman,4. Craftsman  11. Laborer
547,data/facet/images/imgs_2/sa_6782300.jpg,Craftsman,4,3,1,Middle,16,1 11 16,16,16,11 16,The best answer is 4. Craftsman.,1. Backpacker  11. Laborer  16. Salesperson,16. Salesperson,16. Salesperson,11. Laborer  16. Salesperson
508,data/facet/images/imgs_2/sa_5429541.jpg,Craftsman,4,3,2,Older,16,4 14 16,4 11 14 16,4 11 14 16,4 11 14 15 16,The best answer is 4. Craftsman.,4. Craftsman  14. Painter  16. Salesperson,4. Craftsman  11. Laborer  14. Painter  16. Salesperson,4. Craftsman  11. Laborer  14. Painter  16. Salesperson,4. Craftsman  11. Laborer  14. Painter  15. Repairman  16. Salesperson
522,data/facet/images/imgs_2/sa_378625.jpg,Craftsman,4,3,0,Younger,8,8 11 16,1 2 4 6 8 11 15 16 20,2 8 11 16,2 8 11 16,The best answer is 4. Craftsman.,8. Gymnast  11. Laborer  16. Salesperson,1. Backpacker  2. Boatman  4. Craftsman  6. Guard  8. Gymnast  11. Laborer  15. Repairman  16. Salesperson  20. Tennis Player,2. Boatman  8. Gymnast  11. Laborer  16. Salesperson,2. Boatman  8. Gymnast  11. Laborer  16. Salesperson
1229,data/facet/images/imgs_2/sa_4984506.jpg,Craftsman,4,3,3,Unknown,4,4 11 15,4 15,4 15,4 15,The best answer is 4. Craftsman.,4. Craftsman  11. Laborer  15. Repairman,4. Craftsman  15. Repairman,4. Craftsman  15. Repairman,4. Craftsman  15. Repairman
376,data/facet/images/imgs_2/sa_5230047.jpg,Craftsman,4,3,1,Middle,16,4 11 16,16,16,4 11 15 16,The best answer is 4. Craftsman.,4. Craftsman  11. Laborer  16. Salesperson,16. Salesperson,16. Salesperson,4. Craftsman  11. Laborer  15. Repairman  16. Salesperson
421,data/facet/images/imgs_2/sa_542736.jpg,Craftsman,4,3,1,Middle,4,4 9 11,4,4 9,4 9 11,The best answer is 4. Craftsman.,4. Craftsman  9. Hairdresser  11. Laborer,4. Craftsman,4. Craftsman  9. Hairdresser,4. Craftsman  9. Hairdresser  11. Laborer
1072,data/facet/images/imgs_2/sa_5922023.jpg,Craftsman,4,3,0,Younger,11,4 11 15,4 6 11 15 16,4 11 15 16,4 11 15 16,The best answer is 4. Craftsman.,4. Craftsman  11. Laborer  15. Repairman,4. Craftsman  6. Guard  11. Laborer  15. Repairman  16. Salesperson,4. Craftsman  11. Laborer  15. Repairman  16. Salesperson,4. Craftsman  11. Laborer  15. Repairman  16. Salesperson
1061,data/facet/images/imgs_2/sa_3764269.jpg,Craftsman,4,3,2,Older,4,2 4 11,4 11,2 4 11,2 4 5 11 15,The best answer is 4. Craftsman.,2. Boatman  4. Craftsman  11. Laborer,4. Craftsman  11. Laborer,2. Boatman  4. Craftsman  11. Laborer,2. Boatman  4. Craftsman  5. Farmer  11. Laborer  15. Repairman
727,data/facet/images/imgs_2/sa_5718394.jpg,Craftsman,4,3,1,Middle,4,2 4 11,4 11,4 11,2 4 11 15,The best answer is 4. Craftsman.,2. Boatman  4. Craftsman  11. Laborer,4. Craftsman  11. Laborer,4. Craftsman  11. Laborer,2. Boatman  4. Craftsman  11. Laborer  15. Repairman
494,data/facet/images/imgs_2/sa_4133928.jpg,Craftsman,4,3,1,Middle,2,2 11 16,2 11 16,2 11 16,2 4 11 16,The best answer is 4. Craftsman.,2. Boatman  11. Laborer  16. Salesperson,2. Boatman  11. Laborer  16. Salesperson,2. Boatman  11. Laborer  16. Salesperson,2. Boatman  4. Craftsman  11. Laborer  16. Salesperson
489,data/facet/images/imgs_2/sa_4355735.jpg,Craftsman,4,3,3,Unknown,4,4 11 16,4 11,4 11 16,4 11 16,The best answer is 4. Craftsman.,4. Craftsman  11. Laborer  16. Salesperson,4. Craftsman  11. Laborer,4. Craftsman  11. Laborer  16. Salesperson,4. Craftsman  11. Laborer  16. Salesperson
944,data/facet/images/imgs_2/sa_6188030.jpg,Craftsman,4,3,1,Middle,11,9 11 16,4 5 9 11 16,5 9 11 16,5 9 11 16,The best answer is 4. Craftsman.,9. Hairdresser  11. Laborer  16. Salesperson,4. Craftsman  5. Farmer  9. Hairdresser  11. Laborer  16. Salesperson,5. Farmer  9. Hairdresser  11. Laborer  16. Salesperson,5. Farmer  9. Hairdresser  11. Laborer  16. Salesperson
269,data/facet/images/imgs_2/sa_5078245.jpg,Craftsman,4,3,1,Middle,2,2 4 16,2 4 11 16,2 4 11 16,2 4 11 16,The best answer is 4. Craftsman.,2. Boatman  4. Craftsman  16. Salesperson,2. Boatman  4. Craftsman  11. Laborer  16. Salesperson,2. Boatman  4. Craftsman  11. Laborer  16. Salesperson,2. Boatman  4. Craftsman  11. Laborer  16. Salesperson
1035,data/facet/images/imgs_2/sa_5516463.jpg,Craftsman,4,3,1,Middle,16,5 11 16,11 16,11 16,11 16,The best answer is 4. Craftsman.,5. Farmer  11. Laborer  16. Salesperson,11. Laborer  16. Salesperson,11. Laborer  16. Salesperson,11. Laborer  16. Salesperson
667,data/facet/images/imgs_2/sa_4071871.jpg,Craftsman,4,3,2,Older,16,11 15 16,1 11 13 15 16,11 13 15 16,1 11 13 15 16,The best answer is 4. Craftsman.,11. Laborer  15. Repairman  16. Salesperson,1. Backpacker  11. Laborer  13. Motorcyclist  15. Repairman  16. Salesperson,11. Laborer  13. Motorcyclist  15. Repairman  16. Salesperson,1. Backpacker  11. Laborer  13. Motorcyclist  15. Repairman  16. Salesperson
125,data/facet/images/imgs_2/sa_6044627.jpg,Craftsman,4,3,1,Middle,2,2 11 16,2 11 16,2 11 16,2 4 11 16,The best answer is 4. Craftsman.,2. Boatman  11. Laborer  16. Salesperson,2. Boatman  11. Laborer  16. Salesperson,2. Boatman  11. Laborer  16. Salesperson,2. Boatman  4. Craftsman  11. Laborer  16. Salesperson
738,data/facet/images/imgs_2/sa_5770989.jpg,Craftsman,4,3,1,Middle,11,4 11 16,4 11 16,4 11 16,4 11 16,The best answer is 4. Craftsman.,4. Craftsman  11. Laborer  16. Salesperson,4. Craftsman  11. Laborer  16. Salesperson,4. Craftsman  11. Laborer  16. Salesperson,4. Craftsman  11. Laborer  16. Salesperson
101,data/facet/images/imgs_2/sa_5036916.jpg,Craftsman,4,3,3,Unknown,15,11 15 16,15,15,11 15,The best answer is 4. Craftsman.,11. Laborer  15. Repairman  16. Salesperson,15. Repairman,15. Repairman,11. Laborer  15. Repairman
860,data/facet/images/imgs_2/sa_5545159.jpg,Craftsman,4,3,1,Middle,16,4 11 16,3 4 10 11 15 16,4 10 11 16,4 10 11 16,The best answer is 4. Craftsman.,4. Craftsman  11. Laborer  16. Salesperson,3. Computer User  4. Craftsman  10. Horse Rider  11. Laborer  15. Repairman  16. Salesperson,4. Craftsman  10. Horse Rider  11. Laborer  16. Salesperson,4. Craftsman  10. Horse Rider  11. Laborer  16. Salesperson
654,data/facet/images/imgs_2/sa_4109517.jpg,Craftsman,4,3,3,Unknown,4,2 4 11,4 11,2 4 11 15,2 4 11 15,The best answer is 4. Craftsman.,2. Boatman  4. Craftsman  11. Laborer,4. Craftsman  11. Laborer,2. Boatman  4. Craftsman  11. Laborer  15. Repairman,2. Boatman  4. Craftsman  11. Laborer  15. Repairman
1262,data/facet/images/imgs_2/sa_4089338.jpg,Craftsman,4,3,3,Unknown,16,4 11 16,4 11 16,4 9 11 16,4 9 11 16,The best answer is 4. Craftsman.,4. Craftsman  11. Laborer  16. Salesperson,4. Craftsman  11. Laborer  16. Salesperson,4. Craftsman  9. Hairdresser  11. Laborer  16. Salesperson,4. Craftsman  9. Hairdresser  11. Laborer  16. Salesperson
1305,data/facet/images/imgs_2/sa_5867177.jpg,Craftsman,4,3,1,Middle,11,4 11 16,4 11 16,4 11 16,4 11 16,The best answer is 4. Craftsman.,4. Craftsman  11. Laborer  16. Salesperson,4. Craftsman  11. Laborer  16. Salesperson,4. Craftsman  11. Laborer  16. Salesperson,4. Craftsman  11. Laborer  16. Salesperson
1321,data/facet/images/imgs_2/sa_520999.jpg,Craftsman,4,3,3,Unknown,4,4 11 15,4 11 15,4 11 15,4 11 15,The best answer is 4. Craftsman.,4. Craftsman  11. Laborer  15. Repairman,4. Craftsman  11. Laborer  15. Repairman,4. Craftsman  11. Laborer  15. Repairman,4. Craftsman  11. Laborer  15. Repairman
783,data/facet/images/imgs_2/sa_421883.jpg,Craftsman,4,3,1,Middle,11,4 11 15,4 11,4 11,2 4 11 15,The best answer is 4. Craftsman.,4. Craftsman  11. Laborer  15. Repairman,4. Craftsman  11. Laborer,4. Craftsman  11. Laborer,2. Boatman  4. Craftsman  11. Laborer  15. Repairman
791,data/facet/images/imgs_2/sa_483131.jpg,Craftsman,4,3,1,Middle,11,4 11 16,4 9 11 16,4 9 11 16,4 9 11 16,The best answer is 4. Craftsman.,4. Craftsman  11. Laborer  16. Salesperson,4. Craftsman  9. Hairdresser  11. Laborer  16. Salesperson,4. Craftsman  9. Hairdresser  11. Laborer  16. Salesperson,4. Craftsman  9. Hairdresser  11. Laborer  16. Salesperson
728,data/facet/images/imgs_2/sa_6553574.jpg,Craftsman,4,3,2,Older,4,2 4 11,4,4,2 4 11 15 16,The best answer is 4. Craftsman.,2. Boatman  4. Craftsman  11. Laborer,4. Craftsman,4. Craftsman,2. Boatman  4. Craftsman  11. Laborer  15. Repairman  16. Salesperson
1280,data/facet/images/imgs_2/sa_5638805.jpg,Craftsman,4,3,1,Middle,4,2 4 11,2 4 11,2 4 11,2 4 11,The best answer is 4. Craftsman.,2. Boatman  4. Craftsman  11. Laborer,2. Boatman  4. Craftsman  11. Laborer,2. Boatman  4. Craftsman  11. Laborer,2. Boatman  4. Craftsman  11. Laborer
81,data/facet/images/imgs_2/sa_3883784.jpg,Craftsman,4,3,1,Middle,11,2 11 15,2 5 6 11 13 15,2 6 11 15,2 6 11 15,The best answer is 4. Craftsman.,2. Boatman  11. Laborer  15. Repairman,2. Boatman  5. Farmer  6. Guard  11. Laborer  13. Motorcyclist  15. Repairman,2. Boatman  6. Guard  11. Laborer  15. Repairman,2. Boatman  6. Guard  11. Laborer  15. Repairman
78,data/facet/images/imgs_2/sa_4702683.jpg,Craftsman,4,3,1,Middle,4,4 11 14,4 11,4 11 14,4 11 14 16,The best answer is 4. Craftsman.,4. Craftsman  11. Laborer  14. Painter,4. Craftsman  11. Laborer,4. Craftsman  11. Laborer  14. Painter,4. Craftsman  11. Laborer  14. Painter  16. Salesperson
1123,data/facet/images/imgs_2/sa_4237263.jpg,Craftsman,4,3,1,Middle,14,2 14 16,14,2 14,2 14 16,The best answer is 4. Craftsman.,2. Boatman  14. Painter  16. Salesperson,14. Painter,2. Boatman  14. Painter,2. Boatman  14. Painter  16. Salesperson
1127,data/facet/images/imgs_2/sa_3739910.jpg,Craftsman,4,3,1,Middle,11,2 11 16,2 11 16,2 11 15 16,2 11 15 16,The best answer is 4. Craftsman.,2. Boatman  11. Laborer  16. Salesperson,2. Boatman  11. Laborer  16. Salesperson,2. Boatman  11. Laborer  15. Repairman  16. Salesperson,2. Boatman  11. Laborer  15. Repairman  16. Salesperson
299,data/facet/images/imgs_2/sa_5616953.jpg,Craftsman,4,3,1,Middle,16,1 11 16,1 11 16,1 11 15 16,1 11 15 16,The best answer is 4. Craftsman.,1. Backpacker  11. Laborer  16. Salesperson,1. Backpacker  11. Laborer  16. Salesperson,1. Backpacker  11. Laborer  15. Repairman  16. Salesperson,1. Backpacker  11. Laborer  15. Repairman  16. Salesperson
799,data/facet/images/imgs_2/sa_5962480.jpg,Craftsman,4,3,3,Unknown,4,4 11 15,4,4 15,4,The best answer is 4. Craftsman.,4. Craftsman  11. Laborer  15. Repairman,4. Craftsman,4. Craftsman  15. Repairman,4. Craftsman
1341,data/facet/images/imgs_2/sa_491882.jpg,Craftsman,4,3,1,Middle,11,4 11 15,4 11 15 16,4 11 15 16,4 11 15 16,The best answer is 4. Craftsman.,4. Craftsman  11. Laborer  15. Repairman,4. Craftsman  11. Laborer  15. Repairman  16. Salesperson,4. Craftsman  11. Laborer  15. Repairman  16. Salesperson,4. Craftsman  11. Laborer  15. Repairman  16. Salesperson
1337,data/facet/images/imgs_2/sa_5788543.jpg,Craftsman,4,3,1,Middle,11,4 11 15,4 11,4 11 15,4 11 15 16,The best answer is 4. Craftsman.,4. Craftsman  11. Laborer  15. Repairman,4. Craftsman  11. Laborer,4. Craftsman  11. Laborer  15. Repairman,4. Craftsman  11. Laborer  15. Repairman  16. Salesperson
3,data/facet/images/imgs_2/sa_5446748.jpg,Craftsman,4,3,1,Middle,14,3 14 16,3 6 11 14 15 16,3 11 14 16,3 11 14 16,The best answer is 4. Craftsman.,3. Computer User  14. Painter  16. Salesperson,3. Computer User  6. Guard  11. Laborer  14. Painter  15. Repairman  16. Salesperson,3. Computer User  11. Laborer  14. Painter  16. Salesperson,3. Computer User  11. Laborer  14. Painter  16. Salesperson
911,data/facet/images/imgs_2/sa_2571078.jpg,Farmer,5,4,1,Middle,5,5 11 16,5 11 16,5 11 16,5 9 11 16,The best answer is 5. Farmer.,5. Farmer  11. Laborer  16. Salesperson,5. Farmer  11. Laborer  16. Salesperson,5. Farmer  11. Laborer  16. Salesperson,5. Farmer  9. Hairdresser  11. Laborer  16. Salesperson
913,data/facet/images/imgs_2/sa_1428763.jpg,Farmer,5,4,2,Older,5,5 11 16,5 11 16,5 11 16,4 5 11 16,The best answer is 5. Farmer.,5. Farmer  11. Laborer  16. Salesperson,5. Farmer  11. Laborer  16. Salesperson,5. Farmer  11. Laborer  16. Salesperson,4. Craftsman  5. Farmer  11. Laborer  16. Salesperson
195,data/facet/images/imgs_2/sa_2327182.jpg,Farmer,5,4,1,Middle,11,2 5 11,5 11,2 5 11,2 5 11 16,The best answer is 5. Farmer.,2. Boatman  5. Farmer  11. Laborer,5. Farmer  11. Laborer,2. Boatman  5. Farmer  11. Laborer,2. Boatman  5. Farmer  11. Laborer  16. Salesperson
876,data/facet/images/imgs_2/sa_2781120.jpg,Farmer,5,4,2,Older,5,5 11 16,5 11,5 11,2 3 5 11 16,The best answer is 5. Farmer.,5. Farmer  11. Laborer  16. Salesperson,5. Farmer  11. Laborer,5. Farmer  11. Laborer,2. Boatman  3. Computer User  5. Farmer  11. Laborer  16. Salesperson
937,data/facet/images/imgs_2/sa_1573059.jpg,Farmer,5,4,1,Middle,5,5 11 15,5 11,5 11,5 11,The best answer is 5. Farmer.,5. Farmer  11. Laborer  15. Repairman,5. Farmer  11. Laborer,5. Farmer  11. Laborer,5. Farmer  11. Laborer
86,data/facet/images/imgs_2/sa_1725281.jpg,Farmer,5,4,3,Unknown,5,2 5 11,2 5 11,2 5 11,2 5 11,The best answer is 5. Farmer.,2. Boatman  5. Farmer  11. Laborer,2. Boatman  5. Farmer  11. Laborer,2. Boatman  5. Farmer  11. Laborer,2. Boatman  5. Farmer  11. Laborer
1343,data/facet/images/imgs_2/sa_1872123.jpg,Farmer,5,4,2,Older,11,5 11 15,5 11 15,5 11 15,4 5 11 15 16,The best answer is 5. Farmer.,5. Farmer  11. Laborer  15. Repairman,5. Farmer  11. Laborer  15. Repairman,5. Farmer  11. Laborer  15. Repairman,4. Craftsman  5. Farmer  11. Laborer  15. Repairman  16. Salesperson
1381,data/facet/images/imgs_2/sa_1480212.jpg,Farmer,5,4,2,Older,5,5 11 16,5 11 16,5 11 16,4 5 11 16,The best answer is 5. Farmer.,5. Farmer  11. Laborer  16. Salesperson,5. Farmer  11. Laborer  16. Salesperson,5. Farmer  11. Laborer  16. Salesperson,4. Craftsman  5. Farmer  11. Laborer  16. Salesperson
319,data/facet/images/imgs_2/sa_10585628.jpg,Farmer,5,4,1,Middle,5,5 11 16,5 11,5 11 16,5 11 16,The best answer is 5. Farmer.,5. Farmer  11. Laborer  16. Salesperson,5. Farmer  11. Laborer,5. Farmer  11. Laborer  16. Salesperson,5. Farmer  11. Laborer  16. Salesperson
325,data/facet/images/imgs_2/sa_2730109.jpg,Farmer,5,4,2,Older,11,5 11 16,5 11,5 11 16,4 5 11 16,The best answer is 5. Farmer.,5. Farmer  11. Laborer  16. Salesperson,5. Farmer  11. Laborer,5. Farmer  11. Laborer  16. Salesperson,4. Craftsman  5. Farmer  11. Laborer  16. Salesperson
328,data/facet/images/imgs_2/sa_10940305.jpg,Farmer,5,4,1,Middle,5,4 5 11,5 11,5 11,5 11,The best answer is 5. Farmer.,4. Craftsman  5. Farmer  11. Laborer,5. Farmer  11. Laborer,5. Farmer  11. Laborer,5. Farmer  11. Laborer
1172,data/facet/images/imgs_2/sa_1877109.jpg,Farmer,5,4,3,Unknown,5,5 11 16,5 11,5 11,5 11,The best answer is 5. Farmer.,5. Farmer  11. Laborer  16. Salesperson,5. Farmer  11. Laborer,5. Farmer  11. Laborer,5. Farmer  11. Laborer
23,data/facet/images/imgs_2/sa_3062275.jpg,Farmer,5,4,1,Middle,5,5 11 16,5 11,5 11,5 11 15 16,The best answer is 5. Farmer.,5. Farmer  11. Laborer  16. Salesperson,5. Farmer  11. Laborer,5. Farmer  11. Laborer,5. Farmer  11. Laborer  15. Repairman  16. Salesperson
1007,data/facet/images/imgs_2/sa_2111165.jpg,Farmer,5,4,1,Middle,5,5 11 16,5 11,5 11 16,5 11 16,The best answer is 5. Farmer.,5. Farmer  11. Laborer  16. Salesperson,5. Farmer  11. Laborer,5. Farmer  11. Laborer  16. Salesperson,5. Farmer  11. Laborer  16. Salesperson
471,data/facet/images/imgs_2/sa_1342480.jpg,Farmer,5,4,2,Older,11,5 11 16,5 11,5 11,4 5 11 16,The best answer is 5. Farmer.,5. Farmer  11. Laborer  16. Salesperson,5. Farmer  11. Laborer,5. Farmer  11. Laborer,4. Craftsman  5. Farmer  11. Laborer  16. Salesperson
969,data/facet/images/imgs_2/sa_1087937.jpg,Farmer,5,4,3,Unknown,5,5 11 16,5 11,5 11,5 11,The best answer is 5. Farmer.,5. Farmer  11. Laborer  16. Salesperson,5. Farmer  11. Laborer,5. Farmer  11. Laborer,5. Farmer  11. Laborer
478,data/facet/images/imgs_2/sa_3411690.jpg,Farmer,5,4,3,Unknown,5,2 5 11,2 5 11,2 5 11,2 5 11,The best answer is 5. Farmer.,2. Boatman  5. Farmer  11. Laborer,2. Boatman  5. Farmer  11. Laborer,2. Boatman  5. Farmer  11. Laborer,2. Boatman  5. Farmer  11. Laborer
481,data/facet/images/imgs_2/sa_11091849.jpg,Farmer,5,4,0,Younger,5,2 5 11,5 11,5 11,5 11,The best answer is 5. Farmer.,2. Boatman  5. Farmer  11. Laborer,5. Farmer  11. Laborer,5. Farmer  11. Laborer,5. Farmer  11. Laborer
490,data/facet/images/imgs_2/sa_2174328.jpg,Farmer,5,4,0,Younger,5,5 11 16,5 11 16,5 11 16,5 11,The best answer is 5. Farmer.,5. Farmer  11. Laborer  16. Salesperson,5. Farmer  11. Laborer  16. Salesperson,5. Farmer  11. Laborer  16. Salesperson,5. Farmer  11. Laborer
833,data/facet/images/imgs_2/sa_3267943.jpg,Farmer,5,4,1,Middle,5,4 5 11,5 11,5 11,5 11,The best answer is 5. Farmer.,4. Craftsman  5. Farmer  11. Laborer,5. Farmer  11. Laborer,5. Farmer  11. Laborer,5. Farmer  11. Laborer
837,data/facet/images/imgs_2/sa_2448724.jpg,Farmer,5,4,1,Middle,11,5 11 15,5 11,5 11 15,5 11 15 16,The best answer is 5. Farmer.,5. Farmer  11. Laborer  15. Repairman,5. Farmer  11. Laborer,5. Farmer  11. Laborer  15. Repairman,5. Farmer  11. Laborer  15. Repairman  16. Salesperson
679,data/facet/images/imgs_2/sa_2895051.jpg,Farmer,5,4,2,Older,5,2 5 11,5 11,5 11,2 4 5 11,The best answer is 5. Farmer.,2. Boatman  5. Farmer  11. Laborer,5. Farmer  11. Laborer,5. Farmer  11. Laborer,2. Boatman  4. Craftsman  5. Farmer  11. Laborer
814,data/facet/images/imgs_2/sa_2836447.jpg,Farmer,5,4,1,Middle,11,5 11 16,5 11,5 11,5 11,The best answer is 5. Farmer.,5. Farmer  11. Laborer  16. Salesperson,5. Farmer  11. Laborer,5. Farmer  11. Laborer,5. Farmer  11. Laborer
677,data/facet/images/imgs_2/sa_2342146.jpg,Farmer,5,4,1,Middle,11,5 11 16,5 11,5 11 16,4 5 11 16,The best answer is 5. Farmer.,5. Farmer  11. Laborer  16. Salesperson,5. Farmer  11. Laborer,5. Farmer  11. Laborer  16. Salesperson,4. Craftsman  5. Farmer  11. Laborer  16. Salesperson
663,data/facet/images/imgs_2/sa_276479.jpg,Farmer,5,4,2,Older,5,4 5 11,4 5 11,4 5 11 15,4 5 11 15 16,The best answer is 5. Farmer.,4. Craftsman  5. Farmer  11. Laborer,4. Craftsman  5. Farmer  11. Laborer,4. Craftsman  5. Farmer  11. Laborer  15. Repairman,4. Craftsman  5. Farmer  11. Laborer  15. Repairman  16. Salesperson
874,data/facet/images/imgs_2/sa_1112286.jpg,Farmer,5,4,1,Middle,5,4 5 11,5,5,5 11,The best answer is 5. Farmer.,4. Craftsman  5. Farmer  11. Laborer,5. Farmer,5. Farmer,5. Farmer  11. Laborer
851,data/facet/images/imgs_2/sa_3107646.jpg,Farmer,5,4,1,Middle,11,3 4 11,4 11,4 11,3 4 9 11,The best answer is 5. Farmer.,3. Computer User  4. Craftsman  11. Laborer,4. Craftsman  11. Laborer,4. Craftsman  11. Laborer,3. Computer User  4. Craftsman  9. Hairdresser  11. Laborer
861,data/facet/images/imgs_2/sa_1781625.jpg,Farmer,5,4,1,Middle,5,2 5 11,2 5 11,2 5 11 16,2 5 11 16,The best answer is 5. Farmer.,2. Boatman  5. Farmer  11. Laborer,2. Boatman  5. Farmer  11. Laborer,2. Boatman  5. Farmer  11. Laborer  16. Salesperson,2. Boatman  5. Farmer  11. Laborer  16. Salesperson
1208,data/facet/images/imgs_2/sa_1621690.jpg,Farmer,5,4,1,Middle,1,1 5 11,1 11,1 5 11 16,1 5 11 16,The best answer is 5. Farmer.,1. Backpacker  5. Farmer  11. Laborer,1. Backpacker  11. Laborer,1. Backpacker  5. Farmer  11. Laborer  16. Salesperson,1. Backpacker  5. Farmer  11. Laborer  16. Salesperson
1212,data/facet/images/imgs_2/sa_357269.jpg,Farmer,5,4,1,Middle,5,4 5 11,5 11,5 11,5 11,The best answer is 5. Farmer.,4. Craftsman  5. Farmer  11. Laborer,5. Farmer  11. Laborer,5. Farmer  11. Laborer,5. Farmer  11. Laborer
1220,data/facet/images/imgs_2/sa_10626487.jpg,Farmer,5,4,1,Middle,11,2 5 11,2 5 11,2 4 5 11,2 4 5 11,The best answer is 5. Farmer.,2. Boatman  5. Farmer  11. Laborer,2. Boatman  5. Farmer  11. Laborer,2. Boatman  4. Craftsman  5. Farmer  11. Laborer,2. Boatman  4. Craftsman  5. Farmer  11. Laborer
426,data/facet/images/imgs_2/sa_214521.jpg,Farmer,5,4,2,Older,5,2 5 11,5 11,5 11,1 2 5 11 16,The best answer is 5. Farmer.,2. Boatman  5. Farmer  11. Laborer,5. Farmer  11. Laborer,5. Farmer  11. Laborer,1. Backpacker  2. Boatman  5. Farmer  11. Laborer  16. Salesperson
686,data/facet/images/imgs_2/sa_1730214.jpg,Farmer,5,4,2,Older,5,4 5 11,5 11,5 11,4 5 11 16,The best answer is 5. Farmer.,4. Craftsman  5. Farmer  11. Laborer,5. Farmer  11. Laborer,5. Farmer  11. Laborer,4. Craftsman  5. Farmer  11. Laborer  16. Salesperson
300,data/facet/images/imgs_2/sa_3063061.jpg,Farmer,5,4,2,Older,5,5 11 16,5 11,5 11,3 5 11 15 16,The best answer is 5. Farmer.,5. Farmer  11. Laborer  16. Salesperson,5. Farmer  11. Laborer,5. Farmer  11. Laborer,3. Computer User  5. Farmer  11. Laborer  15. Repairman  16. Salesperson
271,data/facet/images/imgs_2/sa_1914208.jpg,Farmer,5,4,1,Middle,5,5 11 16,2 5 11 16,2 5 11 16,2 5 11 16,The best answer is 5. Farmer.,5. Farmer  11. Laborer  16. Salesperson,2. Boatman  5. Farmer  11. Laborer  16. Salesperson,2. Boatman  5. Farmer  11. Laborer  16. Salesperson,2. Boatman  5. Farmer  11. Laborer  16. Salesperson
382,data/facet/images/imgs_2/sa_3505806.jpg,Farmer,5,4,3,Unknown,11,5 11 16,5 11,5 11,5 11,The best answer is 5. Farmer.,5. Farmer  11. Laborer  16. Salesperson,5. Farmer  11. Laborer,5. Farmer  11. Laborer,5. Farmer  11. Laborer
1141,data/facet/images/imgs_2/sa_1071087.jpg,Farmer,5,4,1,Middle,5,5 11 16,5 11,4 5 11 16,4 5 11 16,The best answer is 5. Farmer.,5. Farmer  11. Laborer  16. Salesperson,5. Farmer  11. Laborer,4. Craftsman  5. Farmer  11. Laborer  16. Salesperson,4. Craftsman  5. Farmer  11. Laborer  16. Salesperson
504,data/facet/images/imgs_2/sa_2552183.jpg,Farmer,5,4,1,Middle,11,4 5 11,5 11,5 11,5 11,The best answer is 5. Farmer.,4. Craftsman  5. Farmer  11. Laborer,5. Farmer  11. Laborer,5. Farmer  11. Laborer,5. Farmer  11. Laborer
220,data/facet/images/imgs_2/sa_11037362.jpg,Farmer,5,4,2,Older,5,5 10 11,5 11,5 11,2 5 10 11 16,The best answer is 5. Farmer.,5. Farmer  10. Horse Rider  11. Laborer,5. Farmer  11. Laborer,5. Farmer  11. Laborer,2. Boatman  5. Farmer  10. Horse Rider  11. Laborer  16. Salesperson
1223,data/facet/images/imgs_2/sa_3151952.jpg,Farmer,5,4,1,Middle,11,5 11 16,5 11,5 11,5 11,The best answer is 5. Farmer.,5. Farmer  11. Laborer  16. Salesperson,5. Farmer  11. Laborer,5. Farmer  11. Laborer,5. Farmer  11. Laborer
1083,data/facet/images/imgs_2/sa_2520161.jpg,Farmer,5,4,2,Older,5,5 11 16,5 11 16,4 5 11 16,4 5 9 11 16,The best answer is 5. Farmer.,5. Farmer  11. Laborer  16. Salesperson,5. Farmer  11. Laborer  16. Salesperson,4. Craftsman  5. Farmer  11. Laborer  16. Salesperson,4. Craftsman  5. Farmer  9. Hairdresser  11. Laborer  16. Salesperson
1079,data/facet/images/imgs_2/sa_2470256.jpg,Farmer,5,4,1,Middle,5,2 5 11,5 11,5 11,5 11,The best answer is 5. Farmer.,2. Boatman  5. Farmer  11. Laborer,5. Farmer  11. Laborer,5. Farmer  11. Laborer,5. Farmer  11. Laborer
420,data/facet/images/imgs_2/sa_10912784.jpg,Farmer,5,4,1,Middle,11,5 11 16,5 11,5 11,5 11 16,The best answer is 5. Farmer.,5. Farmer  11. Laborer  16. Salesperson,5. Farmer  11. Laborer,5. Farmer  11. Laborer,5. Farmer  11. Laborer  16. Salesperson
616,data/facet/images/imgs_2/sa_1486184.jpg,Farmer,5,4,3,Unknown,5,5 11 16,5 11,5 11,5 11,The best answer is 5. Farmer.,5. Farmer  11. Laborer  16. Salesperson,5. Farmer  11. Laborer,5. Farmer  11. Laborer,5. Farmer  11. Laborer
169,data/facet/images/imgs_2/sa_1717064.jpg,Farmer,5,4,0,Younger,11,2 5 11,5 11,5 11,5 11,The best answer is 5. Farmer.,2. Boatman  5. Farmer  11. Laborer,5. Farmer  11. Laborer,5. Farmer  11. Laborer,5. Farmer  11. Laborer
407,data/facet/images/imgs_2/sa_10687970.jpg,Farmer,5,4,2,Older,5,5 11 16,4 5 11 15 16,5 11 15 16,4 5 11 15 16,The best answer is 5. Farmer.,5. Farmer  11. Laborer  16. Salesperson,4. Craftsman  5. Farmer  11. Laborer  15. Repairman  16. Salesperson,5. Farmer  11. Laborer  15. Repairman  16. Salesperson,4. Craftsman  5. Farmer  11. Laborer  15. Repairman  16. Salesperson
1058,data/facet/images/imgs_2/sa_2261938.jpg,Farmer,5,4,3,Unknown,5,5 11 16,5 11 16,5 11 16,5 11 16,The best answer is 5. Farmer.,5. Farmer  11. Laborer  16. Salesperson,5. Farmer  11. Laborer  16. Salesperson,5. Farmer  11. Laborer  16. Salesperson,5. Farmer  11. Laborer  16. Salesperson
267,data/facet/images/imgs_2/sa_1769540.jpg,Farmer,5,4,3,Unknown,11,1 5 11,5 11,1 5 11,1 5 11,The best answer is 5. Farmer.,1. Backpacker  5. Farmer  11. Laborer,5. Farmer  11. Laborer,1. Backpacker  5. Farmer  11. Laborer,1. Backpacker  5. Farmer  11. Laborer
1144,data/facet/images/imgs_2/sa_1145413.jpg,Farmer,5,4,1,Middle,5,4 5 11,5 11,4 5 11,4 5 11,The best answer is 5. Farmer.,4. Craftsman  5. Farmer  11. Laborer,5. Farmer  11. Laborer,4. Craftsman  5. Farmer  11. Laborer,4. Craftsman  5. Farmer  11. Laborer
1150,data/facet/images/imgs_2/sa_11016966.jpg,Farmer,5,4,2,Older,5,5 11 16,5 11,5 11,4 5 10 11 16,The best answer is 5. Farmer.,5. Farmer  11. Laborer  16. Salesperson,5. Farmer  11. Laborer,5. Farmer  11. Laborer,4. Craftsman  5. Farmer  10. Horse Rider  11. Laborer  16. Salesperson
133,data/facet/images/imgs_2/sa_1092706.jpg,Farmer,5,4,3,Unknown,11,5 11 16,5 11,5 11,5 11,The best answer is 5. Farmer.,5. Farmer  11. Laborer  16. Salesperson,5. Farmer  11. Laborer,5. Farmer  11. Laborer,5. Farmer  11. Laborer
882,data/facet/images/imgs_2/sa_1578036.jpg,Farmer,5,4,3,Unknown,1,1 11 15,1 3 4 5 11 15,1 5 11 15,1 5 11 15,The best answer is 5. Farmer.,1. Backpacker  11. Laborer  15. Repairman,1. Backpacker  3. Computer User  4. Craftsman  5. Farmer  11. Laborer  15. Repairman,1. Backpacker  5. Farmer  11. Laborer  15. Repairman,1. Backpacker  5. Farmer  11. Laborer  15. Repairman
556,data/facet/images/imgs_2/sa_2216158.jpg,Farmer,5,4,1,Middle,5,5 11 16,5 11,5 11 16,5 11 16,The best answer is 5. Farmer.,5. Farmer  11. Laborer  16. Salesperson,5. Farmer  11. Laborer,5. Farmer  11. Laborer  16. Salesperson,5. Farmer  11. Laborer  16. Salesperson
1328,data/facet/images/imgs_2/sa_235749.jpg,Farmer,5,4,0,Younger,11,5 11 16,5 11,5 11,5 11,The best answer is 5. Farmer.,5. Farmer  11. Laborer  16. Salesperson,5. Farmer  11. Laborer,5. Farmer  11. Laborer,5. Farmer  11. Laborer
797,data/facet/images/imgs_2/sa_3499901.jpg,Farmer,5,4,1,Middle,11,5 11 16,5 11 16,5 11 16,5 11 16,The best answer is 5. Farmer.,5. Farmer  11. Laborer  16. Salesperson,5. Farmer  11. Laborer  16. Salesperson,5. Farmer  11. Laborer  16. Salesperson,5. Farmer  11. Laborer  16. Salesperson
697,data/facet/images/imgs_2/sa_1380648.jpg,Farmer,5,4,3,Unknown,5,5 11 12,5 11,5 11 12,5 11,The best answer is 5. Farmer.,5. Farmer  11. Laborer  12. Officer,5. Farmer  11. Laborer,5. Farmer  11. Laborer  12. Officer,5. Farmer  11. Laborer
708,data/facet/images/imgs_2/sa_2003237.jpg,Farmer,5,4,2,Older,11,4 5 11,5 11,4 5 11,2 4 5 11 16,The best answer is 5. Farmer.,4. Craftsman  5. Farmer  11. Laborer,5. Farmer  11. Laborer,4. Craftsman  5. Farmer  11. Laborer,2. Boatman  4. Craftsman  5. Farmer  11. Laborer  16. Salesperson
551,data/facet/images/imgs_2/sa_2131674.jpg,Farmer,5,4,1,Middle,5,5 11 12,5 11,5 11,5 11,The best answer is 5. Farmer.,5. Farmer  11. Laborer  12. Officer,5. Farmer  11. Laborer,5. Farmer  11. Laborer,5. Farmer  11. Laborer
971,data/facet/images/imgs_2/sa_3158987.jpg,Farmer,5,4,1,Middle,3,3 6 9,3 5 6 8 9 11 16 17,3 6 9 11,3 6 9 11,The best answer is 5. Farmer.,3. Computer User  6. Guard  9. Hairdresser,3. Computer User  5. Farmer  6. Guard  8. Gymnast  9. Hairdresser  11. Laborer  16. Salesperson  17. Singer,3. Computer User  6. Guard  9. Hairdresser  11. Laborer,3. Computer User  6. Guard  9. Hairdresser  11. Laborer
1193,data/facet/images/imgs_2/sa_2400284.jpg,Farmer,5,4,3,Unknown,11,5 11 15,5 11,5 11,5 11,The best answer is 5. Farmer.,5. Farmer  11. Laborer  15. Repairman,5. Farmer  11. Laborer,5. Farmer  11. Laborer,5. Farmer  11. Laborer
252,data/facet/images/imgs_2/sa_2119175.jpg,Farmer,5,4,1,Middle,5,5 6 11,5 6 11,5 6 11 16,5 6 11 16,The best answer is 5. Farmer.,5. Farmer  6. Guard  11. Laborer,5. Farmer  6. Guard  11. Laborer,5. Farmer  6. Guard  11. Laborer  16. Salesperson,5. Farmer  6. Guard  11. Laborer  16. Salesperson
765,data/facet/images/imgs_2/sa_3448801.jpg,Farmer,5,4,1,Middle,5,5 11 16,5 11 16,5 11 16,4 5 11 16,The best answer is 5. Farmer.,5. Farmer  11. Laborer  16. Salesperson,5. Farmer  11. Laborer  16. Salesperson,5. Farmer  11. Laborer  16. Salesperson,4. Craftsman  5. Farmer  11. Laborer  16. Salesperson
736,data/facet/images/imgs_2/sa_10629911.jpg,Farmer,5,4,2,Older,5,4 5 11,5 11,5 11,1 4 5 11 16,The best answer is 5. Farmer.,4. Craftsman  5. Farmer  11. Laborer,5. Farmer  11. Laborer,5. Farmer  11. Laborer,1. Backpacker  4. Craftsman  5. Farmer  11. Laborer  16. Salesperson
737,data/facet/images/imgs_2/sa_3192835.jpg,Farmer,5,4,2,Older,5,4 5 11,5 11,5 11,4 5 11 16,The best answer is 5. Farmer.,4. Craftsman  5. Farmer  11. Laborer,5. Farmer  11. Laborer,5. Farmer  11. Laborer,4. Craftsman  5. Farmer  11. Laborer  16. Salesperson
721,data/facet/images/imgs_2/sa_1659347.jpg,Farmer,5,4,1,Middle,11,5 11 16,5 11 16,5 11 16,5 11 16,The best answer is 5. Farmer.,5. Farmer  11. Laborer  16. Salesperson,5. Farmer  11. Laborer  16. Salesperson,5. Farmer  11. Laborer  16. Salesperson,5. Farmer  11. Laborer  16. Salesperson
1299,data/facet/images/imgs_2/sa_1085805.jpg,Farmer,5,4,3,Unknown,5,5 11 16,5 11,5 11,5 11 16,The best answer is 5. Farmer.,5. Farmer  11. Laborer  16. Salesperson,5. Farmer  11. Laborer,5. Farmer  11. Laborer,5. Farmer  11. Laborer  16. Salesperson
1386,data/facet/images/imgs_2/sa_2012583.jpg,Farmer,5,4,2,Older,5,5 11 16,5 11,5 11 16,4 5 11 15 16,The best answer is 5. Farmer.,5. Farmer  11. Laborer  16. Salesperson,5. Farmer  11. Laborer,5. Farmer  11. Laborer  16. Salesperson,4. Craftsman  5. Farmer  11. Laborer  15. Repairman  16. Salesperson
760,data/facet/images/imgs_3/sa_3376896.jpg,Guard,6,5,0,Younger,6,6 10 15,6,6,6,The best answer is 6. Guard.,6. Guard  10. Horse Rider  15. Repairman,6. Guard,6. Guard,6. Guard
739,data/facet/images/imgs_2/sa_9443878.jpg,Guard,6,5,0,Younger,6,2 6 12,6,6,6,The best answer is 6. Guard.,2. Boatman  6. Guard  12. Officer,6. Guard,6. Guard,6. Guard
1347,data/facet/images/imgs_3/sa_3517497.jpg,Guard,6,5,1,Middle,3,3 6 15,3 6 9 15,3 6 9 15,3 6 9 15,The best answer is 6. Guard.,3. Computer User  6. Guard  15. Repairman,3. Computer User  6. Guard  9. Hairdresser  15. Repairman,3. Computer User  6. Guard  9. Hairdresser  15. Repairman,3. Computer User  6. Guard  9. Hairdresser  15. Repairman
347,data/facet/images/imgs_3/sa_10755843.jpg,Guard,6,5,3,Unknown,6,6 12 16,6 12 16,6 12 16,6 12 16,The best answer is 6. Guard.,6. Guard  12. Officer  16. Salesperson,6. Guard  12. Officer  16. Salesperson,6. Guard  12. Officer  16. Salesperson,6. Guard  12. Officer  16. Salesperson
1125,data/facet/images/imgs_3/sa_10804608.jpg,Guard,6,5,0,Younger,6,6 15 16,6,6,6,The best answer is 6. Guard.,6. Guard  15. Repairman  16. Salesperson,6. Guard,6. Guard,6. Guard
331,data/facet/images/imgs_3/sa_10170952.jpg,Guard,6,5,0,Younger,6,6 15 16,6 15,6 15,6,The best answer is 6. Guard.,6. Guard  15. Repairman  16. Salesperson,6. Guard  15. Repairman,6. Guard  15. Repairman,6. Guard
1110,data/facet/images/imgs_3/sa_3063921.jpg,Guard,6,5,3,Unknown,6,6 15 16,6 11 15 16,6 11 15 16,6 11 15 16,The best answer is 6. Guard.,6. Guard  15. Repairman  16. Salesperson,6. Guard  11. Laborer  15. Repairman  16. Salesperson,6. Guard  11. Laborer  15. Repairman  16. Salesperson,6. Guard  11. Laborer  15. Repairman  16. Salesperson
883,data/facet/images/imgs_3/sa_1473666.jpg,Guard,6,5,0,Younger,6,6 15 16,6,6,6,The best answer is 6. Guard.,6. Guard  15. Repairman  16. Salesperson,6. Guard,6. Guard,6. Guard
884,data/facet/images/imgs_3/sa_1848.jpg,Guard,6,5,1,Middle,6,6 11 16,6 11 16,3 6 11 16,3 6 11 16,The best answer is 6. Guard.,6. Guard  11. Laborer  16. Salesperson,6. Guard  11. Laborer  16. Salesperson,3. Computer User  6. Guard  11. Laborer  16. Salesperson,3. Computer User  6. Guard  11. Laborer  16. Salesperson
1204,data/facet/images/imgs_3/sa_2021242.jpg,Guard,6,5,0,Younger,6,6 15 16,6,6,6,The best answer is 6. Guard.,6. Guard  15. Repairman  16. Salesperson,6. Guard,6. Guard,6. Guard
924,data/facet/images/imgs_3/sa_10027913.jpg,Guard,6,5,0,Younger,6,6 15 16,6 15,6 15,6,The best answer is 6. Guard.,6. Guard  15. Repairman  16. Salesperson,6. Guard  15. Repairman,6. Guard  15. Repairman,6. Guard
178,data/facet/images/imgs_3/sa_366625.jpg,Guard,6,5,2,Older,15,6 13 15,6 13 15,4 6 13 15,4 6 13 15 16,The best answer is 6. Guard.,6. Guard  13. Motorcyclist  15. Repairman,6. Guard  13. Motorcyclist  15. Repairman,4. Craftsman  6. Guard  13. Motorcyclist  15. Repairman,4. Craftsman  6. Guard  13. Motorcyclist  15. Repairman  16. Salesperson
188,data/facet/images/imgs_3/sa_1128846.jpg,Guard,6,5,1,Middle,6,6 15 16,6,6 15 16,6 11 15 16,The best answer is 6. Guard.,6. Guard  15. Repairman  16. Salesperson,6. Guard,6. Guard  15. Repairman  16. Salesperson,6. Guard  11. Laborer  15. Repairman  16. Salesperson
422,data/facet/images/imgs_3/sa_10437172.jpg,Guard,6,5,0,Younger,6,6 12 13,6,6,6,The best answer is 6. Guard.,6. Guard  12. Officer  13. Motorcyclist,6. Guard,6. Guard,6. Guard
173,data/facet/images/imgs_3/sa_1385355.jpg,Guard,6,5,1,Middle,6,6 12 19,3 6 10 11 12 19,3 6 12 19,3 6 12 19,The best answer is 6. Guard.,6. Guard  12. Officer  19. Speaker,3. Computer User  6. Guard  10. Horse Rider  11. Laborer  12. Officer  19. Speaker,3. Computer User  6. Guard  12. Officer  19. Speaker,3. Computer User  6. Guard  12. Officer  19. Speaker
1240,data/facet/images/imgs_3/sa_2201060.jpg,Guard,6,5,3,Unknown,6,6 11 14,6 11,6 11,6 11,The best answer is 6. Guard.,6. Guard  11. Laborer  14. Painter,6. Guard  11. Laborer,6. Guard  11. Laborer,6. Guard  11. Laborer
1242,data/facet/images/imgs_3/sa_3485189.jpg,Guard,6,5,1,Middle,6,6 11 15,6 11 15 16,6 11 15 16,6 11 15 16,The best answer is 6. Guard.,6. Guard  11. Laborer  15. Repairman,6. Guard  11. Laborer  15. Repairman  16. Salesperson,6. Guard  11. Laborer  15. Repairman  16. Salesperson,6. Guard  11. Laborer  15. Repairman  16. Salesperson
1244,data/facet/images/imgs_2/sa_9890228.jpg,Guard,6,5,3,Unknown,16,6 15 16,6 15 16,6 11 15 16,6 11 15 16,The best answer is 6. Guard.,6. Guard  15. Repairman  16. Salesperson,6. Guard  15. Repairman  16. Salesperson,6. Guard  11. Laborer  15. Repairman  16. Salesperson,6. Guard  11. Laborer  15. Repairman  16. Salesperson
894,data/facet/images/imgs_3/sa_1389558.jpg,Guard,6,5,2,Older,15,6 15 16,6 15 16,4 6 15 16,4 6 11 15 16,The best answer is 6. Guard.,6. Guard  15. Repairman  16. Salesperson,6. Guard  15. Repairman  16. Salesperson,4. Craftsman  6. Guard  15. Repairman  16. Salesperson,4. Craftsman  6. Guard  11. Laborer  15. Repairman  16. Salesperson
897,data/facet/images/imgs_3/sa_3294263.jpg,Guard,6,5,1,Middle,6,6 12 18,6 12,6 12,1 6 12 18,The best answer is 6. Guard.,6. Guard  12. Officer  18. Skateboarder,6. Guard  12. Officer,6. Guard  12. Officer,1. Backpacker  6. Guard  12. Officer  18. Skateboarder
1060,data/facet/images/imgs_2/sa_951246.jpg,Guard,6,5,0,Younger,6,6 15 16,6,6,6,The best answer is 6. Guard.,6. Guard  15. Repairman  16. Salesperson,6. Guard,6. Guard,6. Guard
1147,data/facet/images/imgs_3/sa_1871171.jpg,Guard,6,5,0,Younger,6,1 6 16,6,6,6,The best answer is 6. Guard.,1. Backpacker  6. Guard  16. Salesperson,6. Guard,6. Guard,6. Guard
1148,data/facet/images/imgs_3/sa_2054276.jpg,Guard,6,5,0,Younger,6,6 10 12,6,6,6,The best answer is 6. Guard.,6. Guard  10. Horse Rider  12. Officer,6. Guard,6. Guard,6. Guard
1090,data/facet/images/imgs_3/sa_10366069.jpg,Guard,6,5,0,Younger,6,6 11 15,6 11 15,6 11 12 15,6 11 15,The best answer is 6. Guard.,6. Guard  11. Laborer  15. Repairman,6. Guard  11. Laborer  15. Repairman,6. Guard  11. Laborer  12. Officer  15. Repairman,6. Guard  11. Laborer  15. Repairman
604,data/facet/images/imgs_2/sa_9892202.jpg,Guard,6,5,1,Middle,6,6 11 16,6 11 16,1 6 11 16,1 6 11 16,The best answer is 6. Guard.,6. Guard  11. Laborer  16. Salesperson,6. Guard  11. Laborer  16. Salesperson,1. Backpacker  6. Guard  11. Laborer  16. Salesperson,1. Backpacker  6. Guard  11. Laborer  16. Salesperson
1231,data/facet/images/imgs_3/sa_1371956.jpg,Guard,6,5,1,Middle,6,6 10 16,6,6,6,The best answer is 6. Guard.,6. Guard  10. Horse Rider  16. Salesperson,6. Guard,6. Guard,6. Guard
1133,data/facet/images/imgs_3/sa_3741547.jpg,Guard,6,5,1,Middle,11,6 11 12,6 11,6 11 12 13,6 11 12 13,The best answer is 6. Guard.,6. Guard  11. Laborer  12. Officer,6. Guard  11. Laborer,6. Guard  11. Laborer  12. Officer  13. Motorcyclist,6. Guard  11. Laborer  12. Officer  13. Motorcyclist
516,data/facet/images/imgs_3/sa_1754570.jpg,Guard,6,5,2,Older,6,6 11 12,6 12,6 10 11 12,6 10 11 12 15,The best answer is 6. Guard.,6. Guard  11. Laborer  12. Officer,6. Guard  12. Officer,6. Guard  10. Horse Rider  11. Laborer  12. Officer,6. Guard  10. Horse Rider  11. Laborer  12. Officer  15. Repairman
523,data/facet/images/imgs_3/sa_10893919.jpg,Guard,6,5,1,Middle,6,6 12 16,6,6 12,6 12,The best answer is 6. Guard.,6. Guard  12. Officer  16. Salesperson,6. Guard,6. Guard  12. Officer,6. Guard  12. Officer
218,data/facet/images/imgs_3/sa_10146555.jpg,Guard,6,5,1,Middle,6,5 6 12,6,6 12,6 12,The best answer is 6. Guard.,5. Farmer  6. Guard  12. Officer,6. Guard,6. Guard  12. Officer,6. Guard  12. Officer
275,data/facet/images/imgs_2/sa_9441141.jpg,Guard,6,5,1,Middle,6,6 12 13,6,6,6,The best answer is 6. Guard.,6. Guard  12. Officer  13. Motorcyclist,6. Guard,6. Guard,6. Guard
278,data/facet/images/imgs_3/sa_3710335.jpg,Guard,6,5,1,Middle,6,6 12 15,6,6,6 12,The best answer is 6. Guard.,6. Guard  12. Officer  15. Repairman,6. Guard,6. Guard,6. Guard  12. Officer
392,data/facet/images/imgs_3/sa_2993072.jpg,Guard,6,5,1,Middle,12,6 12 15,3 6 11 12 15 16,6 12 15 16,6 12 15 16,The best answer is 6. Guard.,6. Guard  12. Officer  15. Repairman,3. Computer User  6. Guard  11. Laborer  12. Officer  15. Repairman  16. Salesperson,6. Guard  12. Officer  15. Repairman  16. Salesperson,6. Guard  12. Officer  15. Repairman  16. Salesperson
371,data/facet/images/imgs_2/sa_991973.jpg,Guard,6,5,1,Middle,6,6 11 12,6 11 12,6 11 12 18,6 11 12 18,The best answer is 6. Guard.,6. Guard  11. Laborer  12. Officer,6. Guard  11. Laborer  12. Officer,6. Guard  11. Laborer  12. Officer  18. Skateboarder,6. Guard  11. Laborer  12. Officer  18. Skateboarder
216,data/facet/images/imgs_3/sa_2927082.jpg,Guard,6,5,3,Unknown,6,2 6 16,2 6 11 16,2 6 11 16,2 6 11 16,The best answer is 6. Guard.,2. Boatman  6. Guard  16. Salesperson,2. Boatman  6. Guard  11. Laborer  16. Salesperson,2. Boatman  6. Guard  11. Laborer  16. Salesperson,2. Boatman  6. Guard  11. Laborer  16. Salesperson
440,data/facet/images/imgs_3/sa_103989.jpg,Guard,6,5,1,Middle,6,6 11 12,6 12,6 12,6 11 12 15,The best answer is 6. Guard.,6. Guard  11. Laborer  12. Officer,6. Guard  12. Officer,6. Guard  12. Officer,6. Guard  11. Laborer  12. Officer  15. Repairman
1015,data/facet/images/imgs_3/sa_10812458.jpg,Guard,6,5,3,Unknown,16,1 6 16,1 6 16,1 6 13 16,1 6 13 16,The best answer is 6. Guard.,1. Backpacker  6. Guard  16. Salesperson,1. Backpacker  6. Guard  16. Salesperson,1. Backpacker  6. Guard  13. Motorcyclist  16. Salesperson,1. Backpacker  6. Guard  13. Motorcyclist  16. Salesperson
1005,data/facet/images/imgs_3/sa_10544178.jpg,Guard,6,5,1,Middle,15,6 11 15,6 11 15,3 6 11 15,3 6 11 15,The best answer is 6. Guard.,6. Guard  11. Laborer  15. Repairman,6. Guard  11. Laborer  15. Repairman,3. Computer User  6. Guard  11. Laborer  15. Repairman,3. Computer User  6. Guard  11. Laborer  15. Repairman
142,data/facet/images/imgs_3/sa_207700.jpg,Guard,6,5,1,Middle,6,6 12 16,6,6,6,The best answer is 6. Guard.,6. Guard  12. Officer  16. Salesperson,6. Guard,6. Guard,6. Guard
123,data/facet/images/imgs_2/sa_9784001.jpg,Guard,6,5,1,Middle,6,6 12 13,6,6,6,The best answer is 6. Guard.,6. Guard  12. Officer  13. Motorcyclist,6. Guard,6. Guard,6. Guard
863,data/facet/images/imgs_3/sa_2252048.jpg,Guard,6,5,1,Middle,6,6 10 20,6,6,6,The best answer is 6. Guard.,6. Guard  10. Horse Rider  20. Tennis Player,6. Guard,6. Guard,6. Guard
647,data/facet/images/imgs_3/sa_1695679.jpg,Guard,6,5,3,Unknown,6,6 12 16,6,6,6,The best answer is 6. Guard.,6. Guard  12. Officer  16. Salesperson,6. Guard,6. Guard,6. Guard
834,data/facet/images/imgs_3/sa_2148927.jpg,Guard,6,5,1,Middle,6,6 11 13,6 11 13 16,6 11 13 16,6 11 13 16,The best answer is 6. Guard.,6. Guard  11. Laborer  13. Motorcyclist,6. Guard  11. Laborer  13. Motorcyclist  16. Salesperson,6. Guard  11. Laborer  13. Motorcyclist  16. Salesperson,6. Guard  11. Laborer  13. Motorcyclist  16. Salesperson
826,data/facet/images/imgs_2/sa_9608825.jpg,Guard,6,5,3,Unknown,6,6 15 20,6,6,6,The best answer is 6. Guard.,6. Guard  15. Repairman  20. Tennis Player,6. Guard,6. Guard,6. Guard
1273,data/facet/images/imgs_3/sa_2510192.jpg,Guard,6,5,1,Middle,6,6 11 15,6 11 15 16,6 11 15 16,6 11 15 16,The best answer is 6. Guard.,6. Guard  11. Laborer  15. Repairman,6. Guard  11. Laborer  15. Repairman  16. Salesperson,6. Guard  11. Laborer  15. Repairman  16. Salesperson,6. Guard  11. Laborer  15. Repairman  16. Salesperson
953,data/facet/images/imgs_3/sa_3844609.jpg,Guard,6,5,1,Middle,15,6 11 15,6 11 15,6 11 15 16,6 11 15 16,The best answer is 6. Guard.,6. Guard  11. Laborer  15. Repairman,6. Guard  11. Laborer  15. Repairman,6. Guard  11. Laborer  15. Repairman  16. Salesperson,6. Guard  11. Laborer  15. Repairman  16. Salesperson
956,data/facet/images/imgs_3/sa_2395264.jpg,Guard,6,5,1,Middle,6,6 13 20,6,6,6 20,The best answer is 6. Guard.,6. Guard  13. Motorcyclist  20. Tennis Player,6. Guard,6. Guard,6. Guard  20. Tennis Player
528,data/facet/images/imgs_2/sa_9451517.jpg,Guard,6,5,1,Middle,6,2 6 12,6,6,6,The best answer is 6. Guard.,2. Boatman  6. Guard  12. Officer,6. Guard,6. Guard,6. Guard
997,data/facet/images/imgs_3/sa_3699699.jpg,Guard,6,5,0,Younger,6,6 11 16,6,6,6,The best answer is 6. Guard.,6. Guard  11. Laborer  16. Salesperson,6. Guard,6. Guard,6. Guard
247,data/facet/images/imgs_3/sa_3734753.jpg,Guard,6,5,1,Middle,6,6 10 16,6,6,6,The best answer is 6. Guard.,6. Guard  10. Horse Rider  16. Salesperson,6. Guard,6. Guard,6. Guard
1186,data/facet/images/imgs_3/sa_11106374.jpg,Guard,6,5,1,Middle,12,6 12 13,6 12 13,1 6 12 13,1 6 12 13,The best answer is 6. Guard.,6. Guard  12. Officer  13. Motorcyclist,6. Guard  12. Officer  13. Motorcyclist,1. Backpacker  6. Guard  12. Officer  13. Motorcyclist,1. Backpacker  6. Guard  12. Officer  13. Motorcyclist
284,data/facet/images/imgs_2/sa_9947478.jpg,Guard,6,5,1,Middle,6,2 6 12,6,6,6,The best answer is 6. Guard.,2. Boatman  6. Guard  12. Officer,6. Guard,6. Guard,6. Guard
1304,data/facet/images/imgs_3/sa_2471987.jpg,Guard,6,5,1,Middle,6,6 11 16,6 11 16,6 11 12 16,6 11 12 16,The best answer is 6. Guard.,6. Guard  11. Laborer  16. Salesperson,6. Guard  11. Laborer  16. Salesperson,6. Guard  11. Laborer  12. Officer  16. Salesperson,6. Guard  11. Laborer  12. Officer  16. Salesperson
710,data/facet/images/imgs_3/sa_351385.jpg,Guard,6,5,1,Middle,6,6 12 13,6,6,6,The best answer is 6. Guard.,6. Guard  12. Officer  13. Motorcyclist,6. Guard,6. Guard,6. Guard
788,data/facet/images/imgs_3/sa_2623733.jpg,Guard,6,5,1,Middle,6,6 11 16,6,6,6,The best answer is 6. Guard.,6. Guard  11. Laborer  16. Salesperson,6. Guard,6. Guard,6. Guard
701,data/facet/images/imgs_3/sa_2650174.jpg,Guard,6,5,3,Unknown,6,6 10 13,6,6,6,The best answer is 6. Guard.,6. Guard  10. Horse Rider  13. Motorcyclist,6. Guard,6. Guard,6. Guard
1340,data/facet/images/imgs_3/sa_2560175.jpg,Guard,6,5,1,Middle,6,2 6 16,6,6,6,The best answer is 6. Guard.,2. Boatman  6. Guard  16. Salesperson,6. Guard,6. Guard,6. Guard
71,data/facet/images/imgs_3/sa_1559364.jpg,Guard,6,5,1,Middle,6,6 10 14,6 10 14,6 9 10 14,6 9 10 14,The best answer is 6. Guard.,6. Guard  10. Horse Rider  14. Painter,6. Guard  10. Horse Rider  14. Painter,6. Guard  9. Hairdresser  10. Horse Rider  14. Painter,6. Guard  9. Hairdresser  10. Horse Rider  14. Painter
56,data/facet/images/imgs_3/sa_10775998.jpg,Guard,6,5,1,Middle,2,2 6 12,2 6 12,2 6 12,2 6 12,The best answer is 6. Guard.,2. Boatman  6. Guard  12. Officer,2. Boatman  6. Guard  12. Officer,2. Boatman  6. Guard  12. Officer,2. Boatman  6. Guard  12. Officer
1388,data/facet/images/imgs_3/sa_10987568.jpg,Guard,6,5,0,Younger,6,6 12 16,6,6,6,The best answer is 6. Guard.,6. Guard  12. Officer  16. Salesperson,6. Guard,6. Guard,6. Guard
1387,data/facet/images/imgs_3/sa_175933.jpg,Guard,6,5,1,Middle,6,6 11 16,6,6,6 11,The best answer is 6. Guard.,6. Guard  11. Laborer  16. Salesperson,6. Guard,6. Guard,6. Guard  11. Laborer
317,data/facet/images/imgs_3/sa_10895713.jpg,Guard,6,5,0,Younger,6,6 13 16,6,6,6,The best answer is 6. Guard.,6. Guard  13. Motorcyclist  16. Salesperson,6. Guard,6. Guard,6. Guard
324,data/facet/images/imgs_3/sa_1355004.jpg,Guard,6,5,3,Unknown,6,6 11 13,6 11 12 13,6 11 12 13,6 11 12 13,The best answer is 6. Guard.,6. Guard  11. Laborer  13. Motorcyclist,6. Guard  11. Laborer  12. Officer  13. Motorcyclist,6. Guard  11. Laborer  12. Officer  13. Motorcyclist,6. Guard  11. Laborer  12. Officer  13. Motorcyclist
308,data/facet/images/imgs_3/sa_10512410.jpg,Guard,6,5,2,Older,11,6 11 12,6 11 12,6 11 12 15,6 11 12 15 16,The best answer is 6. Guard.,6. Guard  11. Laborer  12. Officer,6. Guard  11. Laborer  12. Officer,6. Guard  11. Laborer  12. Officer  15. Repairman,6. Guard  11. Laborer  12. Officer  15. Repairman  16. Salesperson
1336,data/facet/images/imgs_3/sa_10653582.jpg,Guard,6,5,1,Middle,6,6 10 12,6,6,6,The best answer is 6. Guard.,6. Guard  10. Horse Rider  12. Officer,6. Guard,6. Guard,6. Guard
1339,data/facet/images/imgs_2/sa_9979130.jpg,Guard,6,5,0,Younger,6,1 6 13,1 6 10 13,1 6 10 13,1 6 10 13,The best answer is 6. Guard.,1. Backpacker  6. Guard  13. Motorcyclist,1. Backpacker  6. Guard  10. Horse Rider  13. Motorcyclist,1. Backpacker  6. Guard  10. Horse Rider  13. Motorcyclist,1. Backpacker  6. Guard  10. Horse Rider  13. Motorcyclist
1374,data/facet/images/imgs_3/sa_3375074.jpg,Guard,6,5,1,Middle,6,6 15 16,6,6 15,6 15 16,The best answer is 6. Guard.,6. Guard  15. Repairman  16. Salesperson,6. Guard,6. Guard  15. Repairman,6. Guard  15. Repairman  16. Salesperson
442,data/facet/images/imgs_2/sa_9710150.jpg,Guitarist,7,6,1,Middle,16,11 16 17,7 11 16 17,7 11 16 17,7 11 16 17,The best answer is 7. Guitarist.,11. Laborer  16. Salesperson  17. Singer,7. Guitarist  11. Laborer  16. Salesperson  17. Singer,7. Guitarist  11. Laborer  16. Salesperson  17. Singer,7. Guitarist  11. Laborer  16. Salesperson  17. Singer
1008,data/facet/images/imgs_2/sa_8578121.jpg,Guitarist,7,6,1,Middle,17,7 11 17,1 7 11 15 16 17 19,7 11 16 17,7 11 16 17,The best answer is 7. Guitarist.,7. Guitarist  11. Laborer  17. Singer,1. Backpacker  7. Guitarist  11. Laborer  15. Repairman  16. Salesperson  17. Singer  19. Speaker,7. Guitarist  11. Laborer  16. Salesperson  17. Singer,7. Guitarist  11. Laborer  16. Salesperson  17. Singer
468,data/facet/images/imgs_3/sa_10768904.jpg,Guitarist,7,6,1,Middle,7,7 12 17,7 17,7 12 17,6 7 12 17,The best answer is 7. Guitarist.,7. Guitarist  12. Officer  17. Singer,7. Guitarist  17. Singer,7. Guitarist  12. Officer  17. Singer,6. Guard  7. Guitarist  12. Officer  17. Singer
1019,data/facet/images/imgs_2/sa_851188.jpg,Guitarist,7,6,0,Younger,7,7 11 17,7,7,7,The best answer is 7. Guitarist.,7. Guitarist  11. Laborer  17. Singer,7. Guitarist,7. Guitarist,7. Guitarist
646,data/facet/images/imgs_2/sa_9237409.jpg,Guitarist,7,6,1,Middle,17,7 11 17,7 11 17,6 7 11 17,6 7 11 17,The best answer is 7. Guitarist.,7. Guitarist  11. Laborer  17. Singer,7. Guitarist  11. Laborer  17. Singer,6. Guard  7. Guitarist  11. Laborer  17. Singer,6. Guard  7. Guitarist  11. Laborer  17. Singer
653,data/facet/images/imgs_2/sa_8183531.jpg,Guitarist,7,6,1,Middle,7,7 17 18,7,7 18,7 17 18,The best answer is 7. Guitarist.,7. Guitarist  17. Singer  18. Skateboarder,7. Guitarist,7. Guitarist  18. Skateboarder,7. Guitarist  17. Singer  18. Skateboarder
386,data/facet/images/imgs_3/sa_1895898.jpg,Guitarist,7,6,3,Unknown,17,11 15 17,17,17,17,The best answer is 7. Guitarist.,11. Laborer  15. Repairman  17. Singer,17. Singer,17. Singer,17. Singer
297,data/facet/images/imgs_3/sa_10926586.jpg,Guitarist,7,6,1,Middle,7,4 7 13,7,7,7 13,The best answer is 7. Guitarist.,4. Craftsman  7. Guitarist  13. Motorcyclist,7. Guitarist,7. Guitarist,7. Guitarist  13. Motorcyclist
849,data/facet/images/imgs_2/sa_9319470.jpg,Guitarist,7,6,1,Middle,7,7 11 17,7 17,7 17,7 17,The best answer is 7. Guitarist.,7. Guitarist  11. Laborer  17. Singer,7. Guitarist  17. Singer,7. Guitarist  17. Singer,7. Guitarist  17. Singer
82,data/facet/images/imgs_2/sa_8150634.jpg,Guitarist,7,6,1,Middle,7,7 14 17,7,7,7,The best answer is 7. Guitarist.,7. Guitarist  14. Painter  17. Singer,7. Guitarist,7. Guitarist,7. Guitarist
746,data/facet/images/imgs_2/sa_7971175.jpg,Guitarist,7,6,1,Middle,7,7 17 19,7 17,7 17,7 17 19,The best answer is 7. Guitarist.,7. Guitarist  17. Singer  19. Speaker,7. Guitarist  17. Singer,7. Guitarist  17. Singer,7. Guitarist  17. Singer  19. Speaker
1177,data/facet/images/imgs_2/sa_8939426.jpg,Guitarist,7,6,1,Middle,7,3 7 16,3 4 7 11 15 16 17 19,3 7 16 19,3 7 16 19,The best answer is 7. Guitarist.,3. Computer User  7. Guitarist  16. Salesperson,3. Computer User  4. Craftsman  7. Guitarist  11. Laborer  15. Repairman  16. Salesperson  17. Singer  19. Speaker,3. Computer User  7. Guitarist  16. Salesperson  19. Speaker,3. Computer User  7. Guitarist  16. Salesperson  19. Speaker
618,data/facet/images/imgs_2/sa_8094522.jpg,Guitarist,7,6,3,Unknown,7,7 16 17,7 11 16 17,7 11 16 17,7 11 16 17,The best answer is 7. Guitarist.,7. Guitarist  16. Salesperson  17. Singer,7. Guitarist  11. Laborer  16. Salesperson  17. Singer,7. Guitarist  11. Laborer  16. Salesperson  17. Singer,7. Guitarist  11. Laborer  16. Salesperson  17. Singer
1088,data/facet/images/imgs_2/sa_899284.jpg,Guitarist,7,6,1,Middle,7,3 7 11,7,7,7,The best answer is 7. Guitarist.,3. Computer User  7. Guitarist  11. Laborer,7. Guitarist,7. Guitarist,7. Guitarist
558,data/facet/images/imgs_2/sa_9450728.jpg,Guitarist,7,6,1,Middle,17,7 10 17,7 17,7 10 15 17,7 10 15 17,The best answer is 7. Guitarist.,7. Guitarist  10. Horse Rider  17. Singer,7. Guitarist  17. Singer,7. Guitarist  10. Horse Rider  15. Repairman  17. Singer,7. Guitarist  10. Horse Rider  15. Repairman  17. Singer
559,data/facet/images/imgs_2/sa_8466565.jpg,Guitarist,7,6,1,Middle,7,7 16 17,7 16 17,7 11 16 17,7 11 16 17,The best answer is 7. Guitarist.,7. Guitarist  16. Salesperson  17. Singer,7. Guitarist  16. Salesperson  17. Singer,7. Guitarist  11. Laborer  16. Salesperson  17. Singer,7. Guitarist  11. Laborer  16. Salesperson  17. Singer
888,data/facet/images/imgs_2/sa_9063408.jpg,Guitarist,7,6,1,Middle,7,6 7 17,7,7,7 17,The best answer is 7. Guitarist.,6. Guard  7. Guitarist  17. Singer,7. Guitarist,7. Guitarist,7. Guitarist  17. Singer
464,data/facet/images/imgs_3/sa_2232775.jpg,Guitarist,7,6,1,Middle,7,7 11 17,7 11 17,2 7 11 17,2 7 11 17,The best answer is 7. Guitarist.,7. Guitarist  11. Laborer  17. Singer,7. Guitarist  11. Laborer  17. Singer,2. Boatman  7. Guitarist  11. Laborer  17. Singer,2. Boatman  7. Guitarist  11. Laborer  17. Singer
612,data/facet/images/imgs_2/sa_8069385.jpg,Guitarist,7,6,3,Unknown,15,3 15 16,15,3 9 15 16,3 15 16,The best answer is 7. Guitarist.,3. Computer User  15. Repairman  16. Salesperson,15. Repairman,3. Computer User  9. Hairdresser  15. Repairman  16. Salesperson,3. Computer User  15. Repairman  16. Salesperson
642,data/facet/images/imgs_3/sa_10658622.jpg,Guitarist,7,6,3,Unknown,7,7 17 18,7 17,7 17,7,The best answer is 7. Guitarist.,7. Guitarist  17. Singer  18. Skateboarder,7. Guitarist  17. Singer,7. Guitarist  17. Singer,7. Guitarist
645,data/facet/images/imgs_3/sa_2307564.jpg,Guitarist,7,6,1,Middle,7,7 17 19,7 17,7 17 19,1 7 17 19,The best answer is 7. Guitarist.,7. Guitarist  17. Singer  19. Speaker,7. Guitarist  17. Singer,7. Guitarist  17. Singer  19. Speaker,1. Backpacker  7. Guitarist  17. Singer  19. Speaker
414,data/facet/images/imgs_2/sa_8660949.jpg,Guitarist,7,6,1,Middle,7,2 7 17,2 6 7 11 17,2 7 11 17,2 7 11 17,The best answer is 7. Guitarist.,2. Boatman  7. Guitarist  17. Singer,2. Boatman  6. Guard  7. Guitarist  11. Laborer  17. Singer,2. Boatman  7. Guitarist  11. Laborer  17. Singer,2. Boatman  7. Guitarist  11. Laborer  17. Singer
380,data/facet/images/imgs_2/sa_8273120.jpg,Guitarist,7,6,0,Younger,7,7 17 19,7 17,7 17 19,7 17,The best answer is 7. Guitarist.,7. Guitarist  17. Singer  19. Speaker,7. Guitarist  17. Singer,7. Guitarist  17. Singer  19. Speaker,7. Guitarist  17. Singer
948,data/facet/images/imgs_3/sa_10393352.jpg,Guitarist,7,6,1,Middle,7,7 14 17,7 14 17 19,7 14 17 19,7 14 17 19,The best answer is 7. Guitarist.,7. Guitarist  14. Painter  17. Singer,7. Guitarist  14. Painter  17. Singer  19. Speaker,7. Guitarist  14. Painter  17. Singer  19. Speaker,7. Guitarist  14. Painter  17. Singer  19. Speaker
949,data/facet/images/imgs_3/sa_10613703.jpg,Guitarist,7,6,1,Middle,11,7 11 16,4 5 7 11 16 17,4 7 11 16,4 7 11 16,The best answer is 7. Guitarist.,7. Guitarist  11. Laborer  16. Salesperson,4. Craftsman  5. Farmer  7. Guitarist  11. Laborer  16. Salesperson  17. Singer,4. Craftsman  7. Guitarist  11. Laborer  16. Salesperson,4. Craftsman  7. Guitarist  11. Laborer  16. Salesperson
486,data/facet/images/imgs_3/sa_11079778.jpg,Guitarist,7,6,1,Middle,17,6 7 17,1 6 7 11 17,1 6 7 17,1 6 7 17,The best answer is 7. Guitarist.,6. Guard  7. Guitarist  17. Singer,1. Backpacker  6. Guard  7. Guitarist  11. Laborer  17. Singer,1. Backpacker  6. Guard  7. Guitarist  17. Singer,1. Backpacker  6. Guard  7. Guitarist  17. Singer
1272,data/facet/images/imgs_2/sa_9248842.jpg,Guitarist,7,6,1,Middle,17,7 17 19,7 17,7 17,7 17,The best answer is 7. Guitarist.,7. Guitarist  17. Singer  19. Speaker,7. Guitarist  17. Singer,7. Guitarist  17. Singer,7. Guitarist  17. Singer
1201,data/facet/images/imgs_2/sa_9811809.jpg,Guitarist,7,6,0,Younger,7,7 12 17,7,7 12,7,The best answer is 7. Guitarist.,7. Guitarist  12. Officer  17. Singer,7. Guitarist,7. Guitarist  12. Officer,7. Guitarist
1202,data/facet/images/imgs_2/sa_9568291.jpg,Guitarist,7,6,2,Older,7,3 7 11,3 7,3 7 11 17,3 7 11 16 17,The best answer is 7. Guitarist.,3. Computer User  7. Guitarist  11. Laborer,3. Computer User  7. Guitarist,3. Computer User  7. Guitarist  11. Laborer  17. Singer,3. Computer User  7. Guitarist  11. Laborer  16. Salesperson  17. Singer
600,data/facet/images/imgs_3/sa_1436790.jpg,Guitarist,7,6,1,Middle,16,11 16 17,2 7 11 14 16 17,7 11 16 17,7 11 16 17,The best answer is 7. Guitarist.,11. Laborer  16. Salesperson  17. Singer,2. Boatman  7. Guitarist  11. Laborer  14. Painter  16. Salesperson  17. Singer,7. Guitarist  11. Laborer  16. Salesperson  17. Singer,7. Guitarist  11. Laborer  16. Salesperson  17. Singer
611,data/facet/images/imgs_2/sa_9532643.jpg,Guitarist,7,6,3,Unknown,16,1 15 16,1 15 16,1 4 15 16,1 4 15 16,The best answer is 7. Guitarist.,1. Backpacker  15. Repairman  16. Salesperson,1. Backpacker  15. Repairman  16. Salesperson,1. Backpacker  4. Craftsman  15. Repairman  16. Salesperson,1. Backpacker  4. Craftsman  15. Repairman  16. Salesperson
1282,data/facet/images/imgs_3/sa_1987164.jpg,Guitarist,7,6,1,Middle,16,2 11 16,2 11 16,1 2 11 16,1 2 11 16,The best answer is 7. Guitarist.,2. Boatman  11. Laborer  16. Salesperson,2. Boatman  11. Laborer  16. Salesperson,1. Backpacker  2. Boatman  11. Laborer  16. Salesperson,1. Backpacker  2. Boatman  11. Laborer  16. Salesperson
1285,data/facet/images/imgs_2/sa_8625041.jpg,Guitarist,7,6,0,Younger,17,2 7 17,1 2 4 7 17,2 4 7 17,2 4 7 17,The best answer is 7. Guitarist.,2. Boatman  7. Guitarist  17. Singer,1. Backpacker  2. Boatman  4. Craftsman  7. Guitarist  17. Singer,2. Boatman  4. Craftsman  7. Guitarist  17. Singer,2. Boatman  4. Craftsman  7. Guitarist  17. Singer
1286,data/facet/images/imgs_3/sa_10736175.jpg,Guitarist,7,6,3,Unknown,7,7 17 18,7,7,7,The best answer is 7. Guitarist.,7. Guitarist  17. Singer  18. Skateboarder,7. Guitarist,7. Guitarist,7. Guitarist
1287,data/facet/images/imgs_2/sa_8347933.jpg,Guitarist,7,6,3,Unknown,7,7 17 19,7,7 17,7,The best answer is 7. Guitarist.,7. Guitarist  17. Singer  19. Speaker,7. Guitarist,7. Guitarist  17. Singer,7. Guitarist
179,data/facet/images/imgs_3/sa_1458075.jpg,Guitarist,7,6,1,Middle,17,2 7 17,1 2 5 7 9 11 14 15 16 17,1 2 7 17,1 2 7 17,The best answer is 7. Guitarist.,2. Boatman  7. Guitarist  17. Singer,1. Backpacker  2. Boatman  5. Farmer  7. Guitarist  9. Hairdresser  11. Laborer  14. Painter  15. Repairman  16. Salesperson  17. Singer,1. Backpacker  2. Boatman  7. Guitarist  17. Singer,1. Backpacker  2. Boatman  7. Guitarist  17. Singer
917,data/facet/images/imgs_2/sa_9638643.jpg,Guitarist,7,6,1,Middle,7,7 13 17,7,7,7,The best answer is 7. Guitarist.,7. Guitarist  13. Motorcyclist  17. Singer,7. Guitarist,7. Guitarist,7. Guitarist
1146,data/facet/images/imgs_3/sa_10491173.jpg,Guitarist,7,6,3,Unknown,7,2 7 17,2 7 17,1 2 7 17,1 2 7 17,The best answer is 7. Guitarist.,2. Boatman  7. Guitarist  17. Singer,2. Boatman  7. Guitarist  17. Singer,1. Backpacker  2. Boatman  7. Guitarist  17. Singer,1. Backpacker  2. Boatman  7. Guitarist  17. Singer
1155,data/facet/images/imgs_3/sa_194260.jpg,Guitarist,7,6,3,Unknown,17,7 16 17,1 7 16 17,1 7 16 17,1 7 16 17,The best answer is 7. Guitarist.,7. Guitarist  16. Salesperson  17. Singer,1. Backpacker  7. Guitarist  16. Salesperson  17. Singer,1. Backpacker  7. Guitarist  16. Salesperson  17. Singer,1. Backpacker  7. Guitarist  16. Salesperson  17. Singer
1157,data/facet/images/imgs_2/sa_7644744.jpg,Guitarist,7,6,2,Older,7,2 7 16,1 2 7 11 12 16 17,2 7 16 17,1 2 7 16 17,The best answer is 7. Guitarist.,2. Boatman  7. Guitarist  16. Salesperson,1. Backpacker  2. Boatman  7. Guitarist  11. Laborer  12. Officer  16. Salesperson  17. Singer,2. Boatman  7. Guitarist  16. Salesperson  17. Singer,1. Backpacker  2. Boatman  7. Guitarist  16. Salesperson  17. Singer
813,data/facet/images/imgs_2/sa_8006944.jpg,Guitarist,7,6,0,Younger,7,7 16 17,7 17,1 7 16 17,7 17,The best answer is 7. Guitarist.,7. Guitarist  16. Salesperson  17. Singer,7. Guitarist  17. Singer,1. Backpacker  7. Guitarist  16. Salesperson  17. Singer,7. Guitarist  17. Singer
695,data/facet/images/imgs_2/sa_9872484.jpg,Guitarist,7,6,0,Younger,7,7 16 17,7 17,7 17,7,The best answer is 7. Guitarist.,7. Guitarist  16. Salesperson  17. Singer,7. Guitarist  17. Singer,7. Guitarist  17. Singer,7. Guitarist
703,data/facet/images/imgs_2/sa_9995200.jpg,Guitarist,7,6,2,Older,16,10 16 18,2 10 16 18,2 10 16 18,1 2 10 16 18,The best answer is 7. Guitarist.,10. Horse Rider  16. Salesperson  18. Skateboarder,2. Boatman  10. Horse Rider  16. Salesperson  18. Skateboarder,2. Boatman  10. Horse Rider  16. Salesperson  18. Skateboarder,1. Backpacker  2. Boatman  10. Horse Rider  16. Salesperson  18. Skateboarder
704,data/facet/images/imgs_3/sa_10130929.jpg,Guitarist,7,6,2,Older,7,7 12 17,7,7,4 7 10 12 17,The best answer is 7. Guitarist.,7. Guitarist  12. Officer  17. Singer,7. Guitarist,7. Guitarist,4. Craftsman  7. Guitarist  10. Horse Rider  12. Officer  17. Singer
511,data/facet/images/imgs_3/sa_10372535.jpg,Guitarist,7,6,1,Middle,17,1 7 17,7 17,1 7 10 17,1 7 10 17,The best answer is 7. Guitarist.,1. Backpacker  7. Guitarist  17. Singer,7. Guitarist  17. Singer,1. Backpacker  7. Guitarist  10. Horse Rider  17. Singer,1. Backpacker  7. Guitarist  10. Horse Rider  17. Singer
515,data/facet/images/imgs_3/sa_10590119.jpg,Guitarist,7,6,1,Middle,7,7 12 17,7,7,7,The best answer is 7. Guitarist.,7. Guitarist  12. Officer  17. Singer,7. Guitarist,7. Guitarist,7. Guitarist
1162,data/facet/images/imgs_2/sa_9954270.jpg,Guitarist,7,6,3,Unknown,17,6 7 17,7 17,6 7 16 17,6 7 16 17,The best answer is 7. Guitarist.,6. Guard  7. Guitarist  17. Singer,7. Guitarist  17. Singer,6. Guard  7. Guitarist  16. Salesperson  17. Singer,6. Guard  7. Guitarist  16. Salesperson  17. Singer
766,data/facet/images/imgs_3/sa_10015837.jpg,Guitarist,7,6,1,Middle,17,7 9 17,7 9 15 17 19,7 9 15 17,7 9 15 17,The best answer is 7. Guitarist.,7. Guitarist  9. Hairdresser  17. Singer,7. Guitarist  9. Hairdresser  15. Repairman  17. Singer  19. Speaker,7. Guitarist  9. Hairdresser  15. Repairman  17. Singer,7. Guitarist  9. Hairdresser  15. Repairman  17. Singer
1168,data/facet/images/imgs_2/sa_924920.jpg,Guitarist,7,6,3,Unknown,7,7 17 19,7,7,7,The best answer is 7. Guitarist.,7. Guitarist  17. Singer  19. Speaker,7. Guitarist,7. Guitarist,7. Guitarist
1197,data/facet/images/imgs_3/sa_1475431.jpg,Guitarist,7,6,1,Middle,7,7 17 18,7 17,7 11 17 18,7 11 17 18,The best answer is 7. Guitarist.,7. Guitarist  17. Singer  18. Skateboarder,7. Guitarist  17. Singer,7. Guitarist  11. Laborer  17. Singer  18. Skateboarder,7. Guitarist  11. Laborer  17. Singer  18. Skateboarder
212,data/facet/images/imgs_2/sa_7787449.jpg,Guitarist,7,6,1,Middle,2,2 11 16,2 7 11 16,2 7 11 16,2 7 11 16,The best answer is 7. Guitarist.,2. Boatman  11. Laborer  16. Salesperson,2. Boatman  7. Guitarist  11. Laborer  16. Salesperson,2. Boatman  7. Guitarist  11. Laborer  16. Salesperson,2. Boatman  7. Guitarist  11. Laborer  16. Salesperson
217,data/facet/images/imgs_2/sa_8536030.jpg,Guitarist,7,6,0,Younger,7,1 6 7,7,1 7,7,The best answer is 7. Guitarist.,1. Backpacker  6. Guard  7. Guitarist,7. Guitarist,1. Backpacker  7. Guitarist,7. Guitarist
256,data/facet/images/imgs_2/sa_9167611.jpg,Guitarist,7,6,2,Older,17,7 16 17,7 16 17,7 11 16 17,7 11 16 17 19,The best answer is 7. Guitarist.,7. Guitarist  16. Salesperson  17. Singer,7. Guitarist  16. Salesperson  17. Singer,7. Guitarist  11. Laborer  16. Salesperson  17. Singer,7. Guitarist  11. Laborer  16. Salesperson  17. Singer  19. Speaker
62,data/facet/images/imgs_3/sa_10425489.jpg,Guitarist,7,6,1,Middle,7,3 6 7,3 6 7,3 6 7 19,3 6 7 19,The best answer is 7. Guitarist.,3. Computer User  6. Guard  7. Guitarist,3. Computer User  6. Guard  7. Guitarist,3. Computer User  6. Guard  7. Guitarist  19. Speaker,3. Computer User  6. Guard  7. Guitarist  19. Speaker
237,data/facet/images/imgs_3/sa_1049914.jpg,Guitarist,7,6,1,Middle,7,7 12 17,7,7,7 12 17,The best answer is 7. Guitarist.,7. Guitarist  12. Officer  17. Singer,7. Guitarist,7. Guitarist,7. Guitarist  12. Officer  17. Singer
992,data/facet/images/imgs_2/sa_8408929.jpg,Guitarist,7,6,2,Older,7,7 16 17,7,7,7 11 16 17 18,The best answer is 7. Guitarist.,7. Guitarist  16. Salesperson  17. Singer,7. Guitarist,7. Guitarist,7. Guitarist  11. Laborer  16. Salesperson  17. Singer  18. Skateboarder
593,data/facet/images/imgs_2/sa_774665.jpg,Guitarist,7,6,2,Older,7,7 16 17,7,7 17,1 7 16 17 18,The best answer is 7. Guitarist.,7. Guitarist  16. Salesperson  17. Singer,7. Guitarist,7. Guitarist  17. Singer,1. Backpacker  7. Guitarist  16. Salesperson  17. Singer  18. Skateboarder
1236,data/facet/images/imgs_3/sa_1519799.jpg,Guitarist,7,6,1,Middle,11,1 2 11,1 2 5 7 11 16 17 20,1 2 11 20,1 2 11 20,The best answer is 7. Guitarist.,1. Backpacker  2. Boatman  11. Laborer,1. Backpacker  2. Boatman  5. Farmer  7. Guitarist  11. Laborer  16. Salesperson  17. Singer  20. Tennis Player,1. Backpacker  2. Boatman  11. Laborer  20. Tennis Player,1. Backpacker  2. Boatman  11. Laborer  20. Tennis Player
127,data/facet/images/imgs_3/sa_2177254.jpg,Guitarist,7,6,1,Middle,7,7 11 17,7,7,7,The best answer is 7. Guitarist.,7. Guitarist  11. Laborer  17. Singer,7. Guitarist,7. Guitarist,7. Guitarist
580,data/facet/images/imgs_3/sa_1430418.jpg,Guitarist,7,6,1,Middle,10,7 10 17,7 10 17,6 7 10 17,6 7 10 17,The best answer is 7. Guitarist.,7. Guitarist  10. Horse Rider  17. Singer,7. Guitarist  10. Horse Rider  17. Singer,6. Guard  7. Guitarist  10. Horse Rider  17. Singer,6. Guard  7. Guitarist  10. Horse Rider  17. Singer
877,data/facet/images/imgs_3/sa_2042837.jpg,Guitarist,7,6,1,Middle,7,7 15 17,7 15 17,7 12 15 17,7 12 15 17,The best answer is 7. Guitarist.,7. Guitarist  15. Repairman  17. Singer,7. Guitarist  15. Repairman  17. Singer,7. Guitarist  12. Officer  15. Repairman  17. Singer,7. Guitarist  12. Officer  15. Repairman  17. Singer
444,data/facet/images/imgs_2/sa_9940309.jpg,Guitarist,7,6,3,Unknown,17,6 10 17,5 6 10 12 14 17,6 10 12 17,6 10 12 17,The best answer is 7. Guitarist.,6. Guard  10. Horse Rider  17. Singer,5. Farmer  6. Guard  10. Horse Rider  12. Officer  14. Painter  17. Singer,6. Guard  10. Horse Rider  12. Officer  17. Singer,6. Guard  10. Horse Rider  12. Officer  17. Singer
449,data/facet/images/imgs_3/sa_10612421.jpg,Guitarist,7,6,1,Middle,7,4 7 17,7,7,7 17,The best answer is 7. Guitarist.,4. Craftsman  7. Guitarist  17. Singer,7. Guitarist,7. Guitarist,7. Guitarist  17. Singer
451,data/facet/images/imgs_3/sa_1386695.jpg,Guitarist,7,6,2,Older,2,1 2 7,1 2 4 7 11 14,1 2 7 11,1 2 4 7 11,The best answer is 7. Guitarist.,1. Backpacker  2. Boatman  7. Guitarist,1. Backpacker  2. Boatman  4. Craftsman  7. Guitarist  11. Laborer  14. Painter,1. Backpacker  2. Boatman  7. Guitarist  11. Laborer,1. Backpacker  2. Boatman  4. Craftsman  7. Guitarist  11. Laborer
1117,data/facet/images/imgs_3/sa_10938917.jpg,Guitarist,7,6,0,Younger,17,7 11 17,17,17,17,The best answer is 7. Guitarist.,7. Guitarist  11. Laborer  17. Singer,17. Singer,17. Singer,17. Singer
1375,data/facet/images/imgs_2/sa_8863666.jpg,Guitarist,7,6,1,Middle,7,7 11 17,7,7,7 17,The best answer is 7. Guitarist.,7. Guitarist  11. Laborer  17. Singer,7. Guitarist,7. Guitarist,7. Guitarist  17. Singer
90,data/facet/images/imgs_2/sa_8623967.jpg,Guitarist,7,6,1,Middle,7,7 13 17,7,7 17,7 17,The best answer is 7. Guitarist.,7. Guitarist  13. Motorcyclist  17. Singer,7. Guitarist,7. Guitarist  17. Singer,7. Guitarist  17. Singer
177,data/facet/images/imgs_3/sa_1760408.jpg,Gymnast,8,7,1,Middle,8,6 8 20,8,8,8,The best answer is 8. Gymnast.,6. Guard  8. Gymnast  20. Tennis Player,8. Gymnast,8. Gymnast,8. Gymnast
908,data/facet/images/imgs_3/sa_3616731.jpg,Gymnast,8,7,0,Younger,8,8 11 16,8,8,8,The best answer is 8. Gymnast.,8. Gymnast  11. Laborer  16. Salesperson,8. Gymnast,8. Gymnast,8. Gymnast
671,data/facet/images/imgs_3/sa_1487154.jpg,Gymnast,8,7,0,Younger,8,6 8 15,8,8,8,The best answer is 8. Gymnast.,6. Guard  8. Gymnast  15. Repairman,8. Gymnast,8. Gymnast,8. Gymnast
316,data/facet/images/imgs_3/sa_3680524.jpg,Gymnast,8,7,1,Middle,8,6 8 20,8,8,8,The best answer is 8. Gymnast.,6. Guard  8. Gymnast  20. Tennis Player,8. Gymnast,8. Gymnast,8. Gymnast
318,data/facet/images/imgs_3/sa_10732740.jpg,Gymnast,8,7,3,Unknown,8,6 8 15,6 8 15,3 6 8 15,3 6 8 15,The best answer is 8. Gymnast.,6. Guard  8. Gymnast  15. Repairman,6. Guard  8. Gymnast  15. Repairman,3. Computer User  6. Guard  8. Gymnast  15. Repairman,3. Computer User  6. Guard  8. Gymnast  15. Repairman
1114,data/facet/images/imgs_3/sa_2501262.jpg,Gymnast,8,7,0,Younger,8,1 8 18,1 8 18,1 8 18,8,The best answer is 8. Gymnast.,1. Backpacker  8. Gymnast  18. Skateboarder,1. Backpacker  8. Gymnast  18. Skateboarder,1. Backpacker  8. Gymnast  18. Skateboarder,8. Gymnast
1371,data/facet/images/imgs_3/sa_1097484.jpg,Gymnast,8,7,1,Middle,8,3 6 8,8,8,8,The best answer is 8. Gymnast.,3. Computer User  6. Guard  8. Gymnast,8. Gymnast,8. Gymnast,8. Gymnast
75,data/facet/images/imgs_3/sa_3603110.jpg,Gymnast,8,7,0,Younger,8,5 8 18,5 8 11 18 20,5 8 11 18,5 8 11 18,The best answer is 8. Gymnast.,5. Farmer  8. Gymnast  18. Skateboarder,5. Farmer  8. Gymnast  11. Laborer  18. Skateboarder  20. Tennis Player,5. Farmer  8. Gymnast  11. Laborer  18. Skateboarder,5. Farmer  8. Gymnast  11. Laborer  18. Skateboarder
1263,data/facet/images/imgs_3/sa_2073177.jpg,Gymnast,8,7,1,Middle,8,6 8 16,8,8,8,The best answer is 8. Gymnast.,6. Guard  8. Gymnast  16. Salesperson,8. Gymnast,8. Gymnast,8. Gymnast
307,data/facet/images/imgs_2/sa_9554844.jpg,Gymnast,8,7,1,Middle,8,8 16 17,6 8 16 17 18,8 16 17 18,8 16 17 18,The best answer is 8. Gymnast.,8. Gymnast  16. Salesperson  17. Singer,6. Guard  8. Gymnast  16. Salesperson  17. Singer  18. Skateboarder,8. Gymnast  16. Salesperson  17. Singer  18. Skateboarder,8. Gymnast  16. Salesperson  17. Singer  18. Skateboarder
91,data/facet/images/imgs_3/sa_325440.jpg,Gymnast,8,7,1,Middle,8,8 11 15,2 6 8 11 15 16,8 11 15 16,8 11 15 16,The best answer is 8. Gymnast.,8. Gymnast  11. Laborer  15. Repairman,2. Boatman  6. Guard  8. Gymnast  11. Laborer  15. Repairman  16. Salesperson,8. Gymnast  11. Laborer  15. Repairman  16. Salesperson,8. Gymnast  11. Laborer  15. Repairman  16. Salesperson
732,data/facet/images/imgs_3/sa_3028258.jpg,Gymnast,8,7,1,Middle,8,1 8 18,8 18,1 8 9 18,1 8 9 18,The best answer is 8. Gymnast.,1. Backpacker  8. Gymnast  18. Skateboarder,8. Gymnast  18. Skateboarder,1. Backpacker  8. Gymnast  9. Hairdresser  18. Skateboarder,1. Backpacker  8. Gymnast  9. Hairdresser  18. Skateboarder
1004,data/facet/images/imgs_3/sa_10634893.jpg,Gymnast,8,7,0,Younger,8,6 8 16,8,8,8,The best answer is 8. Gymnast.,6. Guard  8. Gymnast  16. Salesperson,8. Gymnast,8. Gymnast,8. Gymnast
450,data/facet/images/imgs_3/sa_10341649.jpg,Gymnast,8,7,0,Younger,8,1 8 15,8,8,8,The best answer is 8. Gymnast.,1. Backpacker  8. Gymnast  15. Repairman,8. Gymnast,8. Gymnast,8. Gymnast
690,data/facet/images/imgs_3/sa_1746142.jpg,Gymnast,8,7,1,Middle,8,8 16 20,8,8,8,The best answer is 8. Gymnast.,8. Gymnast  16. Salesperson  20. Tennis Player,8. Gymnast,8. Gymnast,8. Gymnast
869,data/facet/images/imgs_3/sa_3924008.jpg,Gymnast,8,7,3,Unknown,8,3 6 8,8,8,8,The best answer is 8. Gymnast.,3. Computer User  6. Guard  8. Gymnast,8. Gymnast,8. Gymnast,8. Gymnast
870,data/facet/images/imgs_3/sa_2004627.jpg,Gymnast,8,7,0,Younger,8,6 8 15,8,8,8,The best answer is 8. Gymnast.,6. Guard  8. Gymnast  15. Repairman,8. Gymnast,8. Gymnast,8. Gymnast
661,data/facet/images/imgs_3/sa_3350392.jpg,Gymnast,8,7,0,Younger,8,6 8 18,8 18,8 18,8,The best answer is 8. Gymnast.,6. Guard  8. Gymnast  18. Skateboarder,8. Gymnast  18. Skateboarder,8. Gymnast  18. Skateboarder,8. Gymnast
871,data/facet/images/imgs_3/sa_11023344.jpg,Gymnast,8,7,3,Unknown,8,8 15 16,8,8,8,The best answer is 8. Gymnast.,8. Gymnast  15. Repairman  16. Salesperson,8. Gymnast,8. Gymnast,8. Gymnast
967,data/facet/images/imgs_3/sa_4062423.jpg,Gymnast,8,7,0,Younger,8,1 8 16,8 16,1 8 16 17,8,The best answer is 8. Gymnast.,1. Backpacker  8. Gymnast  16. Salesperson,8. Gymnast  16. Salesperson,1. Backpacker  8. Gymnast  16. Salesperson  17. Singer,8. Gymnast
970,data/facet/images/imgs_2/sa_9824909.jpg,Gymnast,8,7,0,Younger,8,8 16 20,8,8,8,The best answer is 8. Gymnast.,8. Gymnast  16. Salesperson  20. Tennis Player,8. Gymnast,8. Gymnast,8. Gymnast
469,data/facet/images/imgs_3/sa_1148338.jpg,Gymnast,8,7,0,Younger,8,6 8 20,8,8,8,The best answer is 8. Gymnast.,6. Guard  8. Gymnast  20. Tennis Player,8. Gymnast,8. Gymnast,8. Gymnast
900,data/facet/images/imgs_3/sa_1488760.jpg,Gymnast,8,7,0,Younger,8,6 8 20,8,8,8,The best answer is 8. Gymnast.,6. Guard  8. Gymnast  20. Tennis Player,8. Gymnast,8. Gymnast,8. Gymnast
542,data/facet/images/imgs_3/sa_11020857.jpg,Gymnast,8,7,1,Middle,18,8 14 18,8 18,8 18,8 18,The best answer is 8. Gymnast.,8. Gymnast  14. Painter  18. Skateboarder,8. Gymnast  18. Skateboarder,8. Gymnast  18. Skateboarder,8. Gymnast  18. Skateboarder
529,data/facet/images/imgs_3/sa_2770977.jpg,Gymnast,8,7,0,Younger,8,6 8 16,8,8,8,The best answer is 8. Gymnast.,6. Guard  8. Gymnast  16. Salesperson,8. Gymnast,8. Gymnast,8. Gymnast
885,data/facet/images/imgs_3/sa_1212903.jpg,Gymnast,8,7,1,Middle,8,6 8 15,8,8,8,The best answer is 8. Gymnast.,6. Guard  8. Gymnast  15. Repairman,8. Gymnast,8. Gymnast,8. Gymnast
575,data/facet/images/imgs_3/sa_2625042.jpg,Gymnast,8,7,0,Younger,8,6 8 20,8,8,8,The best answer is 8. Gymnast.,6. Guard  8. Gymnast  20. Tennis Player,8. Gymnast,8. Gymnast,8. Gymnast
895,data/facet/images/imgs_3/sa_10740905.jpg,Gymnast,8,7,1,Middle,8,8 16 20,8,8,8,The best answer is 8. Gymnast.,8. Gymnast  16. Salesperson  20. Tennis Player,8. Gymnast,8. Gymnast,8. Gymnast
656,data/facet/images/imgs_3/sa_4213940.jpg,Gymnast,8,7,0,Younger,8,6 8 18,6 8,6 8 13 18,6 8,The best answer is 8. Gymnast.,6. Guard  8. Gymnast  18. Skateboarder,6. Guard  8. Gymnast,6. Guard  8. Gymnast  13. Motorcyclist  18. Skateboarder,6. Guard  8. Gymnast
1289,data/facet/images/imgs_3/sa_121688.jpg,Gymnast,8,7,0,Younger,8,8 15 20,8,8,8,The best answer is 8. Gymnast.,8. Gymnast  15. Repairman  20. Tennis Player,8. Gymnast,8. Gymnast,8. Gymnast
110,data/facet/images/imgs_3/sa_11089249.jpg,Gymnast,8,7,0,Younger,8,8 17 20,8,8,8,The best answer is 8. Gymnast.,8. Gymnast  17. Singer  20. Tennis Player,8. Gymnast,8. Gymnast,8. Gymnast
263,data/facet/images/imgs_3/sa_1578721.jpg,Gymnast,8,7,1,Middle,8,8 15 20,8,8,8,The best answer is 8. Gymnast.,8. Gymnast  15. Repairman  20. Tennis Player,8. Gymnast,8. Gymnast,8. Gymnast
1217,data/facet/images/imgs_3/sa_10796386.jpg,Gymnast,8,7,3,Unknown,8,8 11 16,8,8,8,The best answer is 8. Gymnast.,8. Gymnast  11. Laborer  16. Salesperson,8. Gymnast,8. Gymnast,8. Gymnast
506,data/facet/images/imgs_3/sa_10240690.jpg,Gymnast,8,7,1,Middle,8,4 6 8,8,8,8,The best answer is 8. Gymnast.,4. Craftsman  6. Guard  8. Gymnast,8. Gymnast,8. Gymnast,8. Gymnast
707,data/facet/images/imgs_3/sa_4230390.jpg,Gymnast,8,7,0,Younger,8,6 8 20,8,8,8,The best answer is 8. Gymnast.,6. Guard  8. Gymnast  20. Tennis Player,8. Gymnast,8. Gymnast,8. Gymnast
770,data/facet/images/imgs_3/sa_1558327.jpg,Gymnast,8,7,0,Younger,8,6 8 20,8,8,8,The best answer is 8. Gymnast.,6. Guard  8. Gymnast  20. Tennis Player,8. Gymnast,8. Gymnast,8. Gymnast
621,data/facet/images/imgs_3/sa_10621569.jpg,Gymnast,8,7,0,Younger,8,6 8 20,8,8,8,The best answer is 8. Gymnast.,6. Guard  8. Gymnast  20. Tennis Player,8. Gymnast,8. Gymnast,8. Gymnast
1069,data/facet/images/imgs_3/sa_2936102.jpg,Gymnast,8,7,0,Younger,8,6 8 20,8,8,8,The best answer is 8. Gymnast.,6. Guard  8. Gymnast  20. Tennis Player,8. Gymnast,8. Gymnast,8. Gymnast
999,data/facet/images/imgs_3/sa_10865656.jpg,Gymnast,8,7,0,Younger,8,6 8 15,8,8,8,The best answer is 8. Gymnast.,6. Guard  8. Gymnast  15. Repairman,8. Gymnast,8. Gymnast,8. Gymnast
678,data/facet/images/imgs_3/sa_4182867.jpg,Gymnast,8,7,0,Younger,8,8 16 18,8,8,8,The best answer is 8. Gymnast.,8. Gymnast  16. Salesperson  18. Skateboarder,8. Gymnast,8. Gymnast,8. Gymnast
555,data/facet/images/imgs_3/sa_3710842.jpg,Gymnast,8,7,1,Middle,8,8 11 20,8 20,8 20,8 20,The best answer is 8. Gymnast.,8. Gymnast  11. Laborer  20. Tennis Player,8. Gymnast  20. Tennis Player,8. Gymnast  20. Tennis Player,8. Gymnast  20. Tennis Player
603,data/facet/images/imgs_3/sa_1668995.jpg,Gymnast,8,7,3,Unknown,8,8 10 11,8,8,8,The best answer is 8. Gymnast.,8. Gymnast  10. Horse Rider  11. Laborer,8. Gymnast,8. Gymnast,8. Gymnast
622,data/facet/images/imgs_3/sa_1989131.jpg,Gymnast,8,7,0,Younger,8,3 6 8,8,8,8,The best answer is 8. Gymnast.,3. Computer User  6. Guard  8. Gymnast,8. Gymnast,8. Gymnast,8. Gymnast
491,data/facet/images/imgs_3/sa_2331254.jpg,Gymnast,8,7,1,Middle,8,8 16 20,8,8,8,The best answer is 8. Gymnast.,8. Gymnast  16. Salesperson  20. Tennis Player,8. Gymnast,8. Gymnast,8. Gymnast
513,data/facet/images/imgs_3/sa_3976888.jpg,Gymnast,8,7,0,Younger,8,6 8 18,8,8,8,The best answer is 8. Gymnast.,6. Guard  8. Gymnast  18. Skateboarder,8. Gymnast,8. Gymnast,8. Gymnast
1136,data/facet/images/imgs_3/sa_4577076.jpg,Gymnast,8,7,0,Younger,8,6 8 16,8,8,8,The best answer is 8. Gymnast.,6. Guard  8. Gymnast  16. Salesperson,8. Gymnast,8. Gymnast,8. Gymnast
1139,data/facet/images/imgs_3/sa_10892930.jpg,Gymnast,8,7,3,Unknown,8,6 8 15,8,8,8,The best answer is 8. Gymnast.,6. Guard  8. Gymnast  15. Repairman,8. Gymnast,8. Gymnast,8. Gymnast
1161,data/facet/images/imgs_3/sa_1841165.jpg,Gymnast,8,7,3,Unknown,8,6 8 20,8,8,8,The best answer is 8. Gymnast.,6. Guard  8. Gymnast  20. Tennis Player,8. Gymnast,8. Gymnast,8. Gymnast
669,data/facet/images/imgs_3/sa_10873804.jpg,Gymnast,8,7,3,Unknown,8,8 16 20,8,8,8,The best answer is 8. Gymnast.,8. Gymnast  16. Salesperson  20. Tennis Player,8. Gymnast,8. Gymnast,8. Gymnast
696,data/facet/images/imgs_3/sa_10135675.jpg,Gymnast,8,7,0,Younger,8,3 8 15,8,8,8,The best answer is 8. Gymnast.,3. Computer User  8. Gymnast  15. Repairman,8. Gymnast,8. Gymnast,8. Gymnast
1050,data/facet/images/imgs_3/sa_1942208.jpg,Gymnast,8,7,0,Younger,8,6 8 9,8,8,8,The best answer is 8. Gymnast.,6. Guard  8. Gymnast  9. Hairdresser,8. Gymnast,8. Gymnast,8. Gymnast
403,data/facet/images/imgs_2/sa_9834148.jpg,Gymnast,8,7,0,Younger,8,8 16 20,8,8,8,The best answer is 8. Gymnast.,8. Gymnast  16. Salesperson  20. Tennis Player,8. Gymnast,8. Gymnast,8. Gymnast
914,data/facet/images/imgs_3/sa_1110819.jpg,Gymnast,8,7,1,Middle,8,6 8 20,8,8,8,The best answer is 8. Gymnast.,6. Guard  8. Gymnast  20. Tennis Player,8. Gymnast,8. Gymnast,8. Gymnast
801,data/facet/images/imgs_3/sa_3171768.jpg,Gymnast,8,7,1,Middle,8,6 8 15,8,8,8,The best answer is 8. Gymnast.,6. Guard  8. Gymnast  15. Repairman,8. Gymnast,8. Gymnast,8. Gymnast
1327,data/facet/images/imgs_3/sa_2523760.jpg,Gymnast,8,7,0,Younger,8,3 6 8,8,8,8,The best answer is 8. Gymnast.,3. Computer User  6. Guard  8. Gymnast,8. Gymnast,8. Gymnast,8. Gymnast
18,data/facet/images/imgs_3/sa_4216980.jpg,Gymnast,8,7,1,Middle,8,6 8 15,8,8,8,The best answer is 8. Gymnast.,6. Guard  8. Gymnast  15. Repairman,8. Gymnast,8. Gymnast,8. Gymnast
20,data/facet/images/imgs_3/sa_1608004.jpg,Gymnast,8,7,0,Younger,8,8 15 16,8,8,8,The best answer is 8. Gymnast.,8. Gymnast  15. Repairman  16. Salesperson,8. Gymnast,8. Gymnast,8. Gymnast
238,data/facet/images/imgs_3/sa_10221698.jpg,Gymnast,8,7,1,Middle,8,3 8 20,8,8,8,The best answer is 8. Gymnast.,3. Computer User  8. Gymnast  20. Tennis Player,8. Gymnast,8. Gymnast,8. Gymnast
984,data/facet/images/imgs_3/sa_2667548.jpg,Gymnast,8,7,3,Unknown,18,2 18 20,18,18,18,The best answer is 8. Gymnast.,2. Boatman  18. Skateboarder  20. Tennis Player,18. Skateboarder,18. Skateboarder,18. Skateboarder
254,data/facet/images/imgs_3/sa_4052603.jpg,Gymnast,8,7,0,Younger,8,2 8 10,8,8,8,The best answer is 8. Gymnast.,2. Boatman  8. Gymnast  10. Horse Rider,8. Gymnast,8. Gymnast,8. Gymnast
282,data/facet/images/imgs_3/sa_10409496.jpg,Gymnast,8,7,1,Middle,8,3 6 8,8,8,8,The best answer is 8. Gymnast.,3. Computer User  6. Guard  8. Gymnast,8. Gymnast,8. Gymnast,8. Gymnast
1317,data/facet/images/imgs_3/sa_11143266.jpg,Gymnast,8,7,0,Younger,8,6 8 20,8,8,8,The best answer is 8. Gymnast.,6. Guard  8. Gymnast  20. Tennis Player,8. Gymnast,8. Gymnast,8. Gymnast
1294,data/facet/images/imgs_3/sa_3595353.jpg,Gymnast,8,7,0,Younger,8,6 8 14,1 6 8 14,1 6 8 14,8,The best answer is 8. Gymnast.,6. Guard  8. Gymnast  14. Painter,1. Backpacker  6. Guard  8. Gymnast  14. Painter,1. Backpacker  6. Guard  8. Gymnast  14. Painter,8. Gymnast
87,data/facet/images/imgs_3/sa_2260976.jpg,Gymnast,8,7,0,Younger,8,8 16 20,8,8,8,The best answer is 8. Gymnast.,8. Gymnast  16. Salesperson  20. Tennis Player,8. Gymnast,8. Gymnast,8. Gymnast
725,data/facet/images/imgs_3/sa_3875805.jpg,Gymnast,8,7,0,Younger,8,6 8 15,8,8,8,The best answer is 8. Gymnast.,6. Guard  8. Gymnast  15. Repairman,8. Gymnast,8. Gymnast,8. Gymnast
1377,data/facet/images/imgs_3/sa_10860013.jpg,Gymnast,8,7,0,Younger,8,8 15 20,8,8,8,The best answer is 8. Gymnast.,8. Gymnast  15. Repairman  20. Tennis Player,8. Gymnast,8. Gymnast,8. Gymnast
301,data/facet/images/imgs_3/sa_1256218.jpg,Gymnast,8,7,3,Unknown,18,6 8 18,1 6 8 18,1 6 8 18,1 6 8 18,The best answer is 8. Gymnast.,6. Guard  8. Gymnast  18. Skateboarder,1. Backpacker  6. Guard  8. Gymnast  18. Skateboarder,1. Backpacker  6. Guard  8. Gymnast  18. Skateboarder,1. Backpacker  6. Guard  8. Gymnast  18. Skateboarder
771,data/facet/images/imgs_3/sa_9127165.jpg,Hairdresser,9,8,1,Middle,9,9 11 16,9,9 11,9 11,The best answer is 9. Hairdresser.,9. Hairdresser  11. Laborer  16. Salesperson,9. Hairdresser,9. Hairdresser  11. Laborer,9. Hairdresser  11. Laborer
775,data/facet/images/imgs_3/sa_674118.jpg,Hairdresser,9,8,0,Younger,9,9 11 14,9,9,9,The best answer is 9. Hairdresser.,9. Hairdresser  11. Laborer  14. Painter,9. Hairdresser,9. Hairdresser,9. Hairdresser
312,data/facet/images/imgs_3/sa_8690209.jpg,Hairdresser,9,8,1,Middle,9,2 9 15,2 9 11 15,2 9 11 15,2 9 11 15,The best answer is 9. Hairdresser.,2. Boatman  9. Hairdresser  15. Repairman,2. Boatman  9. Hairdresser  11. Laborer  15. Repairman,2. Boatman  9. Hairdresser  11. Laborer  15. Repairman,2. Boatman  9. Hairdresser  11. Laborer  15. Repairman
1109,data/facet/images/imgs_3/sa_8511993.jpg,Hairdresser,9,8,0,Younger,9,9 11 16,9,9 11,9,The best answer is 9. Hairdresser.,9. Hairdresser  11. Laborer  16. Salesperson,9. Hairdresser,9. Hairdresser  11. Laborer,9. Hairdresser
1352,data/facet/images/imgs_3/sa_8566455.jpg,Hairdresser,9,8,1,Middle,9,9 16 17,9,9,9,The best answer is 9. Hairdresser.,9. Hairdresser  16. Salesperson  17. Singer,9. Hairdresser,9. Hairdresser,9. Hairdresser
187,data/facet/images/imgs_3/sa_6122203.jpg,Hairdresser,9,8,3,Unknown,9,9 11 16,9,9,9,The best answer is 9. Hairdresser.,9. Hairdresser  11. Laborer  16. Salesperson,9. Hairdresser,9. Hairdresser,9. Hairdresser
907,data/facet/images/imgs_3/sa_8030126.jpg,Hairdresser,9,8,3,Unknown,9,9 11 15,9 11 15,9 11 15,9 11 15,The best answer is 9. Hairdresser.,9. Hairdresser  11. Laborer  15. Repairman,9. Hairdresser  11. Laborer  15. Repairman,9. Hairdresser  11. Laborer  15. Repairman,9. Hairdresser  11. Laborer  15. Repairman
1276,data/facet/images/imgs_3/sa_5819485.jpg,Hairdresser,9,8,1,Middle,9,9 11 15,9,9 15,5 9 11 15,The best answer is 9. Hairdresser.,9. Hairdresser  11. Laborer  15. Repairman,9. Hairdresser,9. Hairdresser  15. Repairman,5. Farmer  9. Hairdresser  11. Laborer  15. Repairman
1260,data/facet/images/imgs_3/sa_6171930.jpg,Hairdresser,9,8,3,Unknown,9,9 11 15,9,9,9,The best answer is 9. Hairdresser.,9. Hairdresser  11. Laborer  15. Repairman,9. Hairdresser,9. Hairdresser,9. Hairdresser
1145,data/facet/images/imgs_3/sa_8855456.jpg,Hairdresser,9,8,1,Middle,9,9 15 16,9,9,9,The best answer is 9. Hairdresser.,9. Hairdresser  15. Repairman  16. Salesperson,9. Hairdresser,9. Hairdresser,9. Hairdresser
1160,data/facet/images/imgs_3/sa_9211257.jpg,Hairdresser,9,8,1,Middle,11,4 11 16,4 11 16,4 9 11 16,4 9 11 16,The best answer is 9. Hairdresser.,4. Craftsman  11. Laborer  16. Salesperson,4. Craftsman  11. Laborer  16. Salesperson,4. Craftsman  9. Hairdresser  11. Laborer  16. Salesperson,4. Craftsman  9. Hairdresser  11. Laborer  16. Salesperson
405,data/facet/images/imgs_3/sa_6732745.jpg,Hairdresser,9,8,3,Unknown,9,4 9 11,9,9,9,The best answer is 9. Hairdresser.,4. Craftsman  9. Hairdresser  11. Laborer,9. Hairdresser,9. Hairdresser,9. Hairdresser
1057,data/facet/images/imgs_3/sa_8320636.jpg,Hairdresser,9,8,0,Younger,9,3 9 16,9,9,9,The best answer is 9. Hairdresser.,3. Computer User  9. Hairdresser  16. Salesperson,9. Hairdresser,9. Hairdresser,9. Hairdresser
234,data/facet/images/imgs_3/sa_5073589.jpg,Hairdresser,9,8,1,Middle,9,4 9 14,9,9,9,The best answer is 9. Hairdresser.,4. Craftsman  9. Hairdresser  14. Painter,9. Hairdresser,9. Hairdresser,9. Hairdresser
1152,data/facet/images/imgs_3/sa_939251.jpg,Hairdresser,9,8,1,Middle,9,4 9 15,9,9,9,The best answer is 9. Hairdresser.,4. Craftsman  9. Hairdresser  15. Repairman,9. Hairdresser,9. Hairdresser,9. Hairdresser
816,data/facet/images/imgs_3/sa_8740609.jpg,Hairdresser,9,8,0,Younger,9,9 14 15,9,4 9 14 15,9,The best answer is 9. Hairdresser.,9. Hairdresser  14. Painter  15. Repairman,9. Hairdresser,4. Craftsman  9. Hairdresser  14. Painter  15. Repairman,9. Hairdresser
1274,data/facet/images/imgs_3/sa_5833346.jpg,Hairdresser,9,8,1,Middle,9,4 9 11,9,9,9,The best answer is 9. Hairdresser.,4. Craftsman  9. Hairdresser  11. Laborer,9. Hairdresser,9. Hairdresser,9. Hairdresser
1275,data/facet/images/imgs_3/sa_7807377.jpg,Hairdresser,9,8,1,Middle,9,9 11 17,9 11 15 17,9 11 15 17,9 11 15 17,The best answer is 9. Hairdresser.,9. Hairdresser  11. Laborer  17. Singer,9. Hairdresser  11. Laborer  15. Repairman  17. Singer,9. Hairdresser  11. Laborer  15. Repairman  17. Singer,9. Hairdresser  11. Laborer  15. Repairman  17. Singer
1078,data/facet/images/imgs_3/sa_9396486.jpg,Hairdresser,9,8,1,Middle,9,4 9 11,9,9,4 9,The best answer is 9. Hairdresser.,4. Craftsman  9. Hairdresser  11. Laborer,9. Hairdresser,9. Hairdresser,4. Craftsman  9. Hairdresser
995,data/facet/images/imgs_3/sa_6378150.jpg,Hairdresser,9,8,1,Middle,9,9 11 16,9 11 16,4 9 11 16,4 9 11 16,The best answer is 9. Hairdresser.,9. Hairdresser  11. Laborer  16. Salesperson,9. Hairdresser  11. Laborer  16. Salesperson,4. Craftsman  9. Hairdresser  11. Laborer  16. Salesperson,4. Craftsman  9. Hairdresser  11. Laborer  16. Salesperson
462,data/facet/images/imgs_3/sa_8552209.jpg,Hairdresser,9,8,1,Middle,9,9 15 16,9,9,9,The best answer is 9. Hairdresser.,9. Hairdresser  15. Repairman  16. Salesperson,9. Hairdresser,9. Hairdresser,9. Hairdresser
467,data/facet/images/imgs_3/sa_6729835.jpg,Hairdresser,9,8,2,Older,9,4 9 15,4 9 11 15,4 9 11 15,4 9 11 15,The best answer is 9. Hairdresser.,4. Craftsman  9. Hairdresser  15. Repairman,4. Craftsman  9. Hairdresser  11. Laborer  15. Repairman,4. Craftsman  9. Hairdresser  11. Laborer  15. Repairman,4. Craftsman  9. Hairdresser  11. Laborer  15. Repairman
1226,data/facet/images/imgs_3/sa_6388829.jpg,Hairdresser,9,8,1,Middle,9,9 11 15,9,9,9,The best answer is 9. Hairdresser.,9. Hairdresser  11. Laborer  15. Repairman,9. Hairdresser,9. Hairdresser,9. Hairdresser
222,data/facet/images/imgs_3/sa_6215368.jpg,Hairdresser,9,8,2,Older,9,4 9 16,4 9 11 16,4 9 11 16,4 9 11 15 16,The best answer is 9. Hairdresser.,4. Craftsman  9. Hairdresser  16. Salesperson,4. Craftsman  9. Hairdresser  11. Laborer  16. Salesperson,4. Craftsman  9. Hairdresser  11. Laborer  16. Salesperson,4. Craftsman  9. Hairdresser  11. Laborer  15. Repairman  16. Salesperson
961,data/facet/images/imgs_3/sa_9644406.jpg,Hairdresser,9,8,3,Unknown,9,9 11 15,9,9,9,The best answer is 9. Hairdresser.,9. Hairdresser  11. Laborer  15. Repairman,9. Hairdresser,9. Hairdresser,9. Hairdresser
227,data/facet/images/imgs_3/sa_8076734.jpg,Hairdresser,9,8,1,Middle,9,9 11 16,9 11 16,4 9 11 16,4 9 11 16,The best answer is 9. Hairdresser.,9. Hairdresser  11. Laborer  16. Salesperson,9. Hairdresser  11. Laborer  16. Salesperson,4. Craftsman  9. Hairdresser  11. Laborer  16. Salesperson,4. Craftsman  9. Hairdresser  11. Laborer  16. Salesperson
229,data/facet/images/imgs_3/sa_4477849.jpg,Hairdresser,9,8,0,Younger,9,4 9 16,4 5 6 9 11 16,4 9 11 16,4 9 11 16,The best answer is 9. Hairdresser.,4. Craftsman  9. Hairdresser  16. Salesperson,4. Craftsman  5. Farmer  6. Guard  9. Hairdresser  11. Laborer  16. Salesperson,4. Craftsman  9. Hairdresser  11. Laborer  16. Salesperson,4. Craftsman  9. Hairdresser  11. Laborer  16. Salesperson
262,data/facet/images/imgs_3/sa_4501234.jpg,Hairdresser,9,8,1,Middle,9,9 11 15,9,9 11 15,4 9 11 15,The best answer is 9. Hairdresser.,9. Hairdresser  11. Laborer  15. Repairman,9. Hairdresser,9. Hairdresser  11. Laborer  15. Repairman,4. Craftsman  9. Hairdresser  11. Laborer  15. Repairman
1198,data/facet/images/imgs_3/sa_9672735.jpg,Hairdresser,9,8,1,Middle,9,9 14 16,4 9 14 16,4 9 14 16,4 9 14 16,The best answer is 9. Hairdresser.,9. Hairdresser  14. Painter  16. Salesperson,4. Craftsman  9. Hairdresser  14. Painter  16. Salesperson,4. Craftsman  9. Hairdresser  14. Painter  16. Salesperson,4. Craftsman  9. Hairdresser  14. Painter  16. Salesperson
1221,data/facet/images/imgs_3/sa_5765006.jpg,Hairdresser,9,8,1,Middle,9,4 9 16,4 9 16,4 9 11 16,4 9 11 16,The best answer is 9. Hairdresser.,4. Craftsman  9. Hairdresser  16. Salesperson,4. Craftsman  9. Hairdresser  16. Salesperson,4. Craftsman  9. Hairdresser  11. Laborer  16. Salesperson,4. Craftsman  9. Hairdresser  11. Laborer  16. Salesperson
535,data/facet/images/imgs_3/sa_7104030.jpg,Hairdresser,9,8,1,Middle,9,4 9 11,9,9,4 9 11,The best answer is 9. Hairdresser.,4. Craftsman  9. Hairdresser  11. Laborer,9. Hairdresser,9. Hairdresser,4. Craftsman  9. Hairdresser  11. Laborer
1207,data/facet/images/imgs_3/sa_7299618.jpg,Hairdresser,9,8,0,Younger,9,9 11 15,9,9,9,The best answer is 9. Hairdresser.,9. Hairdresser  11. Laborer  15. Repairman,9. Hairdresser,9. Hairdresser,9. Hairdresser
568,data/facet/images/imgs_3/sa_9042497.jpg,Hairdresser,9,8,1,Middle,9,9 11 15,9,9,9 15,The best answer is 9. Hairdresser.,9. Hairdresser  11. Laborer  15. Repairman,9. Hairdresser,9. Hairdresser,9. Hairdresser  15. Repairman
896,data/facet/images/imgs_3/sa_6199404.jpg,Hairdresser,9,8,0,Younger,9,9 15 16,9 15,9 15,9,The best answer is 9. Hairdresser.,9. Hairdresser  15. Repairman  16. Salesperson,9. Hairdresser  15. Repairman,9. Hairdresser  15. Repairman,9. Hairdresser
880,data/facet/images/imgs_3/sa_8353651.jpg,Hairdresser,9,8,1,Middle,9,9 11 16,9,9,9 11,The best answer is 9. Hairdresser.,9. Hairdresser  11. Laborer  16. Salesperson,9. Hairdresser,9. Hairdresser,9. Hairdresser  11. Laborer
881,data/facet/images/imgs_3/sa_4855279.jpg,Hairdresser,9,8,1,Middle,9,9 11 15,9,9 11,4 9 11 15,The best answer is 9. Hairdresser.,9. Hairdresser  11. Laborer  15. Repairman,9. Hairdresser,9. Hairdresser  11. Laborer,4. Craftsman  9. Hairdresser  11. Laborer  15. Repairman
1249,data/facet/images/imgs_3/sa_9654549.jpg,Hairdresser,9,8,1,Middle,9,9 15 16,9 16,9 15 16,4 9 15 16,The best answer is 9. Hairdresser.,9. Hairdresser  15. Repairman  16. Salesperson,9. Hairdresser  16. Salesperson,9. Hairdresser  15. Repairman  16. Salesperson,4. Craftsman  9. Hairdresser  15. Repairman  16. Salesperson
588,data/facet/images/imgs_3/sa_6273787.jpg,Hairdresser,9,8,1,Middle,9,9 11 16,9 11 16,9 11 16,9 11 16,The best answer is 9. Hairdresser.,9. Hairdresser  11. Laborer  16. Salesperson,9. Hairdresser  11. Laborer  16. Salesperson,9. Hairdresser  11. Laborer  16. Salesperson,9. Hairdresser  11. Laborer  16. Salesperson
1256,data/facet/images/imgs_3/sa_7548784.jpg,Hairdresser,9,8,1,Middle,9,4 9 15,9 15,4 9 15,4 9 11 15,The best answer is 9. Hairdresser.,4. Craftsman  9. Hairdresser  15. Repairman,9. Hairdresser  15. Repairman,4. Craftsman  9. Hairdresser  15. Repairman,4. Craftsman  9. Hairdresser  11. Laborer  15. Repairman
171,data/facet/images/imgs_3/sa_8897983.jpg,Hairdresser,9,8,1,Middle,9,9 11 15,9,9 11,9 11 15,The best answer is 9. Hairdresser.,9. Hairdresser  11. Laborer  15. Repairman,9. Hairdresser,9. Hairdresser  11. Laborer,9. Hairdresser  11. Laborer  15. Repairman
873,data/facet/images/imgs_3/sa_7169229.jpg,Hairdresser,9,8,1,Middle,9,9 11 15,9 11,9 11,9 11,The best answer is 9. Hairdresser.,9. Hairdresser  11. Laborer  15. Repairman,9. Hairdresser  11. Laborer,9. Hairdresser  11. Laborer,9. Hairdresser  11. Laborer
470,data/facet/images/imgs_3/sa_8306907.jpg,Hairdresser,9,8,3,Unknown,9,9 11 16,9,9,9,The best answer is 9. Hairdresser.,9. Hairdresser  11. Laborer  16. Salesperson,9. Hairdresser,9. Hairdresser,9. Hairdresser
474,data/facet/images/imgs_3/sa_8093049.jpg,Hairdresser,9,8,0,Younger,9,9 11 15,9,9,9,The best answer is 9. Hairdresser.,9. Hairdresser  11. Laborer  15. Repairman,9. Hairdresser,9. Hairdresser,9. Hairdresser
369,data/facet/images/imgs_3/sa_7072705.jpg,Hairdresser,9,8,1,Middle,9,4 9 11,9,9,9,The best answer is 9. Hairdresser.,4. Craftsman  9. Hairdresser  11. Laborer,9. Hairdresser,9. Hairdresser,9. Hairdresser
370,data/facet/images/imgs_3/sa_934639.jpg,Hairdresser,9,8,3,Unknown,9,3 6 9,9,9,9,The best answer is 9. Hairdresser.,3. Computer User  6. Guard  9. Hairdresser,9. Hairdresser,9. Hairdresser,9. Hairdresser
148,data/facet/images/imgs_3/sa_6085842.jpg,Hairdresser,9,8,1,Middle,9,9 11 15,9,9,9 11,The best answer is 9. Hairdresser.,9. Hairdresser  11. Laborer  15. Repairman,9. Hairdresser,9. Hairdresser,9. Hairdresser  11. Laborer
130,data/facet/images/imgs_3/sa_7638303.jpg,Hairdresser,9,8,1,Middle,9,9 15 16,9,9,9,The best answer is 9. Hairdresser.,9. Hairdresser  15. Repairman  16. Salesperson,9. Hairdresser,9. Hairdresser,9. Hairdresser
755,data/facet/images/imgs_3/sa_5639457.jpg,Hairdresser,9,8,0,Younger,9,3 9 11,9,9,9,The best answer is 9. Hairdresser.,3. Computer User  9. Hairdresser  11. Laborer,9. Hairdresser,9. Hairdresser,9. Hairdresser
974,data/facet/images/imgs_3/sa_704393.jpg,Hairdresser,9,8,1,Middle,9,4 9 11,9,4 9,4 9 11 14,The best answer is 9. Hairdresser.,4. Craftsman  9. Hairdresser  11. Laborer,9. Hairdresser,4. Craftsman  9. Hairdresser,4. Craftsman  9. Hairdresser  11. Laborer  14. Painter
139,data/facet/images/imgs_3/sa_9865921.jpg,Hairdresser,9,8,1,Middle,11,5 9 11,5 9 11,4 5 9 11,4 5 9 11,The best answer is 9. Hairdresser.,5. Farmer  9. Hairdresser  11. Laborer,5. Farmer  9. Hairdresser  11. Laborer,4. Craftsman  5. Farmer  9. Hairdresser  11. Laborer,4. Craftsman  5. Farmer  9. Hairdresser  11. Laborer
342,data/facet/images/imgs_3/sa_4386313.jpg,Hairdresser,9,8,0,Younger,9,9 11 15,9,9,9,The best answer is 9. Hairdresser.,9. Hairdresser  11. Laborer  15. Repairman,9. Hairdresser,9. Hairdresser,9. Hairdresser
1335,data/facet/images/imgs_3/sa_5286611.jpg,Hairdresser,9,8,1,Middle,9,4 9 15,9,9,9,The best answer is 9. Hairdresser.,4. Craftsman  9. Hairdresser  15. Repairman,9. Hairdresser,9. Hairdresser,9. Hairdresser
61,data/facet/images/imgs_3/sa_5165365.jpg,Hairdresser,9,8,1,Middle,9,9 11 15,9 15,9 15,4 9 11 15,The best answer is 9. Hairdresser.,9. Hairdresser  11. Laborer  15. Repairman,9. Hairdresser  15. Repairman,9. Hairdresser  15. Repairman,4. Craftsman  9. Hairdresser  11. Laborer  15. Repairman
38,data/facet/images/imgs_3/sa_8341048.jpg,Hairdresser,9,8,2,Older,9,4 9 15,9,9,4 9 11 15,The best answer is 9. Hairdresser.,4. Craftsman  9. Hairdresser  15. Repairman,9. Hairdresser,9. Hairdresser,4. Craftsman  9. Hairdresser  11. Laborer  15. Repairman
39,data/facet/images/imgs_3/sa_6818163.jpg,Hairdresser,9,8,2,Older,9,4 9 15,4 9 15,4 9 15,4 6 9 15 16,The best answer is 9. Hairdresser.,4. Craftsman  9. Hairdresser  15. Repairman,4. Craftsman  9. Hairdresser  15. Repairman,4. Craftsman  9. Hairdresser  15. Repairman,4. Craftsman  6. Guard  9. Hairdresser  15. Repairman  16. Salesperson
25,data/facet/images/imgs_3/sa_5311548.jpg,Hairdresser,9,8,1,Middle,9,9 15 16,9,9,9,The best answer is 9. Hairdresser.,9. Hairdresser  15. Repairman  16. Salesperson,9. Hairdresser,9. Hairdresser,9. Hairdresser
28,data/facet/images/imgs_3/sa_4766449.jpg,Hairdresser,9,8,1,Middle,9,4 6 9,9,9,6 9,The best answer is 9. Hairdresser.,4. Craftsman  6. Guard  9. Hairdresser,9. Hairdresser,9. Hairdresser,6. Guard  9. Hairdresser
1363,data/facet/images/imgs_3/sa_4774424.jpg,Hairdresser,9,8,1,Middle,9,4 9 15,9,9,9,The best answer is 9. Hairdresser.,4. Craftsman  9. Hairdresser  15. Repairman,9. Hairdresser,9. Hairdresser,9. Hairdresser
1183,data/facet/images/imgs_3/sa_5518827.jpg,Hairdresser,9,8,2,Older,9,4 9 16,9,9,4 9 11 15 16,The best answer is 9. Hairdresser.,4. Craftsman  9. Hairdresser  16. Salesperson,9. Hairdresser,9. Hairdresser,4. Craftsman  9. Hairdresser  11. Laborer  15. Repairman  16. Salesperson
1188,data/facet/images/imgs_3/sa_6828667.jpg,Hairdresser,9,8,3,Unknown,9,9 11 16,9 11,9 11,9,The best answer is 9. Hairdresser.,9. Hairdresser  11. Laborer  16. Salesperson,9. Hairdresser  11. Laborer,9. Hairdresser  11. Laborer,9. Hairdresser
808,data/facet/images/imgs_3/sa_9360100.jpg,Hairdresser,9,8,1,Middle,9,4 9 11,9,9,9,The best answer is 9. Hairdresser.,4. Craftsman  9. Hairdresser  11. Laborer,9. Hairdresser,9. Hairdresser,9. Hairdresser
731,data/facet/images/imgs_3/sa_8836682.jpg,Hairdresser,9,8,1,Middle,9,9 11 15,9,9 11,9 11 15,The best answer is 9. Hairdresser.,9. Hairdresser  11. Laborer  15. Repairman,9. Hairdresser,9. Hairdresser  11. Laborer,9. Hairdresser  11. Laborer  15. Repairman
103,data/facet/images/imgs_3/sa_5243768.jpg,Hairdresser,9,8,1,Middle,9,9 11 16,9,9 11,9 11 16,The best answer is 9. Hairdresser.,9. Hairdresser  11. Laborer  16. Salesperson,9. Hairdresser,9. Hairdresser  11. Laborer,9. Hairdresser  11. Laborer  16. Salesperson
1021,data/facet/images/imgs_3/sa_515129.jpg,Hairdresser,9,8,1,Middle,9,4 9 11,4 9 11,4 9 11 15,4 9 11 15,The best answer is 9. Hairdresser.,4. Craftsman  9. Hairdresser  11. Laborer,4. Craftsman  9. Hairdresser  11. Laborer,4. Craftsman  9. Hairdresser  11. Laborer  15. Repairman,4. Craftsman  9. Hairdresser  11. Laborer  15. Repairman
425,data/facet/images/imgs_3/sa_4433491.jpg,Hairdresser,9,8,1,Middle,9,4 9 15,9 15,4 9 11 15,4 9 11 15,The best answer is 9. Hairdresser.,4. Craftsman  9. Hairdresser  15. Repairman,9. Hairdresser  15. Repairman,4. Craftsman  9. Hairdresser  11. Laborer  15. Repairman,4. Craftsman  9. Hairdresser  11. Laborer  15. Repairman
429,data/facet/images/imgs_3/sa_737577.jpg,Hairdresser,9,8,3,Unknown,9,1 3 9,1 3 9 14,1 3 9 14,1 3 9 14,The best answer is 9. Hairdresser.,1. Backpacker  3. Computer User  9. Hairdresser,1. Backpacker  3. Computer User  9. Hairdresser  14. Painter,1. Backpacker  3. Computer User  9. Hairdresser  14. Painter,1. Backpacker  3. Computer User  9. Hairdresser  14. Painter
311,data/facet/images/imgs_3/sa_8168477.jpg,Hairdresser,9,8,0,Younger,9,2 9 11,9,2 9 11,9,The best answer is 9. Hairdresser.,2. Boatman  9. Hairdresser  11. Laborer,9. Hairdresser,2. Boatman  9. Hairdresser  11. Laborer,9. Hairdresser
393,data/facet/images/imgs_3/sa_10705018.jpg,Horse Rider,10,9,0,Younger,10,5 8 10,3 5 8 10 12,3 5 8 10,8 10,The best answer is 10. Horse Rider.,5. Farmer  8. Gymnast  10. Horse Rider,3. Computer User  5. Farmer  8. Gymnast  10. Horse Rider  12. Officer,3. Computer User  5. Farmer  8. Gymnast  10. Horse Rider,8. Gymnast  10. Horse Rider
394,data/facet/images/imgs_2/sa_9582529.jpg,Horse Rider,10,9,1,Middle,10,6 10 12,10 12,10 12,6 10 12,The best answer is 10. Horse Rider.,6. Guard  10. Horse Rider  12. Officer,10. Horse Rider  12. Officer,10. Horse Rider  12. Officer,6. Guard  10. Horse Rider  12. Officer
500,data/facet/images/imgs_2/sa_9477808.jpg,Horse Rider,10,9,1,Middle,10,8 10 20,10,8 10,8 10,The best answer is 10. Horse Rider.,8. Gymnast  10. Horse Rider  20. Tennis Player,10. Horse Rider,8. Gymnast  10. Horse Rider,8. Gymnast  10. Horse Rider
1132,data/facet/images/imgs_2/sa_8713769.jpg,Horse Rider,10,9,1,Middle,10,1 2 10,1 2 10,1 2 10 16,1 2 10 16,The best answer is 10. Horse Rider.,1. Backpacker  2. Boatman  10. Horse Rider,1. Backpacker  2. Boatman  10. Horse Rider,1. Backpacker  2. Boatman  10. Horse Rider  16. Salesperson,1. Backpacker  2. Boatman  10. Horse Rider  16. Salesperson
507,data/facet/images/imgs_3/sa_1120303.jpg,Horse Rider,10,9,0,Younger,10,6 10 12,10,6 10,10,The best answer is 10. Horse Rider.,6. Guard  10. Horse Rider  12. Officer,10. Horse Rider,6. Guard  10. Horse Rider,10. Horse Rider
1099,data/facet/images/imgs_3/sa_1589129.jpg,Horse Rider,10,9,0,Younger,10,8 10 12,10,10,10,The best answer is 10. Horse Rider.,8. Gymnast  10. Horse Rider  12. Officer,10. Horse Rider,10. Horse Rider,10. Horse Rider
800,data/facet/images/imgs_3/sa_1146216.jpg,Horse Rider,10,9,0,Younger,10,10 12 13,10 12,10 12 13,10 12,The best answer is 10. Horse Rider.,10. Horse Rider  12. Officer  13. Motorcyclist,10. Horse Rider  12. Officer,10. Horse Rider  12. Officer  13. Motorcyclist,10. Horse Rider  12. Officer
720,data/facet/images/imgs_3/sa_1047536.jpg,Horse Rider,10,9,0,Younger,10,8 10 12,10 12,8 10 12,10,The best answer is 10. Horse Rider.,8. Gymnast  10. Horse Rider  12. Officer,10. Horse Rider  12. Officer,8. Gymnast  10. Horse Rider  12. Officer,10. Horse Rider
792,data/facet/images/imgs_3/sa_2586938.jpg,Horse Rider,10,9,3,Unknown,10,10 11 12,10,10,10,The best answer is 10. Horse Rider.,10. Horse Rider  11. Laborer  12. Officer,10. Horse Rider,10. Horse Rider,10. Horse Rider
1351,data/facet/images/imgs_2/sa_9257644.jpg,Horse Rider,10,9,1,Middle,10,8 10 12,8 10,8 10,8 10,The best answer is 10. Horse Rider.,8. Gymnast  10. Horse Rider  12. Officer,8. Gymnast  10. Horse Rider,8. Gymnast  10. Horse Rider,8. Gymnast  10. Horse Rider
1313,data/facet/images/imgs_3/sa_2622195.jpg,Horse Rider,10,9,0,Younger,10,8 10 20,10,8 10 20,10,The best answer is 10. Horse Rider.,8. Gymnast  10. Horse Rider  20. Tennis Player,10. Horse Rider,8. Gymnast  10. Horse Rider  20. Tennis Player,10. Horse Rider
809,data/facet/images/imgs_3/sa_3187973.jpg,Horse Rider,10,9,1,Middle,10,5 8 10,5 8 10 12,5 8 10 12,5 8 10 12,The best answer is 10. Horse Rider.,5. Farmer  8. Gymnast  10. Horse Rider,5. Farmer  8. Gymnast  10. Horse Rider  12. Officer,5. Farmer  8. Gymnast  10. Horse Rider  12. Officer,5. Farmer  8. Gymnast  10. Horse Rider  12. Officer
715,data/facet/images/imgs_2/sa_8622881.jpg,Horse Rider,10,9,1,Middle,10,6 8 10,8 10,6 8 10 12,6 8 10 12,The best answer is 10. Horse Rider.,6. Guard  8. Gymnast  10. Horse Rider,8. Gymnast  10. Horse Rider,6. Guard  8. Gymnast  10. Horse Rider  12. Officer,6. Guard  8. Gymnast  10. Horse Rider  12. Officer
453,data/facet/images/imgs_3/sa_11061684.jpg,Horse Rider,10,9,0,Younger,10,5 10 12,10,10 12,10,The best answer is 10. Horse Rider.,5. Farmer  10. Horse Rider  12. Officer,10. Horse Rider,10. Horse Rider  12. Officer,10. Horse Rider
976,data/facet/images/imgs_3/sa_2092483.jpg,Horse Rider,10,9,3,Unknown,10,2 5 10,10,1 2 5 10,2 5 10,The best answer is 10. Horse Rider.,2. Boatman  5. Farmer  10. Horse Rider,10. Horse Rider,1. Backpacker  2. Boatman  5. Farmer  10. Horse Rider,2. Boatman  5. Farmer  10. Horse Rider
986,data/facet/images/imgs_3/sa_1856456.jpg,Horse Rider,10,9,3,Unknown,10,6 10 12,10 12,3 6 10 12,3 6 10 12,The best answer is 10. Horse Rider.,6. Guard  10. Horse Rider  12. Officer,10. Horse Rider  12. Officer,3. Computer User  6. Guard  10. Horse Rider  12. Officer,3. Computer User  6. Guard  10. Horse Rider  12. Officer
830,data/facet/images/imgs_3/sa_10002330.jpg,Horse Rider,10,9,1,Middle,10,5 8 10,8 10,5 8 10,5 8 10 20,The best answer is 10. Horse Rider.,5. Farmer  8. Gymnast  10. Horse Rider,8. Gymnast  10. Horse Rider,5. Farmer  8. Gymnast  10. Horse Rider,5. Farmer  8. Gymnast  10. Horse Rider  20. Tennis Player
434,data/facet/images/imgs_3/sa_2402861.jpg,Horse Rider,10,9,1,Middle,10,8 10 20,8 10 12 20,8 10 12 20,8 10 12 20,The best answer is 10. Horse Rider.,8. Gymnast  10. Horse Rider  20. Tennis Player,8. Gymnast  10. Horse Rider  12. Officer  20. Tennis Player,8. Gymnast  10. Horse Rider  12. Officer  20. Tennis Player,8. Gymnast  10. Horse Rider  12. Officer  20. Tennis Player
964,data/facet/images/imgs_3/sa_2931248.jpg,Horse Rider,10,9,1,Middle,10,2 10 12,10 12,2 6 10 12,2 6 10 12,The best answer is 10. Horse Rider.,2. Boatman  10. Horse Rider  12. Officer,10. Horse Rider  12. Officer,2. Boatman  6. Guard  10. Horse Rider  12. Officer,2. Boatman  6. Guard  10. Horse Rider  12. Officer
940,data/facet/images/imgs_3/sa_2398853.jpg,Horse Rider,10,9,3,Unknown,10,5 8 10,10,5 8 10,8 10,The best answer is 10. Horse Rider.,5. Farmer  8. Gymnast  10. Horse Rider,10. Horse Rider,5. Farmer  8. Gymnast  10. Horse Rider,8. Gymnast  10. Horse Rider
54,data/facet/images/imgs_3/sa_2041872.jpg,Horse Rider,10,9,3,Unknown,10,8 10 20,10,8 10,8 10,The best answer is 10. Horse Rider.,8. Gymnast  10. Horse Rider  20. Tennis Player,10. Horse Rider,8. Gymnast  10. Horse Rider,8. Gymnast  10. Horse Rider
1393,data/facet/images/imgs_3/sa_2129531.jpg,Horse Rider,10,9,0,Younger,10,5 10 12,10,5 10,10,The best answer is 10. Horse Rider.,5. Farmer  10. Horse Rider  12. Officer,10. Horse Rider,5. Farmer  10. Horse Rider,10. Horse Rider
5,data/facet/images/imgs_3/sa_10935185.jpg,Horse Rider,10,9,0,Younger,10,5 10 12,10 12,10 12,10,The best answer is 10. Horse Rider.,5. Farmer  10. Horse Rider  12. Officer,10. Horse Rider  12. Officer,10. Horse Rider  12. Officer,10. Horse Rider
154,data/facet/images/imgs_3/sa_2208292.jpg,Horse Rider,10,9,1,Middle,10,8 10 20,10,8 10,8 10 12 20,The best answer is 10. Horse Rider.,8. Gymnast  10. Horse Rider  20. Tennis Player,10. Horse Rider,8. Gymnast  10. Horse Rider,8. Gymnast  10. Horse Rider  12. Officer  20. Tennis Player
1250,data/facet/images/imgs_3/sa_1191450.jpg,Horse Rider,10,9,3,Unknown,10,8 10 20,10,8 10 20,10 20,The best answer is 10. Horse Rider.,8. Gymnast  10. Horse Rider  20. Tennis Player,10. Horse Rider,8. Gymnast  10. Horse Rider  20. Tennis Player,10. Horse Rider  20. Tennis Player
589,data/facet/images/imgs_2/sa_9643117.jpg,Horse Rider,10,9,3,Unknown,10,8 10 12,10,10,10,The best answer is 10. Horse Rider.,8. Gymnast  10. Horse Rider  12. Officer,10. Horse Rider,10. Horse Rider,10. Horse Rider
560,data/facet/images/imgs_3/sa_1570682.jpg,Horse Rider,10,9,0,Younger,10,8 10 20,8 10,8 10 20,10,The best answer is 10. Horse Rider.,8. Gymnast  10. Horse Rider  20. Tennis Player,8. Gymnast  10. Horse Rider,8. Gymnast  10. Horse Rider  20. Tennis Player,10. Horse Rider
374,data/facet/images/imgs_3/sa_3164436.jpg,Horse Rider,10,9,1,Middle,10,10 11 12,10,10 11,10 11 12,The best answer is 10. Horse Rider.,10. Horse Rider  11. Laborer  12. Officer,10. Horse Rider,10. Horse Rider  11. Laborer,10. Horse Rider  11. Laborer  12. Officer
846,data/facet/images/imgs_3/sa_1179404.jpg,Horse Rider,10,9,3,Unknown,6,6 10 12,6,6,6,The best answer is 10. Horse Rider.,6. Guard  10. Horse Rider  12. Officer,6. Guard,6. Guard,6. Guard
390,data/facet/images/imgs_3/sa_10624956.jpg,Horse Rider,10,9,1,Middle,10,6 10 12,6 10 12,6 10 12,6 10 12,The best answer is 10. Horse Rider.,6. Guard  10. Horse Rider  12. Officer,6. Guard  10. Horse Rider  12. Officer,6. Guard  10. Horse Rider  12. Officer,6. Guard  10. Horse Rider  12. Officer
391,data/facet/images/imgs_3/sa_10612841.jpg,Horse Rider,10,9,1,Middle,10,4 10 12,10 12,3 4 10 12,3 4 10 12,The best answer is 10. Horse Rider.,4. Craftsman  10. Horse Rider  12. Officer,10. Horse Rider  12. Officer,3. Computer User  4. Craftsman  10. Horse Rider  12. Officer,3. Computer User  4. Craftsman  10. Horse Rider  12. Officer
1024,data/facet/images/imgs_3/sa_1420469.jpg,Horse Rider,10,9,0,Younger,10,8 10 12,10,8 10 12,10,The best answer is 10. Horse Rider.,8. Gymnast  10. Horse Rider  12. Officer,10. Horse Rider,8. Gymnast  10. Horse Rider  12. Officer,10. Horse Rider
1030,data/facet/images/imgs_2/sa_8818237.jpg,Horse Rider,10,9,1,Middle,10,8 10 12,8 10,8 10 12,8 10 12 20,The best answer is 10. Horse Rider.,8. Gymnast  10. Horse Rider  12. Officer,8. Gymnast  10. Horse Rider,8. Gymnast  10. Horse Rider  12. Officer,8. Gymnast  10. Horse Rider  12. Officer  20. Tennis Player
1080,data/facet/images/imgs_2/sa_8616963.jpg,Horse Rider,10,9,1,Middle,10,5 10 11,5 10 11,5 10 11,5 10 11 16,The best answer is 10. Horse Rider.,5. Farmer  10. Horse Rider  11. Laborer,5. Farmer  10. Horse Rider  11. Laborer,5. Farmer  10. Horse Rider  11. Laborer,5. Farmer  10. Horse Rider  11. Laborer  16. Salesperson
1093,data/facet/images/imgs_3/sa_2246636.jpg,Horse Rider,10,9,2,Older,5,5 11 16,1 5 10 11 16,1 5 11 16,1 5 10 11 16,The best answer is 10. Horse Rider.,5. Farmer  11. Laborer  16. Salesperson,1. Backpacker  5. Farmer  10. Horse Rider  11. Laborer  16. Salesperson,1. Backpacker  5. Farmer  11. Laborer  16. Salesperson,1. Backpacker  5. Farmer  10. Horse Rider  11. Laborer  16. Salesperson
643,data/facet/images/imgs_3/sa_245588.jpg,Horse Rider,10,9,1,Middle,10,5 8 10,10,8 10,5 8 10 20,The best answer is 10. Horse Rider.,5. Farmer  8. Gymnast  10. Horse Rider,10. Horse Rider,8. Gymnast  10. Horse Rider,5. Farmer  8. Gymnast  10. Horse Rider  20. Tennis Player
1071,data/facet/images/imgs_3/sa_10101248.jpg,Horse Rider,10,9,1,Middle,10,5 10 12,10 12,10 12,10 12,The best answer is 10. Horse Rider.,5. Farmer  10. Horse Rider  12. Officer,10. Horse Rider  12. Officer,10. Horse Rider  12. Officer,10. Horse Rider  12. Officer
609,data/facet/images/imgs_2/sa_9098907.jpg,Horse Rider,10,9,1,Middle,10,5 8 10,8 10,5 8 10 20,5 8 10 20,The best answer is 10. Horse Rider.,5. Farmer  8. Gymnast  10. Horse Rider,8. Gymnast  10. Horse Rider,5. Farmer  8. Gymnast  10. Horse Rider  20. Tennis Player,5. Farmer  8. Gymnast  10. Horse Rider  20. Tennis Player
108,data/facet/images/imgs_3/sa_2909458.jpg,Horse Rider,10,9,1,Middle,10,8 10 12,10,8 10,8 10 12,The best answer is 10. Horse Rider.,8. Gymnast  10. Horse Rider  12. Officer,10. Horse Rider,8. Gymnast  10. Horse Rider,8. Gymnast  10. Horse Rider  12. Officer
109,data/facet/images/imgs_2/sa_8900331.jpg,Horse Rider,10,9,0,Younger,12,6 10 12,10 12,10 12,12,The best answer is 10. Horse Rider.,6. Guard  10. Horse Rider  12. Officer,10. Horse Rider  12. Officer,10. Horse Rider  12. Officer,12. Officer
120,data/facet/images/imgs_2/sa_9633190.jpg,Horse Rider,10,9,0,Younger,10,5 10 12,10,5 10 12 16,10,The best answer is 10. Horse Rider.,5. Farmer  10. Horse Rider  12. Officer,10. Horse Rider,5. Farmer  10. Horse Rider  12. Officer  16. Salesperson,10. Horse Rider
658,data/facet/images/imgs_3/sa_2475279.jpg,Horse Rider,10,9,1,Middle,10,5 10 12,10,10,3 5 10 12,The best answer is 10. Horse Rider.,5. Farmer  10. Horse Rider  12. Officer,10. Horse Rider,10. Horse Rider,3. Computer User  5. Farmer  10. Horse Rider  12. Officer
277,data/facet/images/imgs_2/sa_8873296.jpg,Horse Rider,10,9,1,Middle,10,6 10 11,10,6 10,6 10 11,The best answer is 10. Horse Rider.,6. Guard  10. Horse Rider  11. Laborer,10. Horse Rider,6. Guard  10. Horse Rider,6. Guard  10. Horse Rider  11. Laborer
631,data/facet/images/imgs_2/sa_9902594.jpg,Horse Rider,10,9,3,Unknown,10,1 5 10,1 5 10 11 12,1 5 10 12,1 5 10 12,The best answer is 10. Horse Rider.,1. Backpacker  5. Farmer  10. Horse Rider,1. Backpacker  5. Farmer  10. Horse Rider  11. Laborer  12. Officer,1. Backpacker  5. Farmer  10. Horse Rider  12. Officer,1. Backpacker  5. Farmer  10. Horse Rider  12. Officer
623,data/facet/images/imgs_3/sa_1847269.jpg,Horse Rider,10,9,3,Unknown,10,10 16 20,10 11 12 16 20,10 12 16 20,10 12 16 20,The best answer is 10. Horse Rider.,10. Horse Rider  16. Salesperson  20. Tennis Player,10. Horse Rider  11. Laborer  12. Officer  16. Salesperson  20. Tennis Player,10. Horse Rider  12. Officer  16. Salesperson  20. Tennis Player,10. Horse Rider  12. Officer  16. Salesperson  20. Tennis Player
223,data/facet/images/imgs_3/sa_2221677.jpg,Horse Rider,10,9,1,Middle,10,2 10 16,2 10 16,2 10 12 16,2 10 12 16,The best answer is 10. Horse Rider.,2. Boatman  10. Horse Rider  16. Salesperson,2. Boatman  10. Horse Rider  16. Salesperson,2. Boatman  10. Horse Rider  12. Officer  16. Salesperson,2. Boatman  10. Horse Rider  12. Officer  16. Salesperson
225,data/facet/images/imgs_2/sa_8683371.jpg,Horse Rider,10,9,0,Younger,6,6 10 13,6,6 10,6,The best answer is 10. Horse Rider.,6. Guard  10. Horse Rider  13. Motorcyclist,6. Guard,6. Guard  10. Horse Rider,6. Guard
213,data/facet/images/imgs_3/sa_11080933.jpg,Horse Rider,10,9,1,Middle,10,8 10 12,10,10,10,The best answer is 10. Horse Rider.,8. Gymnast  10. Horse Rider  12. Officer,10. Horse Rider,10. Horse Rider,10. Horse Rider
1214,data/facet/images/imgs_3/sa_10943334.jpg,Horse Rider,10,9,1,Middle,6,6 12 13,6 10 12 13,6 10 12 13,6 10 12 13,The best answer is 10. Horse Rider.,6. Guard  12. Officer  13. Motorcyclist,6. Guard  10. Horse Rider  12. Officer  13. Motorcyclist,6. Guard  10. Horse Rider  12. Officer  13. Motorcyclist,6. Guard  10. Horse Rider  12. Officer  13. Motorcyclist
564,data/facet/images/imgs_3/sa_10253956.jpg,Horse Rider,10,9,3,Unknown,10,5 10 12,10 12,5 10 12,5 10 12,The best answer is 10. Horse Rider.,5. Farmer  10. Horse Rider  12. Officer,10. Horse Rider  12. Officer,5. Farmer  10. Horse Rider  12. Officer,5. Farmer  10. Horse Rider  12. Officer
916,data/facet/images/imgs_3/sa_1021959.jpg,Horse Rider,10,9,3,Unknown,6,6 10 12,6,6,6,The best answer is 10. Horse Rider.,6. Guard  10. Horse Rider  12. Officer,6. Guard,6. Guard,6. Guard
927,data/facet/images/imgs_3/sa_2738362.jpg,Horse Rider,10,9,3,Unknown,10,8 10 12,8 10 12 20,8 10 12 20,8 10 12 20,The best answer is 10. Horse Rider.,8. Gymnast  10. Horse Rider  12. Officer,8. Gymnast  10. Horse Rider  12. Officer  20. Tennis Player,8. Gymnast  10. Horse Rider  12. Officer  20. Tennis Player,8. Gymnast  10. Horse Rider  12. Officer  20. Tennis Player
406,data/facet/images/imgs_3/sa_1550111.jpg,Horse Rider,10,9,0,Younger,10,3 8 10,8 10,3 8 10,8 10,The best answer is 10. Horse Rider.,3. Computer User  8. Gymnast  10. Horse Rider,8. Gymnast  10. Horse Rider,3. Computer User  8. Gymnast  10. Horse Rider,8. Gymnast  10. Horse Rider
943,data/facet/images/imgs_3/sa_105696.jpg,Horse Rider,10,9,1,Middle,10,8 10 12,10,10,8 10,The best answer is 10. Horse Rider.,8. Gymnast  10. Horse Rider  12. Officer,10. Horse Rider,10. Horse Rider,8. Gymnast  10. Horse Rider
979,data/facet/images/imgs_3/sa_2147738.jpg,Horse Rider,10,9,3,Unknown,10,8 10 20,8 10,8 10 20,8 10,The best answer is 10. Horse Rider.,8. Gymnast  10. Horse Rider  20. Tennis Player,8. Gymnast  10. Horse Rider,8. Gymnast  10. Horse Rider  20. Tennis Player,8. Gymnast  10. Horse Rider
539,data/facet/images/imgs_3/sa_1095272.jpg,Horse Rider,10,9,1,Middle,10,5 10 12,10,5 10 12,5 8 10 12,The best answer is 10. Horse Rider.,5. Farmer  10. Horse Rider  12. Officer,10. Horse Rider,5. Farmer  10. Horse Rider  12. Officer,5. Farmer  8. Gymnast  10. Horse Rider  12. Officer
1187,data/facet/images/imgs_3/sa_11083403.jpg,Horse Rider,10,9,1,Middle,10,6 10 12,10,10,6 10 12,The best answer is 10. Horse Rider.,6. Guard  10. Horse Rider  12. Officer,10. Horse Rider,10. Horse Rider,6. Guard  10. Horse Rider  12. Officer
1191,data/facet/images/imgs_3/sa_10714222.jpg,Horse Rider,10,9,1,Middle,6,6 10 12,6 10,6 10,6 10 12,The best answer is 10. Horse Rider.,6. Guard  10. Horse Rider  12. Officer,6. Guard  10. Horse Rider,6. Guard  10. Horse Rider,6. Guard  10. Horse Rider  12. Officer
1324,data/facet/images/imgs_3/sa_10412331.jpg,Horse Rider,10,9,3,Unknown,10,4 8 10,10,10,10,The best answer is 10. Horse Rider.,4. Craftsman  8. Gymnast  10. Horse Rider,10. Horse Rider,10. Horse Rider,10. Horse Rider
1366,data/facet/images/imgs_3/sa_10958651.jpg,Horse Rider,10,9,1,Middle,10,8 10 20,8 10,8 10,8 10 20,The best answer is 10. Horse Rider.,8. Gymnast  10. Horse Rider  20. Tennis Player,8. Gymnast  10. Horse Rider,8. Gymnast  10. Horse Rider,8. Gymnast  10. Horse Rider  20. Tennis Player
1368,data/facet/images/imgs_3/sa_115869.jpg,Horse Rider,10,9,1,Middle,10,8 10 12,10,8 10,8 10 12,The best answer is 10. Horse Rider.,8. Gymnast  10. Horse Rider  12. Officer,10. Horse Rider,8. Gymnast  10. Horse Rider,8. Gymnast  10. Horse Rider  12. Officer
362,data/facet/images/imgs_3/sa_10421235.jpg,Horse Rider,10,9,1,Middle,10,8 10 12,10,10,10,The best answer is 10. Horse Rider.,8. Gymnast  10. Horse Rider  12. Officer,10. Horse Rider,10. Horse Rider,10. Horse Rider
1126,data/facet/images/imgs_3/sa_2587557.jpg,Horse Rider,10,9,1,Middle,6,6 10 12,6,6,6 10,The best answer is 10. Horse Rider.,6. Guard  10. Horse Rider  12. Officer,6. Guard,6. Guard,6. Guard  10. Horse Rider
1128,data/facet/images/imgs_3/sa_2340054.jpg,Horse Rider,10,9,1,Middle,10,6 10 12,10,10 12,10 12,The best answer is 10. Horse Rider.,6. Guard  10. Horse Rider  12. Officer,10. Horse Rider,10. Horse Rider  12. Officer,10. Horse Rider  12. Officer
1129,data/facet/images/imgs_3/sa_1149979.jpg,Horse Rider,10,9,1,Middle,10,8 10 12,8 10,8 10 12,5 8 10 12,The best answer is 10. Horse Rider.,8. Gymnast  10. Horse Rider  12. Officer,8. Gymnast  10. Horse Rider,8. Gymnast  10. Horse Rider  12. Officer,5. Farmer  8. Gymnast  10. Horse Rider  12. Officer
729,data/facet/images/imgs_2/sa_8841565.jpg,Horse Rider,10,9,1,Middle,10,6 10 16,6 10,6 10 14 16,6 10 14 16,The best answer is 10. Horse Rider.,6. Guard  10. Horse Rider  16. Salesperson,6. Guard  10. Horse Rider,6. Guard  10. Horse Rider  14. Painter  16. Salesperson,6. Guard  10. Horse Rider  14. Painter  16. Salesperson
95,data/facet/images/imgs_3/sa_2334483.jpg,Horse Rider,10,9,0,Younger,10,5 8 10,10,5 8 10,10,The best answer is 10. Horse Rider.,5. Farmer  8. Gymnast  10. Horse Rider,10. Horse Rider,5. Farmer  8. Gymnast  10. Horse Rider,10. Horse Rider
1356,data/facet/images/imgs_2/sa_2382348.jpg,Laborer,11,10,3,Unknown,11,5 11 16,5 11,5 11 16,5 11 16,The best answer is 11. Laborer.,5. Farmer  11. Laborer  16. Salesperson,5. Farmer  11. Laborer,5. Farmer  11. Laborer  16. Salesperson,5. Farmer  11. Laborer  16. Salesperson
759,data/facet/images/imgs_2/sa_2026108.jpg,Laborer,11,10,1,Middle,15,6 11 15,11 15,11 15,6 11 15,The best answer is 11. Laborer.,6. Guard  11. Laborer  15. Repairman,11. Laborer  15. Repairman,11. Laborer  15. Repairman,6. Guard  11. Laborer  15. Repairman
1399,data/facet/images/imgs_2/sa_353187.jpg,Laborer,11,10,1,Middle,16,11 15 16,11 16,11 16,3 11 15 16,The best answer is 11. Laborer.,11. Laborer  15. Repairman  16. Salesperson,11. Laborer  16. Salesperson,11. Laborer  16. Salesperson,3. Computer User  11. Laborer  15. Repairman  16. Salesperson
1392,data/facet/images/imgs_2/sa_394808.jpg,Laborer,11,10,1,Middle,11,11 15 16,11 15 16,11 15 16,1 11 15 16,The best answer is 11. Laborer.,11. Laborer  15. Repairman  16. Salesperson,11. Laborer  15. Repairman  16. Salesperson,11. Laborer  15. Repairman  16. Salesperson,1. Backpacker  11. Laborer  15. Repairman  16. Salesperson
1107,data/facet/images/imgs_2/sa_1574246.jpg,Laborer,11,10,1,Middle,11,6 11 15,11 15,6 11 15,6 11 15,The best answer is 11. Laborer.,6. Guard  11. Laborer  15. Repairman,11. Laborer  15. Repairman,6. Guard  11. Laborer  15. Repairman,6. Guard  11. Laborer  15. Repairman
796,data/facet/images/imgs_2/sa_1945061.jpg,Laborer,11,10,0,Younger,11,11 14 16,4 5 6 11 14 15 16,4 11 14 16,4 11 14 16,The best answer is 11. Laborer.,11. Laborer  14. Painter  16. Salesperson,4. Craftsman  5. Farmer  6. Guard  11. Laborer  14. Painter  15. Repairman  16. Salesperson,4. Craftsman  11. Laborer  14. Painter  16. Salesperson,4. Craftsman  11. Laborer  14. Painter  16. Salesperson
1265,data/facet/images/imgs_2/sa_1527823.jpg,Laborer,11,10,1,Middle,15,11 14 15,11 15,11 15,11 14 15,The best answer is 11. Laborer.,11. Laborer  14. Painter  15. Repairman,11. Laborer  15. Repairman,11. Laborer  15. Repairman,11. Laborer  14. Painter  15. Repairman
1041,data/facet/images/imgs_2/sa_2238008.jpg,Laborer,11,10,1,Middle,11,5 11 15,5 11 15,5 11 15 16,5 11 15 16,The best answer is 11. Laborer.,5. Farmer  11. Laborer  15. Repairman,5. Farmer  11. Laborer  15. Repairman,5. Farmer  11. Laborer  15. Repairman  16. Salesperson,5. Farmer  11. Laborer  15. Repairman  16. Salesperson
519,data/facet/images/imgs_2/sa_3812683.jpg,Laborer,11,10,1,Middle,11,5 11 16,5 11,5 11 16,5 11 15 16,The best answer is 11. Laborer.,5. Farmer  11. Laborer  16. Salesperson,5. Farmer  11. Laborer,5. Farmer  11. Laborer  16. Salesperson,5. Farmer  11. Laborer  15. Repairman  16. Salesperson
1135,data/facet/images/imgs_2/sa_2400450.jpg,Laborer,11,10,1,Middle,11,5 11 15,5 11 15 16,5 11 15 16,5 11 15 16,The best answer is 11. Laborer.,5. Farmer  11. Laborer  15. Repairman,5. Farmer  11. Laborer  15. Repairman  16. Salesperson,5. Farmer  11. Laborer  15. Repairman  16. Salesperson,5. Farmer  11. Laborer  15. Repairman  16. Salesperson
565,data/facet/images/imgs_2/sa_3868349.jpg,Laborer,11,10,2,Older,14,2 11 14,1 2 11 14 15,1 2 11 14,1 2 11 14 15,The best answer is 11. Laborer.,2. Boatman  11. Laborer  14. Painter,1. Backpacker  2. Boatman  11. Laborer  14. Painter  15. Repairman,1. Backpacker  2. Boatman  11. Laborer  14. Painter,1. Backpacker  2. Boatman  11. Laborer  14. Painter  15. Repairman
176,data/facet/images/imgs_2/sa_39843.jpg,Laborer,11,10,3,Unknown,11,2 5 11,2 5 11,2 5 11,2 5 11,The best answer is 11. Laborer.,2. Boatman  5. Farmer  11. Laborer,2. Boatman  5. Farmer  11. Laborer,2. Boatman  5. Farmer  11. Laborer,2. Boatman  5. Farmer  11. Laborer
918,data/facet/images/imgs_2/sa_2802310.jpg,Laborer,11,10,3,Unknown,11,11 14 15,11 15,4 11 14 15,11 14 15,The best answer is 11. Laborer.,11. Laborer  14. Painter  15. Repairman,11. Laborer  15. Repairman,4. Craftsman  11. Laborer  14. Painter  15. Repairman,11. Laborer  14. Painter  15. Repairman
397,data/facet/images/imgs_2/sa_4455870.jpg,Laborer,11,10,3,Unknown,5,4 5 11,5 11,5 11,5 11,The best answer is 11. Laborer.,4. Craftsman  5. Farmer  11. Laborer,5. Farmer  11. Laborer,5. Farmer  11. Laborer,5. Farmer  11. Laborer
221,data/facet/images/imgs_2/sa_3815717.jpg,Laborer,11,10,1,Middle,11,6 11 16,6 11 16,6 11 15 16,6 11 15 16,The best answer is 11. Laborer.,6. Guard  11. Laborer  16. Salesperson,6. Guard  11. Laborer  16. Salesperson,6. Guard  11. Laborer  15. Repairman  16. Salesperson,6. Guard  11. Laborer  15. Repairman  16. Salesperson
206,data/facet/images/imgs_2/sa_28852.jpg,Laborer,11,10,1,Middle,5,5 11 16,5 11,5 11 16,5 11 16,The best answer is 11. Laborer.,5. Farmer  11. Laborer  16. Salesperson,5. Farmer  11. Laborer,5. Farmer  11. Laborer  16. Salesperson,5. Farmer  11. Laborer  16. Salesperson
207,data/facet/images/imgs_2/sa_235931.jpg,Laborer,11,10,1,Middle,11,4 11 15,11,11,11 15,The best answer is 11. Laborer.,4. Craftsman  11. Laborer  15. Repairman,11. Laborer,11. Laborer,11. Laborer  15. Repairman
264,data/facet/images/imgs_2/sa_2717534.jpg,Laborer,11,10,0,Younger,19,16 17 19,11 16 17 19,11 16 17 19,16 17 19,The best answer is 11. Laborer.,16. Salesperson  17. Singer  19. Speaker,11. Laborer  16. Salesperson  17. Singer  19. Speaker,11. Laborer  16. Salesperson  17. Singer  19. Speaker,16. Salesperson  17. Singer  19. Speaker
635,data/facet/images/imgs_2/sa_3142888.jpg,Laborer,11,10,3,Unknown,11,5 11 16,5 11 16,4 5 11 16,4 5 11 16,The best answer is 11. Laborer.,5. Farmer  11. Laborer  16. Salesperson,5. Farmer  11. Laborer  16. Salesperson,4. Craftsman  5. Farmer  11. Laborer  16. Salesperson,4. Craftsman  5. Farmer  11. Laborer  16. Salesperson
641,data/facet/images/imgs_2/sa_4371623.jpg,Laborer,11,10,1,Middle,11,4 5 11,5 11,4 5 11,4 5 11 16,The best answer is 11. Laborer.,4. Craftsman  5. Farmer  11. Laborer,5. Farmer  11. Laborer,4. Craftsman  5. Farmer  11. Laborer,4. Craftsman  5. Farmer  11. Laborer  16. Salesperson
164,data/facet/images/imgs_2/sa_2994984.jpg,Laborer,11,10,1,Middle,16,1 11 16,11 16,1 4 11 16,1 4 11 16,The best answer is 11. Laborer.,1. Backpacker  11. Laborer  16. Salesperson,11. Laborer  16. Salesperson,1. Backpacker  4. Craftsman  11. Laborer  16. Salesperson,1. Backpacker  4. Craftsman  11. Laborer  16. Salesperson
657,data/facet/images/imgs_2/sa_1541033.jpg,Laborer,11,10,0,Younger,11,11 15 16,11 15 16,5 11 15 16,11 16,The best answer is 11. Laborer.,11. Laborer  15. Repairman  16. Salesperson,11. Laborer  15. Repairman  16. Salesperson,5. Farmer  11. Laborer  15. Repairman  16. Salesperson,11. Laborer  16. Salesperson
694,data/facet/images/imgs_2/sa_162887.jpg,Laborer,11,10,3,Unknown,15,11 14 15,11 15,11 15,11 15,The best answer is 11. Laborer.,11. Laborer  14. Painter  15. Repairman,11. Laborer  15. Repairman,11. Laborer  15. Repairman,11. Laborer  15. Repairman
844,data/facet/images/imgs_2/sa_3448816.jpg,Laborer,11,10,1,Middle,5,2 5 11,5 11,5 11,5 11,The best answer is 11. Laborer.,2. Boatman  5. Farmer  11. Laborer,5. Farmer  11. Laborer,5. Farmer  11. Laborer,5. Farmer  11. Laborer
644,data/facet/images/imgs_2/sa_1908321.jpg,Laborer,11,10,1,Middle,11,4 11 15,4 11 15,4 11 15,4 11 15,The best answer is 11. Laborer.,4. Craftsman  11. Laborer  15. Repairman,4. Craftsman  11. Laborer  15. Repairman,4. Craftsman  11. Laborer  15. Repairman,4. Craftsman  11. Laborer  15. Repairman
1076,data/facet/images/imgs_2/sa_4209630.jpg,Laborer,11,10,1,Middle,6,6 11 16,6 11 13 16,6 11 13 16,6 11 13 16,The best answer is 11. Laborer.,6. Guard  11. Laborer  16. Salesperson,6. Guard  11. Laborer  13. Motorcyclist  16. Salesperson,6. Guard  11. Laborer  13. Motorcyclist  16. Salesperson,6. Guard  11. Laborer  13. Motorcyclist  16. Salesperson
615,data/facet/images/imgs_2/sa_3070939.jpg,Laborer,11,10,1,Middle,5,1 5 11,5 11,5 11,1 5 11,The best answer is 11. Laborer.,1. Backpacker  5. Farmer  11. Laborer,5. Farmer  11. Laborer,5. Farmer  11. Laborer,1. Backpacker  5. Farmer  11. Laborer
845,data/facet/images/imgs_2/sa_2790434.jpg,Laborer,11,10,1,Middle,15,11 15 16,11 15,11 15,4 11 15 16,The best answer is 11. Laborer.,11. Laborer  15. Repairman  16. Salesperson,11. Laborer  15. Repairman,11. Laborer  15. Repairman,4. Craftsman  11. Laborer  15. Repairman  16. Salesperson
385,data/facet/images/imgs_2/sa_3766300.jpg,Laborer,11,10,3,Unknown,11,6 11 15,2 6 11 14 15,2 6 11 15,2 6 11 15,The best answer is 11. Laborer.,6. Guard  11. Laborer  15. Repairman,2. Boatman  6. Guard  11. Laborer  14. Painter  15. Repairman,2. Boatman  6. Guard  11. Laborer  15. Repairman,2. Boatman  6. Guard  11. Laborer  15. Repairman
295,data/facet/images/imgs_2/sa_4656869.jpg,Laborer,11,10,3,Unknown,11,11 15 16,11,11,11,The best answer is 11. Laborer.,11. Laborer  15. Repairman  16. Salesperson,11. Laborer,11. Laborer,11. Laborer
591,data/facet/images/imgs_2/sa_222999.jpg,Laborer,11,10,1,Middle,16,6 13 16,6 11 13 15 16 17,6 13 15 16,6 13 15 16,The best answer is 11. Laborer.,6. Guard  13. Motorcyclist  16. Salesperson,6. Guard  11. Laborer  13. Motorcyclist  15. Repairman  16. Salesperson  17. Singer,6. Guard  13. Motorcyclist  15. Repairman  16. Salesperson,6. Guard  13. Motorcyclist  15. Repairman  16. Salesperson
592,data/facet/images/imgs_2/sa_3444655.jpg,Laborer,11,10,1,Middle,5,2 5 11,5 11,5 11,5 11,The best answer is 11. Laborer.,2. Boatman  5. Farmer  11. Laborer,5. Farmer  11. Laborer,5. Farmer  11. Laborer,5. Farmer  11. Laborer
1258,data/facet/images/imgs_2/sa_3598168.jpg,Laborer,11,10,2,Older,11,11 15 16,11,11,2 4 11 15 16,The best answer is 11. Laborer.,11. Laborer  15. Repairman  16. Salesperson,11. Laborer,11. Laborer,2. Boatman  4. Craftsman  11. Laborer  15. Repairman  16. Salesperson
410,data/facet/images/imgs_2/sa_44489.jpg,Laborer,11,10,1,Middle,11,6 11 16,2 6 11 16,2 6 11 16,2 6 11 16,The best answer is 11. Laborer.,6. Guard  11. Laborer  16. Salesperson,2. Boatman  6. Guard  11. Laborer  16. Salesperson,2. Boatman  6. Guard  11. Laborer  16. Salesperson,2. Boatman  6. Guard  11. Laborer  16. Salesperson
58,data/facet/images/imgs_2/sa_1882855.jpg,Laborer,11,10,3,Unknown,11,6 11 14,6 11 14,6 11 14 18,6 11 14 18,The best answer is 11. Laborer.,6. Guard  11. Laborer  14. Painter,6. Guard  11. Laborer  14. Painter,6. Guard  11. Laborer  14. Painter  18. Skateboarder,6. Guard  11. Laborer  14. Painter  18. Skateboarder
60,data/facet/images/imgs_2/sa_2908641.jpg,Laborer,11,10,3,Unknown,11,11 15 16,1 11 15 16,1 11 15 16,1 11 15 16,The best answer is 11. Laborer.,11. Laborer  15. Repairman  16. Salesperson,1. Backpacker  11. Laborer  15. Repairman  16. Salesperson,1. Backpacker  11. Laborer  15. Repairman  16. Salesperson,1. Backpacker  11. Laborer  15. Repairman  16. Salesperson
762,data/facet/images/imgs_2/sa_3494793.jpg,Laborer,11,10,1,Middle,11,4 11 16,4 5 11 16,4 5 11 16,4 5 11 16,The best answer is 11. Laborer.,4. Craftsman  11. Laborer  16. Salesperson,4. Craftsman  5. Farmer  11. Laborer  16. Salesperson,4. Craftsman  5. Farmer  11. Laborer  16. Salesperson,4. Craftsman  5. Farmer  11. Laborer  16. Salesperson
63,data/facet/images/imgs_2/sa_1548143.jpg,Laborer,11,10,1,Middle,6,6 13 16,6 13,6 12 13 16,6 12 13 16,The best answer is 11. Laborer.,6. Guard  13. Motorcyclist  16. Salesperson,6. Guard  13. Motorcyclist,6. Guard  12. Officer  13. Motorcyclist  16. Salesperson,6. Guard  12. Officer  13. Motorcyclist  16. Salesperson
960,data/facet/images/imgs_2/sa_1726300.jpg,Laborer,11,10,1,Middle,11,11 15 16,11,11,11,The best answer is 11. Laborer.,11. Laborer  15. Repairman  16. Salesperson,11. Laborer,11. Laborer,11. Laborer
1181,data/facet/images/imgs_2/sa_4634779.jpg,Laborer,11,10,3,Unknown,11,4 11 16,11,11,11,The best answer is 11. Laborer.,4. Craftsman  11. Laborer  16. Salesperson,11. Laborer,11. Laborer,11. Laborer
831,data/facet/images/imgs_2/sa_1761953.jpg,Laborer,11,10,3,Unknown,11,2 5 11,2 11,2 5 11,2 5 11,The best answer is 11. Laborer.,2. Boatman  5. Farmer  11. Laborer,2. Boatman  11. Laborer,2. Boatman  5. Farmer  11. Laborer,2. Boatman  5. Farmer  11. Laborer
709,data/facet/images/imgs_2/sa_2793299.jpg,Laborer,11,10,3,Unknown,6,5 6 15,5 6 8 11 14 15 16,5 6 11 15,5 6 11 15,The best answer is 11. Laborer.,5. Farmer  6. Guard  15. Repairman,5. Farmer  6. Guard  8. Gymnast  11. Laborer  14. Painter  15. Repairman  16. Salesperson,5. Farmer  6. Guard  11. Laborer  15. Repairman,5. Farmer  6. Guard  11. Laborer  15. Repairman
798,data/facet/images/imgs_2/sa_3465146.jpg,Laborer,11,10,1,Middle,11,1 11 16,11 16,1 5 11 16,1 5 11 16,The best answer is 11. Laborer.,1. Backpacker  11. Laborer  16. Salesperson,11. Laborer  16. Salesperson,1. Backpacker  5. Farmer  11. Laborer  16. Salesperson,1. Backpacker  5. Farmer  11. Laborer  16. Salesperson
820,data/facet/images/imgs_2/sa_1503002.jpg,Laborer,11,10,1,Middle,11,5 11 15,5 11,5 11,5 11,The best answer is 11. Laborer.,5. Farmer  11. Laborer  15. Repairman,5. Farmer  11. Laborer,5. Farmer  11. Laborer,5. Farmer  11. Laborer
829,data/facet/images/imgs_2/sa_4651079.jpg,Laborer,11,10,2,Older,5,5 11 16,5 11,5 11,1 4 5 11 16,The best answer is 11. Laborer.,5. Farmer  11. Laborer  16. Salesperson,5. Farmer  11. Laborer,5. Farmer  11. Laborer,1. Backpacker  4. Craftsman  5. Farmer  11. Laborer  16. Salesperson
1284,data/facet/images/imgs_2/sa_170106.jpg,Laborer,11,10,1,Middle,11,4 11 15,4 11 15,4 11 15,2 4 11 15,The best answer is 11. Laborer.,4. Craftsman  11. Laborer  15. Repairman,4. Craftsman  11. Laborer  15. Repairman,4. Craftsman  11. Laborer  15. Repairman,2. Boatman  4. Craftsman  11. Laborer  15. Repairman
660,data/facet/images/imgs_2/sa_2748626.jpg,Laborer,11,10,1,Middle,11,4 5 11,11,11,4 5 11,The best answer is 11. Laborer.,4. Craftsman  5. Farmer  11. Laborer,11. Laborer,11. Laborer,4. Craftsman  5. Farmer  11. Laborer
1179,data/facet/images/imgs_2/sa_3878072.jpg,Laborer,11,10,1,Middle,11,4 11 15,4 11 15,4 11 14 15,4 11 14 15,The best answer is 11. Laborer.,4. Craftsman  11. Laborer  15. Repairman,4. Craftsman  11. Laborer  15. Repairman,4. Craftsman  11. Laborer  14. Painter  15. Repairman,4. Craftsman  11. Laborer  14. Painter  15. Repairman
30,data/facet/images/imgs_2/sa_2396132.jpg,Laborer,11,10,1,Middle,11,4 11 15,4 11 15,4 11 15,4 5 11 15,The best answer is 11. Laborer.,4. Craftsman  11. Laborer  15. Repairman,4. Craftsman  11. Laborer  15. Repairman,4. Craftsman  11. Laborer  15. Repairman,4. Craftsman  5. Farmer  11. Laborer  15. Repairman
57,data/facet/images/imgs_2/sa_3800437.jpg,Laborer,11,10,1,Middle,11,4 5 11,5 11,5 11,4 5 11 15,The best answer is 11. Laborer.,4. Craftsman  5. Farmer  11. Laborer,5. Farmer  11. Laborer,5. Farmer  11. Laborer,4. Craftsman  5. Farmer  11. Laborer  15. Repairman
1322,data/facet/images/imgs_2/sa_4008484.jpg,Laborer,11,10,1,Middle,2,2 11 16,2 3 11 15 16,2 11 15 16,2 11 15 16,The best answer is 11. Laborer.,2. Boatman  11. Laborer  16. Salesperson,2. Boatman  3. Computer User  11. Laborer  15. Repairman  16. Salesperson,2. Boatman  11. Laborer  15. Repairman  16. Salesperson,2. Boatman  11. Laborer  15. Repairman  16. Salesperson
537,data/facet/images/imgs_2/sa_3256208.jpg,Laborer,11,10,3,Unknown,11,5 11 16,5 11 16,2 5 11 16,2 5 11 16,The best answer is 11. Laborer.,5. Farmer  11. Laborer  16. Salesperson,5. Farmer  11. Laborer  16. Salesperson,2. Boatman  5. Farmer  11. Laborer  16. Salesperson,2. Boatman  5. Farmer  11. Laborer  16. Salesperson
947,data/facet/images/imgs_2/sa_2249784.jpg,Laborer,11,10,1,Middle,11,3 5 11,5 11,5 11,5 11,The best answer is 11. Laborer.,3. Computer User  5. Farmer  11. Laborer,5. Farmer  11. Laborer,5. Farmer  11. Laborer,5. Farmer  11. Laborer
496,data/facet/images/imgs_2/sa_4254566.jpg,Laborer,11,10,1,Middle,14,4 14 15,4 14 15,2 4 14 15,2 4 14 15,The best answer is 11. Laborer.,4. Craftsman  14. Painter  15. Repairman,4. Craftsman  14. Painter  15. Repairman,2. Boatman  4. Craftsman  14. Painter  15. Repairman,2. Boatman  4. Craftsman  14. Painter  15. Repairman
544,data/facet/images/imgs_2/sa_3652543.jpg,Laborer,11,10,0,Younger,11,5 11 16,5 11 16,5 11 16,5 11 16,The best answer is 11. Laborer.,5. Farmer  11. Laborer  16. Salesperson,5. Farmer  11. Laborer  16. Salesperson,5. Farmer  11. Laborer  16. Salesperson,5. Farmer  11. Laborer  16. Salesperson
990,data/facet/images/imgs_2/sa_1442644.jpg,Laborer,11,10,1,Middle,15,11 15 16,1 3 11 15 16,3 11 15 16,3 11 15 16,The best answer is 11. Laborer.,11. Laborer  15. Repairman  16. Salesperson,1. Backpacker  3. Computer User  11. Laborer  15. Repairman  16. Salesperson,3. Computer User  11. Laborer  15. Repairman  16. Salesperson,3. Computer User  11. Laborer  15. Repairman  16. Salesperson
455,data/facet/images/imgs_2/sa_1928754.jpg,Laborer,11,10,0,Younger,4,4 11 14,4 11 14,4 11 14,4 11,The best answer is 11. Laborer.,4. Craftsman  11. Laborer  14. Painter,4. Craftsman  11. Laborer  14. Painter,4. Craftsman  11. Laborer  14. Painter,4. Craftsman  11. Laborer
475,data/facet/images/imgs_2/sa_4130748.jpg,Laborer,11,10,3,Unknown,2,2 11 16,2 16,2 16,2 16,The best answer is 11. Laborer.,2. Boatman  11. Laborer  16. Salesperson,2. Boatman  16. Salesperson,2. Boatman  16. Salesperson,2. Boatman  16. Salesperson
235,data/facet/images/imgs_2/sa_232782.jpg,Laborer,11,10,3,Unknown,11,11 15 16,11 15,11,11 15,The best answer is 11. Laborer.,11. Laborer  15. Repairman  16. Salesperson,11. Laborer  15. Repairman,11. Laborer,11. Laborer  15. Repairman
988,data/facet/images/imgs_2/sa_3808947.jpg,Laborer,11,10,2,Older,11,11 15 16,11 15 16,11 14 15 16,2 11 14 15 16,The best answer is 11. Laborer.,11. Laborer  15. Repairman  16. Salesperson,11. Laborer  15. Repairman  16. Salesperson,11. Laborer  14. Painter  15. Repairman  16. Salesperson,2. Boatman  11. Laborer  14. Painter  15. Repairman  16. Salesperson
1312,data/facet/images/imgs_2/sa_2980737.jpg,Laborer,11,10,1,Middle,5,5 10 11,5 11,5 11,4 5 10 11,The best answer is 11. Laborer.,5. Farmer  10. Horse Rider  11. Laborer,5. Farmer  11. Laborer,5. Farmer  11. Laborer,4. Craftsman  5. Farmer  10. Horse Rider  11. Laborer
713,data/facet/images/imgs_2/sa_185255.jpg,Laborer,11,10,0,Younger,11,4 11 15,4 11 15,3 4 11 15,4 11 15,The best answer is 11. Laborer.,4. Craftsman  11. Laborer  15. Repairman,4. Craftsman  11. Laborer  15. Repairman,3. Computer User  4. Craftsman  11. Laborer  15. Repairman,4. Craftsman  11. Laborer  15. Repairman
789,data/facet/images/imgs_2/sa_2606614.jpg,Laborer,11,10,1,Middle,6,6 11 15,6 11 15,6 11 15 18,6 11 15 18,The best answer is 11. Laborer.,6. Guard  11. Laborer  15. Repairman,6. Guard  11. Laborer  15. Repairman,6. Guard  11. Laborer  15. Repairman  18. Skateboarder,6. Guard  11. Laborer  15. Repairman  18. Skateboarder
807,data/facet/images/imgs_2/sa_4719826.jpg,Laborer,11,10,1,Middle,11,4 11 15,11 15,11 15,11 15,The best answer is 11. Laborer.,4. Craftsman  11. Laborer  15. Repairman,11. Laborer  15. Repairman,11. Laborer  15. Repairman,11. Laborer  15. Repairman
36,data/facet/images/imgs_2/sa_398892.jpg,Laborer,11,10,3,Unknown,11,4 11 15,4 11,4 5 11 15,4 5 11 15,The best answer is 11. Laborer.,4. Craftsman  11. Laborer  15. Repairman,4. Craftsman  11. Laborer,4. Craftsman  5. Farmer  11. Laborer  15. Repairman,4. Craftsman  5. Farmer  11. Laborer  15. Repairman
1120,data/facet/images/imgs_2/sa_2088178.jpg,Laborer,11,10,0,Younger,16,6 11 16,2 4 6 11 16,4 6 11 16,4 6 11 16,The best answer is 11. Laborer.,6. Guard  11. Laborer  16. Salesperson,2. Boatman  4. Craftsman  6. Guard  11. Laborer  16. Salesperson,4. Craftsman  6. Guard  11. Laborer  16. Salesperson,4. Craftsman  6. Guard  11. Laborer  16. Salesperson
327,data/facet/images/imgs_2/sa_4688181.jpg,Laborer,11,10,3,Unknown,13,10 12 13,13,13,13,The best answer is 11. Laborer.,10. Horse Rider  12. Officer  13. Motorcyclist,13. Motorcyclist,13. Motorcyclist,13. Motorcyclist
920,data/facet/images/imgs_1/sa_7225443.jpg,Officer,12,11,1,Middle,6,6 12 13,6 12 13 16,6 12 13 16,6 12 13 16,The best answer is 12. Officer.,6. Guard  12. Officer  13. Motorcyclist,6. Guard  12. Officer  13. Motorcyclist  16. Salesperson,6. Guard  12. Officer  13. Motorcyclist  16. Salesperson,6. Guard  12. Officer  13. Motorcyclist  16. Salesperson
1165,data/facet/images/imgs_1/sa_8187571.jpg,Officer,12,11,1,Middle,6,6 11 18,6 11 12 13 18,6 11 13 18,6 11 13 18,The best answer is 12. Officer.,6. Guard  11. Laborer  18. Skateboarder,6. Guard  11. Laborer  12. Officer  13. Motorcyclist  18. Skateboarder,6. Guard  11. Laborer  13. Motorcyclist  18. Skateboarder,6. Guard  11. Laborer  13. Motorcyclist  18. Skateboarder
1086,data/facet/images/imgs_1/sa_8495505.jpg,Officer,12,11,0,Younger,12,6 10 12,6 10 12,3 6 10 12,10 12,The best answer is 12. Officer.,6. Guard  10. Horse Rider  12. Officer,6. Guard  10. Horse Rider  12. Officer,3. Computer User  6. Guard  10. Horse Rider  12. Officer,10. Horse Rider  12. Officer
1166,data/facet/images/imgs_1/sa_7589152.jpg,Officer,12,11,3,Unknown,6,6 12 16,6 11 12 15 16,6 11 12 16,6 11 12 16,The best answer is 12. Officer.,6. Guard  12. Officer  16. Salesperson,6. Guard  11. Laborer  12. Officer  15. Repairman  16. Salesperson,6. Guard  11. Laborer  12. Officer  16. Salesperson,6. Guard  11. Laborer  12. Officer  16. Salesperson
1095,data/facet/images/imgs_1/sa_8686175.jpg,Officer,12,11,0,Younger,6,6 12 15,3 6 10 11 12 15,6 10 12 15,6 10 12 15,The best answer is 12. Officer.,6. Guard  12. Officer  15. Repairman,3. Computer User  6. Guard  10. Horse Rider  11. Laborer  12. Officer  15. Repairman,6. Guard  10. Horse Rider  12. Officer  15. Repairman,6. Guard  10. Horse Rider  12. Officer  15. Repairman
1025,data/facet/images/imgs_1/sa_7393129.jpg,Officer,12,11,3,Unknown,18,12 13 18,6 12 13 18,6 12 13 18,6 12 13 18,The best answer is 12. Officer.,12. Officer  13. Motorcyclist  18. Skateboarder,6. Guard  12. Officer  13. Motorcyclist  18. Skateboarder,6. Guard  12. Officer  13. Motorcyclist  18. Skateboarder,6. Guard  12. Officer  13. Motorcyclist  18. Skateboarder
244,data/facet/images/imgs_1/sa_8756523.jpg,Officer,12,11,1,Middle,6,6 11 16,6 16,6 11 15 16,6 11 15 16,The best answer is 12. Officer.,6. Guard  11. Laborer  16. Salesperson,6. Guard  16. Salesperson,6. Guard  11. Laborer  15. Repairman  16. Salesperson,6. Guard  11. Laborer  15. Repairman  16. Salesperson
243,data/facet/images/imgs_1/sa_8609732.jpg,Officer,12,11,1,Middle,12,6 12 16,6 11 12 16 18,6 12 16 18,6 12 16 18,The best answer is 12. Officer.,6. Guard  12. Officer  16. Salesperson,6. Guard  11. Laborer  12. Officer  16. Salesperson  18. Skateboarder,6. Guard  12. Officer  16. Salesperson  18. Skateboarder,6. Guard  12. Officer  16. Salesperson  18. Skateboarder
1045,data/facet/images/imgs_1/sa_7771062.jpg,Officer,12,11,1,Middle,12,11 12 13,6 11 12 13,6 11 12 13,6 11 12 13,The best answer is 12. Officer.,11. Laborer  12. Officer  13. Motorcyclist,6. Guard  11. Laborer  12. Officer  13. Motorcyclist,6. Guard  11. Laborer  12. Officer  13. Motorcyclist,6. Guard  11. Laborer  12. Officer  13. Motorcyclist
1056,data/facet/images/imgs_1/sa_8450256.jpg,Officer,12,11,1,Middle,12,6 12 13,3 6 11 12 13 15 16,6 11 12 13,6 11 12 13,The best answer is 12. Officer.,6. Guard  12. Officer  13. Motorcyclist,3. Computer User  6. Guard  11. Laborer  12. Officer  13. Motorcyclist  15. Repairman  16. Salesperson,6. Guard  11. Laborer  12. Officer  13. Motorcyclist,6. Guard  11. Laborer  12. Officer  13. Motorcyclist
1070,data/facet/images/imgs_1/sa_7644428.jpg,Officer,12,11,3,Unknown,6,6 12 16,6 12,3 6 12 16,6 12 16,The best answer is 12. Officer.,6. Guard  12. Officer  16. Salesperson,6. Guard  12. Officer,3. Computer User  6. Guard  12. Officer  16. Salesperson,6. Guard  12. Officer  16. Salesperson
484,data/facet/images/imgs_1/sa_7533533.jpg,Officer,12,11,1,Middle,6,6 12 16,6 12,6 12 16,6 10 12 16,The best answer is 12. Officer.,6. Guard  12. Officer  16. Salesperson,6. Guard  12. Officer,6. Guard  12. Officer  16. Salesperson,6. Guard  10. Horse Rider  12. Officer  16. Salesperson
923,data/facet/images/imgs_1/sa_7555838.jpg,Officer,12,11,3,Unknown,6,6 11 16,6 11 16,6 11 12 16,6 11 12 16,The best answer is 12. Officer.,6. Guard  11. Laborer  16. Salesperson,6. Guard  11. Laborer  16. Salesperson,6. Guard  11. Laborer  12. Officer  16. Salesperson,6. Guard  11. Laborer  12. Officer  16. Salesperson
291,data/facet/images/imgs_1/sa_7642410.jpg,Officer,12,11,3,Unknown,6,6 11 12,6,6,6,The best answer is 12. Officer.,6. Guard  11. Laborer  12. Officer,6. Guard,6. Guard,6. Guard
465,data/facet/images/imgs_1/sa_8569057.jpg,Officer,12,11,1,Middle,13,6 12 13,6 11 12 13,6 11 12 13,6 11 12 13,The best answer is 12. Officer.,6. Guard  12. Officer  13. Motorcyclist,6. Guard  11. Laborer  12. Officer  13. Motorcyclist,6. Guard  11. Laborer  12. Officer  13. Motorcyclist,6. Guard  11. Laborer  12. Officer  13. Motorcyclist
303,data/facet/images/imgs_1/sa_779357.jpg,Officer,12,11,3,Unknown,16,1 6 16,1 6 15 16,1 6 15 16,1 6 15 16,The best answer is 12. Officer.,1. Backpacker  6. Guard  16. Salesperson,1. Backpacker  6. Guard  15. Repairman  16. Salesperson,1. Backpacker  6. Guard  15. Repairman  16. Salesperson,1. Backpacker  6. Guard  15. Repairman  16. Salesperson
466,data/facet/images/imgs_1/sa_8720553.jpg,Officer,12,11,3,Unknown,6,6 12 13,6 12,6 12 13 16,6 12 13 16,The best answer is 12. Officer.,6. Guard  12. Officer  13. Motorcyclist,6. Guard  12. Officer,6. Guard  12. Officer  13. Motorcyclist  16. Salesperson,6. Guard  12. Officer  13. Motorcyclist  16. Salesperson
859,data/facet/images/imgs_1/sa_8328955.jpg,Officer,12,11,1,Middle,6,2 6 12,2 6 12,2 6 12 13,2 6 12 13,The best answer is 12. Officer.,2. Boatman  6. Guard  12. Officer,2. Boatman  6. Guard  12. Officer,2. Boatman  6. Guard  12. Officer  13. Motorcyclist,2. Boatman  6. Guard  12. Officer  13. Motorcyclist
1310,data/facet/images/imgs_1/sa_777513.jpg,Officer,12,11,3,Unknown,6,6 15 16,6 15 16,6 13 15 16,6 13 15 16,The best answer is 12. Officer.,6. Guard  15. Repairman  16. Salesperson,6. Guard  15. Repairman  16. Salesperson,6. Guard  13. Motorcyclist  15. Repairman  16. Salesperson,6. Guard  13. Motorcyclist  15. Repairman  16. Salesperson
1311,data/facet/images/imgs_1/sa_7230902.jpg,Officer,12,11,1,Middle,6,6 15 16,6,6,6,The best answer is 12. Officer.,6. Guard  15. Repairman  16. Salesperson,6. Guard,6. Guard,6. Guard
633,data/facet/images/imgs_1/sa_8878683.jpg,Officer,12,11,1,Middle,15,11 15 16,11 15 16,5 11 15 16,5 11 15 16,The best answer is 12. Officer.,11. Laborer  15. Repairman  16. Salesperson,11. Laborer  15. Repairman  16. Salesperson,5. Farmer  11. Laborer  15. Repairman  16. Salesperson,5. Farmer  11. Laborer  15. Repairman  16. Salesperson
150,data/facet/images/imgs_1/sa_9197172.jpg,Officer,12,11,1,Middle,6,6 12 13,6 12,6 12 13 16,6 12 13 16,The best answer is 12. Officer.,6. Guard  12. Officer  13. Motorcyclist,6. Guard  12. Officer,6. Guard  12. Officer  13. Motorcyclist  16. Salesperson,6. Guard  12. Officer  13. Motorcyclist  16. Salesperson
143,data/facet/images/imgs_1/sa_9054611.jpg,Officer,12,11,1,Middle,6,6 11 12,6 12,6 11 12 16,6 11 12 16,The best answer is 12. Officer.,6. Guard  11. Laborer  12. Officer,6. Guard  12. Officer,6. Guard  11. Laborer  12. Officer  16. Salesperson,6. Guard  11. Laborer  12. Officer  16. Salesperson
146,data/facet/images/imgs_1/sa_7799041.jpg,Officer,12,11,3,Unknown,16,11 13 16,11 16,6 11 13 16,6 11 13 16,The best answer is 12. Officer.,11. Laborer  13. Motorcyclist  16. Salesperson,11. Laborer  16. Salesperson,6. Guard  11. Laborer  13. Motorcyclist  16. Salesperson,6. Guard  11. Laborer  13. Motorcyclist  16. Salesperson
448,data/facet/images/imgs_1/sa_8805214.jpg,Officer,12,11,1,Middle,12,6 12 13,6 12,3 6 12 13,3 6 12 13,The best answer is 12. Officer.,6. Guard  12. Officer  13. Motorcyclist,6. Guard  12. Officer,3. Computer User  6. Guard  12. Officer  13. Motorcyclist,3. Computer User  6. Guard  12. Officer  13. Motorcyclist
438,data/facet/images/imgs_1/sa_9146399.jpg,Officer,12,11,1,Middle,12,6 12 13,6 10 12 13,6 10 12 13,6 10 12 13,The best answer is 12. Officer.,6. Guard  12. Officer  13. Motorcyclist,6. Guard  10. Horse Rider  12. Officer  13. Motorcyclist,6. Guard  10. Horse Rider  12. Officer  13. Motorcyclist,6. Guard  10. Horse Rider  12. Officer  13. Motorcyclist
1164,data/facet/images/imgs_1/sa_8205139.jpg,Officer,12,11,1,Middle,6,6 12 13,6 12 13,6 12 13 16,6 12 13 16,The best answer is 12. Officer.,6. Guard  12. Officer  13. Motorcyclist,6. Guard  12. Officer  13. Motorcyclist,6. Guard  12. Officer  13. Motorcyclist  16. Salesperson,6. Guard  12. Officer  13. Motorcyclist  16. Salesperson
1119,data/facet/images/imgs_1/sa_8227105.jpg,Officer,12,11,1,Middle,6,6 12 15,6 12,6 12 15,6 12 15 16,The best answer is 12. Officer.,6. Guard  12. Officer  15. Repairman,6. Guard  12. Officer,6. Guard  12. Officer  15. Repairman,6. Guard  12. Officer  15. Repairman  16. Salesperson
639,data/facet/images/imgs_1/sa_8386852.jpg,Officer,12,11,1,Middle,6,6 9 12,6 12,6 9 12,6 9 10 12,The best answer is 12. Officer.,6. Guard  9. Hairdresser  12. Officer,6. Guard  12. Officer,6. Guard  9. Hairdresser  12. Officer,6. Guard  9. Hairdresser  10. Horse Rider  12. Officer
292,data/facet/images/imgs_1/sa_7770461.jpg,Officer,12,11,0,Younger,12,6 11 12,6 12,6 12,6 12,The best answer is 12. Officer.,6. Guard  11. Laborer  12. Officer,6. Guard  12. Officer,6. Guard  12. Officer,6. Guard  12. Officer
431,data/facet/images/imgs_1/sa_8339686.jpg,Officer,12,11,1,Middle,6,6 11 16,6 10 11 13 15 16,6 11 15 16,6 11 15 16,The best answer is 12. Officer.,6. Guard  11. Laborer  16. Salesperson,6. Guard  10. Horse Rider  11. Laborer  13. Motorcyclist  15. Repairman  16. Salesperson,6. Guard  11. Laborer  15. Repairman  16. Salesperson,6. Guard  11. Laborer  15. Repairman  16. Salesperson
290,data/facet/images/imgs_1/sa_7824492.jpg,Officer,12,11,3,Unknown,6,6 10 16,6 16,6 10 16,6 10 16,The best answer is 12. Officer.,6. Guard  10. Horse Rider  16. Salesperson,6. Guard  16. Salesperson,6. Guard  10. Horse Rider  16. Salesperson,6. Guard  10. Horse Rider  16. Salesperson
268,data/facet/images/imgs_1/sa_7525142.jpg,Officer,12,11,1,Middle,6,6 11 12,6 11 12,6 11 12 15,6 11 12 15,The best answer is 12. Officer.,6. Guard  11. Laborer  12. Officer,6. Guard  11. Laborer  12. Officer,6. Guard  11. Laborer  12. Officer  15. Repairman,6. Guard  11. Laborer  12. Officer  15. Repairman
1027,data/facet/images/imgs_1/sa_7990914.jpg,Officer,12,11,1,Middle,6,6 11 12,6,6 12,6 12,The best answer is 12. Officer.,6. Guard  11. Laborer  12. Officer,6. Guard,6. Guard  12. Officer,6. Guard  12. Officer
862,data/facet/images/imgs_1/sa_7772062.jpg,Officer,12,11,1,Middle,12,6 11 12,6 11 12,6 11 12 15,6 11 12 15,The best answer is 12. Officer.,6. Guard  11. Laborer  12. Officer,6. Guard  11. Laborer  12. Officer,6. Guard  11. Laborer  12. Officer  15. Repairman,6. Guard  11. Laborer  12. Officer  15. Repairman
1032,data/facet/images/imgs_1/sa_748898.jpg,Officer,12,11,3,Unknown,6,6 12 13,6 12,6 12 13,6 12,The best answer is 12. Officer.,6. Guard  12. Officer  13. Motorcyclist,6. Guard  12. Officer,6. Guard  12. Officer  13. Motorcyclist,6. Guard  12. Officer
754,data/facet/images/imgs_1/sa_7395865.jpg,Officer,12,11,3,Unknown,12,6 12 16,6 12 16,6 11 12 16,6 11 12 16,The best answer is 12. Officer.,6. Guard  12. Officer  16. Salesperson,6. Guard  12. Officer  16. Salesperson,6. Guard  11. Laborer  12. Officer  16. Salesperson,6. Guard  11. Laborer  12. Officer  16. Salesperson
1261,data/facet/images/imgs_1/sa_8240546.jpg,Officer,12,11,1,Middle,16,6 11 16,6 11 12 15 16,6 11 12 16,6 11 12 16,The best answer is 12. Officer.,6. Guard  11. Laborer  16. Salesperson,6. Guard  11. Laborer  12. Officer  15. Repairman  16. Salesperson,6. Guard  11. Laborer  12. Officer  16. Salesperson,6. Guard  11. Laborer  12. Officer  16. Salesperson
16,data/facet/images/imgs_1/sa_7846708.jpg,Officer,12,11,1,Middle,12,6 12 15,6 12 15 16,6 12 15 16,6 12 15 16,The best answer is 12. Officer.,6. Guard  12. Officer  15. Repairman,6. Guard  12. Officer  15. Repairman  16. Salesperson,6. Guard  12. Officer  15. Repairman  16. Salesperson,6. Guard  12. Officer  15. Repairman  16. Salesperson
719,data/facet/images/imgs_1/sa_7580408.jpg,Officer,12,11,0,Younger,6,6 12 13,6 12 13,6 12 13 18,6 13,The best answer is 12. Officer.,6. Guard  12. Officer  13. Motorcyclist,6. Guard  12. Officer  13. Motorcyclist,6. Guard  12. Officer  13. Motorcyclist  18. Skateboarder,6. Guard  13. Motorcyclist
718,data/facet/images/imgs_1/sa_7801051.jpg,Officer,12,11,0,Younger,12,2 6 12,2 6 12 13,2 6 12 13,2 6 12 13,The best answer is 12. Officer.,2. Boatman  6. Guard  12. Officer,2. Boatman  6. Guard  12. Officer  13. Motorcyclist,2. Boatman  6. Guard  12. Officer  13. Motorcyclist,2. Boatman  6. Guard  12. Officer  13. Motorcyclist
59,data/facet/images/imgs_1/sa_7571610.jpg,Officer,12,11,1,Middle,6,6 11 12,6 11 12,6 11 12 16,6 11 12 16,The best answer is 12. Officer.,6. Guard  11. Laborer  12. Officer,6. Guard  11. Laborer  12. Officer,6. Guard  11. Laborer  12. Officer  16. Salesperson,6. Guard  11. Laborer  12. Officer  16. Salesperson
734,data/facet/images/imgs_1/sa_8047049.jpg,Officer,12,11,1,Middle,6,6 12 15,6 12,6 12,6 8 12 15,The best answer is 12. Officer.,6. Guard  12. Officer  15. Repairman,6. Guard  12. Officer,6. Guard  12. Officer,6. Guard  8. Gymnast  12. Officer  15. Repairman
1325,data/facet/images/imgs_1/sa_7659295.jpg,Officer,12,11,1,Middle,6,6 12 13,6 12 13,6 12 13 19,6 12 13 19,The best answer is 12. Officer.,6. Guard  12. Officer  13. Motorcyclist,6. Guard  12. Officer  13. Motorcyclist,6. Guard  12. Officer  13. Motorcyclist  19. Speaker,6. Guard  12. Officer  13. Motorcyclist  19. Speaker
1344,data/facet/images/imgs_1/sa_7197001.jpg,Officer,12,11,2,Older,6,6 15 16,6,6 16,4 6 15 16,The best answer is 12. Officer.,6. Guard  15. Repairman  16. Salesperson,6. Guard,6. Guard  16. Salesperson,4. Craftsman  6. Guard  15. Repairman  16. Salesperson
666,data/facet/images/imgs_1/sa_8914669.jpg,Officer,12,11,1,Middle,6,6 12 15,6,6 12,6 12 15,The best answer is 12. Officer.,6. Guard  12. Officer  15. Repairman,6. Guard,6. Guard  12. Officer,6. Guard  12. Officer  15. Repairman
751,data/facet/images/imgs_1/sa_7500813.jpg,Officer,12,11,1,Middle,6,6 11 16,6 16,3 6 11 16,3 6 11 16,The best answer is 12. Officer.,6. Guard  11. Laborer  16. Salesperson,6. Guard  16. Salesperson,3. Computer User  6. Guard  11. Laborer  16. Salesperson,3. Computer User  6. Guard  11. Laborer  16. Salesperson
749,data/facet/images/imgs_1/sa_8075463.jpg,Officer,12,11,2,Older,12,6 12 15,6 11 12 13 15,6 11 12 15,6 11 12 13 15,The best answer is 12. Officer.,6. Guard  12. Officer  15. Repairman,6. Guard  11. Laborer  12. Officer  13. Motorcyclist  15. Repairman,6. Guard  11. Laborer  12. Officer  15. Repairman,6. Guard  11. Laborer  12. Officer  13. Motorcyclist  15. Repairman
901,data/facet/images/imgs_1/sa_8557413.jpg,Officer,12,11,3,Unknown,6,6 12 13,6 11 12 13,6 11 12 13,6 11 12 13,The best answer is 12. Officer.,6. Guard  12. Officer  13. Motorcyclist,6. Guard  11. Laborer  12. Officer  13. Motorcyclist,6. Guard  11. Laborer  12. Officer  13. Motorcyclist,6. Guard  11. Laborer  12. Officer  13. Motorcyclist
1391,data/facet/images/imgs_1/sa_7470507.jpg,Officer,12,11,1,Middle,16,6 12 16,6 16,2 6 12 16,2 6 12 16,The best answer is 12. Officer.,6. Guard  12. Officer  16. Salesperson,6. Guard  16. Salesperson,2. Boatman  6. Guard  12. Officer  16. Salesperson,2. Boatman  6. Guard  12. Officer  16. Salesperson
1203,data/facet/images/imgs_1/sa_8511625.jpg,Officer,12,11,1,Middle,6,6 11 12,6 11,2 6 11 12,2 6 11 12,The best answer is 12. Officer.,6. Guard  11. Laborer  12. Officer,6. Guard  11. Laborer,2. Boatman  6. Guard  11. Laborer  12. Officer,2. Boatman  6. Guard  11. Laborer  12. Officer
740,data/facet/images/imgs_1/sa_8906687.jpg,Officer,12,11,3,Unknown,12,6 10 12,6 10 12 13,6 10 12 13,6 10 12 13,The best answer is 12. Officer.,6. Guard  10. Horse Rider  12. Officer,6. Guard  10. Horse Rider  12. Officer  13. Motorcyclist,6. Guard  10. Horse Rider  12. Officer  13. Motorcyclist,6. Guard  10. Horse Rider  12. Officer  13. Motorcyclist
1373,data/facet/images/imgs_1/sa_7400053.jpg,Officer,12,11,1,Middle,6,6 9 12,6 9 10 12 15 16,6 9 12 16,6 9 12 16,The best answer is 12. Officer.,6. Guard  9. Hairdresser  12. Officer,6. Guard  9. Hairdresser  10. Horse Rider  12. Officer  15. Repairman  16. Salesperson,6. Guard  9. Hairdresser  12. Officer  16. Salesperson,6. Guard  9. Hairdresser  12. Officer  16. Salesperson
45,data/facet/images/imgs_1/sa_8960142.jpg,Officer,12,11,1,Middle,12,6 12 13,6 12 13,6 10 12 13,6 10 12 13,The best answer is 12. Officer.,6. Guard  12. Officer  13. Motorcyclist,6. Guard  12. Officer  13. Motorcyclist,6. Guard  10. Horse Rider  12. Officer  13. Motorcyclist,6. Guard  10. Horse Rider  12. Officer  13. Motorcyclist
811,data/facet/images/imgs_1/sa_7341376.jpg,Officer,12,11,1,Middle,6,6 11 15,6 10 11 15,6 10 11 15,6 10 11 15,The best answer is 12. Officer.,6. Guard  11. Laborer  15. Repairman,6. Guard  10. Horse Rider  11. Laborer  15. Repairman,6. Guard  10. Horse Rider  11. Laborer  15. Repairman,6. Guard  10. Horse Rider  11. Laborer  15. Repairman
576,data/facet/images/imgs_1/sa_721209.jpg,Officer,12,11,1,Middle,6,6 12 15,6,6 12 15,6 12 13 15,The best answer is 12. Officer.,6. Guard  12. Officer  15. Repairman,6. Guard,6. Guard  12. Officer  15. Repairman,6. Guard  12. Officer  13. Motorcyclist  15. Repairman
348,data/facet/images/imgs_1/sa_8874057.jpg,Officer,12,11,0,Younger,16,6 11 16,6 11 12 13 16,6 11 12 16,6 11 12 16,The best answer is 12. Officer.,6. Guard  11. Laborer  16. Salesperson,6. Guard  11. Laborer  12. Officer  13. Motorcyclist  16. Salesperson,6. Guard  11. Laborer  12. Officer  16. Salesperson,6. Guard  11. Laborer  12. Officer  16. Salesperson
683,data/facet/images/imgs_1/sa_883835.jpg,Officer,12,11,3,Unknown,6,6 12 13,6 12 13 16,6 12 13 16,6 12 13 16,The best answer is 12. Officer.,6. Guard  12. Officer  13. Motorcyclist,6. Guard  12. Officer  13. Motorcyclist  16. Salesperson,6. Guard  12. Officer  13. Motorcyclist  16. Salesperson,6. Guard  12. Officer  13. Motorcyclist  16. Salesperson
309,data/facet/images/imgs_1/sa_8077411.jpg,Officer,12,11,1,Middle,6,6 12 13,6 13,6 12 13 16,6 12 13 16,The best answer is 12. Officer.,6. Guard  12. Officer  13. Motorcyclist,6. Guard  13. Motorcyclist,6. Guard  12. Officer  13. Motorcyclist  16. Salesperson,6. Guard  12. Officer  13. Motorcyclist  16. Salesperson
322,data/facet/images/imgs_1/sa_7258065.jpg,Officer,12,11,2,Older,6,6 12 13,6 11 12 13,6 11 12 13,4 6 11 12 13,The best answer is 12. Officer.,6. Guard  12. Officer  13. Motorcyclist,6. Guard  11. Laborer  12. Officer  13. Motorcyclist,6. Guard  11. Laborer  12. Officer  13. Motorcyclist,4. Craftsman  6. Guard  11. Laborer  12. Officer  13. Motorcyclist
83,data/facet/images/imgs_1/sa_8945996.jpg,Officer,12,11,1,Middle,6,6 12 13,6 10 12 13,6 10 12 13,6 10 12 13,The best answer is 12. Officer.,6. Guard  12. Officer  13. Motorcyclist,6. Guard  10. Horse Rider  12. Officer  13. Motorcyclist,6. Guard  10. Horse Rider  12. Officer  13. Motorcyclist,6. Guard  10. Horse Rider  12. Officer  13. Motorcyclist
817,data/facet/images/imgs_1/sa_8006860.jpg,Officer,12,11,1,Middle,14,6 14 18,6 12 13 14 18,6 13 14 18,6 13 14 18,The best answer is 12. Officer.,6. Guard  14. Painter  18. Skateboarder,6. Guard  12. Officer  13. Motorcyclist  14. Painter  18. Skateboarder,6. Guard  13. Motorcyclist  14. Painter  18. Skateboarder,6. Guard  13. Motorcyclist  14. Painter  18. Skateboarder
129,data/facet/images/imgs_1/sa_7289906.jpg,Officer,12,11,1,Middle,12,6 11 12,6 12,6 11 12 13,6 11 12 13,The best answer is 12. Officer.,6. Guard  11. Laborer  12. Officer,6. Guard  12. Officer,6. Guard  11. Laborer  12. Officer  13. Motorcyclist,6. Guard  11. Laborer  12. Officer  13. Motorcyclist
821,data/facet/images/imgs_1/sa_7148891.jpg,Officer,12,11,3,Unknown,6,6 12 13,6 11 12 13,6 11 12 13,6 11 12 13,The best answer is 12. Officer.,6. Guard  12. Officer  13. Motorcyclist,6. Guard  11. Laborer  12. Officer  13. Motorcyclist,6. Guard  11. Laborer  12. Officer  13. Motorcyclist,6. Guard  11. Laborer  12. Officer  13. Motorcyclist
15,data/facet/images/imgs_1/sa_8808941.jpg,Officer,12,11,1,Middle,6,6 15 16,6 12 13 15 16,6 13 15 16,6 13 15 16,The best answer is 12. Officer.,6. Guard  15. Repairman  16. Salesperson,6. Guard  12. Officer  13. Motorcyclist  15. Repairman  16. Salesperson,6. Guard  13. Motorcyclist  15. Repairman  16. Salesperson,6. Guard  13. Motorcyclist  15. Repairman  16. Salesperson
822,data/facet/images/imgs_1/sa_7671653.jpg,Officer,12,11,1,Middle,6,6 12 15,3 6 12 15,3 6 12 15,3 6 12 15,The best answer is 12. Officer.,6. Guard  12. Officer  15. Repairman,3. Computer User  6. Guard  12. Officer  15. Repairman,3. Computer User  6. Guard  12. Officer  15. Repairman,3. Computer User  6. Guard  12. Officer  15. Repairman
321,data/facet/images/imgs_1/sa_7283771.jpg,Officer,12,11,1,Middle,12,6 12 13,3 6 11 12 13 15,6 11 12 13,6 11 12 13,The best answer is 12. Officer.,6. Guard  12. Officer  13. Motorcyclist,3. Computer User  6. Guard  11. Laborer  12. Officer  13. Motorcyclist  15. Repairman,6. Guard  11. Laborer  12. Officer  13. Motorcyclist,6. Guard  11. Laborer  12. Officer  13. Motorcyclist
205,data/facet/images/imgs_2/sa_516079.jpg,Motorcyclist,13,12,1,Middle,13,6 12 13,13,12 13,12 13,The best answer is 13. Motorcyclist.,6. Guard  12. Officer  13. Motorcyclist,13. Motorcyclist,12. Officer  13. Motorcyclist,12. Officer  13. Motorcyclist
192,data/facet/images/imgs_2/sa_3244464.jpg,Motorcyclist,13,12,1,Middle,13,9 12 13,13,13,13,The best answer is 13. Motorcyclist.,9. Hairdresser  12. Officer  13. Motorcyclist,13. Motorcyclist,13. Motorcyclist,13. Motorcyclist
1222,data/facet/images/imgs_2/sa_2834129.jpg,Motorcyclist,13,12,3,Unknown,13,6 13 16,13 16,6 13 15 16,6 13 15 16,The best answer is 13. Motorcyclist.,6. Guard  13. Motorcyclist  16. Salesperson,13. Motorcyclist  16. Salesperson,6. Guard  13. Motorcyclist  15. Repairman  16. Salesperson,6. Guard  13. Motorcyclist  15. Repairman  16. Salesperson
1396,data/facet/images/imgs_2/sa_3710690.jpg,Motorcyclist,13,12,3,Unknown,13,11 13 16,1 11 13 16,1 11 13 16,1 11 13 16,The best answer is 13. Motorcyclist.,11. Laborer  13. Motorcyclist  16. Salesperson,1. Backpacker  11. Laborer  13. Motorcyclist  16. Salesperson,1. Backpacker  11. Laborer  13. Motorcyclist  16. Salesperson,1. Backpacker  11. Laborer  13. Motorcyclist  16. Salesperson
938,data/facet/images/imgs_2/sa_3473539.jpg,Motorcyclist,13,12,3,Unknown,13,11 13 16,11 13 16,5 11 13 16,5 11 13 16,The best answer is 13. Motorcyclist.,11. Laborer  13. Motorcyclist  16. Salesperson,11. Laborer  13. Motorcyclist  16. Salesperson,5. Farmer  11. Laborer  13. Motorcyclist  16. Salesperson,5. Farmer  11. Laborer  13. Motorcyclist  16. Salesperson
935,data/facet/images/imgs_2/sa_6022628.jpg,Motorcyclist,13,12,3,Unknown,13,11 13 16,13,13,13,The best answer is 13. Motorcyclist.,11. Laborer  13. Motorcyclist  16. Salesperson,13. Motorcyclist,13. Motorcyclist,13. Motorcyclist
184,data/facet/images/imgs_2/sa_602634.jpg,Motorcyclist,13,12,1,Middle,13,11 12 13,13,13,11 13,The best answer is 13. Motorcyclist.,11. Laborer  12. Officer  13. Motorcyclist,13. Motorcyclist,13. Motorcyclist,11. Laborer  13. Motorcyclist
553,data/facet/images/imgs_2/sa_4343977.jpg,Motorcyclist,13,12,0,Younger,2,2 11 16,2,2 16,2,The best answer is 13. Motorcyclist.,2. Boatman  11. Laborer  16. Salesperson,2. Boatman,2. Boatman  16. Salesperson,2. Boatman
1254,data/facet/images/imgs_2/sa_3010575.jpg,Motorcyclist,13,12,3,Unknown,16,2 13 16,2 13 16,2 11 13 16,2 11 13 16,The best answer is 13. Motorcyclist.,2. Boatman  13. Motorcyclist  16. Salesperson,2. Boatman  13. Motorcyclist  16. Salesperson,2. Boatman  11. Laborer  13. Motorcyclist  16. Salesperson,2. Boatman  11. Laborer  13. Motorcyclist  16. Salesperson
77,data/facet/images/imgs_2/sa_4444166.jpg,Motorcyclist,13,12,1,Middle,13,11 13 16,13,11 13 16,11 13 16,The best answer is 13. Motorcyclist.,11. Laborer  13. Motorcyclist  16. Salesperson,13. Motorcyclist,11. Laborer  13. Motorcyclist  16. Salesperson,11. Laborer  13. Motorcyclist  16. Salesperson
1379,data/facet/images/imgs_2/sa_5159384.jpg,Motorcyclist,13,12,2,Older,13,4 12 13,13,12 13,4 10 12 13 15,The best answer is 13. Motorcyclist.,4. Craftsman  12. Officer  13. Motorcyclist,13. Motorcyclist,12. Officer  13. Motorcyclist,4. Craftsman  10. Horse Rider  12. Officer  13. Motorcyclist  15. Repairman
2,data/facet/images/imgs_2/sa_6054135.jpg,Motorcyclist,13,12,3,Unknown,13,11 13 16,13,13 16,13 16,The best answer is 13. Motorcyclist.,11. Laborer  13. Motorcyclist  16. Salesperson,13. Motorcyclist,13. Motorcyclist  16. Salesperson,13. Motorcyclist  16. Salesperson
1389,data/facet/images/imgs_2/sa_3772037.jpg,Motorcyclist,13,12,3,Unknown,13,4 10 13,13,13,13,The best answer is 13. Motorcyclist.,4. Craftsman  10. Horse Rider  13. Motorcyclist,13. Motorcyclist,13. Motorcyclist,13. Motorcyclist
1380,data/facet/images/imgs_2/sa_3140999.jpg,Motorcyclist,13,12,1,Middle,13,11 13 16,11 13 16,1 11 13 16,1 11 13 16,The best answer is 13. Motorcyclist.,11. Laborer  13. Motorcyclist  16. Salesperson,11. Laborer  13. Motorcyclist  16. Salesperson,1. Backpacker  11. Laborer  13. Motorcyclist  16. Salesperson,1. Backpacker  11. Laborer  13. Motorcyclist  16. Salesperson
67,data/facet/images/imgs_2/sa_310260.jpg,Motorcyclist,13,12,0,Younger,13,2 13 18,2 13,2 13 18,13,The best answer is 13. Motorcyclist.,2. Boatman  13. Motorcyclist  18. Skateboarder,2. Boatman  13. Motorcyclist,2. Boatman  13. Motorcyclist  18. Skateboarder,13. Motorcyclist
774,data/facet/images/imgs_2/sa_4685283.jpg,Motorcyclist,13,12,1,Middle,13,9 13 16,13,13,13,The best answer is 13. Motorcyclist.,9. Hairdresser  13. Motorcyclist  16. Salesperson,13. Motorcyclist,13. Motorcyclist,13. Motorcyclist
14,data/facet/images/imgs_2/sa_6098223.jpg,Motorcyclist,13,12,1,Middle,13,6 11 13,13,2 6 11 13,2 6 11 13,The best answer is 13. Motorcyclist.,6. Guard  11. Laborer  13. Motorcyclist,13. Motorcyclist,2. Boatman  6. Guard  11. Laborer  13. Motorcyclist,2. Boatman  6. Guard  11. Laborer  13. Motorcyclist
37,data/facet/images/imgs_2/sa_4300835.jpg,Motorcyclist,13,12,1,Middle,13,11 13 16,13,13,13,The best answer is 13. Motorcyclist.,11. Laborer  13. Motorcyclist  16. Salesperson,13. Motorcyclist,13. Motorcyclist,13. Motorcyclist
358,data/facet/images/imgs_2/sa_3882172.jpg,Motorcyclist,13,12,3,Unknown,13,6 11 13,6 11 13,6 11 13 16,6 11 13,The best answer is 13. Motorcyclist.,6. Guard  11. Laborer  13. Motorcyclist,6. Guard  11. Laborer  13. Motorcyclist,6. Guard  11. Laborer  13. Motorcyclist  16. Salesperson,6. Guard  11. Laborer  13. Motorcyclist
119,data/facet/images/imgs_2/sa_3043860.jpg,Motorcyclist,13,12,3,Unknown,13,10 12 13,13,13,13,The best answer is 13. Motorcyclist.,10. Horse Rider  12. Officer  13. Motorcyclist,13. Motorcyclist,13. Motorcyclist,13. Motorcyclist
124,data/facet/images/imgs_2/sa_4032984.jpg,Motorcyclist,13,12,3,Unknown,13,4 10 13,13,13,13,The best answer is 13. Motorcyclist.,4. Craftsman  10. Horse Rider  13. Motorcyclist,13. Motorcyclist,13. Motorcyclist,13. Motorcyclist
1350,data/facet/images/imgs_2/sa_5255340.jpg,Motorcyclist,13,12,3,Unknown,12,6 12 13,6 12 13,3 6 12 13,3 6 12 13,The best answer is 13. Motorcyclist.,6. Guard  12. Officer  13. Motorcyclist,6. Guard  12. Officer  13. Motorcyclist,3. Computer User  6. Guard  12. Officer  13. Motorcyclist,3. Computer User  6. Guard  12. Officer  13. Motorcyclist
445,data/facet/images/imgs_2/sa_4708710.jpg,Motorcyclist,13,12,3,Unknown,11,5 11 16,11 16,11 16,11 16,The best answer is 13. Motorcyclist.,5. Farmer  11. Laborer  16. Salesperson,11. Laborer  16. Salesperson,11. Laborer  16. Salesperson,11. Laborer  16. Salesperson
1303,data/facet/images/imgs_2/sa_455969.jpg,Motorcyclist,13,12,3,Unknown,1,1 2 11,1 2 11 13 16,1 2 11 13,1 2 11 13,The best answer is 13. Motorcyclist.,1. Backpacker  2. Boatman  11. Laborer,1. Backpacker  2. Boatman  11. Laborer  13. Motorcyclist  16. Salesperson,1. Backpacker  2. Boatman  11. Laborer  13. Motorcyclist,1. Backpacker  2. Boatman  11. Laborer  13. Motorcyclist
963,data/facet/images/imgs_2/sa_3076440.jpg,Motorcyclist,13,12,0,Younger,13,13 15 16,13 15,9 13 15 16,13,The best answer is 13. Motorcyclist.,13. Motorcyclist  15. Repairman  16. Salesperson,13. Motorcyclist  15. Repairman,9. Hairdresser  13. Motorcyclist  15. Repairman  16. Salesperson,13. Motorcyclist
521,data/facet/images/imgs_2/sa_3230375.jpg,Motorcyclist,13,12,1,Middle,13,3 9 13,13,13,13,The best answer is 13. Motorcyclist.,3. Computer User  9. Hairdresser  13. Motorcyclist,13. Motorcyclist,13. Motorcyclist,13. Motorcyclist
203,data/facet/images/imgs_2/sa_3944183.jpg,Motorcyclist,13,12,0,Younger,13,6 13 16,6 13 16,6 13 15 16,13 16,The best answer is 13. Motorcyclist.,6. Guard  13. Motorcyclist  16. Salesperson,6. Guard  13. Motorcyclist  16. Salesperson,6. Guard  13. Motorcyclist  15. Repairman  16. Salesperson,13. Motorcyclist  16. Salesperson
265,data/facet/images/imgs_2/sa_3402203.jpg,Motorcyclist,13,12,1,Middle,4,4 13 15,4 6 11 13 15 17,4 6 13 15,4 6 13 15,The best answer is 13. Motorcyclist.,4. Craftsman  13. Motorcyclist  15. Repairman,4. Craftsman  6. Guard  11. Laborer  13. Motorcyclist  15. Repairman  17. Singer,4. Craftsman  6. Guard  13. Motorcyclist  15. Repairman,4. Craftsman  6. Guard  13. Motorcyclist  15. Repairman
274,data/facet/images/imgs_2/sa_4955743.jpg,Motorcyclist,13,12,0,Younger,16,11 13 16,11 13 16,11 13 16,13 16,The best answer is 13. Motorcyclist.,11. Laborer  13. Motorcyclist  16. Salesperson,11. Laborer  13. Motorcyclist  16. Salesperson,11. Laborer  13. Motorcyclist  16. Salesperson,13. Motorcyclist  16. Salesperson
296,data/facet/images/imgs_2/sa_5147952.jpg,Motorcyclist,13,12,0,Younger,11,1 11 13,1 11 12 13 15 16,1 11 13 16,1 11 13 16,The best answer is 13. Motorcyclist.,1. Backpacker  11. Laborer  13. Motorcyclist,1. Backpacker  11. Laborer  12. Officer  13. Motorcyclist  15. Repairman  16. Salesperson,1. Backpacker  11. Laborer  13. Motorcyclist  16. Salesperson,1. Backpacker  11. Laborer  13. Motorcyclist  16. Salesperson
441,data/facet/images/imgs_2/sa_3863672.jpg,Motorcyclist,13,12,3,Unknown,13,10 12 13,13,13,13,The best answer is 13. Motorcyclist.,10. Horse Rider  12. Officer  13. Motorcyclist,13. Motorcyclist,13. Motorcyclist,13. Motorcyclist
447,data/facet/images/imgs_2/sa_4928897.jpg,Motorcyclist,13,12,0,Younger,13,11 13 16,1 11 13 16,1 11 13 16,11 13 16,The best answer is 13. Motorcyclist.,11. Laborer  13. Motorcyclist  16. Salesperson,1. Backpacker  11. Laborer  13. Motorcyclist  16. Salesperson,1. Backpacker  11. Laborer  13. Motorcyclist  16. Salesperson,11. Laborer  13. Motorcyclist  16. Salesperson
625,data/facet/images/imgs_2/sa_5828688.jpg,Motorcyclist,13,12,3,Unknown,13,3 13 16,13,13,13,The best answer is 13. Motorcyclist.,3. Computer User  13. Motorcyclist  16. Salesperson,13. Motorcyclist,13. Motorcyclist,13. Motorcyclist
415,data/facet/images/imgs_2/sa_4613363.jpg,Motorcyclist,13,12,0,Younger,5,5 11 13,1 2 5 11 13 16,2 5 11 13,2 5 11 13,The best answer is 13. Motorcyclist.,5. Farmer  11. Laborer  13. Motorcyclist,1. Backpacker  2. Boatman  5. Farmer  11. Laborer  13. Motorcyclist  16. Salesperson,2. Boatman  5. Farmer  11. Laborer  13. Motorcyclist,2. Boatman  5. Farmer  11. Laborer  13. Motorcyclist
1319,data/facet/images/imgs_2/sa_4024928.jpg,Motorcyclist,13,12,1,Middle,6,6 12 13,6 12,6 11 12 13,6 11 12 13,The best answer is 13. Motorcyclist.,6. Guard  12. Officer  13. Motorcyclist,6. Guard  12. Officer,6. Guard  11. Laborer  12. Officer  13. Motorcyclist,6. Guard  11. Laborer  12. Officer  13. Motorcyclist
428,data/facet/images/imgs_2/sa_3690689.jpg,Motorcyclist,13,12,3,Unknown,13,4 13 16,13,13,13,The best answer is 13. Motorcyclist.,4. Craftsman  13. Motorcyclist  16. Salesperson,13. Motorcyclist,13. Motorcyclist,13. Motorcyclist
384,data/facet/images/imgs_2/sa_599096.jpg,Motorcyclist,13,12,1,Middle,13,11 13 16,13,13,13,The best answer is 13. Motorcyclist.,11. Laborer  13. Motorcyclist  16. Salesperson,13. Motorcyclist,13. Motorcyclist,13. Motorcyclist
165,data/facet/images/imgs_2/sa_4045945.jpg,Motorcyclist,13,12,1,Middle,2,1 2 13,1 2 13,1 2 13 19,1 2 13 19,The best answer is 13. Motorcyclist.,1. Backpacker  2. Boatman  13. Motorcyclist,1. Backpacker  2. Boatman  13. Motorcyclist,1. Backpacker  2. Boatman  13. Motorcyclist  19. Speaker,1. Backpacker  2. Boatman  13. Motorcyclist  19. Speaker
1233,data/facet/images/imgs_2/sa_5887247.jpg,Motorcyclist,13,12,3,Unknown,13,13 15 18,13,13,13,The best answer is 13. Motorcyclist.,13. Motorcyclist  15. Repairman  18. Skateboarder,13. Motorcyclist,13. Motorcyclist,13. Motorcyclist
1241,data/facet/images/imgs_2/sa_5000250.jpg,Motorcyclist,13,12,1,Middle,13,10 13 18,13,13,13,The best answer is 13. Motorcyclist.,10. Horse Rider  13. Motorcyclist  18. Skateboarder,13. Motorcyclist,13. Motorcyclist,13. Motorcyclist
1235,data/facet/images/imgs_2/sa_5252017.jpg,Motorcyclist,13,12,1,Middle,13,1 11 13,13,13,13,The best answer is 13. Motorcyclist.,1. Backpacker  11. Laborer  13. Motorcyclist,13. Motorcyclist,13. Motorcyclist,13. Motorcyclist
1245,data/facet/images/imgs_2/sa_324023.jpg,Motorcyclist,13,12,3,Unknown,16,11 13 16,11 13 16,5 11 13 16,5 11 13 16,The best answer is 13. Motorcyclist.,11. Laborer  13. Motorcyclist  16. Salesperson,11. Laborer  13. Motorcyclist  16. Salesperson,5. Farmer  11. Laborer  13. Motorcyclist  16. Salesperson,5. Farmer  11. Laborer  13. Motorcyclist  16. Salesperson
1038,data/facet/images/imgs_2/sa_2868806.jpg,Motorcyclist,13,12,3,Unknown,16,6 13 16,1 6 11 13 16 18,1 6 13 16,1 6 13 16,The best answer is 13. Motorcyclist.,6. Guard  13. Motorcyclist  16. Salesperson,1. Backpacker  6. Guard  11. Laborer  13. Motorcyclist  16. Salesperson  18. Skateboarder,1. Backpacker  6. Guard  13. Motorcyclist  16. Salesperson,1. Backpacker  6. Guard  13. Motorcyclist  16. Salesperson
649,data/facet/images/imgs_2/sa_4633394.jpg,Motorcyclist,13,12,1,Middle,13,3 13 18,13,13,13,The best answer is 13. Motorcyclist.,3. Computer User  13. Motorcyclist  18. Skateboarder,13. Motorcyclist,13. Motorcyclist,13. Motorcyclist
648,data/facet/images/imgs_2/sa_2939441.jpg,Motorcyclist,13,12,1,Middle,13,6 10 13,13,6 10 13,6 10 11 13,The best answer is 13. Motorcyclist.,6. Guard  10. Horse Rider  13. Motorcyclist,13. Motorcyclist,6. Guard  10. Horse Rider  13. Motorcyclist,6. Guard  10. Horse Rider  11. Laborer  13. Motorcyclist
574,data/facet/images/imgs_2/sa_3176772.jpg,Motorcyclist,13,12,1,Middle,13,11 13 16,1 2 5 11 13 16,1 11 13 16,1 11 13 16,The best answer is 13. Motorcyclist.,11. Laborer  13. Motorcyclist  16. Salesperson,1. Backpacker  2. Boatman  5. Farmer  11. Laborer  13. Motorcyclist  16. Salesperson,1. Backpacker  11. Laborer  13. Motorcyclist  16. Salesperson,1. Backpacker  11. Laborer  13. Motorcyclist  16. Salesperson
685,data/facet/images/imgs_2/sa_4877495.jpg,Motorcyclist,13,12,1,Middle,16,13 15 16,13 16,6 13 15 16,6 13 15 16,The best answer is 13. Motorcyclist.,13. Motorcyclist  15. Repairman  16. Salesperson,13. Motorcyclist  16. Salesperson,6. Guard  13. Motorcyclist  15. Repairman  16. Salesperson,6. Guard  13. Motorcyclist  15. Repairman  16. Salesperson
823,data/facet/images/imgs_2/sa_5355937.jpg,Motorcyclist,13,12,1,Middle,13,13 15 16,6 13 15 16,6 13 15 16,6 13 15 16,The best answer is 13. Motorcyclist.,13. Motorcyclist  15. Repairman  16. Salesperson,6. Guard  13. Motorcyclist  15. Repairman  16. Salesperson,6. Guard  13. Motorcyclist  15. Repairman  16. Salesperson,6. Guard  13. Motorcyclist  15. Repairman  16. Salesperson
825,data/facet/images/imgs_2/sa_5592993.jpg,Motorcyclist,13,12,1,Middle,16,11 13 16,11 13 16,11 13 15 16,11 13 15 16,The best answer is 13. Motorcyclist.,11. Laborer  13. Motorcyclist  16. Salesperson,11. Laborer  13. Motorcyclist  16. Salesperson,11. Laborer  13. Motorcyclist  15. Repairman  16. Salesperson,11. Laborer  13. Motorcyclist  15. Repairman  16. Salesperson
812,data/facet/images/imgs_2/sa_4008109.jpg,Motorcyclist,13,12,1,Middle,13,4 13 16,13 16,4 11 13 16,4 11 13 16,The best answer is 13. Motorcyclist.,4. Craftsman  13. Motorcyclist  16. Salesperson,13. Motorcyclist  16. Salesperson,4. Craftsman  11. Laborer  13. Motorcyclist  16. Salesperson,4. Craftsman  11. Laborer  13. Motorcyclist  16. Salesperson
357,data/facet/images/imgs_2/sa_417158.jpg,Motorcyclist,13,12,1,Middle,13,11 13 16,13,11 13 16,6 11 13 16,The best answer is 13. Motorcyclist.,11. Laborer  13. Motorcyclist  16. Salesperson,13. Motorcyclist,11. Laborer  13. Motorcyclist  16. Salesperson,6. Guard  11. Laborer  13. Motorcyclist  16. Salesperson
1077,data/facet/images/imgs_2/sa_5563203.jpg,Motorcyclist,13,12,1,Middle,13,11 13 16,13,13,13,The best answer is 13. Motorcyclist.,11. Laborer  13. Motorcyclist  16. Salesperson,13. Motorcyclist,13. Motorcyclist,13. Motorcyclist
1288,data/facet/images/imgs_2/sa_3462450.jpg,Motorcyclist,13,12,3,Unknown,13,11 13 15,6 11 13 15 16,11 13 15 16,11 13 15 16,The best answer is 13. Motorcyclist.,11. Laborer  13. Motorcyclist  15. Repairman,6. Guard  11. Laborer  13. Motorcyclist  15. Repairman  16. Salesperson,11. Laborer  13. Motorcyclist  15. Repairman  16. Salesperson,11. Laborer  13. Motorcyclist  15. Repairman  16. Salesperson
879,data/facet/images/imgs_2/sa_4639383.jpg,Motorcyclist,13,12,3,Unknown,13,11 12 13,13,13,13,The best answer is 13. Motorcyclist.,11. Laborer  12. Officer  13. Motorcyclist,13. Motorcyclist,13. Motorcyclist,13. Motorcyclist
1364,data/facet/images/imgs_2/sa_5575586.jpg,Motorcyclist,13,12,1,Middle,13,5 13 16,5 11 13 16,5 11 13 16,5 11 13 16,The best answer is 13. Motorcyclist.,5. Farmer  13. Motorcyclist  16. Salesperson,5. Farmer  11. Laborer  13. Motorcyclist  16. Salesperson,5. Farmer  11. Laborer  13. Motorcyclist  16. Salesperson,5. Farmer  11. Laborer  13. Motorcyclist  16. Salesperson
1355,data/facet/images/imgs_2/sa_4829079.jpg,Motorcyclist,13,12,3,Unknown,13,11 13 16,13,13,13,The best answer is 13. Motorcyclist.,11. Laborer  13. Motorcyclist  16. Salesperson,13. Motorcyclist,13. Motorcyclist,13. Motorcyclist
898,data/facet/images/imgs_2/sa_6054664.jpg,Motorcyclist,13,12,1,Middle,13,11 13 16,2 11 13 16,2 11 13 16,2 11 13 16,The best answer is 13. Motorcyclist.,11. Laborer  13. Motorcyclist  16. Salesperson,2. Boatman  11. Laborer  13. Motorcyclist  16. Salesperson,2. Boatman  11. Laborer  13. Motorcyclist  16. Salesperson,2. Boatman  11. Laborer  13. Motorcyclist  16. Salesperson
1358,data/facet/images/imgs_2/sa_4629046.jpg,Motorcyclist,13,12,3,Unknown,13,10 13 16,13,13,13,The best answer is 13. Motorcyclist.,10. Horse Rider  13. Motorcyclist  16. Salesperson,13. Motorcyclist,13. Motorcyclist,13. Motorcyclist
899,data/facet/images/imgs_2/sa_2934558.jpg,Motorcyclist,13,12,1,Middle,16,1 11 16,1 6 10 11 16 18 20,1 11 16 20,1 11 16 20,The best answer is 13. Motorcyclist.,1. Backpacker  11. Laborer  16. Salesperson,1. Backpacker  6. Guard  10. Horse Rider  11. Laborer  16. Salesperson  18. Skateboarder  20. Tennis Player,1. Backpacker  11. Laborer  16. Salesperson  20. Tennis Player,1. Backpacker  11. Laborer  16. Salesperson  20. Tennis Player
52,data/facet/images/imgs_2/sa_3915502.jpg,Motorcyclist,13,12,1,Middle,13,11 13 20,13,13,13,The best answer is 13. Motorcyclist.,11. Laborer  13. Motorcyclist  20. Tennis Player,13. Motorcyclist,13. Motorcyclist,13. Motorcyclist
132,data/facet/images/imgs_2/sa_5557200.jpg,Motorcyclist,13,12,0,Younger,2,2 13 18,2 11 13 16 18,2 11 13 18,2 11 13 18,The best answer is 13. Motorcyclist.,2. Boatman  13. Motorcyclist  18. Skateboarder,2. Boatman  11. Laborer  13. Motorcyclist  16. Salesperson  18. Skateboarder,2. Boatman  11. Laborer  13. Motorcyclist  18. Skateboarder,2. Boatman  11. Laborer  13. Motorcyclist  18. Skateboarder
131,data/facet/images/imgs_2/sa_388818.jpg,Motorcyclist,13,12,3,Unknown,13,6 11 13,13,6 11 13,11 13,The best answer is 13. Motorcyclist.,6. Guard  11. Laborer  13. Motorcyclist,13. Motorcyclist,6. Guard  11. Laborer  13. Motorcyclist,11. Laborer  13. Motorcyclist
1055,data/facet/images/imgs_2/sa_6063109.jpg,Motorcyclist,13,12,1,Middle,13,4 12 13,13,13,13,The best answer is 13. Motorcyclist.,4. Craftsman  12. Officer  13. Motorcyclist,13. Motorcyclist,13. Motorcyclist,13. Motorcyclist
330,data/facet/images/imgs_2/sa_4497417.jpg,Motorcyclist,13,12,3,Unknown,13,6 12 13,13,13,13,The best answer is 13. Motorcyclist.,6. Guard  12. Officer  13. Motorcyclist,13. Motorcyclist,13. Motorcyclist,13. Motorcyclist
1101,data/facet/images/imgs_2/sa_5175125.jpg,Motorcyclist,13,12,0,Younger,13,10 13 16,13,13,13,The best answer is 13. Motorcyclist.,10. Horse Rider  13. Motorcyclist  16. Salesperson,13. Motorcyclist,13. Motorcyclist,13. Motorcyclist
68,data/facet/images/imgs_2/sa_3955225.jpg,Motorcyclist,13,12,3,Unknown,13,10 12 13,13,13,13,The best answer is 13. Motorcyclist.,10. Horse Rider  12. Officer  13. Motorcyclist,13. Motorcyclist,13. Motorcyclist,13. Motorcyclist
1053,data/facet/images/imgs_2/sa_405018.jpg,Motorcyclist,13,12,3,Unknown,16,1 11 16,1 11 16,1 6 11 16,1 6 11 16,The best answer is 13. Motorcyclist.,1. Backpacker  11. Laborer  16. Salesperson,1. Backpacker  11. Laborer  16. Salesperson,1. Backpacker  6. Guard  11. Laborer  16. Salesperson,1. Backpacker  6. Guard  11. Laborer  16. Salesperson
652,data/facet/images/imgs_2/sa_425761.jpg,Painter,14,13,3,Unknown,14,14 15 16,14 16,14 16,14 16,The best answer is 14. Painter.,14. Painter  15. Repairman  16. Salesperson,14. Painter  16. Salesperson,14. Painter  16. Salesperson,14. Painter  16. Salesperson
401,data/facet/images/imgs_2/sa_671005.jpg,Painter,14,13,0,Younger,16,11 14 16,11 14 16,4 11 14 16,14 16,The best answer is 14. Painter.,11. Laborer  14. Painter  16. Salesperson,11. Laborer  14. Painter  16. Salesperson,4. Craftsman  11. Laborer  14. Painter  16. Salesperson,14. Painter  16. Salesperson
711,data/facet/images/imgs_2/sa_5686522.jpg,Painter,14,13,3,Unknown,14,11 14 15,1 2 11 14 15,2 11 14 15,2 11 14 15,The best answer is 14. Painter.,11. Laborer  14. Painter  15. Repairman,1. Backpacker  2. Boatman  11. Laborer  14. Painter  15. Repairman,2. Boatman  11. Laborer  14. Painter  15. Repairman,2. Boatman  11. Laborer  14. Painter  15. Repairman
802,data/facet/images/imgs_2/sa_5577512.jpg,Painter,14,13,3,Unknown,14,1 11 14,11 14,1 11 14,11 14,The best answer is 14. Painter.,1. Backpacker  11. Laborer  14. Painter,11. Laborer  14. Painter,1. Backpacker  11. Laborer  14. Painter,11. Laborer  14. Painter
1309,data/facet/images/imgs_2/sa_5731601.jpg,Painter,14,13,3,Unknown,14,4 11 14,14,14,14,The best answer is 14. Painter.,4. Craftsman  11. Laborer  14. Painter,14. Painter,14. Painter,14. Painter
98,data/facet/images/imgs_2/sa_4164609.jpg,Painter,14,13,1,Middle,14,11 14 16,4 11 14 16,4 11 14 16,4 11 14 16,The best answer is 14. Painter.,11. Laborer  14. Painter  16. Salesperson,4. Craftsman  11. Laborer  14. Painter  16. Salesperson,4. Craftsman  11. Laborer  14. Painter  16. Salesperson,4. Craftsman  11. Laborer  14. Painter  16. Salesperson
692,data/facet/images/imgs_2/sa_5217098.jpg,Painter,14,13,1,Middle,14,11 14 16,14 16,11 14 16,4 11 14 16,The best answer is 14. Painter.,11. Laborer  14. Painter  16. Salesperson,14. Painter  16. Salesperson,11. Laborer  14. Painter  16. Salesperson,4. Craftsman  11. Laborer  14. Painter  16. Salesperson
92,data/facet/images/imgs_2/sa_6392055.jpg,Painter,14,13,1,Middle,5,4 5 14,2 4 5 11 14,4 5 11 14,4 5 11 14,The best answer is 14. Painter.,4. Craftsman  5. Farmer  14. Painter,2. Boatman  4. Craftsman  5. Farmer  11. Laborer  14. Painter,4. Craftsman  5. Farmer  11. Laborer  14. Painter,4. Craftsman  5. Farmer  11. Laborer  14. Painter
1291,data/facet/images/imgs_2/sa_6816433.jpg,Painter,14,13,1,Middle,11,4 11 14,4 11 14 16,4 11 14 16,4 11 14 16,The best answer is 14. Painter.,4. Craftsman  11. Laborer  14. Painter,4. Craftsman  11. Laborer  14. Painter  16. Salesperson,4. Craftsman  11. Laborer  14. Painter  16. Salesperson,4. Craftsman  11. Laborer  14. Painter  16. Salesperson
313,data/facet/images/imgs_2/sa_6623032.jpg,Painter,14,13,1,Middle,14,9 14 16,14,9 14,9 11 14 16,The best answer is 14. Painter.,9. Hairdresser  14. Painter  16. Salesperson,14. Painter,9. Hairdresser  14. Painter,9. Hairdresser  11. Laborer  14. Painter  16. Salesperson
306,data/facet/images/imgs_2/sa_6392091.jpg,Painter,14,13,1,Middle,14,11 14 16,11 14 16,4 11 14 16,4 11 14 16,The best answer is 14. Painter.,11. Laborer  14. Painter  16. Salesperson,11. Laborer  14. Painter  16. Salesperson,4. Craftsman  11. Laborer  14. Painter  16. Salesperson,4. Craftsman  11. Laborer  14. Painter  16. Salesperson
655,data/facet/images/imgs_2/sa_4516393.jpg,Painter,14,13,1,Middle,14,11 14 16,11 14 16,11 14 16 20,11 14 16 20,The best answer is 14. Painter.,11. Laborer  14. Painter  16. Salesperson,11. Laborer  14. Painter  16. Salesperson,11. Laborer  14. Painter  16. Salesperson  20. Tennis Player,11. Laborer  14. Painter  16. Salesperson  20. Tennis Player
872,data/facet/images/imgs_2/sa_6501876.jpg,Painter,14,13,3,Unknown,16,11 14 16,4 11 14 16,4 11 14 16,4 11 14 16,The best answer is 14. Painter.,11. Laborer  14. Painter  16. Salesperson,4. Craftsman  11. Laborer  14. Painter  16. Salesperson,4. Craftsman  11. Laborer  14. Painter  16. Salesperson,4. Craftsman  11. Laborer  14. Painter  16. Salesperson
706,data/facet/images/imgs_2/sa_6822395.jpg,Painter,14,13,3,Unknown,16,11 14 16,11 14 16,4 11 14 16,4 11 14 16,The best answer is 14. Painter.,11. Laborer  14. Painter  16. Salesperson,11. Laborer  14. Painter  16. Salesperson,4. Craftsman  11. Laborer  14. Painter  16. Salesperson,4. Craftsman  11. Laborer  14. Painter  16. Salesperson
778,data/facet/images/imgs_2/sa_544739.jpg,Painter,14,13,3,Unknown,16,11 14 16,11 14 16,11 14 16,11 14 16,The best answer is 14. Painter.,11. Laborer  14. Painter  16. Salesperson,11. Laborer  14. Painter  16. Salesperson,11. Laborer  14. Painter  16. Salesperson,11. Laborer  14. Painter  16. Salesperson
64,data/facet/images/imgs_2/sa_465154.jpg,Painter,14,13,3,Unknown,3,3 11 15,3 11,3 11,3 11,The best answer is 14. Painter.,3. Computer User  11. Laborer  15. Repairman,3. Computer User  11. Laborer,3. Computer User  11. Laborer,3. Computer User  11. Laborer
0,data/facet/images/imgs_2/sa_6186225.jpg,Painter,14,13,1,Middle,14,4 11 14,14,14,11 14,The best answer is 14. Painter.,4. Craftsman  11. Laborer  14. Painter,14. Painter,14. Painter,11. Laborer  14. Painter
733,data/facet/images/imgs_2/sa_6954490.jpg,Painter,14,13,3,Unknown,14,11 14 16,14,14,14,The best answer is 14. Painter.,11. Laborer  14. Painter  16. Salesperson,14. Painter,14. Painter,14. Painter
752,data/facet/images/imgs_2/sa_7901933.jpg,Painter,14,13,3,Unknown,14,11 12 14,14,11 14,11 14,The best answer is 14. Painter.,11. Laborer  12. Officer  14. Painter,14. Painter,11. Laborer  14. Painter,11. Laborer  14. Painter
1338,data/facet/images/imgs_2/sa_676044.jpg,Painter,14,13,1,Middle,14,4 11 14,14,14,4 11 14,The best answer is 14. Painter.,4. Craftsman  11. Laborer  14. Painter,14. Painter,14. Painter,4. Craftsman  11. Laborer  14. Painter
1315,data/facet/images/imgs_2/sa_5819093.jpg,Painter,14,13,1,Middle,14,11 14 18,11 14,11 14,11 14,The best answer is 14. Painter.,11. Laborer  14. Painter  18. Skateboarder,11. Laborer  14. Painter,11. Laborer  14. Painter,11. Laborer  14. Painter
11,data/facet/images/imgs_2/sa_6135369.jpg,Painter,14,13,1,Middle,14,11 14 18,11 14 18,11 14 15 18,11 14 15 18,The best answer is 14. Painter.,11. Laborer  14. Painter  18. Skateboarder,11. Laborer  14. Painter  18. Skateboarder,11. Laborer  14. Painter  15. Repairman  18. Skateboarder,11. Laborer  14. Painter  15. Repairman  18. Skateboarder
824,data/facet/images/imgs_2/sa_6674522.jpg,Painter,14,13,3,Unknown,14,11 14 16,14,14,14,The best answer is 14. Painter.,11. Laborer  14. Painter  16. Salesperson,14. Painter,14. Painter,14. Painter
341,data/facet/images/imgs_2/sa_803992.jpg,Painter,14,13,0,Younger,2,2 11 14,2 11 14,2 11 14 15,2 11,The best answer is 14. Painter.,2. Boatman  11. Laborer  14. Painter,2. Boatman  11. Laborer  14. Painter,2. Boatman  11. Laborer  14. Painter  15. Repairman,2. Boatman  11. Laborer
353,data/facet/images/imgs_2/sa_4053202.jpg,Painter,14,13,1,Middle,14,4 11 14,11 14,11 14,4 11 14,The best answer is 14. Painter.,4. Craftsman  11. Laborer  14. Painter,11. Laborer  14. Painter,11. Laborer  14. Painter,4. Craftsman  11. Laborer  14. Painter
215,data/facet/images/imgs_2/sa_6395016.jpg,Painter,14,13,1,Middle,11,11 14 15,11 14 15,4 11 14 15,4 11 14 15,The best answer is 14. Painter.,11. Laborer  14. Painter  15. Repairman,11. Laborer  14. Painter  15. Repairman,4. Craftsman  11. Laborer  14. Painter  15. Repairman,4. Craftsman  11. Laborer  14. Painter  15. Repairman
842,data/facet/images/imgs_2/sa_7097677.jpg,Painter,14,13,3,Unknown,16,11 14 16,11 14 16,11 14 16,11 14 16,The best answer is 14. Painter.,11. Laborer  14. Painter  16. Salesperson,11. Laborer  14. Painter  16. Salesperson,11. Laborer  14. Painter  16. Salesperson,11. Laborer  14. Painter  16. Salesperson
332,data/facet/images/imgs_2/sa_5498467.jpg,Painter,14,13,3,Unknown,14,4 11 14,4 11 14,2 4 11 14,4 11 14,The best answer is 14. Painter.,4. Craftsman  11. Laborer  14. Painter,4. Craftsman  11. Laborer  14. Painter,2. Boatman  4. Craftsman  11. Laborer  14. Painter,4. Craftsman  11. Laborer  14. Painter
437,data/facet/images/imgs_2/sa_6449218.jpg,Painter,14,13,3,Unknown,14,11 14 16,14,14,14,The best answer is 14. Painter.,11. Laborer  14. Painter  16. Salesperson,14. Painter,14. Painter,14. Painter
1246,data/facet/images/imgs_2/sa_5795442.jpg,Painter,14,13,0,Younger,14,11 14 16,14 16,14 16,14,The best answer is 14. Painter.,11. Laborer  14. Painter  16. Salesperson,14. Painter  16. Salesperson,14. Painter  16. Salesperson,14. Painter
166,data/facet/images/imgs_2/sa_6810217.jpg,Painter,14,13,0,Younger,14,11 14 16,11 14 16,1 11 14 16,14 16,The best answer is 14. Painter.,11. Laborer  14. Painter  16. Salesperson,11. Laborer  14. Painter  16. Salesperson,1. Backpacker  11. Laborer  14. Painter  16. Salesperson,14. Painter  16. Salesperson
1184,data/facet/images/imgs_2/sa_5975790.jpg,Painter,14,13,1,Middle,14,4 11 14,4 11 14 15,4 11 14 15,4 11 14 15,The best answer is 14. Painter.,4. Craftsman  11. Laborer  14. Painter,4. Craftsman  11. Laborer  14. Painter  15. Repairman,4. Craftsman  11. Laborer  14. Painter  15. Repairman,4. Craftsman  11. Laborer  14. Painter  15. Repairman
236,data/facet/images/imgs_2/sa_5703080.jpg,Painter,14,13,3,Unknown,14,4 14 16,14,14,14,The best answer is 14. Painter.,4. Craftsman  14. Painter  16. Salesperson,14. Painter,14. Painter,14. Painter
412,data/facet/images/imgs_2/sa_7619594.jpg,Painter,14,13,3,Unknown,14,11 14 16,4 11 14 16,4 11 14 16,4 11 14 16,The best answer is 14. Painter.,11. Laborer  14. Painter  16. Salesperson,4. Craftsman  11. Laborer  14. Painter  16. Salesperson,4. Craftsman  11. Laborer  14. Painter  16. Salesperson,4. Craftsman  11. Laborer  14. Painter  16. Salesperson
517,data/facet/images/imgs_2/sa_7882255.jpg,Painter,14,13,0,Younger,14,11 14 15,11 14 15,11 14 15 16,11 14 15,The best answer is 14. Painter.,11. Laborer  14. Painter  15. Repairman,11. Laborer  14. Painter  15. Repairman,11. Laborer  14. Painter  15. Repairman  16. Salesperson,11. Laborer  14. Painter  15. Repairman
532,data/facet/images/imgs_2/sa_6669032.jpg,Painter,14,13,1,Middle,14,4 14 16,4 14 16,4 14 15 16,4 14 15 16,The best answer is 14. Painter.,4. Craftsman  14. Painter  16. Salesperson,4. Craftsman  14. Painter  16. Salesperson,4. Craftsman  14. Painter  15. Repairman  16. Salesperson,4. Craftsman  14. Painter  15. Repairman  16. Salesperson
345,data/facet/images/imgs_2/sa_640372.jpg,Painter,14,13,3,Unknown,16,11 14 16,11 16,4 11 14 16,4 11 14 16,The best answer is 14. Painter.,11. Laborer  14. Painter  16. Salesperson,11. Laborer  16. Salesperson,4. Craftsman  11. Laborer  14. Painter  16. Salesperson,4. Craftsman  11. Laborer  14. Painter  16. Salesperson
285,data/facet/images/imgs_2/sa_5045589.jpg,Painter,14,13,0,Younger,16,11 14 16,4 11 14 16,4 11 14 16,11 14 16,The best answer is 14. Painter.,11. Laborer  14. Painter  16. Salesperson,4. Craftsman  11. Laborer  14. Painter  16. Salesperson,4. Craftsman  11. Laborer  14. Painter  16. Salesperson,11. Laborer  14. Painter  16. Salesperson
1130,data/facet/images/imgs_2/sa_6129404.jpg,Painter,14,13,1,Middle,15,11 14 15,4 11 14 15,4 11 14 15,4 11 14 15,The best answer is 14. Painter.,11. Laborer  14. Painter  15. Repairman,4. Craftsman  11. Laborer  14. Painter  15. Repairman,4. Craftsman  11. Laborer  14. Painter  15. Repairman,4. Craftsman  11. Laborer  14. Painter  15. Repairman
932,data/facet/images/imgs_2/sa_6992102.jpg,Painter,14,13,1,Middle,14,11 14 16,4 11 14 16,4 11 14 16,4 11 14 16,The best answer is 14. Painter.,11. Laborer  14. Painter  16. Salesperson,4. Craftsman  11. Laborer  14. Painter  16. Salesperson,4. Craftsman  11. Laborer  14. Painter  16. Salesperson,4. Craftsman  11. Laborer  14. Painter  16. Salesperson
570,data/facet/images/imgs_2/sa_5972766.jpg,Painter,14,13,2,Older,14,4 14 16,14 16,14 16,4 11 14 15 16,The best answer is 14. Painter.,4. Craftsman  14. Painter  16. Salesperson,14. Painter  16. Salesperson,14. Painter  16. Salesperson,4. Craftsman  11. Laborer  14. Painter  15. Repairman  16. Salesperson
566,data/facet/images/imgs_2/sa_6117819.jpg,Painter,14,13,1,Middle,15,11 15 18,11 15 18,11 14 15 18,11 14 15 18,The best answer is 14. Painter.,11. Laborer  15. Repairman  18. Skateboarder,11. Laborer  15. Repairman  18. Skateboarder,11. Laborer  14. Painter  15. Repairman  18. Skateboarder,11. Laborer  14. Painter  15. Repairman  18. Skateboarder
608,data/facet/images/imgs_2/sa_7147089.jpg,Painter,14,13,0,Younger,14,4 11 14,11 14,11 14,14,The best answer is 14. Painter.,4. Craftsman  11. Laborer  14. Painter,11. Laborer  14. Painter,11. Laborer  14. Painter,14. Painter
1210,data/facet/images/imgs_2/sa_7498751.jpg,Painter,14,13,1,Middle,11,11 14 15,11 15,11 14 15,11 14 15,The best answer is 14. Painter.,11. Laborer  14. Painter  15. Repairman,11. Laborer  15. Repairman,11. Laborer  14. Painter  15. Repairman,11. Laborer  14. Painter  15. Repairman
1218,data/facet/images/imgs_2/sa_7372293.jpg,Painter,14,13,1,Middle,14,11 14 20,11 14 15 16 20,11 14 16 20,11 14 16 20,The best answer is 14. Painter.,11. Laborer  14. Painter  20. Tennis Player,11. Laborer  14. Painter  15. Repairman  16. Salesperson  20. Tennis Player,11. Laborer  14. Painter  16. Salesperson  20. Tennis Player,11. Laborer  14. Painter  16. Salesperson  20. Tennis Player
1211,data/facet/images/imgs_2/sa_4992938.jpg,Painter,14,13,1,Middle,11,11 14 16,4 8 11 14 16,8 11 14 16,8 11 14 16,The best answer is 14. Painter.,11. Laborer  14. Painter  16. Salesperson,4. Craftsman  8. Gymnast  11. Laborer  14. Painter  16. Salesperson,8. Gymnast  11. Laborer  14. Painter  16. Salesperson,8. Gymnast  11. Laborer  14. Painter  16. Salesperson
585,data/facet/images/imgs_2/sa_6257481.jpg,Painter,14,13,0,Younger,16,11 14 16,11 14 16,2 11 14 16,11 14 16,The best answer is 14. Painter.,11. Laborer  14. Painter  16. Salesperson,11. Laborer  14. Painter  16. Salesperson,2. Boatman  11. Laborer  14. Painter  16. Salesperson,11. Laborer  14. Painter  16. Salesperson
1167,data/facet/images/imgs_2/sa_7679839.jpg,Painter,14,13,0,Younger,11,11 14 15,11 14,11 14 15,11 14,The best answer is 14. Painter.,11. Laborer  14. Painter  15. Repairman,11. Laborer  14. Painter,11. Laborer  14. Painter  15. Repairman,11. Laborer  14. Painter
946,data/facet/images/imgs_2/sa_4177548.jpg,Painter,14,13,3,Unknown,14,2 14 16,14,2 14,14,The best answer is 14. Painter.,2. Boatman  14. Painter  16. Salesperson,14. Painter,2. Boatman  14. Painter,14. Painter
950,data/facet/images/imgs_2/sa_662738.jpg,Painter,14,13,3,Unknown,14,4 14 16,4 14 16,4 14 16,4 14 16,The best answer is 14. Painter.,4. Craftsman  14. Painter  16. Salesperson,4. Craftsman  14. Painter  16. Salesperson,4. Craftsman  14. Painter  16. Salesperson,4. Craftsman  14. Painter  16. Salesperson
962,data/facet/images/imgs_2/sa_7459911.jpg,Painter,14,13,3,Unknown,14,11 14 15,11 14,11 14,11 14,The best answer is 14. Painter.,11. Laborer  14. Painter  15. Repairman,11. Laborer  14. Painter,11. Laborer  14. Painter,11. Laborer  14. Painter
957,data/facet/images/imgs_2/sa_4172487.jpg,Painter,14,13,1,Middle,14,9 14 16,9 11 14 16,9 11 14 16,9 11 14 16,The best answer is 14. Painter.,9. Hairdresser  14. Painter  16. Salesperson,9. Hairdresser  11. Laborer  14. Painter  16. Salesperson,9. Hairdresser  11. Laborer  14. Painter  16. Salesperson,9. Hairdresser  11. Laborer  14. Painter  16. Salesperson
966,data/facet/images/imgs_2/sa_6430303.jpg,Painter,14,13,2,Older,14,5 11 14,5 11 14,4 5 11 14,4 5 11 12 14,The best answer is 14. Painter.,5. Farmer  11. Laborer  14. Painter,5. Farmer  11. Laborer  14. Painter,4. Craftsman  5. Farmer  11. Laborer  14. Painter,4. Craftsman  5. Farmer  11. Laborer  12. Officer  14. Painter
520,data/facet/images/imgs_2/sa_7436422.jpg,Painter,14,13,3,Unknown,18,11 14 18,4 11 14 15 18,4 11 14 18,4 11 14 18,The best answer is 14. Painter.,11. Laborer  14. Painter  18. Skateboarder,4. Craftsman  11. Laborer  14. Painter  15. Repairman  18. Skateboarder,4. Craftsman  11. Laborer  14. Painter  18. Skateboarder,4. Craftsman  11. Laborer  14. Painter  18. Skateboarder
373,data/facet/images/imgs_2/sa_6815086.jpg,Painter,14,13,1,Middle,14,4 11 14,14,14,14,The best answer is 14. Painter.,4. Craftsman  11. Laborer  14. Painter,14. Painter,14. Painter,14. Painter
211,data/facet/images/imgs_2/sa_5412353.jpg,Painter,14,13,1,Middle,14,2 11 14,2 14,2 11 14,2 11 14,The best answer is 14. Painter.,2. Boatman  11. Laborer  14. Painter,2. Boatman  14. Painter,2. Boatman  11. Laborer  14. Painter,2. Boatman  11. Laborer  14. Painter
224,data/facet/images/imgs_2/sa_7938291.jpg,Painter,14,13,1,Middle,14,4 14 16,4 11 14 16,4 11 14 16,4 11 14 16,The best answer is 14. Painter.,4. Craftsman  14. Painter  16. Salesperson,4. Craftsman  11. Laborer  14. Painter  16. Salesperson,4. Craftsman  11. Laborer  14. Painter  16. Salesperson,4. Craftsman  11. Laborer  14. Painter  16. Salesperson
1065,data/facet/images/imgs_2/sa_5967965.jpg,Painter,14,13,1,Middle,4,4 14 15,4 11 14 15 16,4 11 14 15,4 11 14 15,The best answer is 14. Painter.,4. Craftsman  14. Painter  15. Repairman,4. Craftsman  11. Laborer  14. Painter  15. Repairman  16. Salesperson,4. Craftsman  11. Laborer  14. Painter  15. Repairman,4. Craftsman  11. Laborer  14. Painter  15. Repairman
1085,data/facet/images/imgs_2/sa_7056524.jpg,Painter,14,13,1,Middle,14,11 14 16,11 14 16,11 14 16,11 14 15 16,The best answer is 14. Painter.,11. Laborer  14. Painter  16. Salesperson,11. Laborer  14. Painter  16. Salesperson,11. Laborer  14. Painter  16. Salesperson,11. Laborer  14. Painter  15. Repairman  16. Salesperson
259,data/facet/images/imgs_2/sa_4070078.jpg,Painter,14,13,2,Older,16,2 14 16,14 16,2 14 16,1 2 4 14 16,The best answer is 14. Painter.,2. Boatman  14. Painter  16. Salesperson,14. Painter  16. Salesperson,2. Boatman  14. Painter  16. Salesperson,1. Backpacker  2. Boatman  4. Craftsman  14. Painter  16. Salesperson
1138,data/facet/images/imgs_2/sa_7753761.jpg,Painter,14,13,0,Younger,14,5 11 14,5 11 14,1 5 11 14,11 14,The best answer is 14. Painter.,5. Farmer  11. Laborer  14. Painter,5. Farmer  11. Laborer  14. Painter,1. Backpacker  5. Farmer  11. Laborer  14. Painter,11. Laborer  14. Painter
1149,data/facet/images/imgs_2/sa_447689.jpg,Painter,14,13,1,Middle,14,4 14 16,14 16,14 16,4 14 16,The best answer is 14. Painter.,4. Craftsman  14. Painter  16. Salesperson,14. Painter  16. Salesperson,14. Painter  16. Salesperson,4. Craftsman  14. Painter  16. Salesperson
865,data/facet/images/imgs_2/sa_8127505.jpg,Painter,14,13,1,Middle,14,11 14 16,11 14 16,2 11 14 16,2 11 14 16,The best answer is 14. Painter.,11. Laborer  14. Painter  16. Salesperson,11. Laborer  14. Painter  16. Salesperson,2. Boatman  11. Laborer  14. Painter  16. Salesperson,2. Boatman  11. Laborer  14. Painter  16. Salesperson
855,data/facet/images/imgs_2/sa_4484836.jpg,Painter,14,13,1,Middle,15,11 14 15,11 15,11 14 15,11 14 15,The best answer is 14. Painter.,11. Laborer  14. Painter  15. Repairman,11. Laborer  15. Repairman,11. Laborer  14. Painter  15. Repairman,11. Laborer  14. Painter  15. Repairman
276,data/facet/images/imgs_2/sa_4303187.jpg,Painter,14,13,0,Younger,14,11 14 16,11 14 16,11 14 16,14 16,The best answer is 14. Painter.,11. Laborer  14. Painter  16. Salesperson,11. Laborer  14. Painter  16. Salesperson,11. Laborer  14. Painter  16. Salesperson,14. Painter  16. Salesperson
843,data/facet/images/imgs_2/sa_7479107.jpg,Painter,14,13,2,Older,16,4 11 16,4 11 16,4 11 15 16,4 11 14 15 16,The best answer is 14. Painter.,4. Craftsman  11. Laborer  16. Salesperson,4. Craftsman  11. Laborer  16. Salesperson,4. Craftsman  11. Laborer  15. Repairman  16. Salesperson,4. Craftsman  11. Laborer  14. Painter  15. Repairman  16. Salesperson
288,data/facet/images/imgs_2/sa_619042.jpg,Painter,14,13,1,Middle,14,11 14 18,11 14,11 14 15 18,11 14 15 18,The best answer is 14. Painter.,11. Laborer  14. Painter  18. Skateboarder,11. Laborer  14. Painter,11. Laborer  14. Painter  15. Repairman  18. Skateboarder,11. Laborer  14. Painter  15. Repairman  18. Skateboarder
934,data/facet/images/imgs_2/sa_339730.jpg,Repairman,15,14,1,Middle,3,3 11 15,3 4 6 11 13 15 17,3 11 13 15,3 11 13 15,The best answer is 15. Repairman.,3. Computer User  11. Laborer  15. Repairman,3. Computer User  4. Craftsman  6. Guard  11. Laborer  13. Motorcyclist  15. Repairman  17. Singer,3. Computer User  11. Laborer  13. Motorcyclist  15. Repairman,3. Computer User  11. Laborer  13. Motorcyclist  15. Repairman
197,data/facet/images/imgs_2/sa_5280429.jpg,Repairman,15,14,1,Middle,16,11 15 16,11 13 15 16,11 13 15 16,11 13 15 16,The best answer is 15. Repairman.,11. Laborer  15. Repairman  16. Salesperson,11. Laborer  13. Motorcyclist  15. Repairman  16. Salesperson,11. Laborer  13. Motorcyclist  15. Repairman  16. Salesperson,11. Laborer  13. Motorcyclist  15. Repairman  16. Salesperson
181,data/facet/images/imgs_2/sa_2772779.jpg,Repairman,15,14,1,Middle,11,4 11 15,4 11 15,4 11 15,4 11 15,The best answer is 15. Repairman.,4. Craftsman  11. Laborer  15. Repairman,4. Craftsman  11. Laborer  15. Repairman,4. Craftsman  11. Laborer  15. Repairman,4. Craftsman  11. Laborer  15. Repairman
208,data/facet/images/imgs_2/sa_4599959.jpg,Repairman,15,14,3,Unknown,3,3 15 19,3,3 19,3,The best answer is 15. Repairman.,3. Computer User  15. Repairman  19. Speaker,3. Computer User,3. Computer User  19. Speaker,3. Computer User
1213,data/facet/images/imgs_2/sa_3824248.jpg,Repairman,15,14,1,Middle,15,4 11 15,11 15,4 11 15,4 11 15,The best answer is 15. Repairman.,4. Craftsman  11. Laborer  15. Repairman,11. Laborer  15. Repairman,4. Craftsman  11. Laborer  15. Repairman,4. Craftsman  11. Laborer  15. Repairman
1216,data/facet/images/imgs_2/sa_4262910.jpg,Repairman,15,14,3,Unknown,15,11 13 15,11 13 15,11 13 15 16,11 13 15 16,The best answer is 15. Repairman.,11. Laborer  13. Motorcyclist  15. Repairman,11. Laborer  13. Motorcyclist  15. Repairman,11. Laborer  13. Motorcyclist  15. Repairman  16. Salesperson,11. Laborer  13. Motorcyclist  15. Repairman  16. Salesperson
886,data/facet/images/imgs_2/sa_3272260.jpg,Repairman,15,14,3,Unknown,15,4 9 15,4 9 15,3 4 9 15,4 9 15,The best answer is 15. Repairman.,4. Craftsman  9. Hairdresser  15. Repairman,4. Craftsman  9. Hairdresser  15. Repairman,3. Computer User  4. Craftsman  9. Hairdresser  15. Repairman,4. Craftsman  9. Hairdresser  15. Repairman
582,data/facet/images/imgs_2/sa_3338197.jpg,Repairman,15,14,1,Middle,11,4 10 11,4 5 9 10 11,4 5 10 11,4 5 10 11,The best answer is 15. Repairman.,4. Craftsman  10. Horse Rider  11. Laborer,4. Craftsman  5. Farmer  9. Hairdresser  10. Horse Rider  11. Laborer,4. Craftsman  5. Farmer  10. Horse Rider  11. Laborer,4. Craftsman  5. Farmer  10. Horse Rider  11. Laborer
70,data/facet/images/imgs_2/sa_3616020.jpg,Repairman,15,14,2,Older,15,4 11 15,4 11 15,4 11 15,4 9 11 15,The best answer is 15. Repairman.,4. Craftsman  11. Laborer  15. Repairman,4. Craftsman  11. Laborer  15. Repairman,4. Craftsman  11. Laborer  15. Repairman,4. Craftsman  9. Hairdresser  11. Laborer  15. Repairman
1326,data/facet/images/imgs_2/sa_3969553.jpg,Repairman,15,14,1,Middle,11,9 11 15,3 9 11 15,3 9 11 15,3 9 11 15,The best answer is 15. Repairman.,9. Hairdresser  11. Laborer  15. Repairman,3. Computer User  9. Hairdresser  11. Laborer  15. Repairman,3. Computer User  9. Hairdresser  11. Laborer  15. Repairman,3. Computer User  9. Hairdresser  11. Laborer  15. Repairman
1383,data/facet/images/imgs_2/sa_338717.jpg,Repairman,15,14,3,Unknown,15,11 15 16,11 15 16,3 11 15 16,3 11 15 16,The best answer is 15. Repairman.,11. Laborer  15. Repairman  16. Salesperson,11. Laborer  15. Repairman  16. Salesperson,3. Computer User  11. Laborer  15. Repairman  16. Salesperson,3. Computer User  11. Laborer  15. Repairman  16. Salesperson
118,data/facet/images/imgs_2/sa_4950605.jpg,Repairman,15,14,1,Middle,3,3 15 19,3 15 16 19,3 15 16 19,3 15 16 19,The best answer is 15. Repairman.,3. Computer User  15. Repairman  19. Speaker,3. Computer User  15. Repairman  16. Salesperson  19. Speaker,3. Computer User  15. Repairman  16. Salesperson  19. Speaker,3. Computer User  15. Repairman  16. Salesperson  19. Speaker
97,data/facet/images/imgs_2/sa_5106107.jpg,Repairman,15,14,1,Middle,15,11 13 15,11 13 15,11 13 15 16,11 13 15 16,The best answer is 15. Repairman.,11. Laborer  13. Motorcyclist  15. Repairman,11. Laborer  13. Motorcyclist  15. Repairman,11. Laborer  13. Motorcyclist  15. Repairman  16. Salesperson,11. Laborer  13. Motorcyclist  15. Repairman  16. Salesperson
672,data/facet/images/imgs_2/sa_515376.jpg,Repairman,15,14,1,Middle,15,4 11 15,4 11 15,4 11 15,4 9 11 15,The best answer is 15. Repairman.,4. Craftsman  11. Laborer  15. Repairman,4. Craftsman  11. Laborer  15. Repairman,4. Craftsman  11. Laborer  15. Repairman,4. Craftsman  9. Hairdresser  11. Laborer  15. Repairman
698,data/facet/images/imgs_2/sa_3764070.jpg,Repairman,15,14,3,Unknown,8,8 15 16,8 15 16 20,8 15 16 20,8 15 16 20,The best answer is 15. Repairman.,8. Gymnast  15. Repairman  16. Salesperson,8. Gymnast  15. Repairman  16. Salesperson  20. Tennis Player,8. Gymnast  15. Repairman  16. Salesperson  20. Tennis Player,8. Gymnast  15. Repairman  16. Salesperson  20. Tennis Player
1279,data/facet/images/imgs_2/sa_4136444.jpg,Repairman,15,14,3,Unknown,15,3 11 15,11 15,11 15,11 15,The best answer is 15. Repairman.,3. Computer User  11. Laborer  15. Repairman,11. Laborer  15. Repairman,11. Laborer  15. Repairman,11. Laborer  15. Repairman
1082,data/facet/images/imgs_2/sa_4699355.jpg,Repairman,15,14,3,Unknown,15,11 15 16,11 15,11 15,11 15,The best answer is 15. Repairman.,11. Laborer  15. Repairman  16. Salesperson,11. Laborer  15. Repairman,11. Laborer  15. Repairman,11. Laborer  15. Repairman
366,data/facet/images/imgs_2/sa_284006.jpg,Repairman,15,14,1,Middle,15,4 11 15,11 15,11 15,4 11 15,The best answer is 15. Repairman.,4. Craftsman  11. Laborer  15. Repairman,11. Laborer  15. Repairman,11. Laborer  15. Repairman,4. Craftsman  11. Laborer  15. Repairman
140,data/facet/images/imgs_2/sa_3117852.jpg,Repairman,15,14,1,Middle,15,11 15 16,15,15,15,The best answer is 15. Repairman.,11. Laborer  15. Repairman  16. Salesperson,15. Repairman,15. Repairman,15. Repairman
1237,data/facet/images/imgs_2/sa_3654948.jpg,Repairman,15,14,3,Unknown,15,4 11 15,15,4 11 15,4 11 15,The best answer is 15. Repairman.,4. Craftsman  11. Laborer  15. Repairman,15. Repairman,4. Craftsman  11. Laborer  15. Repairman,4. Craftsman  11. Laborer  15. Repairman
1238,data/facet/images/imgs_2/sa_4480181.jpg,Repairman,15,14,3,Unknown,11,4 11 15,11 15,11 15,11 15,The best answer is 15. Repairman.,4. Craftsman  11. Laborer  15. Repairman,11. Laborer  15. Repairman,11. Laborer  15. Repairman,11. Laborer  15. Repairman
637,data/facet/images/imgs_2/sa_3679781.jpg,Repairman,15,14,1,Middle,16,9 11 16,11 16,9 11 16,9 11 15 16,The best answer is 15. Repairman.,9. Hairdresser  11. Laborer  16. Salesperson,11. Laborer  16. Salesperson,9. Hairdresser  11. Laborer  16. Salesperson,9. Hairdresser  11. Laborer  15. Repairman  16. Salesperson
624,data/facet/images/imgs_2/sa_424048.jpg,Repairman,15,14,1,Middle,15,6 11 15,3 6 11 15,3 6 11 15,3 6 11 15,The best answer is 15. Repairman.,6. Guard  11. Laborer  15. Repairman,3. Computer User  6. Guard  11. Laborer  15. Repairman,3. Computer User  6. Guard  11. Laborer  15. Repairman,3. Computer User  6. Guard  11. Laborer  15. Repairman
1248,data/facet/images/imgs_2/sa_5247267.jpg,Repairman,15,14,3,Unknown,15,6 11 15,6 11 15,6 11 15 16,6 11 15 16,The best answer is 15. Repairman.,6. Guard  11. Laborer  15. Repairman,6. Guard  11. Laborer  15. Repairman,6. Guard  11. Laborer  15. Repairman  16. Salesperson,6. Guard  11. Laborer  15. Repairman  16. Salesperson
866,data/facet/images/imgs_2/sa_2744301.jpg,Repairman,15,14,3,Unknown,15,11 15 16,11 15,11 15 16,11 15,The best answer is 15. Repairman.,11. Laborer  15. Repairman  16. Salesperson,11. Laborer  15. Repairman,11. Laborer  15. Repairman  16. Salesperson,11. Laborer  15. Repairman
483,data/facet/images/imgs_2/sa_4257009.jpg,Repairman,15,14,1,Middle,15,2 11 15,2 11 15,2 11 15,2 11 15 16,The best answer is 15. Repairman.,2. Boatman  11. Laborer  15. Repairman,2. Boatman  11. Laborer  15. Repairman,2. Boatman  11. Laborer  15. Repairman,2. Boatman  11. Laborer  15. Repairman  16. Salesperson
518,data/facet/images/imgs_2/sa_4811317.jpg,Repairman,15,14,0,Younger,11,4 11 15,11 15,4 11 15,11 15,The best answer is 15. Repairman.,4. Craftsman  11. Laborer  15. Repairman,11. Laborer  15. Repairman,4. Craftsman  11. Laborer  15. Repairman,11. Laborer  15. Repairman
514,data/facet/images/imgs_2/sa_4119163.jpg,Repairman,15,14,0,Younger,15,11 13 15,4 11 13 15,4 11 13 15,11 13 15,The best answer is 15. Repairman.,11. Laborer  13. Motorcyclist  15. Repairman,4. Craftsman  11. Laborer  13. Motorcyclist  15. Repairman,4. Craftsman  11. Laborer  13. Motorcyclist  15. Repairman,11. Laborer  13. Motorcyclist  15. Repairman
1137,data/facet/images/imgs_2/sa_3117477.jpg,Repairman,15,14,3,Unknown,15,4 11 15,11 15,11 15,11 15,The best answer is 15. Repairman.,4. Craftsman  11. Laborer  15. Repairman,11. Laborer  15. Repairman,11. Laborer  15. Repairman,11. Laborer  15. Repairman
281,data/facet/images/imgs_2/sa_4562890.jpg,Repairman,15,14,1,Middle,11,4 11 15,11 15,4 11 15,4 11 15 16,The best answer is 15. Repairman.,4. Craftsman  11. Laborer  15. Repairman,11. Laborer  15. Repairman,4. Craftsman  11. Laborer  15. Repairman,4. Craftsman  11. Laborer  15. Repairman  16. Salesperson
253,data/facet/images/imgs_2/sa_3529498.jpg,Repairman,15,14,1,Middle,11,4 11 15,4 11 15,4 11 15 16,4 11 15 16,The best answer is 15. Repairman.,4. Craftsman  11. Laborer  15. Repairman,4. Craftsman  11. Laborer  15. Repairman,4. Craftsman  11. Laborer  15. Repairman  16. Salesperson,4. Craftsman  11. Laborer  15. Repairman  16. Salesperson
430,data/facet/images/imgs_2/sa_518590.jpg,Repairman,15,14,1,Middle,11,5 11 15,11 15,4 5 11 15,4 5 11 15,The best answer is 15. Repairman.,5. Farmer  11. Laborer  15. Repairman,11. Laborer  15. Repairman,4. Craftsman  5. Farmer  11. Laborer  15. Repairman,4. Craftsman  5. Farmer  11. Laborer  15. Repairman
433,data/facet/images/imgs_2/sa_288902.jpg,Repairman,15,14,1,Middle,15,11 13 15,11 13 15,11 13 15 17,11 13 15 17,The best answer is 15. Repairman.,11. Laborer  13. Motorcyclist  15. Repairman,11. Laborer  13. Motorcyclist  15. Repairman,11. Laborer  13. Motorcyclist  15. Repairman  17. Singer,11. Laborer  13. Motorcyclist  15. Repairman  17. Singer
170,data/facet/images/imgs_2/sa_3037728.jpg,Repairman,15,14,1,Middle,15,4 11 15,4 11 15 16,4 11 15 16,4 11 15 16,The best answer is 15. Repairman.,4. Craftsman  11. Laborer  15. Repairman,4. Craftsman  11. Laborer  15. Repairman  16. Salesperson,4. Craftsman  11. Laborer  15. Repairman  16. Salesperson,4. Craftsman  11. Laborer  15. Repairman  16. Salesperson
162,data/facet/images/imgs_2/sa_5273470.jpg,Repairman,15,14,1,Middle,15,11 15 16,15,15,15,The best answer is 15. Repairman.,11. Laborer  15. Repairman  16. Salesperson,15. Repairman,15. Repairman,15. Repairman
149,data/facet/images/imgs_2/sa_4482420.jpg,Repairman,15,14,3,Unknown,15,3 11 15,11 15,3 11 15 16,3 11 15 16,The best answer is 15. Repairman.,3. Computer User  11. Laborer  15. Repairman,11. Laborer  15. Repairman,3. Computer User  11. Laborer  15. Repairman  16. Salesperson,3. Computer User  11. Laborer  15. Repairman  16. Salesperson
273,data/facet/images/imgs_2/sa_4127257.jpg,Repairman,15,14,1,Middle,15,11 15 16,11 15,11 15 16,11 15 16,The best answer is 15. Repairman.,11. Laborer  15. Repairman  16. Salesperson,11. Laborer  15. Repairman,11. Laborer  15. Repairman  16. Salesperson,11. Laborer  15. Repairman  16. Salesperson
973,data/facet/images/imgs_2/sa_5200750.jpg,Repairman,15,14,1,Middle,15,3 11 15,11 15,11 15,11 15,The best answer is 15. Repairman.,3. Computer User  11. Laborer  15. Repairman,11. Laborer  15. Repairman,11. Laborer  15. Repairman,11. Laborer  15. Repairman
1012,data/facet/images/imgs_2/sa_5052306.jpg,Repairman,15,14,1,Middle,11,4 11 15,4 11 15,4 11 15,4 11 15,The best answer is 15. Repairman.,4. Craftsman  11. Laborer  15. Repairman,4. Craftsman  11. Laborer  15. Repairman,4. Craftsman  11. Laborer  15. Repairman,4. Craftsman  11. Laborer  15. Repairman
1006,data/facet/images/imgs_2/sa_4201454.jpg,Repairman,15,14,1,Middle,11,4 11 15,4 11 15 16,4 11 15 16,4 11 15 16,The best answer is 15. Repairman.,4. Craftsman  11. Laborer  15. Repairman,4. Craftsman  11. Laborer  15. Repairman  16. Salesperson,4. Craftsman  11. Laborer  15. Repairman  16. Salesperson,4. Craftsman  11. Laborer  15. Repairman  16. Salesperson
1010,data/facet/images/imgs_2/sa_4640640.jpg,Repairman,15,14,1,Middle,11,5 11 15,11 15,11 15,11 15,The best answer is 15. Repairman.,5. Farmer  11. Laborer  15. Repairman,11. Laborer  15. Repairman,11. Laborer  15. Repairman,11. Laborer  15. Repairman
241,data/facet/images/imgs_2/sa_4986552.jpg,Repairman,15,14,1,Middle,4,4 11 16,3 4 11 14 16,3 4 11 16,3 4 11 16,The best answer is 15. Repairman.,4. Craftsman  11. Laborer  16. Salesperson,3. Computer User  4. Craftsman  11. Laborer  14. Painter  16. Salesperson,3. Computer User  4. Craftsman  11. Laborer  16. Salesperson,3. Computer User  4. Craftsman  11. Laborer  16. Salesperson
541,data/facet/images/imgs_2/sa_5097395.jpg,Repairman,15,14,3,Unknown,15,11 13 15,11 13 15,11 13 15 16,11 13 15 16,The best answer is 15. Repairman.,11. Laborer  13. Motorcyclist  15. Repairman,11. Laborer  13. Motorcyclist  15. Repairman,11. Laborer  13. Motorcyclist  15. Repairman  16. Salesperson,11. Laborer  13. Motorcyclist  15. Repairman  16. Salesperson
545,data/facet/images/imgs_2/sa_3977676.jpg,Repairman,15,14,1,Middle,15,11 13 15,11 13 15,11 13 15,11 13 15,The best answer is 15. Repairman.,11. Laborer  13. Motorcyclist  15. Repairman,11. Laborer  13. Motorcyclist  15. Repairman,11. Laborer  13. Motorcyclist  15. Repairman,11. Laborer  13. Motorcyclist  15. Repairman
525,data/facet/images/imgs_2/sa_4736222.jpg,Repairman,15,14,0,Younger,16,4 11 16,4 11 16,4 9 11 16,11 16,The best answer is 15. Repairman.,4. Craftsman  11. Laborer  16. Salesperson,4. Craftsman  11. Laborer  16. Salesperson,4. Craftsman  9. Hairdresser  11. Laborer  16. Salesperson,11. Laborer  16. Salesperson
915,data/facet/images/imgs_2/sa_2863240.jpg,Repairman,15,14,1,Middle,11,11 15 16,11 15,11 15,11 15,The best answer is 15. Repairman.,11. Laborer  15. Repairman  16. Salesperson,11. Laborer  15. Repairman,11. Laborer  15. Repairman,11. Laborer  15. Repairman
584,data/facet/images/imgs_2/sa_2872342.jpg,Repairman,15,14,1,Middle,15,11 15 16,11 15 16,11 15 16,4 11 15 16,The best answer is 15. Repairman.,11. Laborer  15. Repairman  16. Salesperson,11. Laborer  15. Repairman  16. Salesperson,11. Laborer  15. Repairman  16. Salesperson,4. Craftsman  11. Laborer  15. Repairman  16. Salesperson
904,data/facet/images/imgs_2/sa_4035619.jpg,Repairman,15,14,0,Younger,3,3 15 17,3 6 7 11 15 17,3 7 15 17,3 7 15 17,The best answer is 15. Repairman.,3. Computer User  15. Repairman  17. Singer,3. Computer User  6. Guard  7. Guitarist  11. Laborer  15. Repairman  17. Singer,3. Computer User  7. Guitarist  15. Repairman  17. Singer,3. Computer User  7. Guitarist  15. Repairman  17. Singer
320,data/facet/images/imgs_2/sa_5062531.jpg,Repairman,15,14,1,Middle,15,4 11 15,4 11 15 16,4 11 15 16,4 11 15 16,The best answer is 15. Repairman.,4. Craftsman  11. Laborer  15. Repairman,4. Craftsman  11. Laborer  15. Repairman  16. Salesperson,4. Craftsman  11. Laborer  15. Repairman  16. Salesperson,4. Craftsman  11. Laborer  15. Repairman  16. Salesperson
396,data/facet/images/imgs_2/sa_292887.jpg,Repairman,15,14,1,Middle,11,4 11 15,11 15,4 11 15,4 11 15 16,The best answer is 15. Repairman.,4. Craftsman  11. Laborer  15. Repairman,11. Laborer  15. Repairman,4. Craftsman  11. Laborer  15. Repairman,4. Craftsman  11. Laborer  15. Repairman  16. Salesperson
912,data/facet/images/imgs_2/sa_326692.jpg,Repairman,15,14,2,Older,15,4 15 16,4 11 15 16,4 11 15 16,4 5 11 15 16,The best answer is 15. Repairman.,4. Craftsman  15. Repairman  16. Salesperson,4. Craftsman  11. Laborer  15. Repairman  16. Salesperson,4. Craftsman  11. Laborer  15. Repairman  16. Salesperson,4. Craftsman  5. Farmer  11. Laborer  15. Repairman  16. Salesperson
548,data/facet/images/imgs_2/sa_4899317.jpg,Repairman,15,14,3,Unknown,11,4 11 15,11 15,4 11 15,11 15,The best answer is 15. Repairman.,4. Craftsman  11. Laborer  15. Repairman,11. Laborer  15. Repairman,4. Craftsman  11. Laborer  15. Repairman,11. Laborer  15. Repairman
563,data/facet/images/imgs_2/sa_3479154.jpg,Repairman,15,14,1,Middle,11,11 15 16,11 15,11 15 16,5 11 15 16,The best answer is 15. Repairman.,11. Laborer  15. Repairman  16. Salesperson,11. Laborer  15. Repairman,11. Laborer  15. Repairman  16. Salesperson,5. Farmer  11. Laborer  15. Repairman  16. Salesperson
1044,data/facet/images/imgs_2/sa_5123515.jpg,Repairman,15,14,0,Younger,11,6 11 16,3 4 6 10 11 14 15 16 17,6 11 15 16,6 11 15 16,The best answer is 15. Repairman.,6. Guard  11. Laborer  16. Salesperson,3. Computer User  4. Craftsman  6. Guard  10. Horse Rider  11. Laborer  14. Painter  15. Repairman  16. Salesperson  17. Singer,6. Guard  11. Laborer  15. Repairman  16. Salesperson,6. Guard  11. Laborer  15. Repairman  16. Salesperson
314,data/facet/images/imgs_2/sa_2733234.jpg,Repairman,15,14,1,Middle,15,11 15 16,11 15,11 15,11 15 16,The best answer is 15. Repairman.,11. Laborer  15. Repairman  16. Salesperson,11. Laborer  15. Repairman,11. Laborer  15. Repairman,11. Laborer  15. Repairman  16. Salesperson
681,data/facet/images/imgs_2/sa_2997666.jpg,Repairman,15,14,1,Middle,15,4 11 15,11 15,11 15,11 15,The best answer is 15. Repairman.,4. Craftsman  11. Laborer  15. Repairman,11. Laborer  15. Repairman,11. Laborer  15. Repairman,11. Laborer  15. Repairman
1306,data/facet/images/imgs_2/sa_4770537.jpg,Repairman,15,14,1,Middle,11,11 15 16,11 15,11 15 16,4 11 15 16,The best answer is 15. Repairman.,11. Laborer  15. Repairman  16. Salesperson,11. Laborer  15. Repairman,11. Laborer  15. Repairman  16. Salesperson,4. Craftsman  11. Laborer  15. Repairman  16. Salesperson
105,data/facet/images/imgs_2/sa_3123544.jpg,Repairman,15,14,3,Unknown,15,4 11 15,4 11 15 16,4 11 15 16,4 11 15 16,The best answer is 15. Repairman.,4. Craftsman  11. Laborer  15. Repairman,4. Craftsman  11. Laborer  15. Repairman  16. Salesperson,4. Craftsman  11. Laborer  15. Repairman  16. Salesperson,4. Craftsman  11. Laborer  15. Repairman  16. Salesperson
73,data/facet/images/imgs_2/sa_3575272.jpg,Repairman,15,14,2,Older,4,4 11 16,4 11,4 11 16,4 5 11 15 16,The best answer is 15. Repairman.,4. Craftsman  11. Laborer  16. Salesperson,4. Craftsman  11. Laborer,4. Craftsman  11. Laborer  16. Salesperson,4. Craftsman  5. Farmer  11. Laborer  15. Repairman  16. Salesperson
806,data/facet/images/imgs_2/sa_3819747.jpg,Repairman,15,14,3,Unknown,15,4 11 15,4 11 15,3 4 11 15,4 11 15,The best answer is 15. Repairman.,4. Craftsman  11. Laborer  15. Repairman,4. Craftsman  11. Laborer  15. Repairman,3. Computer User  4. Craftsman  11. Laborer  15. Repairman,4. Craftsman  11. Laborer  15. Repairman
712,data/facet/images/imgs_2/sa_3135405.jpg,Repairman,15,14,1,Middle,11,1 11 15,11 15,1 4 11 15,1 4 11 15,The best answer is 15. Repairman.,1. Backpacker  11. Laborer  15. Repairman,11. Laborer  15. Repairman,1. Backpacker  4. Craftsman  11. Laborer  15. Repairman,1. Backpacker  4. Craftsman  11. Laborer  15. Repairman
340,data/facet/images/imgs_2/sa_4959622.jpg,Repairman,15,14,3,Unknown,15,3 9 15,3 6 9 11 15 16,3 9 11 15,3 9 11 15,The best answer is 15. Repairman.,3. Computer User  9. Hairdresser  15. Repairman,3. Computer User  6. Guard  9. Hairdresser  11. Laborer  15. Repairman  16. Salesperson,3. Computer User  9. Hairdresser  11. Laborer  15. Repairman,3. Computer User  9. Hairdresser  11. Laborer  15. Repairman
716,data/facet/images/imgs_2/sa_4462371.jpg,Repairman,15,14,0,Younger,15,11 15 16,15,15,15,The best answer is 15. Repairman.,11. Laborer  15. Repairman  16. Salesperson,15. Repairman,15. Repairman,15. Repairman
66,data/facet/images/imgs_2/sa_3732179.jpg,Repairman,15,14,1,Middle,15,11 14 15,11 14 15,4 11 14 15,4 11 14 15,The best answer is 15. Repairman.,11. Laborer  14. Painter  15. Repairman,11. Laborer  14. Painter  15. Repairman,4. Craftsman  11. Laborer  14. Painter  15. Repairman,4. Craftsman  11. Laborer  14. Painter  15. Repairman
742,data/facet/images/imgs_2/sa_3100908.jpg,Repairman,15,14,1,Middle,15,11 13 15,11 13 15,4 11 13 15,4 11 13 15,The best answer is 15. Repairman.,11. Laborer  13. Motorcyclist  15. Repairman,11. Laborer  13. Motorcyclist  15. Repairman,4. Craftsman  11. Laborer  13. Motorcyclist  15. Repairman,4. Craftsman  11. Laborer  13. Motorcyclist  15. Repairman
1398,data/facet/images/imgs_2/sa_5127563.jpg,Repairman,15,14,3,Unknown,15,11 13 15,4 11 13 15,4 11 13 15,4 11 13 15,The best answer is 15. Repairman.,11. Laborer  13. Motorcyclist  15. Repairman,4. Craftsman  11. Laborer  13. Motorcyclist  15. Repairman,4. Craftsman  11. Laborer  13. Motorcyclist  15. Repairman,4. Craftsman  11. Laborer  13. Motorcyclist  15. Repairman
1323,data/facet/images/imgs_2/sa_3555382.jpg,Repairman,15,14,3,Unknown,11,4 11 15,4 11,4 11 15,4 11,The best answer is 15. Repairman.,4. Craftsman  11. Laborer  15. Repairman,4. Craftsman  11. Laborer,4. Craftsman  11. Laborer  15. Repairman,4. Craftsman  11. Laborer
55,data/facet/images/imgs_2/sa_6409492.jpg,Salesperson,16,15,1,Middle,16,1 11 16,11 16,11 16,11 16,The best answer is 16. Salesperson.,1. Backpacker  11. Laborer  16. Salesperson,11. Laborer  16. Salesperson,11. Laborer  16. Salesperson,11. Laborer  16. Salesperson
1394,data/facet/images/imgs_2/sa_5843795.jpg,Salesperson,16,15,0,Younger,16,1 11 16,11 16,1 5 11 16,11 16,The best answer is 16. Salesperson.,1. Backpacker  11. Laborer  16. Salesperson,11. Laborer  16. Salesperson,1. Backpacker  5. Farmer  11. Laborer  16. Salesperson,11. Laborer  16. Salesperson
10,data/facet/images/imgs_2/sa_4279950.jpg,Salesperson,16,15,0,Younger,16,11 15 16,16,11 16,16,The best answer is 16. Salesperson.,11. Laborer  15. Repairman  16. Salesperson,16. Salesperson,11. Laborer  16. Salesperson,16. Salesperson
1376,data/facet/images/imgs_2/sa_5480341.jpg,Salesperson,16,15,2,Older,16,3 11 16,16,11 16,3 4 6 11 16,The best answer is 16. Salesperson.,3. Computer User  11. Laborer  16. Salesperson,16. Salesperson,11. Laborer  16. Salesperson,3. Computer User  4. Craftsman  6. Guard  11. Laborer  16. Salesperson
768,data/facet/images/imgs_2/sa_6570463.jpg,Salesperson,16,15,2,Older,16,2 16 18,2 16,2 16 18 20,2 4 16 18 20,The best answer is 16. Salesperson.,2. Boatman  16. Salesperson  18. Skateboarder,2. Boatman  16. Salesperson,2. Boatman  16. Salesperson  18. Skateboarder  20. Tennis Player,2. Boatman  4. Craftsman  16. Salesperson  18. Skateboarder  20. Tennis Player
34,data/facet/images/imgs_2/sa_4230465.jpg,Salesperson,16,15,1,Middle,16,2 11 16,16,16,11 16,The best answer is 16. Salesperson.,2. Boatman  11. Laborer  16. Salesperson,16. Salesperson,16. Salesperson,11. Laborer  16. Salesperson
13,data/facet/images/imgs_2/sa_4060519.jpg,Salesperson,16,15,3,Unknown,16,3 11 16,16,16,16,The best answer is 16. Salesperson.,3. Computer User  11. Laborer  16. Salesperson,16. Salesperson,16. Salesperson,16. Salesperson
773,data/facet/images/imgs_2/sa_6680899.jpg,Salesperson,16,15,1,Middle,16,11 14 16,11 16,11 14 16,11 14 16,The best answer is 16. Salesperson.,11. Laborer  14. Painter  16. Salesperson,11. Laborer  16. Salesperson,11. Laborer  14. Painter  16. Salesperson,11. Laborer  14. Painter  16. Salesperson
359,data/facet/images/imgs_2/sa_3809333.jpg,Salesperson,16,15,3,Unknown,16,3 11 16,3 6 11 16,3 6 11 16,3 6 11 16,The best answer is 16. Salesperson.,3. Computer User  11. Laborer  16. Salesperson,3. Computer User  6. Guard  11. Laborer  16. Salesperson,3. Computer User  6. Guard  11. Laborer  16. Salesperson,3. Computer User  6. Guard  11. Laborer  16. Salesperson
361,data/facet/images/imgs_2/sa_5940577.jpg,Salesperson,16,15,3,Unknown,9,9 11 16,3 6 8 9 11 14 15 16 17,3 9 11 16,3 9 11 16,The best answer is 16. Salesperson.,9. Hairdresser  11. Laborer  16. Salesperson,3. Computer User  6. Guard  8. Gymnast  9. Hairdresser  11. Laborer  14. Painter  15. Repairman  16. Salesperson  17. Singer,3. Computer User  9. Hairdresser  11. Laborer  16. Salesperson,3. Computer User  9. Hairdresser  11. Laborer  16. Salesperson
1257,data/facet/images/imgs_2/sa_5775632.jpg,Salesperson,16,15,1,Middle,16,5 11 16,5 11 16,4 5 11 16,4 5 11 16,The best answer is 16. Salesperson.,5. Farmer  11. Laborer  16. Salesperson,5. Farmer  11. Laborer  16. Salesperson,4. Craftsman  5. Farmer  11. Laborer  16. Salesperson,4. Craftsman  5. Farmer  11. Laborer  16. Salesperson
1206,data/facet/images/imgs_2/sa_5854947.jpg,Salesperson,16,15,3,Unknown,16,6 14 16,14 16,6 14 15 16,6 14 16,The best answer is 16. Salesperson.,6. Guard  14. Painter  16. Salesperson,14. Painter  16. Salesperson,6. Guard  14. Painter  15. Repairman  16. Salesperson,6. Guard  14. Painter  16. Salesperson
554,data/facet/images/imgs_2/sa_4166735.jpg,Salesperson,16,15,3,Unknown,16,11 15 16,11 16,11 15 16,11 15 16,The best answer is 16. Salesperson.,11. Laborer  15. Repairman  16. Salesperson,11. Laborer  16. Salesperson,11. Laborer  15. Repairman  16. Salesperson,11. Laborer  15. Repairman  16. Salesperson
578,data/facet/images/imgs_2/sa_5728806.jpg,Salesperson,16,15,1,Middle,16,4 11 16,11 16,11 16,11 16,The best answer is 16. Salesperson.,4. Craftsman  11. Laborer  16. Salesperson,11. Laborer  16. Salesperson,11. Laborer  16. Salesperson,11. Laborer  16. Salesperson
936,data/facet/images/imgs_2/sa_6404650.jpg,Salesperson,16,15,1,Middle,16,5 11 16,16,16,5 11 16,The best answer is 16. Salesperson.,5. Farmer  11. Laborer  16. Salesperson,16. Salesperson,16. Salesperson,5. Farmer  11. Laborer  16. Salesperson
617,data/facet/images/imgs_2/sa_6397718.jpg,Salesperson,16,15,1,Middle,16,11 14 16,16,16,11 16,The best answer is 16. Salesperson.,11. Laborer  14. Painter  16. Salesperson,16. Salesperson,16. Salesperson,11. Laborer  16. Salesperson
596,data/facet/images/imgs_2/sa_4146824.jpg,Salesperson,16,15,1,Middle,16,5 11 16,16,16,11 16,The best answer is 16. Salesperson.,5. Farmer  11. Laborer  16. Salesperson,16. Salesperson,16. Salesperson,11. Laborer  16. Salesperson
409,data/facet/images/imgs_2/sa_5176284.jpg,Salesperson,16,15,1,Middle,16,5 11 16,11 16,5 11 16,5 11 16,The best answer is 16. Salesperson.,5. Farmer  11. Laborer  16. Salesperson,11. Laborer  16. Salesperson,5. Farmer  11. Laborer  16. Salesperson,5. Farmer  11. Laborer  16. Salesperson
333,data/facet/images/imgs_2/sa_5217137.jpg,Salesperson,16,15,1,Middle,3,3 6 16,3 4 6 9 16 19,3 6 16 19,3 6 16 19,The best answer is 16. Salesperson.,3. Computer User  6. Guard  16. Salesperson,3. Computer User  4. Craftsman  6. Guard  9. Hairdresser  16. Salesperson  19. Speaker,3. Computer User  6. Guard  16. Salesperson  19. Speaker,3. Computer User  6. Guard  16. Salesperson  19. Speaker
239,data/facet/images/imgs_2/sa_6232197.jpg,Salesperson,16,15,1,Middle,16,3 11 16,2 3 9 11 15 16,3 11 15 16,3 11 15 16,The best answer is 16. Salesperson.,3. Computer User  11. Laborer  16. Salesperson,2. Boatman  3. Computer User  9. Hairdresser  11. Laborer  15. Repairman  16. Salesperson,3. Computer User  11. Laborer  15. Repairman  16. Salesperson,3. Computer User  11. Laborer  15. Repairman  16. Salesperson
1178,data/facet/images/imgs_2/sa_5019951.jpg,Salesperson,16,15,1,Middle,16,4 11 16,16,16,16,The best answer is 16. Salesperson.,4. Craftsman  11. Laborer  16. Salesperson,16. Salesperson,16. Salesperson,16. Salesperson
527,data/facet/images/imgs_2/sa_393092.jpg,Salesperson,16,15,1,Middle,11,3 11 16,3 11 16,3 11 15 16,3 11 15 16,The best answer is 16. Salesperson.,3. Computer User  11. Laborer  16. Salesperson,3. Computer User  11. Laborer  16. Salesperson,3. Computer User  11. Laborer  15. Repairman  16. Salesperson,3. Computer User  11. Laborer  15. Repairman  16. Salesperson
335,data/facet/images/imgs_2/sa_6097921.jpg,Salesperson,16,15,0,Younger,16,6 11 16,6 11 16,6 11 16 20,11 16,The best answer is 16. Salesperson.,6. Guard  11. Laborer  16. Salesperson,6. Guard  11. Laborer  16. Salesperson,6. Guard  11. Laborer  16. Salesperson  20. Tennis Player,11. Laborer  16. Salesperson
337,data/facet/images/imgs_2/sa_3821439.jpg,Salesperson,16,15,1,Middle,11,2 11 16,2 4 11 16,2 4 11 16,2 4 11 16,The best answer is 16. Salesperson.,2. Boatman  11. Laborer  16. Salesperson,2. Boatman  4. Craftsman  11. Laborer  16. Salesperson,2. Boatman  4. Craftsman  11. Laborer  16. Salesperson,2. Boatman  4. Craftsman  11. Laborer  16. Salesperson
338,data/facet/images/imgs_2/sa_5923063.jpg,Salesperson,16,15,1,Middle,16,5 11 16,11 16,11 16,11 16,The best answer is 16. Salesperson.,5. Farmer  11. Laborer  16. Salesperson,11. Laborer  16. Salesperson,11. Laborer  16. Salesperson,11. Laborer  16. Salesperson
1013,data/facet/images/imgs_2/sa_5925055.jpg,Salesperson,16,15,1,Middle,16,4 11 16,11 16,11 16,11 16,The best answer is 16. Salesperson.,4. Craftsman  11. Laborer  16. Salesperson,11. Laborer  16. Salesperson,11. Laborer  16. Salesperson,11. Laborer  16. Salesperson
1016,data/facet/images/imgs_2/sa_6535631.jpg,Salesperson,16,15,0,Younger,16,5 11 16,5 11 16,5 11 16,5 11 16,The best answer is 16. Salesperson.,5. Farmer  11. Laborer  16. Salesperson,5. Farmer  11. Laborer  16. Salesperson,5. Farmer  11. Laborer  16. Salesperson,5. Farmer  11. Laborer  16. Salesperson
294,data/facet/images/imgs_2/sa_5904855.jpg,Salesperson,16,15,1,Middle,16,5 11 16,5 11 16,2 5 11 16,2 5 11 16,The best answer is 16. Salesperson.,5. Farmer  11. Laborer  16. Salesperson,5. Farmer  11. Laborer  16. Salesperson,2. Boatman  5. Farmer  11. Laborer  16. Salesperson,2. Boatman  5. Farmer  11. Laborer  16. Salesperson
298,data/facet/images/imgs_2/sa_5043016.jpg,Salesperson,16,15,0,Younger,16,5 11 16,11 16,5 11 16,16,The best answer is 16. Salesperson.,5. Farmer  11. Laborer  16. Salesperson,11. Laborer  16. Salesperson,5. Farmer  11. Laborer  16. Salesperson,16. Salesperson
1001,data/facet/images/imgs_2/sa_5104719.jpg,Salesperson,16,15,1,Middle,16,5 11 16,11 16,5 11 16,5 11 16,The best answer is 16. Salesperson.,5. Farmer  11. Laborer  16. Salesperson,11. Laborer  16. Salesperson,5. Farmer  11. Laborer  16. Salesperson,5. Farmer  11. Laborer  16. Salesperson
418,data/facet/images/imgs_2/sa_3653655.jpg,Salesperson,16,15,1,Middle,16,1 11 16,1 16,1 11 16,1 11 15 16,The best answer is 16. Salesperson.,1. Backpacker  11. Laborer  16. Salesperson,1. Backpacker  16. Salesperson,1. Backpacker  11. Laborer  16. Salesperson,1. Backpacker  11. Laborer  15. Repairman  16. Salesperson
152,data/facet/images/imgs_2/sa_4497646.jpg,Salesperson,16,15,2,Older,16,11 15 16,16,16,3 11 15 16,The best answer is 16. Salesperson.,11. Laborer  15. Repairman  16. Salesperson,16. Salesperson,16. Salesperson,3. Computer User  11. Laborer  15. Repairman  16. Salesperson
495,data/facet/images/imgs_2/sa_5644620.jpg,Salesperson,16,15,2,Older,2,2 14 16,2 14 16,2 14 16,2 4 11 14 16,The best answer is 16. Salesperson.,2. Boatman  14. Painter  16. Salesperson,2. Boatman  14. Painter  16. Salesperson,2. Boatman  14. Painter  16. Salesperson,2. Boatman  4. Craftsman  11. Laborer  14. Painter  16. Salesperson
231,data/facet/images/imgs_2/sa_4955654.jpg,Salesperson,16,15,1,Middle,16,5 11 16,11 16,5 11 16,2 5 11 16,The best answer is 16. Salesperson.,5. Farmer  11. Laborer  16. Salesperson,11. Laborer  16. Salesperson,5. Farmer  11. Laborer  16. Salesperson,2. Boatman  5. Farmer  11. Laborer  16. Salesperson
233,data/facet/images/imgs_2/sa_6672628.jpg,Salesperson,16,15,1,Middle,11,5 11 16,5 11,5 11 16,2 5 11 16,The best answer is 16. Salesperson.,5. Farmer  11. Laborer  16. Salesperson,5. Farmer  11. Laborer,5. Farmer  11. Laborer  16. Salesperson,2. Boatman  5. Farmer  11. Laborer  16. Salesperson
272,data/facet/images/imgs_2/sa_4717530.jpg,Salesperson,16,15,2,Older,16,6 11 16,11 16,11 16,5 6 11 16,The best answer is 16. Salesperson.,6. Guard  11. Laborer  16. Salesperson,11. Laborer  16. Salesperson,11. Laborer  16. Salesperson,5. Farmer  6. Guard  11. Laborer  16. Salesperson
460,data/facet/images/imgs_2/sa_616452.jpg,Salesperson,16,15,1,Middle,16,11 14 16,11 16,6 11 14 16,6 11 14 16,The best answer is 16. Salesperson.,11. Laborer  14. Painter  16. Salesperson,11. Laborer  16. Salesperson,6. Guard  11. Laborer  14. Painter  16. Salesperson,6. Guard  11. Laborer  14. Painter  16. Salesperson
463,data/facet/images/imgs_2/sa_5332631.jpg,Salesperson,16,15,0,Younger,16,11 15 16,16,16,16,The best answer is 16. Salesperson.,11. Laborer  15. Repairman  16. Salesperson,16. Salesperson,16. Salesperson,16. Salesperson
951,data/facet/images/imgs_2/sa_581543.jpg,Salesperson,16,15,1,Middle,16,5 11 16,5 11 16,5 11 16,4 5 11 16,The best answer is 16. Salesperson.,5. Farmer  11. Laborer  16. Salesperson,5. Farmer  11. Laborer  16. Salesperson,5. Farmer  11. Laborer  16. Salesperson,4. Craftsman  5. Farmer  11. Laborer  16. Salesperson
512,data/facet/images/imgs_2/sa_6372386.jpg,Salesperson,16,15,1,Middle,16,1 11 16,16,11 16,11 16,The best answer is 16. Salesperson.,1. Backpacker  11. Laborer  16. Salesperson,16. Salesperson,11. Laborer  16. Salesperson,11. Laborer  16. Salesperson
1228,data/facet/images/imgs_2/sa_5149519.jpg,Salesperson,16,15,1,Middle,16,5 11 16,4 5 11 16,4 5 11 16,4 5 11 16,The best answer is 16. Salesperson.,5. Farmer  11. Laborer  16. Salesperson,4. Craftsman  5. Farmer  11. Laborer  16. Salesperson,4. Craftsman  5. Farmer  11. Laborer  16. Salesperson,4. Craftsman  5. Farmer  11. Laborer  16. Salesperson
848,data/facet/images/imgs_2/sa_6169865.jpg,Salesperson,16,15,1,Middle,16,1 11 16,16,11 16,11 16,The best answer is 16. Salesperson.,1. Backpacker  11. Laborer  16. Salesperson,16. Salesperson,11. Laborer  16. Salesperson,11. Laborer  16. Salesperson
1087,data/facet/images/imgs_2/sa_5176932.jpg,Salesperson,16,15,1,Middle,16,11 16 20,11 16 20,11 15 16 20,11 15 16 20,The best answer is 16. Salesperson.,11. Laborer  16. Salesperson  20. Tennis Player,11. Laborer  16. Salesperson  20. Tennis Player,11. Laborer  15. Repairman  16. Salesperson  20. Tennis Player,11. Laborer  15. Repairman  16. Salesperson  20. Tennis Player
1081,data/facet/images/imgs_2/sa_4999075.jpg,Salesperson,16,15,1,Middle,16,5 16 20,16,5 16 20,3 5 16 20,The best answer is 16. Salesperson.,5. Farmer  16. Salesperson  20. Tennis Player,16. Salesperson,5. Farmer  16. Salesperson  20. Tennis Player,3. Computer User  5. Farmer  16. Salesperson  20. Tennis Player
388,data/facet/images/imgs_2/sa_3957809.jpg,Salesperson,16,15,0,Younger,16,5 11 16,11 16,11 16,16,The best answer is 16. Salesperson.,5. Farmer  11. Laborer  16. Salesperson,11. Laborer  16. Salesperson,11. Laborer  16. Salesperson,16. Salesperson
377,data/facet/images/imgs_2/sa_4915577.jpg,Salesperson,16,15,0,Younger,16,1 11 16,11 16,1 11 16,16,The best answer is 16. Salesperson.,1. Backpacker  11. Laborer  16. Salesperson,11. Laborer  16. Salesperson,1. Backpacker  11. Laborer  16. Salesperson,16. Salesperson
367,data/facet/images/imgs_2/sa_6310763.jpg,Salesperson,16,15,1,Middle,16,5 11 16,11 16,5 11 16,5 6 11 16,The best answer is 16. Salesperson.,5. Farmer  11. Laborer  16. Salesperson,11. Laborer  16. Salesperson,5. Farmer  11. Laborer  16. Salesperson,5. Farmer  6. Guard  11. Laborer  16. Salesperson
99,data/facet/images/imgs_2/sa_5072986.jpg,Salesperson,16,15,0,Younger,3,3 6 16,2 3 6 8 11 16 19,3 6 11 16,3 6 11 16,The best answer is 16. Salesperson.,3. Computer User  6. Guard  16. Salesperson,2. Boatman  3. Computer User  6. Guard  8. Gymnast  11. Laborer  16. Salesperson  19. Speaker,3. Computer User  6. Guard  11. Laborer  16. Salesperson,3. Computer User  6. Guard  11. Laborer  16. Salesperson
793,data/facet/images/imgs_2/sa_6696334.jpg,Salesperson,16,15,1,Middle,16,4 11 16,4 16,2 4 11 16,2 4 11 16,The best answer is 16. Salesperson.,4. Craftsman  11. Laborer  16. Salesperson,4. Craftsman  16. Salesperson,2. Boatman  4. Craftsman  11. Laborer  16. Salesperson,2. Boatman  4. Craftsman  11. Laborer  16. Salesperson
714,data/facet/images/imgs_2/sa_6471714.jpg,Salesperson,16,15,3,Unknown,16,11 13 16,11 16,11 13 16,11 16,The best answer is 16. Salesperson.,11. Laborer  13. Motorcyclist  16. Salesperson,11. Laborer  16. Salesperson,11. Laborer  13. Motorcyclist  16. Salesperson,11. Laborer  16. Salesperson
1043,data/facet/images/imgs_2/sa_594602.jpg,Salesperson,16,15,1,Middle,16,1 11 16,16,16,1 16,The best answer is 16. Salesperson.,1. Backpacker  11. Laborer  16. Salesperson,16. Salesperson,16. Salesperson,1. Backpacker  16. Salesperson
1048,data/facet/images/imgs_2/sa_3743004.jpg,Salesperson,16,15,1,Middle,16,5 11 16,5 11 16,5 11 16,1 5 11 16,The best answer is 16. Salesperson.,5. Farmer  11. Laborer  16. Salesperson,5. Farmer  11. Laborer  16. Salesperson,5. Farmer  11. Laborer  16. Salesperson,1. Backpacker  5. Farmer  11. Laborer  16. Salesperson
302,data/facet/images/imgs_2/sa_592062.jpg,Salesperson,16,15,2,Older,16,5 11 16,16,16,1 5 11 16,The best answer is 16. Salesperson.,5. Farmer  11. Laborer  16. Salesperson,16. Salesperson,16. Salesperson,1. Backpacker  5. Farmer  11. Laborer  16. Salesperson
1063,data/facet/images/imgs_2/sa_4749743.jpg,Salesperson,16,15,0,Younger,16,6 11 16,6 11 16,6 11 15 16,6 11 16,The best answer is 16. Salesperson.,6. Guard  11. Laborer  16. Salesperson,6. Guard  11. Laborer  16. Salesperson,6. Guard  11. Laborer  15. Repairman  16. Salesperson,6. Guard  11. Laborer  16. Salesperson
675,data/facet/images/imgs_2/sa_4932672.jpg,Salesperson,16,15,1,Middle,16,11 15 16,11 15 16,2 11 15 16,2 11 15 16,The best answer is 16. Salesperson.,11. Laborer  15. Repairman  16. Salesperson,11. Laborer  15. Repairman  16. Salesperson,2. Boatman  11. Laborer  15. Repairman  16. Salesperson,2. Boatman  11. Laborer  15. Repairman  16. Salesperson
815,data/facet/images/imgs_2/sa_5845656.jpg,Salesperson,16,15,3,Unknown,16,5 6 16,4 5 6 11 16,5 6 11 16,5 6 11 16,The best answer is 16. Salesperson.,5. Farmer  6. Guard  16. Salesperson,4. Craftsman  5. Farmer  6. Guard  11. Laborer  16. Salesperson,5. Farmer  6. Guard  11. Laborer  16. Salesperson,5. Farmer  6. Guard  11. Laborer  16. Salesperson
841,data/facet/images/imgs_2/sa_6451360.jpg,Salesperson,16,15,2,Older,16,2 11 16,2 16,2 16,1 2 4 11 16,The best answer is 16. Salesperson.,2. Boatman  11. Laborer  16. Salesperson,2. Boatman  16. Salesperson,2. Boatman  16. Salesperson,1. Backpacker  2. Boatman  4. Craftsman  11. Laborer  16. Salesperson
1264,data/facet/images/imgs_2/sa_4677390.jpg,Salesperson,16,15,2,Older,16,5 11 16,16,16,3 5 10 11 16,The best answer is 16. Salesperson.,5. Farmer  11. Laborer  16. Salesperson,16. Salesperson,16. Salesperson,3. Computer User  5. Farmer  10. Horse Rider  11. Laborer  16. Salesperson
1316,data/facet/images/imgs_2/sa_6012601.jpg,Salesperson,16,15,1,Middle,2,2 11 14,1 2 11 14,1 2 11 14,1 2 11 14,The best answer is 16. Salesperson.,2. Boatman  11. Laborer  14. Painter,1. Backpacker  2. Boatman  11. Laborer  14. Painter,1. Backpacker  2. Boatman  11. Laborer  14. Painter,1. Backpacker  2. Boatman  11. Laborer  14. Painter
804,data/facet/images/imgs_2/sa_5197900.jpg,Salesperson,16,15,2,Older,16,11 15 16,16,16,3 11 15 16,The best answer is 16. Salesperson.,11. Laborer  15. Repairman  16. Salesperson,16. Salesperson,16. Salesperson,3. Computer User  11. Laborer  15. Repairman  16. Salesperson
126,data/facet/images/imgs_2/sa_4855776.jpg,Salesperson,16,15,1,Middle,16,3 11 16,16,16,16,The best answer is 16. Salesperson.,3. Computer User  11. Laborer  16. Salesperson,16. Salesperson,16. Salesperson,16. Salesperson
117,data/facet/images/imgs_2/sa_5070191.jpg,Salesperson,16,15,1,Middle,4,4 6 16,4 6 11 16,4 6 11 16,4 6 11 16,The best answer is 16. Salesperson.,4. Craftsman  6. Guard  16. Salesperson,4. Craftsman  6. Guard  11. Laborer  16. Salesperson,4. Craftsman  6. Guard  11. Laborer  16. Salesperson,4. Craftsman  6. Guard  11. Laborer  16. Salesperson
121,data/facet/images/imgs_2/sa_4379226.jpg,Salesperson,16,15,1,Middle,16,1 11 16,16,1 11 15 16,1 11 15 16,The best answer is 16. Salesperson.,1. Backpacker  11. Laborer  16. Salesperson,16. Salesperson,1. Backpacker  11. Laborer  15. Repairman  16. Salesperson,1. Backpacker  11. Laborer  15. Repairman  16. Salesperson
93,data/facet/images/imgs_2/sa_5491298.jpg,Salesperson,16,15,3,Unknown,16,1 11 16,16,1 16,16,The best answer is 16. Salesperson.,1. Backpacker  11. Laborer  16. Salesperson,16. Salesperson,1. Backpacker  16. Salesperson,16. Salesperson
1348,data/facet/images/imgs_2/sa_5436011.jpg,Salesperson,16,15,1,Middle,9,6 9 12,6 9 12,3 6 9 12,3 6 9 12,The best answer is 16. Salesperson.,6. Guard  9. Hairdresser  12. Officer,6. Guard  9. Hairdresser  12. Officer,3. Computer User  6. Guard  9. Hairdresser  12. Officer,3. Computer User  6. Guard  9. Hairdresser  12. Officer
134,data/facet/images/imgs_2/sa_4958066.jpg,Salesperson,16,15,1,Middle,16,1 11 16,11 16,1 2 11 16,1 2 11 16,The best answer is 16. Salesperson.,1. Backpacker  11. Laborer  16. Salesperson,11. Laborer  16. Salesperson,1. Backpacker  2. Boatman  11. Laborer  16. Salesperson,1. Backpacker  2. Boatman  11. Laborer  16. Salesperson
1329,data/facet/images/imgs_2/sa_4742864.jpg,Salesperson,16,15,1,Middle,16,5 11 16,5 11 16,5 11 16,1 5 11 16,The best answer is 16. Salesperson.,5. Farmer  11. Laborer  16. Salesperson,5. Farmer  11. Laborer  16. Salesperson,5. Farmer  11. Laborer  16. Salesperson,1. Backpacker  5. Farmer  11. Laborer  16. Salesperson
975,data/facet/images/imgs_2/sa_243057.jpg,Singer,17,16,1,Middle,8,6 8 16,3 6 8 10 12 16 17 20,6 8 12 16,6 8 12 16,The best answer is 17. Singer.,6. Guard  8. Gymnast  16. Salesperson,3. Computer User  6. Guard  8. Gymnast  10. Horse Rider  12. Officer  16. Salesperson  17. Singer  20. Tennis Player,6. Guard  8. Gymnast  12. Officer  16. Salesperson,6. Guard  8. Gymnast  12. Officer  16. Salesperson
210,data/facet/images/imgs_2/sa_4499468.jpg,Singer,17,16,1,Middle,17,10 11 17,17,7 10 11 17,7 10 11 17,The best answer is 17. Singer.,10. Horse Rider  11. Laborer  17. Singer,17. Singer,7. Guitarist  10. Horse Rider  11. Laborer  17. Singer,7. Guitarist  10. Horse Rider  11. Laborer  17. Singer
159,data/facet/images/imgs_2/sa_3984706.jpg,Singer,17,16,1,Middle,17,7 10 17,7 17,7 17,7 10 17 19,The best answer is 17. Singer.,7. Guitarist  10. Horse Rider  17. Singer,7. Guitarist  17. Singer,7. Guitarist  17. Singer,7. Guitarist  10. Horse Rider  17. Singer  19. Speaker
156,data/facet/images/imgs_2/sa_4138210.jpg,Singer,17,16,1,Middle,17,17 18 19,17,17,17 18 19,The best answer is 17. Singer.,17. Singer  18. Skateboarder  19. Speaker,17. Singer,17. Singer,17. Singer  18. Skateboarder  19. Speaker
151,data/facet/images/imgs_2/sa_2279357.jpg,Singer,17,16,3,Unknown,17,3 7 17,17,17,17,The best answer is 17. Singer.,3. Computer User  7. Guitarist  17. Singer,17. Singer,17. Singer,17. Singer
614,data/facet/images/imgs_2/sa_3195580.jpg,Singer,17,16,1,Middle,17,9 17 19,17,17,17,The best answer is 17. Singer.,9. Hairdresser  17. Singer  19. Speaker,17. Singer,17. Singer,17. Singer
586,data/facet/images/imgs_2/sa_1717748.jpg,Singer,17,16,3,Unknown,17,10 14 17,17,10 17,17,The best answer is 17. Singer.,10. Horse Rider  14. Painter  17. Singer,17. Singer,10. Horse Rider  17. Singer,17. Singer
905,data/facet/images/imgs_2/sa_3768413.jpg,Singer,17,16,1,Middle,17,9 17 19,17,17 19,9 17 19 20,The best answer is 17. Singer.,9. Hairdresser  17. Singer  19. Speaker,17. Singer,17. Singer  19. Speaker,9. Hairdresser  17. Singer  19. Speaker  20. Tennis Player
903,data/facet/images/imgs_2/sa_4490676.jpg,Singer,17,16,1,Middle,16,11 16 17,11 16 17,5 11 16 17,5 11 16 17,The best answer is 17. Singer.,11. Laborer  16. Salesperson  17. Singer,11. Laborer  16. Salesperson  17. Singer,5. Farmer  11. Laborer  16. Salesperson  17. Singer,5. Farmer  11. Laborer  16. Salesperson  17. Singer
594,data/facet/images/imgs_2/sa_2706245.jpg,Singer,17,16,1,Middle,17,10 17 18,17 18,1 10 17 18,1 10 17 18,The best answer is 17. Singer.,10. Horse Rider  17. Singer  18. Skateboarder,17. Singer  18. Skateboarder,1. Backpacker  10. Horse Rider  17. Singer  18. Skateboarder,1. Backpacker  10. Horse Rider  17. Singer  18. Skateboarder
1332,data/facet/images/imgs_2/sa_2648530.jpg,Singer,17,16,1,Middle,17,7 14 17,7 17,7 10 14 17,7 10 14 17,The best answer is 17. Singer.,7. Guitarist  14. Painter  17. Singer,7. Guitarist  17. Singer,7. Guitarist  10. Horse Rider  14. Painter  17. Singer,7. Guitarist  10. Horse Rider  14. Painter  17. Singer
167,data/facet/images/imgs_2/sa_2511572.jpg,Singer,17,16,0,Younger,17,11 17 19,17,11 17 19 20,17,The best answer is 17. Singer.,11. Laborer  17. Singer  19. Speaker,17. Singer,11. Laborer  17. Singer  19. Speaker  20. Tennis Player,17. Singer
1131,data/facet/images/imgs_2/sa_3850055.jpg,Singer,17,16,0,Younger,17,11 15 17,11 17,11 12 15 17,17,The best answer is 17. Singer.,11. Laborer  15. Repairman  17. Singer,11. Laborer  17. Singer,11. Laborer  12. Officer  15. Repairman  17. Singer,17. Singer
1159,data/facet/images/imgs_2/sa_3681103.jpg,Singer,17,16,0,Younger,17,6 9 17,17,17,17,The best answer is 17. Singer.,6. Guard  9. Hairdresser  17. Singer,17. Singer,17. Singer,17. Singer
1333,data/facet/images/imgs_2/sa_1647942.jpg,Singer,17,16,1,Middle,17,6 11 17,17,11 17,6 11 17,The best answer is 17. Singer.,6. Guard  11. Laborer  17. Singer,17. Singer,11. Laborer  17. Singer,6. Guard  11. Laborer  17. Singer
1334,data/facet/images/imgs_2/sa_2467028.jpg,Singer,17,16,1,Middle,17,11 15 17,17,17,11 17,The best answer is 17. Singer.,11. Laborer  15. Repairman  17. Singer,17. Singer,17. Singer,11. Laborer  17. Singer
255,data/facet/images/imgs_2/sa_262637.jpg,Singer,17,16,1,Middle,17,7 11 17,17,17,17,The best answer is 17. Singer.,7. Guitarist  11. Laborer  17. Singer,17. Singer,17. Singer,17. Singer
747,data/facet/images/imgs_2/sa_1488549.jpg,Singer,17,16,1,Middle,17,7 17 19,17,17,17,The best answer is 17. Singer.,7. Guitarist  17. Singer  19. Speaker,17. Singer,17. Singer,17. Singer
1034,data/facet/images/imgs_2/sa_3317872.jpg,Singer,17,16,0,Younger,17,14 16 17,17,17,17,The best answer is 17. Singer.,14. Painter  16. Salesperson  17. Singer,17. Singer,17. Singer,17. Singer
398,data/facet/images/imgs_2/sa_3638975.jpg,Singer,17,16,0,Younger,17,8 17 20,17,17,17,The best answer is 17. Singer.,8. Gymnast  17. Singer  20. Tennis Player,17. Singer,17. Singer,17. Singer
32,data/facet/images/imgs_2/sa_2502980.jpg,Singer,17,16,0,Younger,17,1 11 17,17,17,17,The best answer is 17. Singer.,1. Backpacker  11. Laborer  17. Singer,17. Singer,17. Singer,17. Singer
24,data/facet/images/imgs_2/sa_3263649.jpg,Singer,17,16,1,Middle,17,9 17 19,17 19,17 19,3 9 17 19,The best answer is 17. Singer.,9. Hairdresser  17. Singer  19. Speaker,17. Singer  19. Speaker,17. Singer  19. Speaker,3. Computer User  9. Hairdresser  17. Singer  19. Speaker
480,data/facet/images/imgs_2/sa_2671835.jpg,Singer,17,16,1,Middle,17,3 10 17,17,17,17,The best answer is 17. Singer.,3. Computer User  10. Horse Rider  17. Singer,17. Singer,17. Singer,17. Singer
546,data/facet/images/imgs_2/sa_3629885.jpg,Singer,17,16,0,Younger,6,6 15 17,6,6,6,The best answer is 17. Singer.,6. Guard  15. Repairman  17. Singer,6. Guard,6. Guard,6. Guard
249,data/facet/images/imgs_2/sa_1912659.jpg,Singer,17,16,1,Middle,17,11 17 19,17,17,17,The best answer is 17. Singer.,11. Laborer  17. Singer  19. Speaker,17. Singer,17. Singer,17. Singer
530,data/facet/images/imgs_2/sa_2552471.jpg,Singer,17,16,1,Middle,17,6 7 17,17,7 17,7 17,The best answer is 17. Singer.,6. Guard  7. Guitarist  17. Singer,17. Singer,7. Guitarist  17. Singer,7. Guitarist  17. Singer
933,data/facet/images/imgs_2/sa_2873578.jpg,Singer,17,16,0,Younger,17,6 11 17,17,17,17,The best answer is 17. Singer.,6. Guard  11. Laborer  17. Singer,17. Singer,17. Singer,17. Singer
182,data/facet/images/imgs_2/sa_2580479.jpg,Singer,17,16,2,Older,17,10 11 17,10 11 17,10 11 17,2 10 11 12 17,The best answer is 17. Singer.,10. Horse Rider  11. Laborer  17. Singer,10. Horse Rider  11. Laborer  17. Singer,10. Horse Rider  11. Laborer  17. Singer,2. Boatman  10. Horse Rider  11. Laborer  12. Officer  17. Singer
497,data/facet/images/imgs_2/sa_446483.jpg,Singer,17,16,0,Younger,17,6 17 19,17,17,17,The best answer is 17. Singer.,6. Guard  17. Singer  19. Speaker,17. Singer,17. Singer,17. Singer
185,data/facet/images/imgs_2/sa_2393906.jpg,Singer,17,16,0,Younger,17,7 16 17,7 16 17,7 16 17,16 17,The best answer is 17. Singer.,7. Guitarist  16. Salesperson  17. Singer,7. Guitarist  16. Salesperson  17. Singer,7. Guitarist  16. Salesperson  17. Singer,16. Salesperson  17. Singer
941,data/facet/images/imgs_2/sa_1635972.jpg,Singer,17,16,1,Middle,17,11 14 17,1 6 7 11 14 17 19,6 11 14 17,6 11 14 17,The best answer is 17. Singer.,11. Laborer  14. Painter  17. Singer,1. Backpacker  6. Guard  7. Guitarist  11. Laborer  14. Painter  17. Singer  19. Speaker,6. Guard  11. Laborer  14. Painter  17. Singer,6. Guard  11. Laborer  14. Painter  17. Singer
958,data/facet/images/imgs_2/sa_1429736.jpg,Singer,17,16,1,Middle,17,10 17 19,17,17,10 17 19,The best answer is 17. Singer.,10. Horse Rider  17. Singer  19. Speaker,17. Singer,17. Singer,10. Horse Rider  17. Singer  19. Speaker
194,data/facet/images/imgs_2/sa_3826401.jpg,Singer,17,16,1,Middle,17,10 17 19,17 19,3 10 17 19,3 10 17 19,The best answer is 17. Singer.,10. Horse Rider  17. Singer  19. Speaker,17. Singer  19. Speaker,3. Computer User  10. Horse Rider  17. Singer  19. Speaker,3. Computer User  10. Horse Rider  17. Singer  19. Speaker
998,data/facet/images/imgs_2/sa_1507381.jpg,Singer,17,16,0,Younger,17,7 11 17,17,11 17,17,The best answer is 17. Singer.,7. Guitarist  11. Laborer  17. Singer,17. Singer,11. Laborer  17. Singer,17. Singer
461,data/facet/images/imgs_2/sa_3135328.jpg,Singer,17,16,1,Middle,11,11 17 19,7 10 11 16 17 19,7 11 17 19,7 11 17 19,The best answer is 17. Singer.,11. Laborer  17. Singer  19. Speaker,7. Guitarist  10. Horse Rider  11. Laborer  16. Salesperson  17. Singer  19. Speaker,7. Guitarist  11. Laborer  17. Singer  19. Speaker,7. Guitarist  11. Laborer  17. Singer  19. Speaker
989,data/facet/images/imgs_2/sa_4196530.jpg,Singer,17,16,1,Middle,17,3 16 17,3 8 11 16 17 19 20,3 16 17 19,3 16 17 19,The best answer is 17. Singer.,3. Computer User  16. Salesperson  17. Singer,3. Computer User  8. Gymnast  11. Laborer  16. Salesperson  17. Singer  19. Speaker  20. Tennis Player,3. Computer User  16. Salesperson  17. Singer  19. Speaker,3. Computer User  16. Salesperson  17. Singer  19. Speaker
1002,data/facet/images/imgs_2/sa_1921220.jpg,Singer,17,16,0,Younger,17,7 14 17,17,17,17,The best answer is 17. Singer.,7. Guitarist  14. Painter  17. Singer,17. Singer,17. Singer,17. Singer
640,data/facet/images/imgs_2/sa_2408483.jpg,Singer,17,16,1,Middle,17,11 15 17,17,17,17,The best answer is 17. Singer.,11. Laborer  15. Repairman  17. Singer,17. Singer,17. Singer,17. Singer
1239,data/facet/images/imgs_2/sa_3553059.jpg,Singer,17,16,0,Younger,17,1 17 19,17,17,17,The best answer is 17. Singer.,1. Backpacker  17. Singer  19. Speaker,17. Singer,17. Singer,17. Singer
786,data/facet/images/imgs_2/sa_4078339.jpg,Singer,17,16,3,Unknown,17,8 11 17,8 11 17 19,8 11 17 19,8 11 17 19,The best answer is 17. Singer.,8. Gymnast  11. Laborer  17. Singer,8. Gymnast  11. Laborer  17. Singer  19. Speaker,8. Gymnast  11. Laborer  17. Singer  19. Speaker,8. Gymnast  11. Laborer  17. Singer  19. Speaker
856,data/facet/images/imgs_2/sa_1549906.jpg,Singer,17,16,1,Middle,17,7 11 17,17,17,17,The best answer is 17. Singer.,7. Guitarist  11. Laborer  17. Singer,17. Singer,17. Singer,17. Singer
1301,data/facet/images/imgs_2/sa_3348199.jpg,Singer,17,16,1,Middle,17,8 17 19,8 11 17 19,8 11 17 19,8 11 17 19,The best answer is 17. Singer.,8. Gymnast  17. Singer  19. Speaker,8. Gymnast  11. Laborer  17. Singer  19. Speaker,8. Gymnast  11. Laborer  17. Singer  19. Speaker,8. Gymnast  11. Laborer  17. Singer  19. Speaker
7,data/facet/images/imgs_2/sa_2159295.jpg,Singer,17,16,1,Middle,17,7 11 17,17,17,17,The best answer is 17. Singer.,7. Guitarist  11. Laborer  17. Singer,17. Singer,17. Singer,17. Singer
1052,data/facet/images/imgs_2/sa_2996602.jpg,Singer,17,16,1,Middle,17,3 17 19,17,17,17,The best answer is 17. Singer.,3. Computer User  17. Singer  19. Speaker,17. Singer,17. Singer,17. Singer
104,data/facet/images/imgs_2/sa_2499025.jpg,Singer,17,16,1,Middle,17,7 17 19,17,17,17,The best answer is 17. Singer.,7. Guitarist  17. Singer  19. Speaker,17. Singer,17. Singer,17. Singer
305,data/facet/images/imgs_2/sa_3033729.jpg,Singer,17,16,1,Middle,17,11 14 17,17,17,17,The best answer is 17. Singer.,11. Laborer  14. Painter  17. Singer,17. Singer,17. Singer,17. Singer
1106,data/facet/images/imgs_2/sa_3803376.jpg,Singer,17,16,1,Middle,17,7 16 17,17,7 17,7 16 17 19,The best answer is 17. Singer.,7. Guitarist  16. Salesperson  17. Singer,17. Singer,7. Guitarist  17. Singer,7. Guitarist  16. Salesperson  17. Singer  19. Speaker
326,data/facet/images/imgs_2/sa_3272896.jpg,Singer,17,16,1,Middle,17,11 15 17,11 17,11 15 17,2 11 15 17,The best answer is 17. Singer.,11. Laborer  15. Repairman  17. Singer,11. Laborer  17. Singer,11. Laborer  15. Repairman  17. Singer,2. Boatman  11. Laborer  15. Repairman  17. Singer
43,data/facet/images/imgs_2/sa_4300430.jpg,Singer,17,16,3,Unknown,17,10 16 17,17,10 17,17,The best answer is 17. Singer.,10. Horse Rider  16. Salesperson  17. Singer,17. Singer,10. Horse Rider  17. Singer,17. Singer
1105,data/facet/images/imgs_2/sa_4207548.jpg,Singer,17,16,1,Middle,16,2 16 17,2 7 11 16 17,2 7 16 17,2 7 16 17,The best answer is 17. Singer.,2. Boatman  16. Salesperson  17. Singer,2. Boatman  7. Guitarist  11. Laborer  16. Salesperson  17. Singer,2. Boatman  7. Guitarist  16. Salesperson  17. Singer,2. Boatman  7. Guitarist  16. Salesperson  17. Singer
336,data/facet/images/imgs_2/sa_342595.jpg,Singer,17,16,0,Younger,17,6 17 19,17,17,17,The best answer is 17. Singer.,6. Guard  17. Singer  19. Speaker,17. Singer,17. Singer,17. Singer
1359,data/facet/images/imgs_2/sa_2844056.jpg,Singer,17,16,0,Younger,17,3 6 17,17,17,17,The best answer is 17. Singer.,3. Computer User  6. Guard  17. Singer,17. Singer,17. Singer,17. Singer
1353,data/facet/images/imgs_2/sa_2457898.jpg,Singer,17,16,0,Younger,17,8 17 20,17,17,17,The best answer is 17. Singer.,8. Gymnast  17. Singer  20. Tennis Player,17. Singer,17. Singer,17. Singer
1349,data/facet/images/imgs_2/sa_204323.jpg,Singer,17,16,1,Middle,17,9 10 17,9 17,7 9 10 17,7 9 10 17,The best answer is 17. Singer.,9. Hairdresser  10. Horse Rider  17. Singer,9. Hairdresser  17. Singer,7. Guitarist  9. Hairdresser  10. Horse Rider  17. Singer,7. Guitarist  9. Hairdresser  10. Horse Rider  17. Singer
853,data/facet/images/imgs_2/sa_1422174.jpg,Singer,17,16,1,Middle,17,17 19 20,17,17,17 19,The best answer is 17. Singer.,17. Singer  19. Speaker  20. Tennis Player,17. Singer,17. Singer,17. Singer  19. Speaker
827,data/facet/images/imgs_2/sa_3544461.jpg,Singer,17,16,1,Middle,17,10 17 19,10 17 19,7 10 17 19,7 10 17 19,The best answer is 17. Singer.,10. Horse Rider  17. Singer  19. Speaker,10. Horse Rider  17. Singer  19. Speaker,7. Guitarist  10. Horse Rider  17. Singer  19. Speaker,7. Guitarist  10. Horse Rider  17. Singer  19. Speaker
1267,data/facet/images/imgs_2/sa_4052361.jpg,Singer,17,16,1,Middle,16,11 16 17,11 16 17,11 15 16 17,11 15 16 17,The best answer is 17. Singer.,11. Laborer  16. Salesperson  17. Singer,11. Laborer  16. Salesperson  17. Singer,11. Laborer  15. Repairman  16. Salesperson  17. Singer,11. Laborer  15. Repairman  16. Salesperson  17. Singer
114,data/facet/images/imgs_2/sa_2902486.jpg,Singer,17,16,0,Younger,16,11 16 17,11 16 17,11 16 17,16 17,The best answer is 17. Singer.,11. Laborer  16. Salesperson  17. Singer,11. Laborer  16. Salesperson  17. Singer,11. Laborer  16. Salesperson  17. Singer,16. Salesperson  17. Singer
352,data/facet/images/imgs_2/sa_1376658.jpg,Singer,17,16,1,Middle,17,7 9 17,17,17,17,The best answer is 17. Singer.,7. Guitarist  9. Hairdresser  17. Singer,17. Singer,17. Singer,17. Singer
365,data/facet/images/imgs_2/sa_1873155.jpg,Singer,17,16,0,Younger,17,11 12 17,11 12 17,11 12 15 17,12 17,The best answer is 17. Singer.,11. Laborer  12. Officer  17. Singer,11. Laborer  12. Officer  17. Singer,11. Laborer  12. Officer  15. Repairman  17. Singer,12. Officer  17. Singer
1039,data/facet/images/imgs_2/sa_4195314.jpg,Singer,17,16,1,Middle,17,9 14 17,17,17,17,The best answer is 17. Singer.,9. Hairdresser  14. Painter  17. Singer,17. Singer,17. Singer,17. Singer
693,data/facet/images/imgs_2/sa_3773211.jpg,Singer,17,16,1,Middle,17,10 13 17,17,17,17,The best answer is 17. Singer.,10. Horse Rider  13. Motorcyclist  17. Singer,17. Singer,17. Singer,17. Singer
339,data/facet/images/imgs_2/sa_4350116.jpg,Singer,17,16,1,Middle,17,10 17 20,17,17,10 11 17 20,The best answer is 17. Singer.,10. Horse Rider  17. Singer  20. Tennis Player,17. Singer,17. Singer,10. Horse Rider  11. Laborer  17. Singer  20. Tennis Player
1037,data/facet/images/imgs_2/sa_1912661.jpg,Singer,17,16,1,Middle,17,3 10 17,3 17,3 10 14 17,3 10 14 17,The best answer is 17. Singer.,3. Computer User  10. Horse Rider  17. Singer,3. Computer User  17. Singer,3. Computer User  10. Horse Rider  14. Painter  17. Singer,3. Computer User  10. Horse Rider  14. Painter  17. Singer
835,data/facet/images/imgs_2/sa_2323769.jpg,Singer,17,16,1,Middle,17,4 16 17,17,17,4 16 17 19,The best answer is 17. Singer.,4. Craftsman  16. Salesperson  17. Singer,17. Singer,17. Singer,4. Craftsman  16. Salesperson  17. Singer  19. Speaker
682,data/facet/images/imgs_2/sa_2719919.jpg,Singer,17,16,1,Middle,17,7 10 17,7 17,7 10 17,7 10 12 17,The best answer is 17. Singer.,7. Guitarist  10. Horse Rider  17. Singer,7. Guitarist  17. Singer,7. Guitarist  10. Horse Rider  17. Singer,7. Guitarist  10. Horse Rider  12. Officer  17. Singer
1040,data/facet/images/imgs_2/sa_2634488.jpg,Singer,17,16,1,Middle,17,10 11 17,17,17,7 10 11 17,The best answer is 17. Singer.,10. Horse Rider  11. Laborer  17. Singer,17. Singer,17. Singer,7. Guitarist  10. Horse Rider  11. Laborer  17. Singer
803,data/facet/images/imgs_2/sa_4185974.jpg,Skateboarder,18,17,3,Unknown,18,1 8 18,18,18,18,The best answer is 18. Skateboarder.,1. Backpacker  8. Gymnast  18. Skateboarder,18. Skateboarder,18. Skateboarder,18. Skateboarder
921,data/facet/images/imgs_2/sa_3116896.jpg,Skateboarder,18,17,3,Unknown,18,13 18 19,18,18,18,The best answer is 18. Skateboarder.,13. Motorcyclist  18. Skateboarder  19. Speaker,18. Skateboarder,18. Skateboarder,18. Skateboarder
1200,data/facet/images/imgs_2/sa_2492270.jpg,Skateboarder,18,17,0,Younger,18,1 18 20,18,18,18,The best answer is 18. Skateboarder.,1. Backpacker  18. Skateboarder  20. Tennis Player,18. Skateboarder,18. Skateboarder,18. Skateboarder
744,data/facet/images/imgs_2/sa_3572844.jpg,Skateboarder,18,17,0,Younger,18,16 18 20,18,18,18,The best answer is 18. Skateboarder.,16. Salesperson  18. Skateboarder  20. Tennis Player,18. Skateboarder,18. Skateboarder,18. Skateboarder
1293,data/facet/images/imgs_2/sa_246379.jpg,Skateboarder,18,17,3,Unknown,18,8 18 19,18,18,18,The best answer is 18. Skateboarder.,8. Gymnast  18. Skateboarder  19. Speaker,18. Skateboarder,18. Skateboarder,18. Skateboarder
524,data/facet/images/imgs_2/sa_4797184.jpg,Skateboarder,18,17,0,Younger,18,10 11 18,18,18,18,The best answer is 18. Skateboarder.,10. Horse Rider  11. Laborer  18. Skateboarder,18. Skateboarder,18. Skateboarder,18. Skateboarder
363,data/facet/images/imgs_2/sa_359000.jpg,Skateboarder,18,17,0,Younger,18,1 16 18,18,18,18,The best answer is 18. Skateboarder.,1. Backpacker  16. Salesperson  18. Skateboarder,18. Skateboarder,18. Skateboarder,18. Skateboarder
780,data/facet/images/imgs_2/sa_2356037.jpg,Skateboarder,18,17,3,Unknown,18,10 13 18,18,18,18,The best answer is 18. Skateboarder.,10. Horse Rider  13. Motorcyclist  18. Skateboarder,18. Skateboarder,18. Skateboarder,18. Skateboarder
1365,data/facet/images/imgs_2/sa_3688718.jpg,Skateboarder,18,17,1,Middle,18,2 13 18,18,18,18,The best answer is 18. Skateboarder.,2. Boatman  13. Motorcyclist  18. Skateboarder,18. Skateboarder,18. Skateboarder,18. Skateboarder
1395,data/facet/images/imgs_2/sa_444628.jpg,Skateboarder,18,17,0,Younger,18,6 8 18,18,18,18,The best answer is 18. Skateboarder.,6. Guard  8. Gymnast  18. Skateboarder,18. Skateboarder,18. Skateboarder,18. Skateboarder
180,data/facet/images/imgs_2/sa_2973066.jpg,Skateboarder,18,17,3,Unknown,18,8 16 18,18,18,18,The best answer is 18. Skateboarder.,8. Gymnast  16. Salesperson  18. Skateboarder,18. Skateboarder,18. Skateboarder,18. Skateboarder
209,data/facet/images/imgs_2/sa_4138553.jpg,Skateboarder,18,17,1,Middle,18,15 16 18,18,18,18,The best answer is 18. Skateboarder.,15. Repairman  16. Salesperson  18. Skateboarder,18. Skateboarder,18. Skateboarder,18. Skateboarder
50,data/facet/images/imgs_2/sa_363917.jpg,Skateboarder,18,17,0,Younger,18,6 11 18,18,18,18,The best answer is 18. Skateboarder.,6. Guard  11. Laborer  18. Skateboarder,18. Skateboarder,18. Skateboarder,18. Skateboarder
699,data/facet/images/imgs_2/sa_2562249.jpg,Skateboarder,18,17,0,Younger,18,10 11 18,18,18,18,The best answer is 18. Skateboarder.,10. Horse Rider  11. Laborer  18. Skateboarder,18. Skateboarder,18. Skateboarder,18. Skateboarder
583,data/facet/images/imgs_2/sa_406746.jpg,Skateboarder,18,17,0,Younger,18,11 18 20,18,18,18,The best answer is 18. Skateboarder.,11. Laborer  18. Skateboarder  20. Tennis Player,18. Skateboarder,18. Skateboarder,18. Skateboarder
138,data/facet/images/imgs_2/sa_4948269.jpg,Skateboarder,18,17,3,Unknown,18,13 16 18,18,18,18,The best answer is 18. Skateboarder.,13. Motorcyclist  16. Salesperson  18. Skateboarder,18. Skateboarder,18. Skateboarder,18. Skateboarder
368,data/facet/images/imgs_2/sa_4229544.jpg,Skateboarder,18,17,1,Middle,18,8 11 18,18,18,18,The best answer is 18. Skateboarder.,8. Gymnast  11. Laborer  18. Skateboarder,18. Skateboarder,18. Skateboarder,18. Skateboarder
1346,data/facet/images/imgs_2/sa_4370127.jpg,Skateboarder,18,17,1,Middle,18,11 16 18,18,18,18,The best answer is 18. Skateboarder.,11. Laborer  16. Salesperson  18. Skateboarder,18. Skateboarder,18. Skateboarder,18. Skateboarder
1068,data/facet/images/imgs_2/sa_3438979.jpg,Skateboarder,18,17,1,Middle,18,1 16 18,18,18,18,The best answer is 18. Skateboarder.,1. Backpacker  16. Salesperson  18. Skateboarder,18. Skateboarder,18. Skateboarder,18. Skateboarder
356,data/facet/images/imgs_2/sa_3483018.jpg,Skateboarder,18,17,0,Younger,18,6 16 18,18,18,18,The best answer is 18. Skateboarder.,6. Guard  16. Salesperson  18. Skateboarder,18. Skateboarder,18. Skateboarder,18. Skateboarder
355,data/facet/images/imgs_2/sa_3160780.jpg,Skateboarder,18,17,0,Younger,18,8 11 18,18,18,18,The best answer is 18. Skateboarder.,8. Gymnast  11. Laborer  18. Skateboarder,18. Skateboarder,18. Skateboarder,18. Skateboarder
769,data/facet/images/imgs_2/sa_2896022.jpg,Skateboarder,18,17,0,Younger,18,8 18 20,18,18,18,The best answer is 18. Skateboarder.,8. Gymnast  18. Skateboarder  20. Tennis Player,18. Skateboarder,18. Skateboarder,18. Skateboarder
40,data/facet/images/imgs_2/sa_4370618.jpg,Skateboarder,18,17,1,Middle,18,1 11 18,18,18,18,The best answer is 18. Skateboarder.,1. Backpacker  11. Laborer  18. Skateboarder,18. Skateboarder,18. Skateboarder,18. Skateboarder
168,data/facet/images/imgs_2/sa_4116643.jpg,Skateboarder,18,17,1,Middle,18,6 8 18,18,18,18,The best answer is 18. Skateboarder.,6. Guard  8. Gymnast  18. Skateboarder,18. Skateboarder,18. Skateboarder,18. Skateboarder
350,data/facet/images/imgs_2/sa_47946.jpg,Skateboarder,18,17,1,Middle,18,1 2 18,18,18,18,The best answer is 18. Skateboarder.,1. Backpacker  2. Boatman  18. Skateboarder,18. Skateboarder,18. Skateboarder,18. Skateboarder
650,data/facet/images/imgs_2/sa_4961387.jpg,Skateboarder,18,17,3,Unknown,18,8 10 18,18,8 18,18,The best answer is 18. Skateboarder.,8. Gymnast  10. Horse Rider  18. Skateboarder,18. Skateboarder,8. Gymnast  18. Skateboarder,18. Skateboarder
1281,data/facet/images/imgs_2/sa_4081590.jpg,Skateboarder,18,17,0,Younger,18,11 16 18,18,18,18,The best answer is 18. Skateboarder.,11. Laborer  16. Salesperson  18. Skateboarder,18. Skateboarder,18. Skateboarder,18. Skateboarder
1318,data/facet/images/imgs_2/sa_3119309.jpg,Skateboarder,18,17,3,Unknown,18,8 18 20,18,18,18,The best answer is 18. Skateboarder.,8. Gymnast  18. Skateboarder  20. Tennis Player,18. Skateboarder,18. Skateboarder,18. Skateboarder
832,data/facet/images/imgs_2/sa_3809050.jpg,Skateboarder,18,17,1,Middle,18,4 10 18,18,18,18,The best answer is 18. Skateboarder.,4. Craftsman  10. Horse Rider  18. Skateboarder,18. Skateboarder,18. Skateboarder,18. Skateboarder
828,data/facet/images/imgs_2/sa_3620847.jpg,Skateboarder,18,17,0,Younger,18,8 15 18,18,18,18,The best answer is 18. Skateboarder.,8. Gymnast  15. Repairman  18. Skateboarder,18. Skateboarder,18. Skateboarder,18. Skateboarder
680,data/facet/images/imgs_2/sa_363906.jpg,Skateboarder,18,17,0,Younger,18,8 18 20,6 8 18 20,6 8 18 20,6 8 18 20,The best answer is 18. Skateboarder.,8. Gymnast  18. Skateboarder  20. Tennis Player,6. Guard  8. Gymnast  18. Skateboarder  20. Tennis Player,6. Guard  8. Gymnast  18. Skateboarder  20. Tennis Player,6. Guard  8. Gymnast  18. Skateboarder  20. Tennis Player
867,data/facet/images/imgs_2/sa_3148461.jpg,Skateboarder,18,17,1,Middle,18,8 18 20,8 18,8 18 20,8 18 20,The best answer is 18. Skateboarder.,8. Gymnast  18. Skateboarder  20. Tennis Player,8. Gymnast  18. Skateboarder,8. Gymnast  18. Skateboarder  20. Tennis Player,8. Gymnast  18. Skateboarder  20. Tennis Player
651,data/facet/images/imgs_2/sa_4066974.jpg,Skateboarder,18,17,1,Middle,18,11 16 18,18,18,18,The best answer is 18. Skateboarder.,11. Laborer  16. Salesperson  18. Skateboarder,18. Skateboarder,18. Skateboarder,18. Skateboarder
857,data/facet/images/imgs_2/sa_3669218.jpg,Skateboarder,18,17,0,Younger,18,2 8 18,18,18,18,The best answer is 18. Skateboarder.,2. Boatman  8. Gymnast  18. Skateboarder,18. Skateboarder,18. Skateboarder,18. Skateboarder
115,data/facet/images/imgs_2/sa_4191317.jpg,Skateboarder,18,17,0,Younger,18,8 18 20,18,18,18,The best answer is 18. Skateboarder.,8. Gymnast  18. Skateboarder  20. Tennis Player,18. Skateboarder,18. Skateboarder,18. Skateboarder
1121,data/facet/images/imgs_2/sa_2643751.jpg,Skateboarder,18,17,3,Unknown,2,2 16 18,2 16 18,1 2 16 18,1 2 16 18,The best answer is 18. Skateboarder.,2. Boatman  16. Salesperson  18. Skateboarder,2. Boatman  16. Salesperson  18. Skateboarder,1. Backpacker  2. Boatman  16. Salesperson  18. Skateboarder,1. Backpacker  2. Boatman  16. Salesperson  18. Skateboarder
785,data/facet/images/imgs_2/sa_3052440.jpg,Skateboarder,18,17,1,Middle,18,1 2 18,18,18,18,The best answer is 18. Skateboarder.,1. Backpacker  2. Boatman  18. Skateboarder,18. Skateboarder,18. Skateboarder,18. Skateboarder
106,data/facet/images/imgs_2/sa_2769654.jpg,Skateboarder,18,17,1,Middle,18,2 11 18,18,18,18,The best answer is 18. Skateboarder.,2. Boatman  11. Laborer  18. Skateboarder,18. Skateboarder,18. Skateboarder,18. Skateboarder
102,data/facet/images/imgs_2/sa_3915582.jpg,Skateboarder,18,17,1,Middle,18,6 16 18,18,18,18,The best answer is 18. Skateboarder.,6. Guard  16. Salesperson  18. Skateboarder,18. Skateboarder,18. Skateboarder,18. Skateboarder
1298,data/facet/images/imgs_2/sa_2525625.jpg,Skateboarder,18,17,1,Middle,18,13 16 18,13 16 18,6 13 16 18,6 13 16 18,The best answer is 18. Skateboarder.,13. Motorcyclist  16. Salesperson  18. Skateboarder,13. Motorcyclist  16. Salesperson  18. Skateboarder,6. Guard  13. Motorcyclist  16. Salesperson  18. Skateboarder,6. Guard  13. Motorcyclist  16. Salesperson  18. Skateboarder
1296,data/facet/images/imgs_2/sa_2973560.jpg,Skateboarder,18,17,3,Unknown,18,2 13 18,18,18,18,The best answer is 18. Skateboarder.,2. Boatman  13. Motorcyclist  18. Skateboarder,18. Skateboarder,18. Skateboarder,18. Skateboarder
790,data/facet/images/imgs_2/sa_4288.jpg,Skateboarder,18,17,0,Younger,18,10 13 18,18,18,18,The best answer is 18. Skateboarder.,10. Horse Rider  13. Motorcyclist  18. Skateboarder,18. Skateboarder,18. Skateboarder,18. Skateboarder
400,data/facet/images/imgs_2/sa_3555219.jpg,Skateboarder,18,17,3,Unknown,18,13 16 18,18,18,18,The best answer is 18. Skateboarder.,13. Motorcyclist  16. Salesperson  18. Skateboarder,18. Skateboarder,18. Skateboarder,18. Skateboarder
1036,data/facet/images/imgs_2/sa_4638237.jpg,Skateboarder,18,17,3,Unknown,18,6 12 18,6 12 18,6 10 12 18,6 10 12 18,The best answer is 18. Skateboarder.,6. Guard  12. Officer  18. Skateboarder,6. Guard  12. Officer  18. Skateboarder,6. Guard  10. Horse Rider  12. Officer  18. Skateboarder,6. Guard  10. Horse Rider  12. Officer  18. Skateboarder
364,data/facet/images/imgs_2/sa_3500444.jpg,Skateboarder,18,17,1,Middle,18,2 10 18,18,18,18,The best answer is 18. Skateboarder.,2. Boatman  10. Horse Rider  18. Skateboarder,18. Skateboarder,18. Skateboarder,18. Skateboarder
605,data/facet/images/imgs_2/sa_2545275.jpg,Skateboarder,18,17,0,Younger,18,2 11 18,18,18,18,The best answer is 18. Skateboarder.,2. Boatman  11. Laborer  18. Skateboarder,18. Skateboarder,18. Skateboarder,18. Skateboarder
1171,data/facet/images/imgs_2/sa_4858740.jpg,Skateboarder,18,17,0,Younger,1,1 16 18,1 16 18,1 16 18,1,The best answer is 18. Skateboarder.,1. Backpacker  16. Salesperson  18. Skateboarder,1. Backpacker  16. Salesperson  18. Skateboarder,1. Backpacker  16. Salesperson  18. Skateboarder,1. Backpacker
1194,data/facet/images/imgs_2/sa_2439623.jpg,Skateboarder,18,17,3,Unknown,18,2 13 18,18,18,18,The best answer is 18. Skateboarder.,2. Boatman  13. Motorcyclist  18. Skateboarder,18. Skateboarder,18. Skateboarder,18. Skateboarder
1170,data/facet/images/imgs_2/sa_4879579.jpg,Skateboarder,18,17,1,Middle,18,1 11 18,18,18,18,The best answer is 18. Skateboarder.,1. Backpacker  11. Laborer  18. Skateboarder,18. Skateboarder,18. Skateboarder,18. Skateboarder
501,data/facet/images/imgs_2/sa_3793617.jpg,Skateboarder,18,17,0,Younger,13,13 16 18,2 6 11 13 16 18,11 13 16 18,11 13 16 18,The best answer is 18. Skateboarder.,13. Motorcyclist  16. Salesperson  18. Skateboarder,2. Boatman  6. Guard  11. Laborer  13. Motorcyclist  16. Salesperson  18. Skateboarder,11. Laborer  13. Motorcyclist  16. Salesperson  18. Skateboarder,11. Laborer  13. Motorcyclist  16. Salesperson  18. Skateboarder
503,data/facet/images/imgs_2/sa_4917452.jpg,Skateboarder,18,17,1,Middle,18,2 8 18,18,18,18,The best answer is 18. Skateboarder.,2. Boatman  8. Gymnast  18. Skateboarder,18. Skateboarder,18. Skateboarder,18. Skateboarder
939,data/facet/images/imgs_2/sa_2603663.jpg,Skateboarder,18,17,3,Unknown,18,16 18 19,18,18,18,The best answer is 18. Skateboarder.,16. Salesperson  18. Skateboarder  19. Speaker,18. Skateboarder,18. Skateboarder,18. Skateboarder
485,data/facet/images/imgs_2/sa_343965.jpg,Skateboarder,18,17,1,Middle,18,4 16 18,18,18,18,The best answer is 18. Skateboarder.,4. Craftsman  16. Salesperson  18. Skateboarder,18. Skateboarder,18. Skateboarder,18. Skateboarder
987,data/facet/images/imgs_2/sa_3098726.jpg,Skateboarder,18,17,3,Unknown,18,7 11 18,7 18,7 11 18,7 18,The best answer is 18. Skateboarder.,7. Guitarist  11. Laborer  18. Skateboarder,7. Guitarist  18. Skateboarder,7. Guitarist  11. Laborer  18. Skateboarder,7. Guitarist  18. Skateboarder
458,data/facet/images/imgs_2/sa_4274383.jpg,Skateboarder,18,17,0,Younger,18,8 11 18,18,18,18,The best answer is 18. Skateboarder.,8. Gymnast  11. Laborer  18. Skateboarder,18. Skateboarder,18. Skateboarder,18. Skateboarder
160,data/facet/images/imgs_2/sa_4936583.jpg,Skateboarder,18,17,3,Unknown,18,1 2 18,18,18,18,The best answer is 18. Skateboarder.,1. Backpacker  2. Boatman  18. Skateboarder,18. Skateboarder,18. Skateboarder,18. Skateboarder
250,data/facet/images/imgs_2/sa_4798248.jpg,Skateboarder,18,17,3,Unknown,18,16 18 20,18,18,18,The best answer is 18. Skateboarder.,16. Salesperson  18. Skateboarder  20. Tennis Player,18. Skateboarder,18. Skateboarder,18. Skateboarder
891,data/facet/images/imgs_2/sa_3178511.jpg,Skateboarder,18,17,0,Younger,18,2 8 18,18,18,18,The best answer is 18. Skateboarder.,2. Boatman  8. Gymnast  18. Skateboarder,18. Skateboarder,18. Skateboarder,18. Skateboarder
581,data/facet/images/imgs_2/sa_3815494.jpg,Skateboarder,18,17,1,Middle,18,3 4 18,18,18,18,The best answer is 18. Skateboarder.,3. Computer User  4. Craftsman  18. Skateboarder,18. Skateboarder,18. Skateboarder,18. Skateboarder
457,data/facet/images/imgs_2/sa_4285551.jpg,Skateboarder,18,17,0,Younger,18,13 16 18,18,18,18,The best answer is 18. Skateboarder.,13. Motorcyclist  16. Salesperson  18. Skateboarder,18. Skateboarder,18. Skateboarder,18. Skateboarder
258,data/facet/images/imgs_2/sa_4947712.jpg,Skateboarder,18,17,1,Middle,18,11 16 18,18,18,18,The best answer is 18. Skateboarder.,11. Laborer  16. Salesperson  18. Skateboarder,18. Skateboarder,18. Skateboarder,18. Skateboarder
257,data/facet/images/imgs_2/sa_3941960.jpg,Skateboarder,18,17,0,Younger,18,11 13 18,18,18,18,The best answer is 18. Skateboarder.,11. Laborer  13. Motorcyclist  18. Skateboarder,18. Skateboarder,18. Skateboarder,18. Skateboarder
1028,data/facet/images/imgs_2/sa_3870191.jpg,Skateboarder,18,17,1,Middle,18,6 16 18,18,18,18,The best answer is 18. Skateboarder.,6. Guard  16. Salesperson  18. Skateboarder,18. Skateboarder,18. Skateboarder,18. Skateboarder
432,data/facet/images/imgs_2/sa_401872.jpg,Skateboarder,18,17,0,Younger,18,2 18 20,18,18,18,The best answer is 18. Skateboarder.,2. Boatman  18. Skateboarder  20. Tennis Player,18. Skateboarder,18. Skateboarder,18. Skateboarder
1014,data/facet/images/imgs_2/sa_3919632.jpg,Skateboarder,18,17,1,Middle,18,4 16 18,18,18,18,The best answer is 18. Skateboarder.,4. Craftsman  16. Salesperson  18. Skateboarder,18. Skateboarder,18. Skateboarder,18. Skateboarder
1023,data/facet/images/imgs_2/sa_4303083.jpg,Skateboarder,18,17,1,Middle,18,2 13 18,18,2 18,2 18,The best answer is 18. Skateboarder.,2. Boatman  13. Motorcyclist  18. Skateboarder,18. Skateboarder,2. Boatman  18. Skateboarder,2. Boatman  18. Skateboarder
417,data/facet/images/imgs_2/sa_2452795.jpg,Skateboarder,18,17,0,Younger,18,16 18 20,18,18,18,The best answer is 18. Skateboarder.,16. Salesperson  18. Skateboarder  20. Tennis Player,18. Skateboarder,18. Skateboarder,18. Skateboarder
155,data/facet/images/imgs_1/sa_8133298.jpg,Speaker,19,18,1,Middle,6,1 3 6,1 3 5 6 8 10 11 12 16,1 3 6 10,1 3 6 10,The best answer is 19. Speaker.,1. Backpacker  3. Computer User  6. Guard,1. Backpacker  3. Computer User  5. Farmer  6. Guard  8. Gymnast  10. Horse Rider  11. Laborer  12. Officer  16. Salesperson,1. Backpacker  3. Computer User  6. Guard  10. Horse Rider,1. Backpacker  3. Computer User  6. Guard  10. Horse Rider
610,data/facet/images/imgs_1/sa_8413619.jpg,Speaker,19,18,2,Older,19,5 16 19,5 10 11 16 19,5 11 16 19,5 10 11 16 19,The best answer is 19. Speaker.,5. Farmer  16. Salesperson  19. Speaker,5. Farmer  10. Horse Rider  11. Laborer  16. Salesperson  19. Speaker,5. Farmer  11. Laborer  16. Salesperson  19. Speaker,5. Farmer  10. Horse Rider  11. Laborer  16. Salesperson  19. Speaker
587,data/facet/images/imgs_1/sa_8564684.jpg,Speaker,19,18,2,Older,12,6 11 12,3 6 10 11 12 16 17 19 20,6 11 12 16,6 11 12 16 19,The best answer is 19. Speaker.,6. Guard  11. Laborer  12. Officer,3. Computer User  6. Guard  10. Horse Rider  11. Laborer  12. Officer  16. Salesperson  17. Singer  19. Speaker  20. Tennis Player,6. Guard  11. Laborer  12. Officer  16. Salesperson,6. Guard  11. Laborer  12. Officer  16. Salesperson  19. Speaker
779,data/facet/images/imgs_1/sa_8391678.jpg,Speaker,19,18,1,Middle,3,3 17 19,3 6 11 17 19,3 6 17 19,3 6 17 19,The best answer is 19. Speaker.,3. Computer User  17. Singer  19. Speaker,3. Computer User  6. Guard  11. Laborer  17. Singer  19. Speaker,3. Computer User  6. Guard  17. Singer  19. Speaker,3. Computer User  6. Guard  17. Singer  19. Speaker
726,data/facet/images/imgs_1/sa_848342.jpg,Speaker,19,18,1,Middle,19,3 11 19,3 19,3 19,3 11 15 19,The best answer is 19. Speaker.,3. Computer User  11. Laborer  19. Speaker,3. Computer User  19. Speaker,3. Computer User  19. Speaker,3. Computer User  11. Laborer  15. Repairman  19. Speaker
1302,data/facet/images/imgs_1/sa_8417527.jpg,Speaker,19,18,1,Middle,11,11 16 17,11 12 16 17 19,11 16 17 19,11 16 17 19,The best answer is 19. Speaker.,11. Laborer  16. Salesperson  17. Singer,11. Laborer  12. Officer  16. Salesperson  17. Singer  19. Speaker,11. Laborer  16. Salesperson  17. Singer  19. Speaker,11. Laborer  16. Salesperson  17. Singer  19. Speaker
781,data/facet/images/imgs_1/sa_7025739.jpg,Speaker,19,18,1,Middle,16,9 11 16,9 11 16,4 9 11 16,4 9 11 16,The best answer is 19. Speaker.,9. Hairdresser  11. Laborer  16. Salesperson,9. Hairdresser  11. Laborer  16. Salesperson,4. Craftsman  9. Hairdresser  11. Laborer  16. Salesperson,4. Craftsman  9. Hairdresser  11. Laborer  16. Salesperson
94,data/facet/images/imgs_1/sa_7963403.jpg,Speaker,19,18,1,Middle,6,6 11 16,4 6 11 15 16 17 19,6 11 16 19,6 11 16 19,The best answer is 19. Speaker.,6. Guard  11. Laborer  16. Salesperson,4. Craftsman  6. Guard  11. Laborer  15. Repairman  16. Salesperson  17. Singer  19. Speaker,6. Guard  11. Laborer  16. Salesperson  19. Speaker,6. Guard  11. Laborer  16. Salesperson  19. Speaker
84,data/facet/images/imgs_1/sa_8137950.jpg,Speaker,19,18,1,Middle,10,5 9 10,1 3 5 9 10 11 12 16,1 5 9 10,1 5 9 10,The best answer is 19. Speaker.,5. Farmer  9. Hairdresser  10. Horse Rider,1. Backpacker  3. Computer User  5. Farmer  9. Hairdresser  10. Horse Rider  11. Laborer  12. Officer  16. Salesperson,1. Backpacker  5. Farmer  9. Hairdresser  10. Horse Rider,1. Backpacker  5. Farmer  9. Hairdresser  10. Horse Rider
85,data/facet/images/imgs_1/sa_8457220.jpg,Speaker,19,18,0,Younger,16,10 11 16,1 4 6 10 11 13 16,1 10 11 16,1 10 11 16,The best answer is 19. Speaker.,10. Horse Rider  11. Laborer  16. Salesperson,1. Backpacker  4. Craftsman  6. Guard  10. Horse Rider  11. Laborer  13. Motorcyclist  16. Salesperson,1. Backpacker  10. Horse Rider  11. Laborer  16. Salesperson,1. Backpacker  10. Horse Rider  11. Laborer  16. Salesperson
135,data/facet/images/imgs_1/sa_7519222.jpg,Speaker,19,18,3,Unknown,16,6 16 19,6 10 12 16 17 19 20,6 16 17 19,6 16 17 19,The best answer is 19. Speaker.,6. Guard  16. Salesperson  19. Speaker,6. Guard  10. Horse Rider  12. Officer  16. Salesperson  17. Singer  19. Speaker  20. Tennis Player,6. Guard  16. Salesperson  17. Singer  19. Speaker,6. Guard  16. Salesperson  17. Singer  19. Speaker
136,data/facet/images/imgs_1/sa_7995231.jpg,Speaker,19,18,2,Older,6,6 12 16,6 9 10 12 16,6 10 12 16,6 9 10 12 16,The best answer is 19. Speaker.,6. Guard  12. Officer  16. Salesperson,6. Guard  9. Hairdresser  10. Horse Rider  12. Officer  16. Salesperson,6. Guard  10. Horse Rider  12. Officer  16. Salesperson,6. Guard  9. Hairdresser  10. Horse Rider  12. Officer  16. Salesperson
128,data/facet/images/imgs_1/sa_7342124.jpg,Speaker,19,18,0,Younger,20,1 16 20,20,20,20,The best answer is 19. Speaker.,1. Backpacker  16. Salesperson  20. Tennis Player,20. Tennis Player,20. Tennis Player,20. Tennis Player
88,data/facet/images/imgs_1/sa_6954441.jpg,Speaker,19,18,1,Middle,17,6 11 17,2 3 6 10 11 12 16 17 19,3 6 11 17,3 6 11 17,The best answer is 19. Speaker.,6. Guard  11. Laborer  17. Singer,2. Boatman  3. Computer User  6. Guard  10. Horse Rider  11. Laborer  12. Officer  16. Salesperson  17. Singer  19. Speaker,3. Computer User  6. Guard  11. Laborer  17. Singer,3. Computer User  6. Guard  11. Laborer  17. Singer
89,data/facet/images/imgs_1/sa_8105332.jpg,Speaker,19,18,1,Middle,16,3 10 16,3 16,3 10 16 20,3 10 16 20,The best answer is 19. Speaker.,3. Computer User  10. Horse Rider  16. Salesperson,3. Computer User  16. Salesperson,3. Computer User  10. Horse Rider  16. Salesperson  20. Tennis Player,3. Computer User  10. Horse Rider  16. Salesperson  20. Tennis Player
80,data/facet/images/imgs_1/sa_7365709.jpg,Speaker,19,18,1,Middle,16,11 16 17,1 3 10 11 14 16 17,11 14 16 17,11 14 16 17,The best answer is 19. Speaker.,11. Laborer  16. Salesperson  17. Singer,1. Backpacker  3. Computer User  10. Horse Rider  11. Laborer  14. Painter  16. Salesperson  17. Singer,11. Laborer  14. Painter  16. Salesperson  17. Singer,11. Laborer  14. Painter  16. Salesperson  17. Singer
1115,data/facet/images/imgs_1/sa_8417312.jpg,Speaker,19,18,1,Middle,6,6 9 17,6 9 10 12 17 19,6 9 17 19,6 9 17 19,The best answer is 19. Speaker.,6. Guard  9. Hairdresser  17. Singer,6. Guard  9. Hairdresser  10. Horse Rider  12. Officer  17. Singer  19. Speaker,6. Guard  9. Hairdresser  17. Singer  19. Speaker,6. Guard  9. Hairdresser  17. Singer  19. Speaker
1116,data/facet/images/imgs_1/sa_7592849.jpg,Speaker,19,18,1,Middle,9,9 17 19,3 8 9 16 17 19,3 9 17 19,3 9 17 19,The best answer is 19. Speaker.,9. Hairdresser  17. Singer  19. Speaker,3. Computer User  8. Gymnast  9. Hairdresser  16. Salesperson  17. Singer  19. Speaker,3. Computer User  9. Hairdresser  17. Singer  19. Speaker,3. Computer User  9. Hairdresser  17. Singer  19. Speaker
310,data/facet/images/imgs_1/sa_736530.jpg,Speaker,19,18,1,Middle,3,3 9 17,1 3 9 10 16 17 19,3 9 17 19,3 9 17 19,The best answer is 19. Speaker.,3. Computer User  9. Hairdresser  17. Singer,1. Backpacker  3. Computer User  9. Hairdresser  10. Horse Rider  16. Salesperson  17. Singer  19. Speaker,3. Computer User  9. Hairdresser  17. Singer  19. Speaker,3. Computer User  9. Hairdresser  17. Singer  19. Speaker
323,data/facet/images/imgs_1/sa_6934261.jpg,Speaker,19,18,1,Middle,9,8 9 17,3 5 8 9 17 19 20,8 9 17 20,8 9 17 20,The best answer is 19. Speaker.,8. Gymnast  9. Hairdresser  17. Singer,3. Computer User  5. Farmer  8. Gymnast  9. Hairdresser  17. Singer  19. Speaker  20. Tennis Player,8. Gymnast  9. Hairdresser  17. Singer  20. Tennis Player,8. Gymnast  9. Hairdresser  17. Singer  20. Tennis Player
12,data/facet/images/imgs_1/sa_7567148.jpg,Speaker,19,18,1,Middle,12,8 10 12,1 8 10 12,1 8 10 12,1 8 10 12,The best answer is 19. Speaker.,8. Gymnast  10. Horse Rider  12. Officer,1. Backpacker  8. Gymnast  10. Horse Rider  12. Officer,1. Backpacker  8. Gymnast  10. Horse Rider  12. Officer,1. Backpacker  8. Gymnast  10. Horse Rider  12. Officer
761,data/facet/images/imgs_1/sa_7735147.jpg,Speaker,19,18,1,Middle,15,6 15 16,6 15 16,6 11 15 16,6 11 15 16,The best answer is 19. Speaker.,6. Guard  15. Repairman  16. Salesperson,6. Guard  15. Repairman  16. Salesperson,6. Guard  11. Laborer  15. Repairman  16. Salesperson,6. Guard  11. Laborer  15. Repairman  16. Salesperson
1290,data/facet/images/imgs_1/sa_7036997.jpg,Speaker,19,18,2,Older,12,3 12 19,3 10 12 16 19,3 12 16 19,3 10 12 16 19,The best answer is 19. Speaker.,3. Computer User  12. Officer  19. Speaker,3. Computer User  10. Horse Rider  12. Officer  16. Salesperson  19. Speaker,3. Computer User  12. Officer  16. Salesperson  19. Speaker,3. Computer User  10. Horse Rider  12. Officer  16. Salesperson  19. Speaker
1269,data/facet/images/imgs_1/sa_8006663.jpg,Speaker,19,18,2,Older,10,6 10 11,1 5 6 10 11 12 14 16 17 19,6 10 11 16,6 10 11 14 16,The best answer is 19. Speaker.,6. Guard  10. Horse Rider  11. Laborer,1. Backpacker  5. Farmer  6. Guard  10. Horse Rider  11. Laborer  12. Officer  14. Painter  16. Salesperson  17. Singer  19. Speaker,6. Guard  10. Horse Rider  11. Laborer  16. Salesperson,6. Guard  10. Horse Rider  11. Laborer  14. Painter  16. Salesperson
1308,data/facet/images/imgs_1/sa_7591773.jpg,Speaker,19,18,1,Middle,6,6 10 11,3 4 6 10 11 12 16 19,3 6 10 11,3 6 10 11,The best answer is 19. Speaker.,6. Guard  10. Horse Rider  11. Laborer,3. Computer User  4. Craftsman  6. Guard  10. Horse Rider  11. Laborer  12. Officer  16. Salesperson  19. Speaker,3. Computer User  6. Guard  10. Horse Rider  11. Laborer,3. Computer User  6. Guard  10. Horse Rider  11. Laborer
571,data/facet/images/imgs_1/sa_8036003.jpg,Speaker,19,18,1,Middle,20,8 16 20,3 8 10 11 16 17 20,8 11 16 20,8 11 16 20,The best answer is 19. Speaker.,8. Gymnast  16. Salesperson  20. Tennis Player,3. Computer User  8. Gymnast  10. Horse Rider  11. Laborer  16. Salesperson  17. Singer  20. Tennis Player,8. Gymnast  11. Laborer  16. Salesperson  20. Tennis Player,8. Gymnast  11. Laborer  16. Salesperson  20. Tennis Player
189,data/facet/images/imgs_1/sa_8552386.jpg,Speaker,19,18,1,Middle,20,1 17 20,1 20,1 20,1 20,The best answer is 19. Speaker.,1. Backpacker  17. Singer  20. Tennis Player,1. Backpacker  20. Tennis Player,1. Backpacker  20. Tennis Player,1. Backpacker  20. Tennis Player
1205,data/facet/images/imgs_1/sa_7383904.jpg,Speaker,19,18,1,Middle,10,10 12 19,5 6 8 9 10 12 19,6 10 12 19,6 10 12 19,The best answer is 19. Speaker.,10. Horse Rider  12. Officer  19. Speaker,5. Farmer  6. Guard  8. Gymnast  9. Hairdresser  10. Horse Rider  12. Officer  19. Speaker,6. Guard  10. Horse Rider  12. Officer  19. Speaker,6. Guard  10. Horse Rider  12. Officer  19. Speaker
251,data/facet/images/imgs_1/sa_6909647.jpg,Speaker,19,18,0,Younger,17,1 17 20,1 7 11 14 16 17 20,1 16 17 20,1 16 17 20,The best answer is 19. Speaker.,1. Backpacker  17. Singer  20. Tennis Player,1. Backpacker  7. Guitarist  11. Laborer  14. Painter  16. Salesperson  17. Singer  20. Tennis Player,1. Backpacker  16. Salesperson  17. Singer  20. Tennis Player,1. Backpacker  16. Salesperson  17. Singer  20. Tennis Player
399,data/facet/images/imgs_1/sa_8611046.jpg,Speaker,19,18,0,Younger,1,1 17 18,1 10 17 18,1 10 17 18,1 17 18,The best answer is 19. Speaker.,1. Backpacker  17. Singer  18. Skateboarder,1. Backpacker  10. Horse Rider  17. Singer  18. Skateboarder,1. Backpacker  10. Horse Rider  17. Singer  18. Skateboarder,1. Backpacker  17. Singer  18. Skateboarder
419,data/facet/images/imgs_1/sa_70547.jpg,Speaker,19,18,1,Middle,20,16 17 20,5 6 8 10 11 16 17 20,8 16 17 20,8 16 17 20,The best answer is 19. Speaker.,16. Salesperson  17. Singer  20. Tennis Player,5. Farmer  6. Guard  8. Gymnast  10. Horse Rider  11. Laborer  16. Salesperson  17. Singer  20. Tennis Player,8. Gymnast  16. Salesperson  17. Singer  20. Tennis Player,8. Gymnast  16. Salesperson  17. Singer  20. Tennis Player
411,data/facet/images/imgs_1/sa_7122408.jpg,Speaker,19,18,1,Middle,10,9 10 17,4 9 10 16 17,4 9 10 17,4 9 10 17,The best answer is 19. Speaker.,9. Hairdresser  10. Horse Rider  17. Singer,4. Craftsman  9. Hairdresser  10. Horse Rider  16. Salesperson  17. Singer,4. Craftsman  9. Hairdresser  10. Horse Rider  17. Singer,4. Craftsman  9. Hairdresser  10. Horse Rider  17. Singer
113,data/facet/images/imgs_1/sa_7474900.jpg,Speaker,19,18,2,Older,3,3 12 19,3 5 10 11 12 19,3 10 12 19,3 10 11 12 19,The best answer is 19. Speaker.,3. Computer User  12. Officer  19. Speaker,3. Computer User  5. Farmer  10. Horse Rider  11. Laborer  12. Officer  19. Speaker,3. Computer User  10. Horse Rider  12. Officer  19. Speaker,3. Computer User  10. Horse Rider  11. Laborer  12. Officer  19. Speaker
549,data/facet/images/imgs_1/sa_8265969.jpg,Speaker,19,18,1,Middle,20,12 16 20,1 6 9 10 11 12 16 17 20,10 12 16 20,10 12 16 20,The best answer is 19. Speaker.,12. Officer  16. Salesperson  20. Tennis Player,1. Backpacker  6. Guard  9. Hairdresser  10. Horse Rider  11. Laborer  12. Officer  16. Salesperson  17. Singer  20. Tennis Player,10. Horse Rider  12. Officer  16. Salesperson  20. Tennis Player,10. Horse Rider  12. Officer  16. Salesperson  20. Tennis Player
540,data/facet/images/imgs_1/sa_7704770.jpg,Speaker,19,18,2,Older,15,11 15 19,3 5 7 11 15 19 20,11 15 19 20,7 11 15 19 20,The best answer is 19. Speaker.,11. Laborer  15. Repairman  19. Speaker,3. Computer User  5. Farmer  7. Guitarist  11. Laborer  15. Repairman  19. Speaker  20. Tennis Player,11. Laborer  15. Repairman  19. Speaker  20. Tennis Player,7. Guitarist  11. Laborer  15. Repairman  19. Speaker  20. Tennis Player
925,data/facet/images/imgs_1/sa_8098666.jpg,Speaker,19,18,1,Middle,15,11 15 16,10 11 12 15 16,10 11 15 16,10 11 15 16,The best answer is 19. Speaker.,11. Laborer  15. Repairman  16. Salesperson,10. Horse Rider  11. Laborer  12. Officer  15. Repairman  16. Salesperson,10. Horse Rider  11. Laborer  15. Repairman  16. Salesperson,10. Horse Rider  11. Laborer  15. Repairman  16. Salesperson
985,data/facet/images/imgs_1/sa_7425073.jpg,Speaker,19,18,2,Older,10,3 10 19,3 5 6 10 11 12 19,3 10 11 19,3 6 10 11 19,The best answer is 19. Speaker.,3. Computer User  10. Horse Rider  19. Speaker,3. Computer User  5. Farmer  6. Guard  10. Horse Rider  11. Laborer  12. Officer  19. Speaker,3. Computer User  10. Horse Rider  11. Laborer  19. Speaker,3. Computer User  6. Guard  10. Horse Rider  11. Laborer  19. Speaker
1158,data/facet/images/imgs_1/sa_7540442.jpg,Speaker,19,18,1,Middle,6,6 12 19,6 12 19,6 12 19,6 10 12 19,The best answer is 19. Speaker.,6. Guard  12. Officer  19. Speaker,6. Guard  12. Officer  19. Speaker,6. Guard  12. Officer  19. Speaker,6. Guard  10. Horse Rider  12. Officer  19. Speaker
1153,data/facet/images/imgs_1/sa_7163178.jpg,Speaker,19,18,1,Middle,10,6 10 12,3 5 6 10 11 12 13 16 17 19,5 6 10 12,5 6 10 12,The best answer is 19. Speaker.,6. Guard  10. Horse Rider  12. Officer,3. Computer User  5. Farmer  6. Guard  10. Horse Rider  11. Laborer  12. Officer  13. Motorcyclist  16. Salesperson  17. Singer  19. Speaker,5. Farmer  6. Guard  10. Horse Rider  12. Officer,5. Farmer  6. Guard  10. Horse Rider  12. Officer
1026,data/facet/images/imgs_1/sa_7969661.jpg,Speaker,19,18,1,Middle,17,9 17 20,9 13 17 20,9 13 17 20,9 13 17 20,The best answer is 19. Speaker.,9. Hairdresser  17. Singer  20. Tennis Player,9. Hairdresser  13. Motorcyclist  17. Singer  20. Tennis Player,9. Hairdresser  13. Motorcyclist  17. Singer  20. Tennis Player,9. Hairdresser  13. Motorcyclist  17. Singer  20. Tennis Player
1031,data/facet/images/imgs_1/sa_7579262.jpg,Speaker,19,18,0,Younger,16,16 17 19,3 6 14 16 17 19,3 16 17 19,3 16 17 19,The best answer is 19. Speaker.,16. Salesperson  17. Singer  19. Speaker,3. Computer User  6. Guard  14. Painter  16. Salesperson  17. Singer  19. Speaker,3. Computer User  16. Salesperson  17. Singer  19. Speaker,3. Computer User  16. Salesperson  17. Singer  19. Speaker
204,data/facet/images/imgs_1/sa_7844409.jpg,Speaker,19,18,2,Older,3,3 12 19,3 12 16 19,3 12 16 19,3 6 12 16 19,The best answer is 19. Speaker.,3. Computer User  12. Officer  19. Speaker,3. Computer User  12. Officer  16. Salesperson  19. Speaker,3. Computer User  12. Officer  16. Salesperson  19. Speaker,3. Computer User  6. Guard  12. Officer  16. Salesperson  19. Speaker
242,data/facet/images/imgs_1/sa_8234747.jpg,Speaker,19,18,1,Middle,3,3 11 19,3 5 11 16 19 20,3 11 19 20,3 11 19 20,The best answer is 19. Speaker.,3. Computer User  11. Laborer  19. Speaker,3. Computer User  5. Farmer  11. Laborer  16. Salesperson  19. Speaker  20. Tennis Player,3. Computer User  11. Laborer  19. Speaker  20. Tennis Player,3. Computer User  11. Laborer  19. Speaker  20. Tennis Player
1185,data/facet/images/imgs_1/sa_8265186.jpg,Speaker,19,18,1,Middle,16,2 15 16,2 10 11 12 15 16 17 19,2 12 15 16,2 12 15 16,The best answer is 19. Speaker.,2. Boatman  15. Repairman  16. Salesperson,2. Boatman  10. Horse Rider  11. Laborer  12. Officer  15. Repairman  16. Salesperson  17. Singer  19. Speaker,2. Boatman  12. Officer  15. Repairman  16. Salesperson,2. Boatman  12. Officer  15. Repairman  16. Salesperson
219,data/facet/images/imgs_1/sa_8110946.jpg,Speaker,19,18,2,Older,11,3 5 11,1 3 5 11 12 16 19 20,3 5 11 16,1 3 5 11 16,The best answer is 19. Speaker.,3. Computer User  5. Farmer  11. Laborer,1. Backpacker  3. Computer User  5. Farmer  11. Laborer  12. Officer  16. Salesperson  19. Speaker  20. Tennis Player,3. Computer User  5. Farmer  11. Laborer  16. Salesperson,1. Backpacker  3. Computer User  5. Farmer  11. Laborer  16. Salesperson
887,data/facet/images/imgs_1/sa_7164258.jpg,Speaker,19,18,1,Middle,10,9 10 16,1 9 10 16 20,9 10 16 20,9 10 16 20,The best answer is 19. Speaker.,9. Hairdresser  10. Horse Rider  16. Salesperson,1. Backpacker  9. Hairdresser  10. Horse Rider  16. Salesperson  20. Tennis Player,9. Hairdresser  10. Horse Rider  16. Salesperson  20. Tennis Player,9. Hairdresser  10. Horse Rider  16. Salesperson  20. Tennis Player
878,data/facet/images/imgs_1/sa_7378755.jpg,Speaker,19,18,1,Middle,12,3 12 16,3 9 10 11 12 16 19,3 11 12 16,3 11 12 16,The best answer is 19. Speaker.,3. Computer User  12. Officer  16. Salesperson,3. Computer User  9. Hairdresser  10. Horse Rider  11. Laborer  12. Officer  16. Salesperson  19. Speaker,3. Computer User  11. Laborer  12. Officer  16. Salesperson,3. Computer User  11. Laborer  12. Officer  16. Salesperson
289,data/facet/images/imgs_1/sa_7524085.jpg,Speaker,19,18,1,Middle,17,8 11 17,8 11 16 17 20,8 11 16 17,8 11 16 17,The best answer is 19. Speaker.,8. Gymnast  11. Laborer  17. Singer,8. Gymnast  11. Laborer  16. Salesperson  17. Singer  20. Tennis Player,8. Gymnast  11. Laborer  16. Salesperson  17. Singer,8. Gymnast  11. Laborer  16. Salesperson  17. Singer
1243,data/facet/images/imgs_1/sa_716495.jpg,Speaker,19,18,0,Younger,16,15 16 17,1 2 15 16 17,2 15 16 17,2 15 16 17,The best answer is 19. Speaker.,15. Repairman  16. Salesperson  17. Singer,1. Backpacker  2. Boatman  15. Repairman  16. Salesperson  17. Singer,2. Boatman  15. Repairman  16. Salesperson  17. Singer,2. Boatman  15. Repairman  16. Salesperson  17. Singer
632,data/facet/images/imgs_1/sa_6922541.jpg,Speaker,19,18,0,Younger,6,3 6 19,3 6 11 12 13 15 16 19,3 6 15 19,3 6 15 19,The best answer is 19. Speaker.,3. Computer User  6. Guard  19. Speaker,3. Computer User  6. Guard  11. Laborer  12. Officer  13. Motorcyclist  15. Repairman  16. Salesperson  19. Speaker,3. Computer User  6. Guard  15. Repairman  19. Speaker,3. Computer User  6. Guard  15. Repairman  19. Speaker
613,data/facet/images/imgs_1/sa_8130237.jpg,Speaker,19,18,1,Middle,6,6 10 20,2 6 8 10 16 19 20,6 8 10 20,6 8 10 20,The best answer is 19. Speaker.,6. Guard  10. Horse Rider  20. Tennis Player,2. Boatman  6. Guard  8. Gymnast  10. Horse Rider  16. Salesperson  19. Speaker  20. Tennis Player,6. Guard  8. Gymnast  10. Horse Rider  20. Tennis Player,6. Guard  8. Gymnast  10. Horse Rider  20. Tennis Player
858,data/facet/images/imgs_1/sa_6987787.jpg,Speaker,19,18,1,Middle,19,6 11 19,3 6 10 11 12 17 19,6 11 17 19,6 11 17 19,The best answer is 19. Speaker.,6. Guard  11. Laborer  19. Speaker,3. Computer User  6. Guard  10. Horse Rider  11. Laborer  12. Officer  17. Singer  19. Speaker,6. Guard  11. Laborer  17. Singer  19. Speaker,6. Guard  11. Laborer  17. Singer  19. Speaker
141,data/facet/images/imgs_1/sa_7784375.jpg,Speaker,19,18,1,Middle,2,2 17 19,2 11 17 19 20,2 17 19 20,2 17 19 20,The best answer is 19. Speaker.,2. Boatman  17. Singer  19. Speaker,2. Boatman  11. Laborer  17. Singer  19. Speaker  20. Tennis Player,2. Boatman  17. Singer  19. Speaker  20. Tennis Player,2. Boatman  17. Singer  19. Speaker  20. Tennis Player
722,data/facet/images/imgs_1/sa_7765443.jpg,Speaker,19,18,1,Middle,10,10 17 20,9 10 16 17 19 20,10 16 17 20,10 16 17 20,The best answer is 19. Speaker.,10. Horse Rider  17. Singer  20. Tennis Player,9. Hairdresser  10. Horse Rider  16. Salesperson  17. Singer  19. Speaker  20. Tennis Player,10. Horse Rider  16. Salesperson  17. Singer  20. Tennis Player,10. Horse Rider  16. Salesperson  17. Singer  20. Tennis Player
741,data/facet/images/imgs_1/sa_828052.jpg,Speaker,19,18,1,Middle,19,6 16 19,2 3 6 16 19,3 6 16 19,3 6 16 19,The best answer is 19. Speaker.,6. Guard  16. Salesperson  19. Speaker,2. Boatman  3. Computer User  6. Guard  16. Salesperson  19. Speaker,3. Computer User  6. Guard  16. Salesperson  19. Speaker,3. Computer User  6. Guard  16. Salesperson  19. Speaker
69,data/facet/images/imgs_1/sa_692778.jpg,Speaker,19,18,1,Middle,17,9 17 20,9 16 17 20,9 16 17 20,9 16 17 20,The best answer is 19. Speaker.,9. Hairdresser  17. Singer  20. Tennis Player,9. Hairdresser  16. Salesperson  17. Singer  20. Tennis Player,9. Hairdresser  16. Salesperson  17. Singer  20. Tennis Player,9. Hairdresser  16. Salesperson  17. Singer  20. Tennis Player
1073,data/facet/images/imgs_1/sa_817940.jpg,Speaker,19,18,1,Middle,10,10 12 17,10 11 12 13 17 20,10 12 17 20,10 12 17 20,The best answer is 19. Speaker.,10. Horse Rider  12. Officer  17. Singer,10. Horse Rider  11. Laborer  12. Officer  13. Motorcyclist  17. Singer  20. Tennis Player,10. Horse Rider  12. Officer  17. Singer  20. Tennis Player,10. Horse Rider  12. Officer  17. Singer  20. Tennis Player
1042,data/facet/images/imgs_1/sa_7620321.jpg,Speaker,19,18,2,Older,10,6 10 12,5 6 8 9 10 12 16 17 19,6 10 12 16,6 10 12 16 17,The best answer is 19. Speaker.,6. Guard  10. Horse Rider  12. Officer,5. Farmer  6. Guard  8. Gymnast  9. Hairdresser  10. Horse Rider  12. Officer  16. Salesperson  17. Singer  19. Speaker,6. Guard  10. Horse Rider  12. Officer  16. Salesperson,6. Guard  10. Horse Rider  12. Officer  16. Salesperson  17. Singer
379,data/facet/images/imgs_1/sa_7521029.jpg,Speaker,19,18,3,Unknown,3,3 15 19,3 19,3 11 15 19,3 11 15 19,The best answer is 19. Speaker.,3. Computer User  15. Repairman  19. Speaker,3. Computer User  19. Speaker,3. Computer User  11. Laborer  15. Repairman  19. Speaker,3. Computer User  11. Laborer  15. Repairman  19. Speaker
372,data/facet/images/imgs_1/sa_7603567.jpg,Speaker,19,18,1,Middle,10,10 17 19,10 17 19 20,10 17 19 20,10 17 19 20,The best answer is 19. Speaker.,10. Horse Rider  17. Singer  19. Speaker,10. Horse Rider  17. Singer  19. Speaker  20. Tennis Player,10. Horse Rider  17. Singer  19. Speaker  20. Tennis Player,10. Horse Rider  17. Singer  19. Speaker  20. Tennis Player
665,data/facet/images/imgs_1/sa_829971.jpg,Speaker,19,18,3,Unknown,19,10 12 19,2 3 10 11 12 13 16 17 19,2 10 12 19,2 10 12 19,The best answer is 19. Speaker.,10. Horse Rider  12. Officer  19. Speaker,2. Boatman  3. Computer User  10. Horse Rider  11. Laborer  12. Officer  13. Motorcyclist  16. Salesperson  17. Singer  19. Speaker,2. Boatman  10. Horse Rider  12. Officer  19. Speaker,2. Boatman  10. Horse Rider  12. Officer  19. Speaker
723,data/facet/images/imgs_1/sa_857034.jpg,Speaker,19,18,3,Unknown,6,6 8 9,6 8,5 6 8 9,5 6 8 9,The best answer is 19. Speaker.,6. Guard  8. Gymnast  9. Hairdresser,6. Guard  8. Gymnast,5. Farmer  6. Guard  8. Gymnast  9. Hairdresser,5. Farmer  6. Guard  8. Gymnast  9. Hairdresser
53,data/facet/images/imgs_1/sa_8145272.jpg,Speaker,19,18,1,Middle,16,3 9 16,3 9 11 14 16 17,3 9 14 16,3 9 14 16,The best answer is 19. Speaker.,3. Computer User  9. Hairdresser  16. Salesperson,3. Computer User  9. Hairdresser  11. Laborer  14. Painter  16. Salesperson  17. Singer,3. Computer User  9. Hairdresser  14. Painter  16. Salesperson,3. Computer User  9. Hairdresser  14. Painter  16. Salesperson
1361,data/facet/images/imgs_1/sa_8128966.jpg,Speaker,19,18,2,Older,4,4 9 16,1 4 9 10 11 16 17 19,4 9 16 17,4 9 10 16 17,The best answer is 19. Speaker.,4. Craftsman  9. Hairdresser  16. Salesperson,1. Backpacker  4. Craftsman  9. Hairdresser  10. Horse Rider  11. Laborer  16. Salesperson  17. Singer  19. Speaker,4. Craftsman  9. Hairdresser  16. Salesperson  17. Singer,4. Craftsman  9. Hairdresser  10. Horse Rider  16. Salesperson  17. Singer
47,data/facet/images/imgs_1/sa_8119588.jpg,Speaker,19,18,3,Unknown,17,6 17 19,3 6 16 17 19,6 16 17 19,6 16 17 19,The best answer is 19. Speaker.,6. Guard  17. Singer  19. Speaker,3. Computer User  6. Guard  16. Salesperson  17. Singer  19. Speaker,6. Guard  16. Salesperson  17. Singer  19. Speaker,6. Guard  16. Salesperson  17. Singer  19. Speaker
1,data/facet/images/imgs_1/sa_8296479.jpg,Speaker,19,18,1,Middle,2,1 2 11,1 2 3 6 11 14 16 17 19,1 2 11 16,1 2 11 16,The best answer is 19. Speaker.,1. Backpacker  2. Boatman  11. Laborer,1. Backpacker  2. Boatman  3. Computer User  6. Guard  11. Laborer  14. Painter  16. Salesperson  17. Singer  19. Speaker,1. Backpacker  2. Boatman  11. Laborer  16. Salesperson,1. Backpacker  2. Boatman  11. Laborer  16. Salesperson
1385,data/facet/images/imgs_1/sa_7410480.jpg,Speaker,19,18,1,Middle,12,6 10 12,6 10 12,6 10 11 12,6 10 11 12,The best answer is 19. Speaker.,6. Guard  10. Horse Rider  12. Officer,6. Guard  10. Horse Rider  12. Officer,6. Guard  10. Horse Rider  11. Laborer  12. Officer,6. Guard  10. Horse Rider  11. Laborer  12. Officer
74,data/facet/images/imgs_1/sa_6824082.jpg,Tennis Player,20,19,1,Middle,20,10 14 20,20,20,20,The best answer is 20. Tennis Player.,10. Horse Rider  14. Painter  20. Tennis Player,20. Tennis Player,20. Tennis Player,20. Tennis Player
9,data/facet/images/imgs_1/sa_6366413.jpg,Tennis Player,20,19,1,Middle,20,6 14 20,20,20,20,The best answer is 20. Tennis Player.,6. Guard  14. Painter  20. Tennis Player,20. Tennis Player,20. Tennis Player,20. Tennis Player
1378,data/facet/images/imgs_1/sa_5922100.jpg,Tennis Player,20,19,0,Younger,20,11 16 20,20,20,20,The best answer is 20. Tennis Player.,11. Laborer  16. Salesperson  20. Tennis Player,20. Tennis Player,20. Tennis Player,20. Tennis Player
805,data/facet/images/imgs_1/sa_5804157.jpg,Tennis Player,20,19,0,Younger,20,11 16 20,20,16 20,20,The best answer is 20. Tennis Player.,11. Laborer  16. Salesperson  20. Tennis Player,20. Tennis Player,16. Salesperson  20. Tennis Player,20. Tennis Player
724,data/facet/images/imgs_1/sa_5656203.jpg,Tennis Player,20,19,1,Middle,20,11 15 20,20,20,20,The best answer is 20. Tennis Player.,11. Laborer  15. Repairman  20. Tennis Player,20. Tennis Player,20. Tennis Player,20. Tennis Player
1227,data/facet/images/imgs_1/sa_6275110.jpg,Tennis Player,20,19,0,Younger,20,10 11 20,20,20,20,The best answer is 20. Tennis Player.,10. Horse Rider  11. Laborer  20. Tennis Player,20. Tennis Player,20. Tennis Player,20. Tennis Player
892,data/facet/images/imgs_1/sa_6562971.jpg,Tennis Player,20,19,1,Middle,20,11 15 20,20,20,20,The best answer is 20. Tennis Player.,11. Laborer  15. Repairman  20. Tennis Player,20. Tennis Player,20. Tennis Player,20. Tennis Player
599,data/facet/images/imgs_1/sa_5935072.jpg,Tennis Player,20,19,0,Younger,20,6 16 20,20,20,20,The best answer is 20. Tennis Player.,6. Guard  16. Salesperson  20. Tennis Player,20. Tennis Player,20. Tennis Player,20. Tennis Player
996,data/facet/images/imgs_1/sa_654013.jpg,Tennis Player,20,19,0,Younger,20,11 16 20,20,20,20,The best answer is 20. Tennis Player.,11. Laborer  16. Salesperson  20. Tennis Player,20. Tennis Player,20. Tennis Player,20. Tennis Player
991,data/facet/images/imgs_1/sa_6685005.jpg,Tennis Player,20,19,1,Middle,20,11 16 20,20,20,20,The best answer is 20. Tennis Player.,11. Laborer  16. Salesperson  20. Tennis Player,20. Tennis Player,20. Tennis Player,20. Tennis Player
980,data/facet/images/imgs_1/sa_6815670.jpg,Tennis Player,20,19,3,Unknown,20,11 16 20,20,20,20,The best answer is 20. Tennis Player.,11. Laborer  16. Salesperson  20. Tennis Player,20. Tennis Player,20. Tennis Player,20. Tennis Player
983,data/facet/images/imgs_1/sa_6580945.jpg,Tennis Player,20,19,1,Middle,20,8 16 20,20,20,20,The best answer is 20. Tennis Player.,8. Gymnast  16. Salesperson  20. Tennis Player,20. Tennis Player,20. Tennis Player,20. Tennis Player
634,data/facet/images/imgs_1/sa_5902210.jpg,Tennis Player,20,19,3,Unknown,20,3 16 20,20,20,20,The best answer is 20. Tennis Player.,3. Computer User  16. Salesperson  20. Tennis Player,20. Tennis Player,20. Tennis Player,20. Tennis Player
573,data/facet/images/imgs_1/sa_5681164.jpg,Tennis Player,20,19,1,Middle,18,14 18 20,18 20,13 14 18 20,13 14 18 20,The best answer is 20. Tennis Player.,14. Painter  18. Skateboarder  20. Tennis Player,18. Skateboarder  20. Tennis Player,13. Motorcyclist  14. Painter  18. Skateboarder  20. Tennis Player,13. Motorcyclist  14. Painter  18. Skateboarder  20. Tennis Player
893,data/facet/images/imgs_1/sa_573426.jpg,Tennis Player,20,19,0,Younger,20,11 16 20,20,20,20,The best answer is 20. Tennis Player.,11. Laborer  16. Salesperson  20. Tennis Player,20. Tennis Player,20. Tennis Player,20. Tennis Player
875,data/facet/images/imgs_1/sa_6532225.jpg,Tennis Player,20,19,1,Middle,20,16 19 20,20,20,20,The best answer is 20. Tennis Player.,16. Salesperson  19. Speaker  20. Tennis Player,20. Tennis Player,20. Tennis Player,20. Tennis Player
286,data/facet/images/imgs_1/sa_5817690.jpg,Tennis Player,20,19,1,Middle,20,11 16 20,20,20,20,The best answer is 20. Tennis Player.,11. Laborer  16. Salesperson  20. Tennis Player,20. Tennis Player,20. Tennis Player,20. Tennis Player
443,data/facet/images/imgs_1/sa_6320323.jpg,Tennis Player,20,19,1,Middle,20,15 16 20,20,20,20,The best answer is 20. Tennis Player.,15. Repairman  16. Salesperson  20. Tennis Player,20. Tennis Player,20. Tennis Player,20. Tennis Player
1169,data/facet/images/imgs_1/sa_6943853.jpg,Tennis Player,20,19,1,Middle,20,8 16 20,20,20,20,The best answer is 20. Tennis Player.,8. Gymnast  16. Salesperson  20. Tennis Player,20. Tennis Player,20. Tennis Player,20. Tennis Player
505,data/facet/images/imgs_1/sa_591012.jpg,Tennis Player,20,19,0,Younger,20,11 16 20,20,20,20,The best answer is 20. Tennis Player.,11. Laborer  16. Salesperson  20. Tennis Player,20. Tennis Player,20. Tennis Player,20. Tennis Player
509,data/facet/images/imgs_1/sa_6858479.jpg,Tennis Player,20,19,1,Middle,20,5 11 20,20,20,20,The best answer is 20. Tennis Player.,5. Farmer  11. Laborer  20. Tennis Player,20. Tennis Player,20. Tennis Player,20. Tennis Player
510,data/facet/images/imgs_1/sa_6190689.jpg,Tennis Player,20,19,1,Middle,20,16 18 20,16 18 20,16 18 20,1 16 18 20,The best answer is 20. Tennis Player.,16. Salesperson  18. Skateboarder  20. Tennis Player,16. Salesperson  18. Skateboarder  20. Tennis Player,16. Salesperson  18. Skateboarder  20. Tennis Player,1. Backpacker  16. Salesperson  18. Skateboarder  20. Tennis Player
435,data/facet/images/imgs_1/sa_6696499.jpg,Tennis Player,20,19,1,Middle,20,10 11 20,20,20,20,The best answer is 20. Tennis Player.,10. Horse Rider  11. Laborer  20. Tennis Player,20. Tennis Player,20. Tennis Player,20. Tennis Player
972,data/facet/images/imgs_1/sa_6179344.jpg,Tennis Player,20,19,0,Younger,20,11 16 20,20,20,20,The best answer is 20. Tennis Player.,11. Laborer  16. Salesperson  20. Tennis Player,20. Tennis Player,20. Tennis Player,20. Tennis Player
1156,data/facet/images/imgs_1/sa_5808156.jpg,Tennis Player,20,19,0,Younger,20,11 16 20,20,20,20,The best answer is 20. Tennis Player.,11. Laborer  16. Salesperson  20. Tennis Player,20. Tennis Player,20. Tennis Player,20. Tennis Player
183,data/facet/images/imgs_1/sa_6612892.jpg,Tennis Player,20,19,0,Younger,20,11 16 20,20,20,20,The best answer is 20. Tennis Player.,11. Laborer  16. Salesperson  20. Tennis Player,20. Tennis Player,20. Tennis Player,20. Tennis Player
214,data/facet/images/imgs_1/sa_6033274.jpg,Tennis Player,20,19,1,Middle,20,6 11 20,20,20,20,The best answer is 20. Tennis Player.,6. Guard  11. Laborer  20. Tennis Player,20. Tennis Player,20. Tennis Player,20. Tennis Player
395,data/facet/images/imgs_1/sa_5699942.jpg,Tennis Player,20,19,0,Younger,20,3 11 20,20,20,20,The best answer is 20. Tennis Player.,3. Computer User  11. Laborer  20. Tennis Player,20. Tennis Player,20. Tennis Player,20. Tennis Player
1018,data/facet/images/imgs_1/sa_6275317.jpg,Tennis Player,20,19,1,Middle,20,10 16 20,20,20,20,The best answer is 20. Tennis Player.,10. Horse Rider  16. Salesperson  20. Tennis Player,20. Tennis Player,20. Tennis Player,20. Tennis Player
413,data/facet/images/imgs_1/sa_6590586.jpg,Tennis Player,20,19,1,Middle,20,6 16 20,20,20,6 20,The best answer is 20. Tennis Player.,6. Guard  16. Salesperson  20. Tennis Player,20. Tennis Player,20. Tennis Player,6. Guard  20. Tennis Player
1224,data/facet/images/imgs_1/sa_5966913.jpg,Tennis Player,20,19,1,Middle,20,8 16 20,20,20,20,The best answer is 20. Tennis Player.,8. Gymnast  16. Salesperson  20. Tennis Player,20. Tennis Player,20. Tennis Player,20. Tennis Player
1225,data/facet/images/imgs_1/sa_5867859.jpg,Tennis Player,20,19,0,Younger,20,8 11 20,20,8 20,20,The best answer is 20. Tennis Player.,8. Gymnast  11. Laborer  20. Tennis Player,20. Tennis Player,8. Gymnast  20. Tennis Player,20. Tennis Player
174,data/facet/images/imgs_1/sa_6541755.jpg,Tennis Player,20,19,3,Unknown,20,11 16 20,20,20,20,The best answer is 20. Tennis Player.,11. Laborer  16. Salesperson  20. Tennis Player,20. Tennis Player,20. Tennis Player,20. Tennis Player
175,data/facet/images/imgs_1/sa_6411745.jpg,Tennis Player,20,19,1,Middle,20,11 16 20,20,20,20,The best answer is 20. Tennis Player.,11. Laborer  16. Salesperson  20. Tennis Player,20. Tennis Player,20. Tennis Player,20. Tennis Player
201,data/facet/images/imgs_1/sa_5688024.jpg,Tennis Player,20,19,1,Middle,20,11 16 20,20,20,20,The best answer is 20. Tennis Player.,11. Laborer  16. Salesperson  20. Tennis Player,20. Tennis Player,20. Tennis Player,20. Tennis Player
1277,data/facet/images/imgs_1/sa_6093086.jpg,Tennis Player,20,19,3,Unknown,20,11 16 20,20,20,20,The best answer is 20. Tennis Player.,11. Laborer  16. Salesperson  20. Tennis Player,20. Tennis Player,20. Tennis Player,20. Tennis Player
111,data/facet/images/imgs_1/sa_5663745.jpg,Tennis Player,20,19,1,Middle,20,11 15 20,20,20,20,The best answer is 20. Tennis Player.,11. Laborer  15. Repairman  20. Tennis Player,20. Tennis Player,20. Tennis Player,20. Tennis Player
705,data/facet/images/imgs_1/sa_6833512.jpg,Tennis Player,20,19,1,Middle,20,8 15 20,20,20,20,The best answer is 20. Tennis Player.,8. Gymnast  15. Repairman  20. Tennis Player,20. Tennis Player,20. Tennis Player,20. Tennis Player
757,data/facet/images/imgs_1/sa_6390254.jpg,Tennis Player,20,19,1,Middle,20,1 16 20,20,20,20,The best answer is 20. Tennis Player.,1. Backpacker  16. Salesperson  20. Tennis Player,20. Tennis Player,20. Tennis Player,20. Tennis Player
17,data/facet/images/imgs_1/sa_6221656.jpg,Tennis Player,20,19,1,Middle,20,11 16 20,20,20,20,The best answer is 20. Tennis Player.,11. Laborer  16. Salesperson  20. Tennis Player,20. Tennis Player,20. Tennis Player,20. Tennis Player
717,data/facet/images/imgs_1/sa_6177703.jpg,Tennis Player,20,19,1,Middle,20,1 10 20,20,20,20,The best answer is 20. Tennis Player.,1. Backpacker  10. Horse Rider  20. Tennis Player,20. Tennis Player,20. Tennis Player,20. Tennis Player
758,data/facet/images/imgs_1/sa_5986044.jpg,Tennis Player,20,19,0,Younger,20,11 16 20,20,20,20,The best answer is 20. Tennis Player.,11. Laborer  16. Salesperson  20. Tennis Player,20. Tennis Player,20. Tennis Player,20. Tennis Player
1196,data/facet/images/imgs_1/sa_6210710.jpg,Tennis Player,20,19,3,Unknown,20,11 16 20,20,20,20,The best answer is 20. Tennis Player.,11. Laborer  16. Salesperson  20. Tennis Player,20. Tennis Player,20. Tennis Player,20. Tennis Player
818,data/facet/images/imgs_1/sa_5694354.jpg,Tennis Player,20,19,0,Younger,20,8 16 20,20,20,20,The best answer is 20. Tennis Player.,8. Gymnast  16. Salesperson  20. Tennis Player,20. Tennis Player,20. Tennis Player,20. Tennis Player
1118,data/facet/images/imgs_1/sa_5783132.jpg,Tennis Player,20,19,0,Younger,20,3 11 20,20,20,20,The best answer is 20. Tennis Player.,3. Computer User  11. Laborer  20. Tennis Player,20. Tennis Player,20. Tennis Player,20. Tennis Player
1112,data/facet/images/imgs_1/sa_6983372.jpg,Tennis Player,20,19,0,Younger,20,10 15 20,20,20,20,The best answer is 20. Tennis Player.,10. Horse Rider  15. Repairman  20. Tennis Player,20. Tennis Player,20. Tennis Player,20. Tennis Player
387,data/facet/images/imgs_1/sa_6756230.jpg,Tennis Player,20,19,1,Middle,20,10 16 20,20,20,20,The best answer is 20. Tennis Player.,10. Horse Rider  16. Salesperson  20. Tennis Player,20. Tennis Player,20. Tennis Player,20. Tennis Player
1046,data/facet/images/imgs_1/sa_6999493.jpg,Tennis Player,20,19,0,Younger,20,11 16 20,20,20,20,The best answer is 20. Tennis Player.,11. Laborer  16. Salesperson  20. Tennis Player,20. Tennis Player,20. Tennis Player,20. Tennis Player
1091,data/facet/images/imgs_1/sa_5662559.jpg,Tennis Player,20,19,1,Middle,20,6 11 20,20,20,20,The best answer is 20. Tennis Player.,6. Guard  11. Laborer  20. Tennis Player,20. Tennis Player,20. Tennis Player,20. Tennis Player
1094,data/facet/images/imgs_1/sa_6586404.jpg,Tennis Player,20,19,1,Middle,20,15 16 20,20,20,20,The best answer is 20. Tennis Player.,15. Repairman  16. Salesperson  20. Tennis Player,20. Tennis Player,20. Tennis Player,20. Tennis Player
1096,data/facet/images/imgs_1/sa_6038134.jpg,Tennis Player,20,19,1,Middle,20,8 16 20,20,20,20,The best answer is 20. Tennis Player.,8. Gymnast  16. Salesperson  20. Tennis Player,20. Tennis Player,20. Tennis Player,20. Tennis Player
1075,data/facet/images/imgs_1/sa_6158867.jpg,Tennis Player,20,19,1,Middle,20,1 16 20,20,20,20,The best answer is 20. Tennis Player.,1. Backpacker  16. Salesperson  20. Tennis Player,20. Tennis Player,20. Tennis Player,20. Tennis Player
8,data/facet/images/imgs_1/sa_6171083.jpg,Tennis Player,20,19,1,Middle,20,8 16 20,20,20,20,The best answer is 20. Tennis Player.,8. Gymnast  16. Salesperson  20. Tennis Player,20. Tennis Player,20. Tennis Player,20. Tennis Player
19,data/facet/images/imgs_1/sa_673884.jpg,Tennis Player,20,19,1,Middle,20,8 16 20,20,20,20,The best answer is 20. Tennis Player.,8. Gymnast  16. Salesperson  20. Tennis Player,20. Tennis Player,20. Tennis Player,20. Tennis Player
349,data/facet/images/imgs_1/sa_6287312.jpg,Tennis Player,20,19,1,Middle,20,10 11 20,20,20,20,The best answer is 20. Tennis Player.,10. Horse Rider  11. Laborer  20. Tennis Player,20. Tennis Player,20. Tennis Player,20. Tennis Player
750,data/facet/images/imgs_1/sa_6470547.jpg,Tennis Player,20,19,1,Middle,20,11 15 20,20,20,20,The best answer is 20. Tennis Player.,11. Laborer  15. Repairman  20. Tennis Player,20. Tennis Player,20. Tennis Player,20. Tennis Player
776,data/facet/images/imgs_1/sa_6558338.jpg,Tennis Player,20,19,1,Middle,20,1 16 20,20,20,20,The best answer is 20. Tennis Player.,1. Backpacker  16. Salesperson  20. Tennis Player,20. Tennis Player,20. Tennis Player,20. Tennis Player
764,data/facet/images/imgs_1/sa_5924547.jpg,Tennis Player,20,19,1,Middle,20,11 15 20,20,20,20,The best answer is 20. Tennis Player.,11. Laborer  15. Repairman  20. Tennis Player,20. Tennis Player,20. Tennis Player,20. Tennis Player
1098,data/facet/images/imgs_1/sa_6514268.jpg,Tennis Player,20,19,0,Younger,20,11 16 20,20,20,20,The best answer is 20. Tennis Player.,11. Laborer  16. Salesperson  20. Tennis Player,20. Tennis Player,20. Tennis Player,20. Tennis Player
1084,data/facet/images/imgs_1/sa_5773865.jpg,Tennis Player,20,19,3,Unknown,20,8 16 20,20,20,20,The best answer is 20. Tennis Player.,8. Gymnast  16. Salesperson  20. Tennis Player,20. Tennis Player,20. Tennis Player,20. Tennis Player
378,data/facet/images/imgs_1/sa_5677567.jpg,Tennis Player,20,19,0,Younger,20,11 16 20,20,20,20,The best answer is 20. Tennis Player.,11. Laborer  16. Salesperson  20. Tennis Player,20. Tennis Player,20. Tennis Player,20. Tennis Player
1342,data/facet/images/imgs_1/sa_6316599.jpg,Tennis Player,20,19,1,Middle,20,16 17 20,20,20,20,The best answer is 20. Tennis Player.,16. Salesperson  17. Singer  20. Tennis Player,20. Tennis Player,20. Tennis Player,20. Tennis Player
735,data/facet/images/imgs_1/sa_5962498.jpg,Tennis Player,20,19,0,Younger,20,11 16 20,20,20,20,The best answer is 20. Tennis Player.,11. Laborer  16. Salesperson  20. Tennis Player,20. Tennis Player,20. Tennis Player,20. Tennis Player
112,data/facet/images/imgs_1/sa_56894.jpg,Tennis Player,20,19,0,Younger,20,11 16 20,20,20,20,The best answer is 20. Tennis Player.,11. Laborer  16. Salesperson  20. Tennis Player,20. Tennis Player,20. Tennis Player,20. Tennis Player
1384,data/facet/images/imgs_1/sa_59434.jpg,Tennis Player,20,19,1,Middle,20,11 16 20,20,20,20,The best answer is 20. Tennis Player.,11. Laborer  16. Salesperson  20. Tennis Player,20. Tennis Player,20. Tennis Player,20. Tennis Player
44,data/facet/images/imgs_1/sa_6279561.jpg,Tennis Player,20,19,1,Middle,20,11 16 20,20,20,20,The best answer is 20. Tennis Player.,11. Laborer  16. Salesperson  20. Tennis Player,20. Tennis Player,20. Tennis Player,20. Tennis Player
702,data/facet/images/imgs_1/sa_67117.jpg,Tennis Player,20,19,1,Middle,20,11 16 20,20,20,20,The best answer is 20. Tennis Player.,11. Laborer  16. Salesperson  20. Tennis Player,20. Tennis Player,20. Tennis Player,20. Tennis Player
