experiment,participant_id,prompt_idx,response,label,label_text,group,group_text,top1,avgk_set,conformal_marginal_set,conformal_conditional_set
control,200,643,10,10,Horse Rider,1.0,Middle,10,10,8 10,5 8 10 20
control,200,96,16,1,Backpacker,1.0,Middle,16,16,11 16,11 14 15 16
control,200,105,15,15,Repairman,3.0,Unknown,15,4 11 15 16,4 11 15 16,4 11 15 16
control,200,1334,17,17,Singer,1.0,Middle,17,17,17,11 17
control,200,744,1,18,Skateboarder,0.0,Younger,18,18,18,18
control,200,499,11,1,Backpacker,0.0,Younger,1,1 6 16,1 6 10 16,1
control,200,469,8,8,Gymnast,0.0,Younger,8,8,8,8
control,200,460,16,16,Salesperson,1.0,Middle,16,11 16,6 11 14 16,6 11 14 16
control,200,408,2,2,Boatman,3.0,Unknown,2,2,2,2
control,200,1263,8,8,Gymnast,1.0,Middle,8,8,8,8
control,200,1374,6,6,Guard,1.0,Middle,6,6,6 15,6 15 16
control,200,1055,13,13,Motorcyclist,1.0,Middle,13,13,13,13
control,200,1348,6,16,Salesperson,1.0,Middle,9,6 9 12,3 6 9 12,3 6 9 12
control,200,495,14,16,Salesperson,2.0,Older,2,2 14 16,2 14 16,2 4 11 14 16
control,200,730,1,3,Computer User,3.0,Unknown,1,1 2 11 16 17,1 2 11 16,1 2 11 16
control,200,956,15,6,Guard,1.0,Middle,6,6,6,6 20
control,200,1083,5,5,Farmer,2.0,Older,5,5 11 16,4 5 11 16,4 5 9 11 16
control,200,1389,13,13,Motorcyclist,3.0,Unknown,13,13,13,13
control,200,138,18,18,Skateboarder,3.0,Unknown,18,18,18,18
control,200,1303,13,13,Motorcyclist,3.0,Unknown,1,1 2 11 13 16,1 2 11 13,1 2 11 13
control,200,260,2,2,Boatman,1.0,Middle,2,2 6,2 6,2 6
control,200,389,13,1,Backpacker,2.0,Older,13,13,13,1 2 13 16
control,200,642,7,7,Guitarist,3.0,Unknown,7,7 17,7 17,7
control,200,369,9,9,Hairdresser,1.0,Middle,9,9,9,9
control,200,353,14,14,Painter,1.0,Middle,14,11 14,11 14,4 11 14
control,200,716,15,15,Repairman,0.0,Younger,15,15,15,15
control,200,349,20,20,Tennis Player,1.0,Middle,20,20,20,20
control,200,606,3,3,Computer User,3.0,Unknown,3,3 6 8 16,3 6 8 16,3 6 8 16
control,200,1208,5,5,Farmer,1.0,Middle,1,1 11,1 5 11 16,1 5 11 16
control,200,751,6,12,Officer,1.0,Middle,6,6 16,3 6 11 16,3 6 11 16
control,200,30,8,11,Laborer,1.0,Middle,11,4 11 15,4 11 15,4 5 11 15
control,200,908,8,8,Gymnast,0.0,Younger,8,8,8,8
control,200,407,5,5,Farmer,2.0,Older,5,4 5 11 15 16,5 11 15 16,4 5 11 15 16
control,200,371,6,6,Guard,1.0,Middle,6,6 11 12,6 11 12 18,6 11 12 18
control,200,12,19,19,Speaker,1.0,Middle,12,1 8 10 12,1 8 10 12,1 8 10 12
control,200,179,7,7,Guitarist,1.0,Middle,17,1 2 5 7 9 11 14 15 16 17,1 2 7 17,1 2 7 17
control,200,517,14,14,Painter,0.0,Younger,14,11 14 15,11 14 15 16,11 14 15
control,200,942,2,2,Boatman,3.0,Unknown,2,1 2,1 2,1 2
control,200,455,5,11,Laborer,0.0,Younger,4,4 11 14,4 11 14,4 11
control,200,654,4,4,Craftsman,3.0,Unknown,4,4 11,2 4 11 15,2 4 11 15
control,200,89,19,19,Speaker,1.0,Middle,16,3 16,3 10 16 20,3 10 16 20
control,200,1342,20,20,Tennis Player,1.0,Middle,20,20,20,20
control,200,522,8,4,Craftsman,0.0,Younger,8,1 2 4 6 8 11 15 16 20,2 8 11 16,2 8 11 16
control,200,850,3,3,Computer User,3.0,Unknown,16,11 16,3 11 15 16,3 11 15 16
control,200,923,12,12,Officer,3.0,Unknown,6,6 11 16,6 11 12 16,6 11 12 16
control,200,983,20,20,Tennis Player,1.0,Middle,20,20,20,20
control,200,1159,17,17,Singer,0.0,Younger,17,17,17,17
control,200,1121,2,18,Skateboarder,3.0,Unknown,2,2 16 18,1 2 16 18,1 2 16 18
control,200,843,4,14,Painter,2.0,Older,16,4 11 16,4 11 15 16,4 11 14 15 16
control,200,167,17,17,Singer,0.0,Younger,17,17,11 17 19 20,17
control,201,387,20,20,Tennis Player,1.0,Middle,20,20,20,20
control,201,1376,8,16,Salesperson,2.0,Older,16,16,11 16,3 4 6 11 16
control,201,267,5,5,Farmer,3.0,Unknown,11,5 11,1 5 11,1 5 11
control,201,1350,12,13,Motorcyclist,3.0,Unknown,12,6 12 13,3 6 12 13,3 6 12 13
control,201,846,10,10,Horse Rider,3.0,Unknown,6,6,6,6
control,201,957,14,14,Painter,1.0,Middle,14,9 11 14 16,9 11 14 16,9 11 14 16
control,201,1298,1,18,Skateboarder,1.0,Middle,18,13 16 18,6 13 16 18,6 13 16 18
control,201,403,8,8,Gymnast,0.0,Younger,8,8,8,8
control,201,708,2,5,Farmer,2.0,Older,11,5 11,4 5 11,2 4 5 11 16
control,201,718,12,12,Officer,0.0,Younger,12,2 6 12 13,2 6 12 13,2 6 12 13
control,201,184,13,13,Motorcyclist,1.0,Middle,13,13,13,11 13
control,201,89,19,19,Speaker,1.0,Middle,16,3 16,3 10 16 20,3 10 16 20
control,201,305,17,17,Singer,1.0,Middle,17,17,17,17
control,201,488,16,3,Computer User,1.0,Middle,16,3 6 16,2 3 6 16,2 3 6 16
control,201,491,8,8,Gymnast,1.0,Middle,8,8,8,8
control,201,501,18,18,Skateboarder,0.0,Younger,13,2 6 11 13 16 18,11 13 16 18,11 13 16 18
control,201,859,12,12,Officer,1.0,Middle,6,2 6 12,2 6 12 13,2 6 12 13
control,201,340,15,15,Repairman,3.0,Unknown,15,3 6 9 11 15 16,3 9 11 15,3 9 11 15
control,201,714,16,16,Salesperson,3.0,Unknown,16,11 16,11 13 16,11 16
control,201,809,10,10,Horse Rider,1.0,Middle,10,5 8 10 12,5 8 10 12,5 8 10 12
control,201,297,7,7,Guitarist,1.0,Middle,7,7,7,7 13
control,201,1276,9,9,Hairdresser,1.0,Middle,9,9,9 15,5 9 11 15
control,201,312,9,9,Hairdresser,1.0,Middle,9,2 9 11 15,2 9 11 15,2 9 11 15
control,201,419,19,19,Speaker,1.0,Middle,20,5 6 8 10 11 16 17 20,8 16 17 20,8 16 17 20
control,201,459,2,2,Boatman,2.0,Older,2,2,2,2 6 14 15 16
control,201,998,17,17,Singer,0.0,Younger,17,17,11 17,17
control,201,811,6,12,Officer,1.0,Middle,6,6 10 11 15,6 10 11 15,6 10 11 15
control,201,1196,20,20,Tennis Player,3.0,Unknown,20,20,20,20
control,201,276,14,14,Painter,0.0,Younger,14,11 14 16,11 14 16,14 16
control,201,1257,16,16,Salesperson,1.0,Middle,16,5 11 16,4 5 11 16,4 5 11 16
control,201,455,9,11,Laborer,0.0,Younger,4,4 11 14,4 11 14,4 11
control,201,113,19,19,Speaker,2.0,Older,3,3 5 10 11 12 19,3 10 12 19,3 10 11 12 19
control,201,230,14,1,Backpacker,3.0,Unknown,1,1 16,1 6 14 16,1 6 14 16
control,201,712,15,15,Repairman,1.0,Middle,11,11 15,1 4 11 15,1 4 11 15
control,201,1060,6,6,Guard,0.0,Younger,6,6,6,6
control,201,158,4,4,Craftsman,1.0,Middle,11,4 5 11 16,4 5 11 16,4 5 11 16
control,201,544,11,11,Laborer,0.0,Younger,11,5 11 16,5 11 16,5 11 16
control,201,490,5,5,Farmer,0.0,Younger,5,5 11 16,5 11 16,5 11
control,201,306,14,14,Painter,1.0,Middle,14,11 14 16,4 11 14 16,4 11 14 16
control,201,1113,2,2,Boatman,1.0,Middle,2,2 14,2 11 14 17,2 11 14 17
control,201,6,14,3,Computer User,0.0,Younger,3,1 3 10 11 14 15 16 17 18 19,1 3 11 17,1 3 11 17
control,201,1377,8,8,Gymnast,0.0,Younger,8,8,8,8
control,201,486,7,7,Guitarist,1.0,Middle,17,1 6 7 11 17,1 6 7 17,1 6 7 17
control,201,82,7,7,Guitarist,1.0,Middle,7,7,7,7
control,201,1133,12,6,Guard,1.0,Middle,11,6 11,6 11 12 13,6 11 12 13
control,201,664,2,2,Boatman,1.0,Middle,2,2 16,2 11 16,2 11 15 16
control,201,1190,3,3,Computer User,1.0,Middle,1,1 3 15 16,1 3 15 16,1 3 15 16
control,201,81,12,4,Craftsman,1.0,Middle,11,2 5 6 11 13 15,2 6 11 15,2 6 11 15
control,201,826,6,6,Guard,3.0,Unknown,6,6,6,6
control,201,1044,13,15,Repairman,0.0,Younger,11,3 4 6 10 11 14 15 16 17,6 11 15 16,6 11 15 16
control,202,440,12,6,Guard,1.0,Middle,6,6 12,6 12,6 11 12 15
control,202,1221,9,9,Hairdresser,1.0,Middle,9,4 9 16,4 9 11 16,4 9 11 16
control,202,287,3,3,Computer User,3.0,Unknown,16,3 5 16,3 5 10 16,3 5 10 16
control,202,1367,4,4,Craftsman,1.0,Middle,11,11 16,5 11 16,2 5 11 16
control,202,915,15,15,Repairman,1.0,Middle,11,11 15,11 15,11 15
control,202,226,2,2,Boatman,0.0,Younger,2,2,2,2
control,202,898,12,13,Motorcyclist,1.0,Middle,13,2 11 13 16,2 11 13 16,2 11 13 16
control,202,1236,7,7,Guitarist,1.0,Middle,11,1 2 5 7 11 16 17 20,1 2 11 20,1 2 11 20
control,202,894,12,6,Guard,2.0,Older,15,6 15 16,4 6 15 16,4 6 11 15 16
control,202,992,7,7,Guitarist,2.0,Older,7,7,7,7 11 16 17 18
control,202,1286,7,7,Guitarist,3.0,Unknown,7,7,7,7
control,202,753,3,3,Computer User,1.0,Middle,11,1 11 18,1 3 11 18,1 3 11 18
control,202,69,19,19,Speaker,1.0,Middle,17,9 16 17 20,9 16 17 20,9 16 17 20
control,202,924,6,6,Guard,0.0,Younger,6,6 15,6 15,6
control,202,74,20,20,Tennis Player,1.0,Middle,20,20,20,20
control,202,661,8,8,Gymnast,0.0,Younger,8,8 18,8 18,8
control,202,1316,2,16,Salesperson,1.0,Middle,2,1 2 11 14,1 2 11 14,1 2 11 14
control,202,215,11,14,Painter,1.0,Middle,11,11 14 15,4 11 14 15,4 11 14 15
control,202,350,18,18,Skateboarder,1.0,Middle,18,18,18,18
control,202,697,5,5,Farmer,3.0,Unknown,5,5 11,5 11 12,5 11
control,202,120,3,10,Horse Rider,0.0,Younger,10,10,5 10 12 16,10
control,202,1072,4,4,Craftsman,0.0,Younger,11,4 6 11 15 16,4 11 15 16,4 11 15 16
control,202,255,17,17,Singer,1.0,Middle,17,17,17,17
control,202,498,2,2,Boatman,1.0,Middle,2,2,2,2 11 16
control,202,1084,20,20,Tennis Player,3.0,Unknown,20,20,20,20
control,202,410,11,11,Laborer,1.0,Middle,11,2 6 11 16,2 6 11 16,2 6 11 16
control,202,1136,8,8,Gymnast,0.0,Younger,8,8,8,8
control,202,1115,19,19,Speaker,1.0,Middle,6,6 9 10 12 17 19,6 9 17 19,6 9 17 19
control,202,348,12,12,Officer,0.0,Younger,16,6 11 12 13 16,6 11 12 16,6 11 12 16
control,202,459,2,2,Boatman,2.0,Older,2,2,2,2 6 14 15 16
control,202,288,14,14,Painter,1.0,Middle,14,11 14,11 14 15 18,11 14 15 18
control,202,1171,1,18,Skateboarder,0.0,Younger,1,1 16 18,1 16 18,1
control,202,478,5,5,Farmer,3.0,Unknown,5,2 5 11,2 5 11,2 5 11
control,202,1094,20,20,Tennis Player,1.0,Middle,20,20,20,20
control,202,433,15,15,Repairman,1.0,Middle,15,11 13 15,11 13 15 17,11 13 15 17
control,202,272,16,16,Salesperson,2.0,Older,16,11 16,11 16,5 6 11 16
control,202,147,1,1,Backpacker,1.0,Middle,1,1,1 11,1 3 11 16
control,202,824,14,14,Painter,3.0,Unknown,14,14,14,14
control,202,445,13,13,Motorcyclist,3.0,Unknown,11,11 16,11 16,11 16
control,202,859,12,12,Officer,1.0,Middle,6,2 6 12,2 6 12 13,2 6 12 13
control,202,206,5,11,Laborer,1.0,Middle,5,5 11,5 11 16,5 11 16
control,202,336,17,17,Singer,0.0,Younger,17,17,17,17
control,202,381,1,1,Backpacker,0.0,Younger,16,1 3 6 11 15 16,1 6 11 16,1 6 11 16
control,202,165,13,13,Motorcyclist,1.0,Middle,2,1 2 13,1 2 13 19,1 2 13 19
control,202,1049,3,3,Computer User,3.0,Unknown,2,2 3 16,2 3 11 16,2 3 16
control,202,103,9,9,Hairdresser,1.0,Middle,9,9,9 11,9 11 16
control,202,339,17,17,Singer,1.0,Middle,17,17,17,10 11 17 20
control,202,1217,8,8,Gymnast,3.0,Unknown,8,8,8,8
control,202,683,12,12,Officer,3.0,Unknown,6,6 12 13 16,6 12 13 16,6 12 13 16
control,202,39,12,9,Hairdresser,2.0,Older,9,4 9 15,4 9 15,4 6 9 15 16
control,203,432,18,18,Skateboarder,0.0,Younger,18,18,18,18
control,203,844,5,11,Laborer,1.0,Middle,5,5 11,5 11,5 11
control,203,1198,9,9,Hairdresser,1.0,Middle,9,4 9 14 16,4 9 14 16,4 9 14 16
control,203,1050,8,8,Gymnast,0.0,Younger,8,8,8,8
control,203,152,16,16,Salesperson,2.0,Older,16,16,16,3 11 15 16
control,203,178,6,6,Guard,2.0,Older,15,6 13 15,4 6 13 15,4 6 13 15 16
control,203,788,6,6,Guard,1.0,Middle,6,6,6,6
control,203,275,6,6,Guard,1.0,Middle,6,6,6,6
control,203,1371,8,8,Gymnast,1.0,Middle,8,8,8,8
control,203,206,11,11,Laborer,1.0,Middle,5,5 11,5 11 16,5 11 16
control,203,964,10,10,Horse Rider,1.0,Middle,10,10 12,2 6 10 12,2 6 10 12
control,203,291,6,12,Officer,3.0,Unknown,6,6,6,6
control,203,1332,17,17,Singer,1.0,Middle,17,7 17,7 10 14 17,7 10 14 17
control,203,1202,7,7,Guitarist,2.0,Older,7,3 7,3 7 11 17,3 7 11 16 17
control,203,436,15,4,Craftsman,2.0,Older,4,4 11 15 16,4 11 15 16,4 9 11 15 16
control,203,697,11,5,Farmer,3.0,Unknown,5,5 11,5 11 12,5 11
control,203,102,18,18,Skateboarder,1.0,Middle,18,18,18,18
control,203,1122,3,3,Computer User,1.0,Middle,3,3 16 17 19,3 16 17 19,3 16 17 19
control,203,1042,19,19,Speaker,2.0,Older,10,5 6 8 9 10 12 16 17 19,6 10 12 16,6 10 12 16 17
control,203,1254,13,13,Motorcyclist,3.0,Unknown,16,2 13 16,2 11 13 16,2 11 13 16
control,203,958,17,17,Singer,1.0,Middle,17,17,17,10 17 19
control,203,559,7,7,Guitarist,1.0,Middle,7,7 16 17,7 11 16 17,7 11 16 17
control,203,855,15,14,Painter,1.0,Middle,15,11 15,11 14 15,11 14 15
control,203,842,14,14,Painter,3.0,Unknown,16,11 14 16,11 14 16,11 14 16
control,203,85,20,19,Speaker,0.0,Younger,16,1 4 6 10 11 13 16,1 10 11 16,1 10 11 16
control,203,1354,3,3,Computer User,3.0,Unknown,3,3 10 12 16,3 10 12 16,3 10 12 16
control,203,473,2,2,Boatman,1.0,Middle,2,2,2 11,2 11
control,203,749,12,12,Officer,2.0,Older,12,6 11 12 13 15,6 11 12 15,6 11 12 13 15
control,203,1328,5,5,Farmer,0.0,Younger,11,5 11,5 11,5 11
control,203,1389,13,13,Motorcyclist,3.0,Unknown,13,13,13,13
control,203,19,20,20,Tennis Player,1.0,Middle,20,20,20,20
control,203,73,4,15,Repairman,2.0,Older,4,4 11,4 11 16,4 5 11 15 16
control,203,297,7,7,Guitarist,1.0,Middle,7,7,7,7 13
control,203,402,1,1,Backpacker,0.0,Younger,1,1,1,1
control,203,806,15,15,Repairman,3.0,Unknown,15,4 11 15,3 4 11 15,4 11 15
control,203,1182,3,3,Computer User,3.0,Unknown,3,3,3,3
control,203,553,2,13,Motorcyclist,0.0,Younger,2,2,2 16,2
control,203,943,10,10,Horse Rider,1.0,Middle,10,10,10,8 10
control,203,609,10,10,Horse Rider,1.0,Middle,10,8 10,5 8 10 20,5 8 10 20
control,203,951,16,16,Salesperson,1.0,Middle,16,5 11 16,5 11 16,4 5 11 16
control,203,985,19,19,Speaker,2.0,Older,10,3 5 6 10 11 12 19,3 10 11 19,3 6 10 11 19
control,203,367,16,16,Salesperson,1.0,Middle,16,11 16,5 11 16,5 6 11 16
control,203,319,11,5,Farmer,1.0,Middle,5,5 11,5 11 16,5 11 16
control,203,627,1,1,Backpacker,1.0,Middle,3,1 3 4 5 14 16,1 3 5 16,1 3 5 16
control,203,193,2,2,Boatman,3.0,Unknown,2,2 6,2 6 11 12,2 6 12
control,203,448,12,12,Officer,1.0,Middle,12,6 12,3 6 12 13,3 6 12 13
control,203,875,20,20,Tennis Player,1.0,Middle,20,20,20,20
control,203,1036,5,18,Skateboarder,3.0,Unknown,18,6 12 18,6 10 12 18,6 10 12 18
control,203,373,14,14,Painter,1.0,Middle,14,14,14,14
control,203,187,9,9,Hairdresser,3.0,Unknown,9,9,9,9
control,204,854,3,3,Computer User,1.0,Middle,3,3,3 4 15 19,3 4 15 19
control,204,273,15,15,Repairman,1.0,Middle,15,11 15,11 15 16,11 15 16
control,204,28,9,9,Hairdresser,1.0,Middle,9,9,9,6 9
control,204,781,4,19,Speaker,1.0,Middle,16,9 11 16,4 9 11 16,4 9 11 16
control,204,470,9,9,Hairdresser,3.0,Unknown,9,9,9,9
control,204,1032,12,12,Officer,3.0,Unknown,6,6 12,6 12 13,6 12
control,204,1356,5,11,Laborer,3.0,Unknown,11,5 11,5 11 16,5 11 16
control,204,570,14,14,Painter,2.0,Older,14,14 16,14 16,4 11 14 15 16
control,204,646,7,7,Guitarist,1.0,Middle,17,7 11 17,6 7 11 17,6 7 11 17
control,204,991,20,20,Tennis Player,1.0,Middle,20,20,20,20
control,204,1049,3,3,Computer User,3.0,Unknown,2,2 3 16,2 3 11 16,2 3 16
control,204,159,17,17,Singer,1.0,Middle,17,7 17,7 17,7 10 17 19
control,204,579,15,4,Craftsman,1.0,Middle,4,4 11,4 11 15,4 11 15 16
control,204,626,2,2,Boatman,1.0,Middle,2,2,2,2
control,204,110,8,8,Gymnast,0.0,Younger,8,8,8,8
control,204,843,14,14,Painter,2.0,Older,16,4 11 16,4 11 15 16,4 11 14 15 16
control,204,71,12,6,Guard,1.0,Middle,6,6 10 14,6 9 10 14,6 9 10 14
control,204,589,10,10,Horse Rider,3.0,Unknown,10,10,10,10
control,204,463,16,16,Salesperson,0.0,Younger,16,16,16,16
control,204,79,3,3,Computer User,0.0,Younger,3,3 11 15,3 11 15,3
control,204,665,19,19,Speaker,3.0,Unknown,19,2 3 10 11 12 13 16 17 19,2 10 12 19,2 10 12 19
control,204,625,13,13,Motorcyclist,3.0,Unknown,13,13,13,13
control,204,95,10,10,Horse Rider,0.0,Younger,10,10,5 8 10,10
control,204,807,1,11,Laborer,1.0,Middle,11,11 15,11 15,11 15
control,204,1318,18,18,Skateboarder,3.0,Unknown,18,18,18,18
control,204,1061,4,4,Craftsman,2.0,Older,4,4 11,2 4 11,2 4 5 11 15
control,204,63,6,11,Laborer,1.0,Middle,6,6 13,6 12 13 16,6 12 13 16
control,204,1188,9,9,Hairdresser,3.0,Unknown,9,9 11,9 11,9
control,204,86,2,5,Farmer,3.0,Unknown,5,2 5 11,2 5 11,2 5 11
control,204,803,18,18,Skateboarder,3.0,Unknown,18,18,18,18
control,204,309,6,12,Officer,1.0,Middle,6,6 13,6 12 13 16,6 12 13 16
control,204,1379,13,13,Motorcyclist,2.0,Older,13,13,12 13,4 10 12 13 15
control,204,602,2,2,Boatman,1.0,Middle,2,2 6 19,2 3 6 19,2 3 6 19
control,204,133,5,5,Farmer,3.0,Unknown,11,5 11,5 11,5 11
control,204,849,7,7,Guitarist,1.0,Middle,7,7 17,7 17,7 17
control,204,1070,12,12,Officer,3.0,Unknown,6,6 12,3 6 12 16,6 12 16
control,204,1060,6,6,Guard,0.0,Younger,6,6,6,6
control,204,1105,7,17,Singer,1.0,Middle,16,2 7 11 16 17,2 7 16 17,2 7 16 17
control,204,1280,4,4,Craftsman,1.0,Middle,4,2 4 11,2 4 11,2 4 11
control,204,578,16,16,Salesperson,1.0,Middle,16,11 16,11 16,11 16
control,204,107,8,1,Backpacker,1.0,Middle,16,6 11 16 17,6 11 16 17,6 11 16 17
control,204,1048,16,16,Salesperson,1.0,Middle,16,5 11 16,5 11 16,1 5 11 16
control,204,1096,20,20,Tennis Player,1.0,Middle,20,20,20,20
control,204,316,8,8,Gymnast,1.0,Middle,8,8,8,8
control,204,19,20,20,Tennis Player,1.0,Middle,20,20,20,20
control,204,70,11,15,Repairman,2.0,Older,15,4 11 15,4 11 15,4 9 11 15
control,204,1243,19,19,Speaker,0.0,Younger,16,1 2 15 16 17,2 15 16 17,2 15 16 17
control,204,351,1,1,Backpacker,0.0,Younger,1,1,1,1
control,204,390,10,10,Horse Rider,1.0,Middle,10,6 10 12,6 10 12,6 10 12
control,204,662,1,1,Backpacker,0.0,Younger,1,1,1,1
control,205,982,2,2,Boatman,1.0,Middle,2,2,2,1 2
control,205,557,16,1,Backpacker,1.0,Middle,3,3 6 16 18 19 20,3 6 16 19,3 6 16 19
control,205,551,5,5,Farmer,1.0,Middle,5,5 11,5 11,5 11
control,205,846,6,10,Horse Rider,3.0,Unknown,6,6,6,6
control,205,1334,20,17,Singer,1.0,Middle,17,17,17,11 17
control,205,1060,6,6,Guard,0.0,Younger,6,6,6,6
control,205,1390,4,4,Craftsman,1.0,Middle,11,4 11 15 16,4 11 15 16,4 11 15 16
control,205,946,14,14,Painter,3.0,Unknown,14,14,2 14,14
control,205,597,3,3,Computer User,1.0,Middle,19,3 11 15 17 19,3 11 17 19,3 11 17 19
control,205,1354,3,3,Computer User,3.0,Unknown,3,3 10 12 16,3 10 12 16,3 10 12 16
control,205,112,20,20,Tennis Player,0.0,Younger,20,20,20,20
control,205,850,3,3,Computer User,3.0,Unknown,16,11 16,3 11 15 16,3 11 15 16
control,205,650,18,18,Skateboarder,3.0,Unknown,18,18,8 18,18
control,205,530,17,17,Singer,1.0,Middle,17,17,7 17,7 17
control,205,966,14,14,Painter,2.0,Older,14,5 11 14,4 5 11 14,4 5 11 12 14
control,205,560,10,10,Horse Rider,0.0,Younger,10,8 10,8 10 20,10
control,205,725,8,8,Gymnast,0.0,Younger,8,8,8,8
control,205,943,10,10,Horse Rider,1.0,Middle,10,10,10,8 10
control,205,366,15,15,Repairman,1.0,Middle,15,11 15,11 15,4 11 15
control,205,1147,6,6,Guard,0.0,Younger,6,6,6,6
control,205,208,15,15,Repairman,3.0,Unknown,3,3,3 19,3
control,205,186,4,4,Craftsman,2.0,Older,11,3 4 9 11 15 16,3 11 15 16,3 4 11 15 16
control,205,176,5,11,Laborer,3.0,Unknown,11,2 5 11,2 5 11,2 5 11
control,205,675,2,16,Salesperson,1.0,Middle,16,11 15 16,2 11 15 16,2 11 15 16
control,205,1203,12,12,Officer,1.0,Middle,6,6 11,2 6 11 12,2 6 11 12
control,205,935,13,13,Motorcyclist,3.0,Unknown,13,13,13,13
control,205,400,18,18,Skateboarder,3.0,Unknown,18,18,18,18
control,205,135,19,19,Speaker,3.0,Unknown,16,6 10 12 16 17 19 20,6 16 17 19,6 16 17 19
control,205,58,11,11,Laborer,3.0,Unknown,11,6 11 14,6 11 14 18,6 11 14 18
control,205,205,13,13,Motorcyclist,1.0,Middle,13,13,12 13,12 13
control,205,139,5,9,Hairdresser,1.0,Middle,11,5 9 11,4 5 9 11,4 5 9 11
control,205,587,19,19,Speaker,2.0,Older,12,3 6 10 11 12 16 17 19 20,6 11 12 16,6 11 12 16 19
control,205,1263,8,8,Gymnast,1.0,Middle,8,8,8,8
control,205,921,18,18,Skateboarder,3.0,Unknown,18,18,18,18
control,205,418,1,16,Salesperson,1.0,Middle,16,1 16,1 11 16,1 11 15 16
control,205,679,5,5,Farmer,2.0,Older,5,5 11,5 11,2 4 5 11
control,205,521,13,13,Motorcyclist,1.0,Middle,13,13,13,13
control,205,386,17,7,Guitarist,3.0,Unknown,17,17,17,17
control,205,936,16,16,Salesperson,1.0,Middle,16,16,16,5 11 16
control,205,389,13,1,Backpacker,2.0,Older,13,13,13,1 2 13 16
control,205,716,15,15,Repairman,0.0,Younger,15,15,15,15
control,205,788,12,6,Guard,1.0,Middle,6,6,6,6
control,205,870,8,8,Gymnast,0.0,Younger,8,8,8,8
control,205,1116,19,19,Speaker,1.0,Middle,9,3 8 9 16 17 19,3 9 17 19,3 9 17 19
control,205,615,5,11,Laborer,1.0,Middle,5,5 11,5 11,1 5 11
control,205,558,17,7,Guitarist,1.0,Middle,17,7 17,7 10 15 17,7 10 15 17
control,205,944,4,4,Craftsman,1.0,Middle,11,4 5 9 11 16,5 9 11 16,5 9 11 16
control,205,107,17,1,Backpacker,1.0,Middle,16,6 11 16 17,6 11 16 17,6 11 16 17
control,205,611,1,7,Guitarist,3.0,Unknown,16,1 15 16,1 4 15 16,1 4 15 16
control,205,1325,12,12,Officer,1.0,Middle,6,6 12 13,6 12 13 19,6 12 13 19
control,206,935,13,13,Motorcyclist,3.0,Unknown,13,13,13,13
control,206,389,16,1,Backpacker,2.0,Older,13,13,13,1 2 13 16
control,206,558,17,7,Guitarist,1.0,Middle,17,7 17,7 10 15 17,7 10 15 17
control,206,870,8,8,Gymnast,0.0,Younger,8,8,8,8
control,206,176,11,11,Laborer,3.0,Unknown,11,2 5 11,2 5 11,2 5 11
control,206,946,14,14,Painter,3.0,Unknown,14,14,2 14,14
control,206,1390,15,4,Craftsman,1.0,Middle,11,4 11 15 16,4 11 15 16,4 11 15 16
control,206,650,18,18,Skateboarder,3.0,Unknown,18,18,8 18,18
control,206,788,12,6,Guard,1.0,Middle,6,6,6,6
control,206,400,18,18,Skateboarder,3.0,Unknown,18,18,18,18
control,206,675,16,16,Salesperson,1.0,Middle,16,11 15 16,2 11 15 16,2 11 15 16
control,206,1060,6,6,Guard,0.0,Younger,6,6,6,6
control,206,1203,6,12,Officer,1.0,Middle,6,6 11,2 6 11 12,2 6 11 12
control,206,107,17,1,Backpacker,1.0,Middle,16,6 11 16 17,6 11 16 17,6 11 16 17
control,206,716,15,15,Repairman,0.0,Younger,15,15,15,15
control,206,58,11,11,Laborer,3.0,Unknown,11,6 11 14,6 11 14 18,6 11 14 18
control,206,112,20,20,Tennis Player,0.0,Younger,20,20,20,20
control,206,366,15,15,Repairman,1.0,Middle,15,11 15,11 15,4 11 15
control,206,679,5,5,Farmer,2.0,Older,5,5 11,5 11,2 4 5 11
control,206,560,10,10,Horse Rider,0.0,Younger,10,8 10,8 10 20,10
control,206,551,5,5,Farmer,1.0,Middle,5,5 11,5 11,5 11
control,206,521,13,13,Motorcyclist,1.0,Middle,13,13,13,13
control,206,208,15,15,Repairman,3.0,Unknown,3,3,3 19,3
control,206,966,14,14,Painter,2.0,Older,14,5 11 14,4 5 11 14,4 5 11 12 14
control,206,1147,6,6,Guard,0.0,Younger,6,6,6,6
control,206,1116,19,19,Speaker,1.0,Middle,9,3 8 9 16 17 19,3 9 17 19,3 9 17 19
control,206,139,1,9,Hairdresser,1.0,Middle,11,5 9 11,4 5 9 11,4 5 9 11
control,206,846,6,10,Horse Rider,3.0,Unknown,6,6,6,6
control,206,982,2,2,Boatman,1.0,Middle,2,2,2,1 2
control,206,587,19,19,Speaker,2.0,Older,12,3 6 10 11 12 16 17 19 20,6 11 12 16,6 11 12 16 19
control,206,1263,8,8,Gymnast,1.0,Middle,8,8,8,8
control,206,418,16,16,Salesperson,1.0,Middle,16,1 16,1 11 16,1 11 15 16
control,206,1334,17,17,Singer,1.0,Middle,17,17,17,11 17
control,206,1325,12,12,Officer,1.0,Middle,6,6 12 13,6 12 13 19,6 12 13 19
control,206,850,3,3,Computer User,3.0,Unknown,16,11 16,3 11 15 16,3 11 15 16
control,206,611,1,7,Guitarist,3.0,Unknown,16,1 15 16,1 4 15 16,1 4 15 16
control,206,936,16,16,Salesperson,1.0,Middle,16,16,16,5 11 16
control,206,1354,3,3,Computer User,3.0,Unknown,3,3 10 12 16,3 10 12 16,3 10 12 16
control,206,530,17,17,Singer,1.0,Middle,17,17,7 17,7 17
control,206,135,19,19,Speaker,3.0,Unknown,16,6 10 12 16 17 19 20,6 16 17 19,6 16 17 19
control,206,944,4,4,Craftsman,1.0,Middle,11,4 5 9 11 16,5 9 11 16,5 9 11 16
control,206,921,18,18,Skateboarder,3.0,Unknown,18,18,18,18
control,206,205,13,13,Motorcyclist,1.0,Middle,13,13,12 13,12 13
control,206,615,5,11,Laborer,1.0,Middle,5,5 11,5 11,1 5 11
control,206,386,17,7,Guitarist,3.0,Unknown,17,17,17,17
control,206,557,6,1,Backpacker,1.0,Middle,3,3 6 16 18 19 20,3 6 16 19,3 6 16 19
control,206,186,4,4,Craftsman,2.0,Older,11,3 4 9 11 15 16,3 11 15 16,3 4 11 15 16
control,206,943,10,10,Horse Rider,1.0,Middle,10,10,10,8 10
control,206,597,3,3,Computer User,1.0,Middle,19,3 11 15 17 19,3 11 17 19,3 11 17 19
control,206,725,8,8,Gymnast,0.0,Younger,8,8,8,8
control,207,1378,10,20,Tennis Player,0.0,Younger,20,20,20,20
control,207,874,5,5,Farmer,1.0,Middle,5,5,5,5 11
control,207,1076,6,11,Laborer,1.0,Middle,6,6 11 13 16,6 11 13 16,6 11 13 16
control,207,1156,20,20,Tennis Player,0.0,Younger,20,20,20,20
control,207,1346,18,18,Skateboarder,1.0,Middle,18,18,18,18
control,207,789,11,11,Laborer,1.0,Middle,6,6 11 15,6 11 15 18,6 11 15 18
control,207,447,13,13,Motorcyclist,0.0,Younger,13,1 11 13 16,1 11 13 16,11 13 16
control,207,23,5,5,Farmer,1.0,Middle,5,5 11,5 11,5 11 15 16
control,207,530,17,17,Singer,1.0,Middle,17,17,7 17,7 17
control,207,936,16,16,Salesperson,1.0,Middle,16,16,16,5 11 16
control,207,43,19,17,Singer,3.0,Unknown,17,17,10 17,17
control,207,237,7,7,Guitarist,1.0,Middle,7,7,7,7 12 17
control,207,604,12,6,Guard,1.0,Middle,6,6 11 16,1 6 11 16,1 6 11 16
control,207,1102,2,2,Boatman,3.0,Unknown,2,2,2,2
control,207,1057,11,9,Hairdresser,0.0,Younger,9,9,9,9
control,207,832,18,18,Skateboarder,1.0,Middle,18,18,18,18
control,207,1330,7,1,Backpacker,1.0,Middle,1,1 4 6 7 11 12 15 17 18 19,1 6 7 15,1 6 7 15
control,207,660,4,11,Laborer,1.0,Middle,11,11,11,4 5 11
control,207,1360,4,4,Craftsman,3.0,Unknown,16,11 14 15 16,11 14 15 16,11 14 15 16
control,207,1130,14,14,Painter,1.0,Middle,15,4 11 14 15,4 11 14 15,4 11 14 15
control,207,233,5,16,Salesperson,1.0,Middle,11,5 11,5 11 16,2 5 11 16
control,207,189,19,19,Speaker,1.0,Middle,20,1 20,1 20,1 20
control,207,914,8,8,Gymnast,1.0,Middle,8,8,8,8
control,207,556,5,5,Farmer,1.0,Middle,5,5 11,5 11 16,5 11 16
control,207,822,6,12,Officer,1.0,Middle,6,3 6 12 15,3 6 12 15,3 6 12 15
control,207,609,10,10,Horse Rider,1.0,Middle,10,8 10,5 8 10 20,5 8 10 20
control,207,1013,4,16,Salesperson,1.0,Middle,16,11 16,11 16,11 16
control,207,299,5,4,Craftsman,1.0,Middle,16,1 11 16,1 11 15 16,1 11 15 16
control,207,22,2,2,Boatman,0.0,Younger,2,2,2,2
control,207,1099,10,10,Horse Rider,0.0,Younger,10,10,10,10
control,207,510,8,20,Tennis Player,1.0,Middle,20,16 18 20,16 18 20,1 16 18 20
control,207,381,1,1,Backpacker,0.0,Younger,16,1 3 6 11 15 16,1 6 11 16,1 6 11 16
control,207,534,2,3,Computer User,1.0,Middle,11,2 3 6 11 15,2 3 11 15,2 3 11 15
control,207,178,6,6,Guard,2.0,Older,15,6 13 15,4 6 13 15,4 6 13 15 16
control,207,1396,13,13,Motorcyclist,3.0,Unknown,13,1 11 13 16,1 11 13 16,1 11 13 16
control,207,742,15,15,Repairman,1.0,Middle,15,11 13 15,4 11 13 15,4 11 13 15
control,207,1177,7,7,Guitarist,1.0,Middle,7,3 4 7 11 15 16 17 19,3 7 16 19,3 7 16 19
control,207,227,9,9,Hairdresser,1.0,Middle,9,9 11 16,4 9 11 16,4 9 11 16
control,207,676,11,1,Backpacker,1.0,Middle,1,1 11 16,1 11 16,1 5 11 16
control,207,854,3,3,Computer User,1.0,Middle,3,3,3 4 15 19,3 4 15 19
control,207,257,18,18,Skateboarder,0.0,Younger,18,18,18,18
control,207,118,15,15,Repairman,1.0,Middle,3,3 15 16 19,3 15 16 19,3 15 16 19
control,207,371,15,6,Guard,1.0,Middle,6,6 11 12,6 11 12 18,6 11 12 18
control,207,715,10,10,Horse Rider,1.0,Middle,10,8 10,6 8 10 12,6 8 10 12
control,207,459,2,2,Boatman,2.0,Older,2,2,2,2 6 14 15 16
control,207,1190,3,3,Computer User,1.0,Middle,1,1 3 15 16,1 3 15 16,1 3 15 16
control,207,685,13,13,Motorcyclist,1.0,Middle,16,13 16,6 13 15 16,6 13 15 16
control,207,1229,4,4,Craftsman,3.0,Unknown,4,4 15,4 15,4 15
control,207,610,19,19,Speaker,2.0,Older,19,5 10 11 16 19,5 11 16 19,5 10 11 16 19
control,207,786,17,17,Singer,3.0,Unknown,17,8 11 17 19,8 11 17 19,8 11 17 19
control,208,697,5,5,Farmer,3.0,Unknown,5,5 11,5 11 12,5 11
control,208,1367,4,4,Craftsman,1.0,Middle,11,11 16,5 11 16,2 5 11 16
control,208,992,7,7,Guitarist,2.0,Older,7,7,7,7 11 16 17 18
control,208,39,9,9,Hairdresser,2.0,Older,9,4 9 15,4 9 15,4 6 9 15 16
control,208,1136,8,8,Gymnast,0.0,Younger,8,8,8,8
control,208,288,14,14,Painter,1.0,Middle,14,11 14,11 14 15 18,11 14 15 18
control,208,226,2,2,Boatman,0.0,Younger,2,2,2,2
control,208,1115,19,19,Speaker,1.0,Middle,6,6 9 10 12 17 19,6 9 17 19,6 9 17 19
control,208,69,17,19,Speaker,1.0,Middle,17,9 16 17 20,9 16 17 20,9 16 17 20
control,208,924,6,6,Guard,0.0,Younger,6,6 15,6 15,6
control,208,255,17,17,Singer,1.0,Middle,17,17,17,17
control,208,478,5,5,Farmer,3.0,Unknown,5,2 5 11,2 5 11,2 5 11
control,208,915,15,15,Repairman,1.0,Middle,11,11 15,11 15,11 15
control,208,753,3,3,Computer User,1.0,Middle,11,1 11 18,1 3 11 18,1 3 11 18
control,208,339,17,17,Singer,1.0,Middle,17,17,17,10 11 17 20
control,208,74,20,20,Tennis Player,1.0,Middle,20,20,20,20
control,208,410,11,11,Laborer,1.0,Middle,11,2 6 11 16,2 6 11 16,2 6 11 16
control,208,287,3,3,Computer User,3.0,Unknown,16,3 5 16,3 5 10 16,3 5 10 16
control,208,272,16,16,Salesperson,2.0,Older,16,11 16,11 16,5 6 11 16
control,208,898,11,13,Motorcyclist,1.0,Middle,13,2 11 13 16,2 11 13 16,2 11 13 16
control,208,165,13,13,Motorcyclist,1.0,Middle,2,1 2 13,1 2 13 19,1 2 13 19
control,208,459,2,2,Boatman,2.0,Older,2,2,2,2 6 14 15 16
control,208,206,5,11,Laborer,1.0,Middle,5,5 11,5 11 16,5 11 16
control,208,683,12,12,Officer,3.0,Unknown,6,6 12 13 16,6 12 13 16,6 12 13 16
control,208,894,6,6,Guard,2.0,Older,15,6 15 16,4 6 15 16,4 6 11 15 16
control,208,433,15,15,Repairman,1.0,Middle,15,11 13 15,11 13 15 17,11 13 15 17
control,208,350,18,18,Skateboarder,1.0,Middle,18,18,18,18
control,208,1286,7,7,Guitarist,3.0,Unknown,7,7,7,7
control,208,1072,4,4,Craftsman,0.0,Younger,11,4 6 11 15 16,4 11 15 16,4 11 15 16
control,208,120,1,10,Horse Rider,0.0,Younger,10,10,5 10 12 16,10
control,208,215,11,14,Painter,1.0,Middle,11,11 14 15,4 11 14 15,4 11 14 15
control,208,1236,7,7,Guitarist,1.0,Middle,11,1 2 5 7 11 16 17 20,1 2 11 20,1 2 11 20
control,208,1221,9,9,Hairdresser,1.0,Middle,9,4 9 16,4 9 11 16,4 9 11 16
control,208,859,12,12,Officer,1.0,Middle,6,2 6 12,2 6 12 13,2 6 12 13
control,208,348,12,12,Officer,0.0,Younger,16,6 11 12 13 16,6 11 12 16,6 11 12 16
control,208,1316,2,16,Salesperson,1.0,Middle,2,1 2 11 14,1 2 11 14,1 2 11 14
control,208,1049,3,3,Computer User,3.0,Unknown,2,2 3 16,2 3 11 16,2 3 16
control,208,498,2,2,Boatman,1.0,Middle,2,2,2,2 11 16
control,208,381,1,1,Backpacker,0.0,Younger,16,1 3 6 11 15 16,1 6 11 16,1 6 11 16
control,208,1171,1,18,Skateboarder,0.0,Younger,1,1 16 18,1 16 18,1
control,208,1217,8,8,Gymnast,3.0,Unknown,8,8,8,8
control,208,661,8,8,Gymnast,0.0,Younger,8,8 18,8 18,8
control,208,445,13,13,Motorcyclist,3.0,Unknown,11,11 16,11 16,11 16
control,208,336,17,17,Singer,0.0,Younger,17,17,17,17
control,208,1094,20,20,Tennis Player,1.0,Middle,20,20,20,20
control,208,824,14,14,Painter,3.0,Unknown,14,14,14,14
control,208,440,6,6,Guard,1.0,Middle,6,6 12,6 12,6 11 12 15
control,208,147,1,1,Backpacker,1.0,Middle,1,1,1 11,1 3 11 16
control,208,103,9,9,Hairdresser,1.0,Middle,9,9,9 11,9 11 16
control,208,1084,20,20,Tennis Player,3.0,Unknown,20,20,20,20
control,209,410,11,11,Laborer,1.0,Middle,11,2 6 11 16,2 6 11 16,2 6 11 16
control,209,1171,1,18,Skateboarder,0.0,Younger,1,1 16 18,1 16 18,1
control,209,859,12,12,Officer,1.0,Middle,6,2 6 12,2 6 12 13,2 6 12 13
control,209,165,13,13,Motorcyclist,1.0,Middle,2,1 2 13,1 2 13 19,1 2 13 19
control,209,103,9,9,Hairdresser,1.0,Middle,9,9,9 11,9 11 16
control,209,287,3,3,Computer User,3.0,Unknown,16,3 5 16,3 5 10 16,3 5 10 16
control,209,824,14,14,Painter,3.0,Unknown,14,14,14,14
control,209,459,2,2,Boatman,2.0,Older,2,2,2,2 6 14 15 16
control,209,206,5,11,Laborer,1.0,Middle,5,5 11,5 11 16,5 11 16
control,209,1286,7,7,Guitarist,3.0,Unknown,7,7,7,7
control,209,1217,8,8,Gymnast,3.0,Unknown,8,8,8,8
control,209,69,19,19,Speaker,1.0,Middle,17,9 16 17 20,9 16 17 20,9 16 17 20
control,209,1084,20,20,Tennis Player,3.0,Unknown,20,20,20,20
control,209,440,4,6,Guard,1.0,Middle,6,6 12,6 12,6 11 12 15
control,209,433,15,15,Repairman,1.0,Middle,15,11 13 15,11 13 15 17,11 13 15 17
control,209,255,17,17,Singer,1.0,Middle,17,17,17,17
control,209,74,20,20,Tennis Player,1.0,Middle,20,20,20,20
control,209,915,15,15,Repairman,1.0,Middle,11,11 15,11 15,11 15
control,209,661,8,8,Gymnast,0.0,Younger,8,8 18,8 18,8
control,209,753,14,3,Computer User,1.0,Middle,11,1 11 18,1 3 11 18,1 3 11 18
control,209,498,2,2,Boatman,1.0,Middle,2,2,2,2 11 16
control,209,39,9,9,Hairdresser,2.0,Older,9,4 9 15,4 9 15,4 6 9 15 16
control,209,697,5,5,Farmer,3.0,Unknown,5,5 11,5 11 12,5 11
control,209,272,16,16,Salesperson,2.0,Older,16,11 16,11 16,5 6 11 16
control,209,336,17,17,Singer,0.0,Younger,17,17,17,17
control,209,1049,3,3,Computer User,3.0,Unknown,2,2 3 16,2 3 11 16,2 3 16
control,209,1236,7,7,Guitarist,1.0,Middle,11,1 2 5 7 11 16 17 20,1 2 11 20,1 2 11 20
control,209,924,12,6,Guard,0.0,Younger,6,6 15,6 15,6
control,209,120,4,10,Horse Rider,0.0,Younger,10,10,5 10 12 16,10
control,209,215,11,14,Painter,1.0,Middle,11,11 14 15,4 11 14 15,4 11 14 15
control,209,683,12,12,Officer,3.0,Unknown,6,6 12 13 16,6 12 13 16,6 12 13 16
control,209,898,5,13,Motorcyclist,1.0,Middle,13,2 11 13 16,2 11 13 16,2 11 13 16
control,209,1072,16,4,Craftsman,0.0,Younger,11,4 6 11 15 16,4 11 15 16,4 11 15 16
control,209,1221,9,9,Hairdresser,1.0,Middle,9,4 9 16,4 9 11 16,4 9 11 16
control,209,1316,2,16,Salesperson,1.0,Middle,2,1 2 11 14,1 2 11 14,1 2 11 14
control,209,1367,17,4,Craftsman,1.0,Middle,11,11 16,5 11 16,2 5 11 16
control,209,147,5,1,Backpacker,1.0,Middle,1,1,1 11,1 3 11 16
control,209,226,2,2,Boatman,0.0,Younger,2,2,2,2
control,209,1136,8,8,Gymnast,0.0,Younger,8,8,8,8
control,209,381,1,1,Backpacker,0.0,Younger,16,1 3 6 11 15 16,1 6 11 16,1 6 11 16
control,209,288,14,14,Painter,1.0,Middle,14,11 14,11 14 15 18,11 14 15 18
control,209,445,13,13,Motorcyclist,3.0,Unknown,11,11 16,11 16,11 16
control,209,478,5,5,Farmer,3.0,Unknown,5,2 5 11,2 5 11,2 5 11
control,209,894,12,6,Guard,2.0,Older,15,6 15 16,4 6 15 16,4 6 11 15 16
control,209,339,17,17,Singer,1.0,Middle,17,17,17,10 11 17 20
control,209,1094,20,20,Tennis Player,1.0,Middle,20,20,20,20
control,209,1115,19,19,Speaker,1.0,Middle,6,6 9 10 12 17 19,6 9 17 19,6 9 17 19
control,209,992,7,7,Guitarist,2.0,Older,7,7,7,7 11 16 17 18
control,209,350,18,18,Skateboarder,1.0,Middle,18,18,18,18
control,209,348,12,12,Officer,0.0,Younger,16,6 11 12 13 16,6 11 12 16,6 11 12 16
control,210,1214,11,10,Horse Rider,1.0,Middle,6,6 10 12 13,6 10 12 13,6 10 12 13
control,210,756,3,3,Computer User,1.0,Middle,3,1 3 11 16,1 3 11 16,1 3 11 16
control,210,1262,16,4,Craftsman,3.0,Unknown,16,4 11 16,4 9 11 16,4 9 11 16
control,210,70,15,15,Repairman,2.0,Older,15,4 11 15,4 11 15,4 9 11 15
control,210,901,12,12,Officer,3.0,Unknown,6,6 11 12 13,6 11 12 13,6 11 12 13
control,210,1116,19,19,Speaker,1.0,Middle,9,3 8 9 16 17 19,3 9 17 19,3 9 17 19
control,210,553,2,13,Motorcyclist,0.0,Younger,2,2,2 16,2
control,210,1034,17,17,Singer,0.0,Younger,17,17,17,17
control,210,1267,17,17,Singer,1.0,Middle,16,11 16 17,11 15 16 17,11 15 16 17
control,210,12,19,19,Speaker,1.0,Middle,12,1 8 10 12,1 8 10 12,1 8 10 12
control,210,977,2,2,Boatman,1.0,Middle,2,2,2 16,2 11 16
control,210,56,12,6,Guard,1.0,Middle,2,2 6 12,2 6 12,2 6 12
control,210,1278,3,3,Computer User,3.0,Unknown,11,3 6 11 14 15 16,3 6 11 14,3 6 11 14
control,210,140,11,15,Repairman,1.0,Middle,15,15,15,15
control,210,785,20,18,Skateboarder,1.0,Middle,18,18,18,18
control,210,855,14,14,Painter,1.0,Middle,15,11 15,11 14 15,11 14 15
control,210,605,8,18,Skateboarder,0.0,Younger,18,18,18,18
control,210,1230,14,4,Craftsman,3.0,Unknown,11,4 11 14 15,4 11 14 15,4 11 14 15
control,210,1177,7,7,Guitarist,1.0,Middle,7,3 4 7 11 15 16 17 19,3 7 16 19,3 7 16 19
control,210,121,16,16,Salesperson,1.0,Middle,16,16,1 11 15 16,1 11 15 16
control,210,1199,3,1,Backpacker,0.0,Younger,1,1 3 6 8 10 12 18,1 8 12 18,1 8 12 18
control,210,1266,3,2,Boatman,0.0,Younger,2,2,2,2
control,210,352,17,17,Singer,1.0,Middle,17,17,17,17
control,210,288,14,14,Painter,1.0,Middle,14,11 14,11 14 15 18,11 14 15 18
control,210,918,11,11,Laborer,3.0,Unknown,11,11 15,4 11 14 15,11 14 15
control,210,976,10,10,Horse Rider,3.0,Unknown,10,10,1 2 5 10,2 5 10
control,210,736,5,5,Farmer,2.0,Older,5,5 11,5 11,1 4 5 11 16
control,210,671,8,8,Gymnast,0.0,Younger,8,8,8,8
control,210,458,18,18,Skateboarder,0.0,Younger,18,18,18,18
control,210,61,9,9,Hairdresser,1.0,Middle,9,9 15,9 15,4 9 11 15
control,210,311,9,9,Hairdresser,0.0,Younger,9,9,2 9 11,9
control,210,1067,3,3,Computer User,3.0,Unknown,3,3,3,3
control,210,717,20,20,Tennis Player,1.0,Middle,20,20,20,20
control,210,557,1,1,Backpacker,1.0,Middle,3,3 6 16 18 19 20,3 6 16 19,3 6 16 19
control,210,291,4,12,Officer,3.0,Unknown,6,6,6,6
control,210,1368,10,10,Horse Rider,1.0,Middle,10,10,8 10,8 10 12
control,210,626,2,2,Boatman,1.0,Middle,2,2,2,2
control,210,410,12,11,Laborer,1.0,Middle,11,2 6 11 16,2 6 11 16,2 6 11 16
control,210,308,6,6,Guard,2.0,Older,11,6 11 12,6 11 12 15,6 11 12 15 16
control,210,567,1,1,Backpacker,1.0,Middle,1,1 5,1 5 11 16,1 5 11 16
control,210,971,16,5,Farmer,1.0,Middle,3,3 5 6 8 9 11 16 17,3 6 9 11,3 6 9 11
control,210,649,13,13,Motorcyclist,1.0,Middle,13,13,13,13
control,210,247,6,6,Guard,1.0,Middle,6,6,6,6
control,210,1294,8,8,Gymnast,0.0,Younger,8,1 6 8 14,1 6 8 14,8
control,210,338,16,16,Salesperson,1.0,Middle,16,11 16,11 16,11 16
control,210,128,19,19,Speaker,0.0,Younger,20,20,20,20
control,210,880,9,9,Hairdresser,1.0,Middle,9,9,9,9 11
control,210,768,12,16,Salesperson,2.0,Older,16,2 16,2 16 18 20,2 4 16 18 20
control,210,1112,20,20,Tennis Player,0.0,Younger,20,20,20,20
control,210,441,10,13,Motorcyclist,3.0,Unknown,13,13,13,13
control,211,436,4,4,Craftsman,2.0,Older,4,4 11 15 16,4 11 15 16,4 9 11 15 16
control,211,1050,8,8,Gymnast,0.0,Younger,8,8,8,8
control,211,152,16,16,Salesperson,2.0,Older,16,16,16,3 11 15 16
control,211,319,5,5,Farmer,1.0,Middle,5,5 11,5 11 16,5 11 16
control,211,875,20,20,Tennis Player,1.0,Middle,20,20,20,20
control,211,855,15,14,Painter,1.0,Middle,15,11 15,11 14 15,11 14 15
control,211,627,1,1,Backpacker,1.0,Middle,3,1 3 4 5 14 16,1 3 5 16,1 3 5 16
control,211,697,5,5,Farmer,3.0,Unknown,5,5 11,5 11 12,5 11
control,211,749,12,12,Officer,2.0,Older,12,6 11 12 13 15,6 11 12 15,6 11 12 13 15
control,211,559,7,7,Guitarist,1.0,Middle,7,7 16 17,7 11 16 17,7 11 16 17
control,211,291,6,12,Officer,3.0,Unknown,6,6,6,6
control,211,1202,7,7,Guitarist,2.0,Older,7,3 7,3 7 11 17,3 7 11 16 17
control,211,1042,19,19,Speaker,2.0,Older,10,5 6 8 9 10 12 16 17 19,6 10 12 16,6 10 12 16 17
control,211,1389,13,13,Motorcyclist,3.0,Unknown,13,13,13,13
control,211,448,12,12,Officer,1.0,Middle,12,6 12,3 6 12 13,3 6 12 13
control,211,1182,3,3,Computer User,3.0,Unknown,3,3,3,3
control,211,206,5,11,Laborer,1.0,Middle,5,5 11,5 11 16,5 11 16
control,211,187,9,9,Hairdresser,3.0,Unknown,9,9,9,9
control,211,73,4,15,Repairman,2.0,Older,4,4 11,4 11 16,4 5 11 15 16
control,211,1328,11,5,Farmer,0.0,Younger,11,5 11,5 11,5 11
control,211,473,2,2,Boatman,1.0,Middle,2,2,2 11,2 11
control,211,844,5,11,Laborer,1.0,Middle,5,5 11,5 11,5 11
control,211,1371,8,8,Gymnast,1.0,Middle,8,8,8,8
control,211,788,12,6,Guard,1.0,Middle,6,6,6,6
control,211,297,7,7,Guitarist,1.0,Middle,7,7,7,7 13
control,211,402,1,1,Backpacker,0.0,Younger,1,1,1,1
control,211,275,6,6,Guard,1.0,Middle,6,6,6,6
control,211,609,10,10,Horse Rider,1.0,Middle,10,8 10,5 8 10 20,5 8 10 20
control,211,432,18,18,Skateboarder,0.0,Younger,18,18,18,18
control,211,367,16,16,Salesperson,1.0,Middle,16,11 16,5 11 16,5 6 11 16
control,211,943,10,10,Horse Rider,1.0,Middle,10,10,10,8 10
control,211,373,14,14,Painter,1.0,Middle,14,14,14,14
control,211,958,17,17,Singer,1.0,Middle,17,17,17,10 17 19
control,211,85,20,19,Speaker,0.0,Younger,16,1 4 6 10 11 13 16,1 10 11 16,1 10 11 16
control,211,1332,17,17,Singer,1.0,Middle,17,7 17,7 10 14 17,7 10 14 17
control,211,178,15,6,Guard,2.0,Older,15,6 13 15,4 6 13 15,4 6 13 15 16
control,211,19,20,20,Tennis Player,1.0,Middle,20,20,20,20
control,211,985,19,19,Speaker,2.0,Older,10,3 5 6 10 11 12 19,3 10 11 19,3 6 10 11 19
control,211,1254,13,13,Motorcyclist,3.0,Unknown,16,2 13 16,2 11 13 16,2 11 13 16
control,211,1354,3,3,Computer User,3.0,Unknown,3,3 10 12 16,3 10 12 16,3 10 12 16
control,211,1198,9,9,Hairdresser,1.0,Middle,9,4 9 14 16,4 9 14 16,4 9 14 16
control,211,1122,16,3,Computer User,1.0,Middle,3,3 16 17 19,3 16 17 19,3 16 17 19
control,211,964,10,10,Horse Rider,1.0,Middle,10,10 12,2 6 10 12,2 6 10 12
control,211,102,18,18,Skateboarder,1.0,Middle,18,18,18,18
control,211,193,2,2,Boatman,3.0,Unknown,2,2 6,2 6 11 12,2 6 12
control,211,1036,18,18,Skateboarder,3.0,Unknown,18,6 12 18,6 10 12 18,6 10 12 18
control,211,553,2,13,Motorcyclist,0.0,Younger,2,2,2 16,2
control,211,842,14,14,Painter,3.0,Unknown,16,11 14 16,11 14 16,11 14 16
control,211,951,16,16,Salesperson,1.0,Middle,16,5 11 16,5 11 16,4 5 11 16
control,211,806,15,15,Repairman,3.0,Unknown,15,4 11 15,3 4 11 15,4 11 15
control,212,843,4,14,Painter,2.0,Older,16,4 11 16,4 11 15 16,4 11 14 15 16
control,212,1374,6,6,Guard,1.0,Middle,6,6,6 15,6 15 16
control,212,983,20,20,Tennis Player,1.0,Middle,20,20,20,20
control,212,469,8,8,Gymnast,0.0,Younger,8,8,8,8
control,212,1083,4,5,Farmer,2.0,Older,5,5 11 16,4 5 11 16,4 5 9 11 16
control,212,96,16,1,Backpacker,1.0,Middle,16,16,11 16,11 14 15 16
control,212,606,3,3,Computer User,3.0,Unknown,3,3 6 8 16,3 6 8 16,3 6 8 16
control,212,260,6,2,Boatman,1.0,Middle,2,2 6,2 6,2 6
control,212,850,3,3,Computer User,3.0,Unknown,16,11 16,3 11 15 16,3 11 15 16
control,212,89,19,19,Speaker,1.0,Middle,16,3 16,3 10 16 20,3 10 16 20
control,212,407,5,5,Farmer,2.0,Older,5,4 5 11 15 16,5 11 15 16,4 5 11 15 16
control,212,12,19,19,Speaker,1.0,Middle,12,1 8 10 12,1 8 10 12,1 8 10 12
control,212,499,17,1,Backpacker,0.0,Younger,1,1 6 16,1 6 10 16,1
control,212,522,8,4,Craftsman,0.0,Younger,8,1 2 4 6 8 11 15 16 20,2 8 11 16,2 8 11 16
control,212,349,20,20,Tennis Player,1.0,Middle,20,20,20,20
control,212,105,15,15,Repairman,3.0,Unknown,15,4 11 15 16,4 11 15 16,4 11 15 16
control,212,1055,13,13,Motorcyclist,1.0,Middle,13,13,13,13
control,212,1208,5,5,Farmer,1.0,Middle,1,1 11,1 5 11 16,1 5 11 16
control,212,642,7,7,Guitarist,3.0,Unknown,7,7 17,7 17,7
control,212,744,18,18,Skateboarder,0.0,Younger,18,18,18,18
control,212,517,14,14,Painter,0.0,Younger,14,11 14 15,11 14 15 16,11 14 15
control,212,730,1,3,Computer User,3.0,Unknown,1,1 2 11 16 17,1 2 11 16,1 2 11 16
control,212,1159,17,17,Singer,0.0,Younger,17,17,17,17
control,212,389,13,1,Backpacker,2.0,Older,13,13,13,1 2 13 16
control,212,716,15,15,Repairman,0.0,Younger,15,15,15,15
control,212,460,16,16,Salesperson,1.0,Middle,16,11 16,6 11 14 16,6 11 14 16
control,212,138,18,18,Skateboarder,3.0,Unknown,18,18,18,18
control,212,495,14,16,Salesperson,2.0,Older,2,2 14 16,2 14 16,2 4 11 14 16
control,212,353,14,14,Painter,1.0,Middle,14,11 14,11 14,4 11 14
control,212,942,2,2,Boatman,3.0,Unknown,2,1 2,1 2,1 2
control,212,167,17,17,Singer,0.0,Younger,17,17,11 17 19 20,17
control,212,369,9,9,Hairdresser,1.0,Middle,9,9,9,9
control,212,455,4,11,Laborer,0.0,Younger,4,4 11 14,4 11 14,4 11
control,212,1342,20,20,Tennis Player,1.0,Middle,20,20,20,20
control,212,179,7,7,Guitarist,1.0,Middle,17,1 2 5 7 9 11 14 15 16 17,1 2 7 17,1 2 7 17
control,212,1303,13,13,Motorcyclist,3.0,Unknown,1,1 2 11 13 16,1 2 11 13,1 2 11 13
control,212,751,12,12,Officer,1.0,Middle,6,6 16,3 6 11 16,3 6 11 16
control,212,654,4,4,Craftsman,3.0,Unknown,4,4 11,2 4 11 15,2 4 11 15
control,212,1334,17,17,Singer,1.0,Middle,17,17,17,11 17
control,212,408,2,2,Boatman,3.0,Unknown,2,2,2,2
control,212,956,10,6,Guard,1.0,Middle,6,6,6,6 20
control,212,923,19,12,Officer,3.0,Unknown,6,6 11 16,6 11 12 16,6 11 12 16
control,212,1389,13,13,Motorcyclist,3.0,Unknown,13,13,13,13
control,212,908,8,8,Gymnast,0.0,Younger,8,8,8,8
control,212,371,14,6,Guard,1.0,Middle,6,6 11 12,6 11 12 18,6 11 12 18
control,212,1348,3,16,Salesperson,1.0,Middle,9,6 9 12,3 6 9 12,3 6 9 12
control,212,1263,8,8,Gymnast,1.0,Middle,8,8,8,8
control,212,30,15,11,Laborer,1.0,Middle,11,4 11 15,4 11 15,4 5 11 15
control,212,1121,18,18,Skateboarder,3.0,Unknown,2,2 16 18,1 2 16 18,1 2 16 18
control,212,643,10,10,Horse Rider,1.0,Middle,10,10,8 10,5 8 10 20
control,213,86,1,5,Farmer,3.0,Unknown,5,2 5 11,2 5 11,2 5 11
control,213,463,16,16,Salesperson,0.0,Younger,16,16,16,16
control,213,273,15,15,Repairman,1.0,Middle,15,11 15,11 15 16,11 15 16
control,213,662,5,1,Backpacker,0.0,Younger,1,1,1,1
control,213,1379,13,13,Motorcyclist,2.0,Older,13,13,12 13,4 10 12 13 15
control,213,579,11,4,Craftsman,1.0,Middle,4,4 11,4 11 15,4 11 15 16
control,213,1356,5,11,Laborer,3.0,Unknown,11,5 11,5 11 16,5 11 16
control,213,849,7,7,Guitarist,1.0,Middle,7,7 17,7 17,7 17
control,213,159,17,17,Singer,1.0,Middle,17,7 17,7 17,7 10 17 19
control,213,1243,19,19,Speaker,0.0,Younger,16,1 2 15 16 17,2 15 16 17,2 15 16 17
control,213,803,18,18,Skateboarder,3.0,Unknown,18,18,18,18
control,213,28,9,9,Hairdresser,1.0,Middle,9,9,9,6 9
control,213,63,6,11,Laborer,1.0,Middle,6,6 13,6 12 13 16,6 12 13 16
control,213,578,16,16,Salesperson,1.0,Middle,16,11 16,11 16,11 16
control,213,1032,12,12,Officer,3.0,Unknown,6,6 12,6 12 13,6 12
control,213,991,20,20,Tennis Player,1.0,Middle,20,20,20,20
control,213,70,15,15,Repairman,2.0,Older,15,4 11 15,4 11 15,4 9 11 15
control,213,133,5,5,Farmer,3.0,Unknown,11,5 11,5 11,5 11
control,213,1060,6,6,Guard,0.0,Younger,6,6,6,6
control,213,854,3,3,Computer User,1.0,Middle,3,3,3 4 15 19,3 4 15 19
control,213,1048,16,16,Salesperson,1.0,Middle,16,5 11 16,5 11 16,1 5 11 16
control,213,1318,18,18,Skateboarder,3.0,Unknown,18,18,18,18
control,213,1049,3,3,Computer User,3.0,Unknown,2,2 3 16,2 3 11 16,2 3 16
control,213,351,1,1,Backpacker,0.0,Younger,1,1,1,1
control,213,589,10,10,Horse Rider,3.0,Unknown,10,10,10,10
control,213,1280,4,4,Craftsman,1.0,Middle,4,2 4 11,2 4 11,2 4 11
control,213,71,11,6,Guard,1.0,Middle,6,6 10 14,6 9 10 14,6 9 10 14
control,213,626,2,2,Boatman,1.0,Middle,2,2,2,2
control,213,1070,12,12,Officer,3.0,Unknown,6,6 12,3 6 12 16,6 12 16
control,213,1105,7,17,Singer,1.0,Middle,16,2 7 11 16 17,2 7 16 17,2 7 16 17
control,213,646,17,7,Guitarist,1.0,Middle,17,7 11 17,6 7 11 17,6 7 11 17
control,213,19,20,20,Tennis Player,1.0,Middle,20,20,20,20
control,213,807,6,11,Laborer,1.0,Middle,11,11 15,11 15,11 15
control,213,470,9,9,Hairdresser,3.0,Unknown,9,9,9,9
control,213,781,11,19,Speaker,1.0,Middle,16,9 11 16,4 9 11 16,4 9 11 16
control,213,570,14,14,Painter,2.0,Older,14,14 16,14 16,4 11 14 15 16
control,213,843,4,14,Painter,2.0,Older,16,4 11 16,4 11 15 16,4 11 14 15 16
control,213,107,8,1,Backpacker,1.0,Middle,16,6 11 16 17,6 11 16 17,6 11 16 17
control,213,602,2,2,Boatman,1.0,Middle,2,2 6 19,2 3 6 19,2 3 6 19
control,213,390,10,10,Horse Rider,1.0,Middle,10,6 10 12,6 10 12,6 10 12
control,213,1061,4,4,Craftsman,2.0,Older,4,4 11,2 4 11,2 4 5 11 15
control,213,1188,9,9,Hairdresser,3.0,Unknown,9,9 11,9 11,9
control,213,309,12,12,Officer,1.0,Middle,6,6 13,6 12 13 16,6 12 13 16
control,213,95,10,10,Horse Rider,0.0,Younger,10,10,5 8 10,10
control,213,625,13,13,Motorcyclist,3.0,Unknown,13,13,13,13
control,213,79,3,3,Computer User,0.0,Younger,3,3 11 15,3 11 15,3
control,213,110,8,8,Gymnast,0.0,Younger,8,8,8,8
control,213,316,8,8,Gymnast,1.0,Middle,8,8,8,8
control,213,665,19,19,Speaker,3.0,Unknown,19,2 3 10 11 12 13 16 17 19,2 10 12 19,2 10 12 19
control,213,1096,20,20,Tennis Player,1.0,Middle,20,20,20,20
control,214,179,7,7,Guitarist,1.0,Middle,17,1 2 5 7 9 11 14 15 16 17,1 2 7 17,1 2 7 17
control,214,1334,17,17,Singer,1.0,Middle,17,17,17,11 17
control,214,643,10,10,Horse Rider,1.0,Middle,10,10,8 10,5 8 10 20
control,214,1208,5,5,Farmer,1.0,Middle,1,1 11,1 5 11 16,1 5 11 16
control,214,1263,8,8,Gymnast,1.0,Middle,8,8,8,8
control,214,349,20,20,Tennis Player,1.0,Middle,20,20,20,20
control,214,369,9,9,Hairdresser,1.0,Middle,9,9,9,9
control,214,499,1,1,Backpacker,0.0,Younger,1,1 6 16,1 6 10 16,1
control,214,89,19,19,Speaker,1.0,Middle,16,3 16,3 10 16 20,3 10 16 20
control,214,12,19,19,Speaker,1.0,Middle,12,1 8 10 12,1 8 10 12,1 8 10 12
control,214,260,2,2,Boatman,1.0,Middle,2,2 6,2 6,2 6
control,214,353,14,14,Painter,1.0,Middle,14,11 14,11 14,4 11 14
control,214,1121,18,18,Skateboarder,3.0,Unknown,2,2 16 18,1 2 16 18,1 2 16 18
control,214,843,14,14,Painter,2.0,Older,16,4 11 16,4 11 15 16,4 11 14 15 16
control,214,30,8,11,Laborer,1.0,Middle,11,4 11 15,4 11 15,4 5 11 15
control,214,1389,13,13,Motorcyclist,3.0,Unknown,13,13,13,13
control,214,1159,17,17,Singer,0.0,Younger,17,17,17,17
control,214,850,3,3,Computer User,3.0,Unknown,16,11 16,3 11 15 16,3 11 15 16
control,214,1348,16,16,Salesperson,1.0,Middle,9,6 9 12,3 6 9 12,3 6 9 12
control,214,469,7,8,Gymnast,0.0,Younger,8,8,8,8
control,214,606,3,3,Computer User,3.0,Unknown,3,3 6 8 16,3 6 8 16,3 6 8 16
control,214,983,20,20,Tennis Player,1.0,Middle,20,20,20,20
control,214,730,1,3,Computer User,3.0,Unknown,1,1 2 11 16 17,1 2 11 16,1 2 11 16
control,214,455,4,11,Laborer,0.0,Younger,4,4 11 14,4 11 14,4 11
control,214,908,8,8,Gymnast,0.0,Younger,8,8,8,8
control,214,751,12,12,Officer,1.0,Middle,6,6 16,3 6 11 16,3 6 11 16
control,214,96,16,1,Backpacker,1.0,Middle,16,16,11 16,11 14 15 16
control,214,1303,12,13,Motorcyclist,3.0,Unknown,1,1 2 11 13 16,1 2 11 13,1 2 11 13
control,214,517,9,14,Painter,0.0,Younger,14,11 14 15,11 14 15 16,11 14 15
control,214,138,18,18,Skateboarder,3.0,Unknown,18,18,18,18
control,214,167,17,17,Singer,0.0,Younger,17,17,11 17 19 20,17
control,214,408,2,2,Boatman,3.0,Unknown,2,2,2,2
control,214,654,4,4,Craftsman,3.0,Unknown,4,4 11,2 4 11 15,2 4 11 15
control,214,642,7,7,Guitarist,3.0,Unknown,7,7 17,7 17,7
control,214,389,13,1,Backpacker,2.0,Older,13,13,13,1 2 13 16
control,214,522,8,4,Craftsman,0.0,Younger,8,1 2 4 6 8 11 15 16 20,2 8 11 16,2 8 11 16
control,214,942,2,2,Boatman,3.0,Unknown,2,1 2,1 2,1 2
control,214,1374,12,6,Guard,1.0,Middle,6,6,6 15,6 15 16
control,214,923,12,12,Officer,3.0,Unknown,6,6 11 16,6 11 12 16,6 11 12 16
control,214,1342,7,20,Tennis Player,1.0,Middle,20,20,20,20
control,214,407,5,5,Farmer,2.0,Older,5,4 5 11 15 16,5 11 15 16,4 5 11 15 16
control,214,460,1,16,Salesperson,1.0,Middle,16,11 16,6 11 14 16,6 11 14 16
control,214,1083,5,5,Farmer,2.0,Older,5,5 11 16,4 5 11 16,4 5 9 11 16
control,214,744,18,18,Skateboarder,0.0,Younger,18,18,18,18
control,214,495,1,16,Salesperson,2.0,Older,2,2 14 16,2 14 16,2 4 11 14 16
control,214,716,15,15,Repairman,0.0,Younger,15,15,15,15
control,214,1055,13,13,Motorcyclist,1.0,Middle,13,13,13,13
control,214,371,6,6,Guard,1.0,Middle,6,6 11 12,6 11 12 18,6 11 12 18
control,214,105,15,15,Repairman,3.0,Unknown,15,4 11 15 16,4 11 15 16,4 11 15 16
control,214,956,13,6,Guard,1.0,Middle,6,6,6,6 20
control,215,275,6,6,Guard,1.0,Middle,6,6,6,6
control,215,609,10,10,Horse Rider,1.0,Middle,10,8 10,5 8 10 20,5 8 10 20
control,215,855,11,14,Painter,1.0,Middle,15,11 15,11 14 15,11 14 15
control,215,1050,8,8,Gymnast,0.0,Younger,8,8,8,8
control,215,958,19,17,Singer,1.0,Middle,17,17,17,10 17 19
control,215,297,7,7,Guitarist,1.0,Middle,7,7,7,7 13
control,215,319,5,5,Farmer,1.0,Middle,5,5 11,5 11 16,5 11 16
control,215,436,11,4,Craftsman,2.0,Older,4,4 11 15 16,4 11 15 16,4 9 11 15 16
control,215,875,20,20,Tennis Player,1.0,Middle,20,20,20,20
control,215,1122,3,3,Computer User,1.0,Middle,3,3 16 17 19,3 16 17 19,3 16 17 19
control,215,1182,3,3,Computer User,3.0,Unknown,3,3,3,3
control,215,178,11,6,Guard,2.0,Older,15,6 13 15,4 6 13 15,4 6 13 15 16
control,215,448,6,12,Officer,1.0,Middle,12,6 12,3 6 12 13,3 6 12 13
control,215,559,7,7,Guitarist,1.0,Middle,7,7 16 17,7 11 16 17,7 11 16 17
control,215,1371,8,8,Gymnast,1.0,Middle,8,8,8,8
control,215,844,5,11,Laborer,1.0,Middle,5,5 11,5 11,5 11
control,215,152,16,16,Salesperson,2.0,Older,16,16,16,3 11 15 16
control,215,627,1,1,Backpacker,1.0,Middle,3,1 3 4 5 14 16,1 3 5 16,1 3 5 16
control,215,1202,7,7,Guitarist,2.0,Older,7,3 7,3 7 11 17,3 7 11 16 17
control,215,842,4,14,Painter,3.0,Unknown,16,11 14 16,11 14 16,11 14 16
control,215,1389,13,13,Motorcyclist,3.0,Unknown,13,13,13,13
control,215,951,16,16,Salesperson,1.0,Middle,16,5 11 16,5 11 16,4 5 11 16
control,215,806,11,15,Repairman,3.0,Unknown,15,4 11 15,3 4 11 15,4 11 15
control,215,291,6,12,Officer,3.0,Unknown,6,6,6,6
control,215,697,5,5,Farmer,3.0,Unknown,5,5 11,5 11 12,5 11
control,215,193,2,2,Boatman,3.0,Unknown,2,2 6,2 6 11 12,2 6 12
control,215,102,18,18,Skateboarder,1.0,Middle,18,18,18,18
control,215,19,20,20,Tennis Player,1.0,Middle,20,20,20,20
control,215,432,18,18,Skateboarder,0.0,Younger,18,18,18,18
control,215,473,2,2,Boatman,1.0,Middle,2,2,2 11,2 11
control,215,1354,3,3,Computer User,3.0,Unknown,3,3 10 12 16,3 10 12 16,3 10 12 16
control,215,206,5,11,Laborer,1.0,Middle,5,5 11,5 11 16,5 11 16
control,215,985,19,19,Speaker,2.0,Older,10,3 5 6 10 11 12 19,3 10 11 19,3 6 10 11 19
control,215,373,14,14,Painter,1.0,Middle,14,14,14,14
control,215,943,10,10,Horse Rider,1.0,Middle,10,10,10,8 10
control,215,1198,14,9,Hairdresser,1.0,Middle,9,4 9 14 16,4 9 14 16,4 9 14 16
control,215,1254,13,13,Motorcyclist,3.0,Unknown,16,2 13 16,2 11 13 16,2 11 13 16
control,215,788,12,6,Guard,1.0,Middle,6,6,6,6
control,215,1328,5,5,Farmer,0.0,Younger,11,5 11,5 11,5 11
control,215,402,1,1,Backpacker,0.0,Younger,1,1,1,1
control,215,964,10,10,Horse Rider,1.0,Middle,10,10 12,2 6 10 12,2 6 10 12
control,215,1332,17,17,Singer,1.0,Middle,17,7 17,7 10 14 17,7 10 14 17
control,215,749,12,12,Officer,2.0,Older,12,6 11 12 13 15,6 11 12 15,6 11 12 13 15
control,215,187,9,9,Hairdresser,3.0,Unknown,9,9,9,9
control,215,367,16,16,Salesperson,1.0,Middle,16,11 16,5 11 16,5 6 11 16
control,215,85,19,19,Speaker,0.0,Younger,16,1 4 6 10 11 13 16,1 10 11 16,1 10 11 16
control,215,1042,19,19,Speaker,2.0,Older,10,5 6 8 9 10 12 16 17 19,6 10 12 16,6 10 12 16 17
control,215,553,2,13,Motorcyclist,0.0,Younger,2,2,2 16,2
control,215,1036,18,18,Skateboarder,3.0,Unknown,18,6 12 18,6 10 12 18,6 10 12 18
control,215,73,4,15,Repairman,2.0,Older,4,4 11,4 11 16,4 5 11 15 16
control,216,781,16,19,Speaker,1.0,Middle,16,9 11 16,4 9 11 16,4 9 11 16
control,216,578,16,16,Salesperson,1.0,Middle,16,11 16,11 16,11 16
control,216,1105,7,17,Singer,1.0,Middle,16,2 7 11 16 17,2 7 16 17,2 7 16 17
control,216,570,14,14,Painter,2.0,Older,14,14 16,14 16,4 11 14 15 16
control,216,579,3,4,Craftsman,1.0,Middle,4,4 11,4 11 15,4 11 15 16
control,216,107,18,1,Backpacker,1.0,Middle,16,6 11 16 17,6 11 16 17,6 11 16 17
control,216,1070,16,12,Officer,3.0,Unknown,6,6 12,3 6 12 16,6 12 16
control,216,1096,20,20,Tennis Player,1.0,Middle,20,20,20,20
control,216,1318,8,18,Skateboarder,3.0,Unknown,18,18,18,18
control,216,390,10,10,Horse Rider,1.0,Middle,10,6 10 12,6 10 12,6 10 12
control,216,1379,13,13,Motorcyclist,2.0,Older,13,13,12 13,4 10 12 13 15
control,216,463,16,16,Salesperson,0.0,Younger,16,16,16,16
control,216,1049,6,3,Computer User,3.0,Unknown,2,2 3 16,2 3 11 16,2 3 16
control,216,807,11,11,Laborer,1.0,Middle,11,11 15,11 15,11 15
control,216,1188,9,9,Hairdresser,3.0,Unknown,9,9 11,9 11,9
control,216,991,20,20,Tennis Player,1.0,Middle,20,20,20,20
control,216,470,9,9,Hairdresser,3.0,Unknown,9,9,9,9
control,216,1061,4,4,Craftsman,2.0,Older,4,4 11,2 4 11,2 4 5 11 15
control,216,63,12,11,Laborer,1.0,Middle,6,6 13,6 12 13 16,6 12 13 16
control,216,316,8,8,Gymnast,1.0,Middle,8,8,8,8
control,216,28,18,9,Hairdresser,1.0,Middle,9,9,9,6 9
control,216,1048,16,16,Salesperson,1.0,Middle,16,5 11 16,5 11 16,1 5 11 16
control,216,849,7,7,Guitarist,1.0,Middle,7,7 17,7 17,7 17
control,216,70,10,15,Repairman,2.0,Older,15,4 11 15,4 11 15,4 9 11 15
control,216,626,2,2,Boatman,1.0,Middle,2,2,2,2
control,216,854,3,3,Computer User,1.0,Middle,3,3,3 4 15 19,3 4 15 19
control,216,1060,11,6,Guard,0.0,Younger,6,6,6,6
control,216,662,11,1,Backpacker,0.0,Younger,1,1,1,1
control,216,79,15,3,Computer User,0.0,Younger,3,3 11 15,3 11 15,3
control,216,1356,5,11,Laborer,3.0,Unknown,11,5 11,5 11 16,5 11 16
control,216,843,5,14,Painter,2.0,Older,16,4 11 16,4 11 15 16,4 11 14 15 16
control,216,602,2,2,Boatman,1.0,Middle,2,2 6 19,2 3 6 19,2 3 6 19
control,216,1280,4,4,Craftsman,1.0,Middle,4,2 4 11,2 4 11,2 4 11
control,216,159,17,17,Singer,1.0,Middle,17,7 17,7 17,7 10 17 19
control,216,86,5,5,Farmer,3.0,Unknown,5,2 5 11,2 5 11,2 5 11
control,216,803,18,18,Skateboarder,3.0,Unknown,18,18,18,18
control,216,646,7,7,Guitarist,1.0,Middle,17,7 11 17,6 7 11 17,6 7 11 17
control,216,1032,12,12,Officer,3.0,Unknown,6,6 12,6 12 13,6 12
control,216,110,8,8,Gymnast,0.0,Younger,8,8,8,8
control,216,1243,19,19,Speaker,0.0,Younger,16,1 2 15 16 17,2 15 16 17,2 15 16 17
control,216,625,13,13,Motorcyclist,3.0,Unknown,13,13,13,13
control,216,309,11,12,Officer,1.0,Middle,6,6 13,6 12 13 16,6 12 13 16
control,216,665,19,19,Speaker,3.0,Unknown,19,2 3 10 11 12 13 16 17 19,2 10 12 19,2 10 12 19
control,216,589,10,10,Horse Rider,3.0,Unknown,10,10,10,10
control,216,351,1,1,Backpacker,0.0,Younger,1,1,1,1
control,216,273,15,15,Repairman,1.0,Middle,15,11 15,11 15 16,11 15 16
control,216,133,5,5,Farmer,3.0,Unknown,11,5 11,5 11,5 11
control,216,71,6,6,Guard,1.0,Middle,6,6 10 14,6 9 10 14,6 9 10 14
control,216,95,10,10,Horse Rider,0.0,Younger,10,10,5 8 10,10
control,216,19,20,20,Tennis Player,1.0,Middle,20,20,20,20
control,217,458,18,18,Skateboarder,0.0,Younger,18,18,18,18
control,217,605,18,18,Skateboarder,0.0,Younger,18,18,18,18
control,217,311,9,9,Hairdresser,0.0,Younger,9,9,2 9 11,9
control,217,553,2,13,Motorcyclist,0.0,Younger,2,2,2 16,2
control,217,1177,7,7,Guitarist,1.0,Middle,7,3 4 7 11 15 16 17 19,3 7 16 19,3 7 16 19
control,217,121,16,16,Salesperson,1.0,Middle,16,16,1 11 15 16,1 11 15 16
control,217,352,17,17,Singer,1.0,Middle,17,17,17,17
control,217,247,6,6,Guard,1.0,Middle,6,6,6,6
control,217,70,15,15,Repairman,2.0,Older,15,4 11 15,4 11 15,4 9 11 15
control,217,1368,10,10,Horse Rider,1.0,Middle,10,10,8 10,8 10 12
control,217,785,18,18,Skateboarder,1.0,Middle,18,18,18,18
control,217,1112,20,20,Tennis Player,0.0,Younger,20,20,20,20
control,217,288,14,14,Painter,1.0,Middle,14,11 14,11 14 15 18,11 14 15 18
control,217,338,16,16,Salesperson,1.0,Middle,16,11 16,11 16,11 16
control,217,756,3,3,Computer User,1.0,Middle,3,1 3 11 16,1 3 11 16,1 3 11 16
control,217,855,14,14,Painter,1.0,Middle,15,11 15,11 14 15,11 14 15
control,217,717,20,20,Tennis Player,1.0,Middle,20,20,20,20
control,217,1214,12,10,Horse Rider,1.0,Middle,6,6 10 12 13,6 10 12 13,6 10 12 13
control,217,901,12,12,Officer,3.0,Unknown,6,6 11 12 13,6 11 12 13,6 11 12 13
control,217,1262,4,4,Craftsman,3.0,Unknown,16,4 11 16,4 9 11 16,4 9 11 16
control,217,1199,1,1,Backpacker,0.0,Younger,1,1 3 6 8 10 12 18,1 8 12 18,1 8 12 18
control,217,626,2,2,Boatman,1.0,Middle,2,2,2,2
control,217,140,15,15,Repairman,1.0,Middle,15,15,15,15
control,217,880,9,9,Hairdresser,1.0,Middle,9,9,9,9 11
control,217,971,16,5,Farmer,1.0,Middle,3,3 5 6 8 9 11 16 17,3 6 9 11,3 6 9 11
control,217,768,16,16,Salesperson,2.0,Older,16,2 16,2 16 18 20,2 4 16 18 20
control,217,61,9,9,Hairdresser,1.0,Middle,9,9 15,9 15,4 9 11 15
control,217,1267,17,17,Singer,1.0,Middle,16,11 16 17,11 15 16 17,11 15 16 17
control,217,128,20,19,Speaker,0.0,Younger,20,20,20,20
control,217,56,6,6,Guard,1.0,Middle,2,2 6 12,2 6 12,2 6 12
control,217,918,11,11,Laborer,3.0,Unknown,11,11 15,4 11 14 15,11 14 15
control,217,410,11,11,Laborer,1.0,Middle,11,2 6 11 16,2 6 11 16,2 6 11 16
control,217,1067,3,3,Computer User,3.0,Unknown,3,3,3,3
control,217,441,13,13,Motorcyclist,3.0,Unknown,13,13,13,13
control,217,12,19,19,Speaker,1.0,Middle,12,1 8 10 12,1 8 10 12,1 8 10 12
control,217,1230,14,4,Craftsman,3.0,Unknown,11,4 11 14 15,4 11 14 15,4 11 14 15
control,217,977,2,2,Boatman,1.0,Middle,2,2,2 16,2 11 16
control,217,308,6,6,Guard,2.0,Older,11,6 11 12,6 11 12 15,6 11 12 15 16
control,217,1278,3,3,Computer User,3.0,Unknown,11,3 6 11 14 15 16,3 6 11 14,3 6 11 14
control,217,291,6,12,Officer,3.0,Unknown,6,6,6,6
control,217,567,5,1,Backpacker,1.0,Middle,1,1 5,1 5 11 16,1 5 11 16
control,217,671,8,8,Gymnast,0.0,Younger,8,8,8,8
control,217,649,13,13,Motorcyclist,1.0,Middle,13,13,13,13
control,217,1034,17,17,Singer,0.0,Younger,17,17,17,17
control,217,736,5,5,Farmer,2.0,Older,5,5 11,5 11,1 4 5 11 16
control,217,1266,18,2,Boatman,0.0,Younger,2,2,2,2
control,217,1294,8,8,Gymnast,0.0,Younger,8,1 6 8 14,1 6 8 14,8
control,217,1116,19,19,Speaker,1.0,Middle,9,3 8 9 16 17 19,3 9 17 19,3 9 17 19
control,217,976,10,10,Horse Rider,3.0,Unknown,10,10,1 2 5 10,2 5 10
control,217,557,16,1,Backpacker,1.0,Middle,3,3 6 16 18 19 20,3 6 16 19,3 6 16 19
control,218,86,1,5,Farmer,3.0,Unknown,5,2 5 11,2 5 11,2 5 11
control,218,849,7,7,Guitarist,1.0,Middle,7,7 17,7 17,7 17
control,218,1060,12,6,Guard,0.0,Younger,6,6,6,6
control,218,19,20,20,Tennis Player,1.0,Middle,20,20,20,20
control,218,390,10,10,Horse Rider,1.0,Middle,10,6 10 12,6 10 12,6 10 12
control,218,1061,4,4,Craftsman,2.0,Older,4,4 11,2 4 11,2 4 5 11 15
control,218,854,3,3,Computer User,1.0,Middle,3,3,3 4 15 19,3 4 15 19
control,218,1318,18,18,Skateboarder,3.0,Unknown,18,18,18,18
control,218,1032,12,12,Officer,3.0,Unknown,6,6 12,6 12 13,6 12
control,218,79,3,3,Computer User,0.0,Younger,3,3 11 15,3 11 15,3
control,218,803,18,18,Skateboarder,3.0,Unknown,18,18,18,18
control,218,463,16,16,Salesperson,0.0,Younger,16,16,16,16
control,218,63,11,11,Laborer,1.0,Middle,6,6 13,6 12 13 16,6 12 13 16
control,218,579,4,4,Craftsman,1.0,Middle,4,4 11,4 11 15,4 11 15 16
control,218,662,5,1,Backpacker,0.0,Younger,1,1,1,1
control,218,991,20,20,Tennis Player,1.0,Middle,20,20,20,20
control,218,1379,13,13,Motorcyclist,2.0,Older,13,13,12 13,4 10 12 13 15
control,218,1105,7,17,Singer,1.0,Middle,16,2 7 11 16 17,2 7 16 17,2 7 16 17
control,218,316,8,8,Gymnast,1.0,Middle,8,8,8,8
control,218,1356,5,11,Laborer,3.0,Unknown,11,5 11,5 11 16,5 11 16
control,218,1243,17,19,Speaker,0.0,Younger,16,1 2 15 16 17,2 15 16 17,2 15 16 17
control,218,602,2,2,Boatman,1.0,Middle,2,2 6 19,2 3 6 19,2 3 6 19
control,218,578,16,16,Salesperson,1.0,Middle,16,11 16,11 16,11 16
control,218,1048,16,16,Salesperson,1.0,Middle,16,5 11 16,5 11 16,1 5 11 16
control,218,71,12,6,Guard,1.0,Middle,6,6 10 14,6 9 10 14,6 9 10 14
control,218,351,1,1,Backpacker,0.0,Younger,1,1,1,1
control,218,133,5,5,Farmer,3.0,Unknown,11,5 11,5 11,5 11
control,218,646,7,7,Guitarist,1.0,Middle,17,7 11 17,6 7 11 17,6 7 11 17
control,218,665,19,19,Speaker,3.0,Unknown,19,2 3 10 11 12 13 16 17 19,2 10 12 19,2 10 12 19
control,218,470,9,9,Hairdresser,3.0,Unknown,9,9,9,9
control,218,110,8,8,Gymnast,0.0,Younger,8,8,8,8
control,218,1049,3,3,Computer User,3.0,Unknown,2,2 3 16,2 3 11 16,2 3 16
control,218,28,12,9,Hairdresser,1.0,Middle,9,9,9,6 9
control,218,159,17,17,Singer,1.0,Middle,17,7 17,7 17,7 10 17 19
control,218,807,11,11,Laborer,1.0,Middle,11,11 15,11 15,11 15
control,218,781,4,19,Speaker,1.0,Middle,16,9 11 16,4 9 11 16,4 9 11 16
control,218,95,10,10,Horse Rider,0.0,Younger,10,10,5 8 10,10
control,218,1070,6,12,Officer,3.0,Unknown,6,6 12,3 6 12 16,6 12 16
control,218,1096,20,20,Tennis Player,1.0,Middle,20,20,20,20
control,218,843,14,14,Painter,2.0,Older,16,4 11 16,4 11 15 16,4 11 14 15 16
control,218,1280,4,4,Craftsman,1.0,Middle,4,2 4 11,2 4 11,2 4 11
control,218,1188,9,9,Hairdresser,3.0,Unknown,9,9 11,9 11,9
control,218,625,13,13,Motorcyclist,3.0,Unknown,13,13,13,13
control,218,309,6,12,Officer,1.0,Middle,6,6 13,6 12 13 16,6 12 13 16
control,218,626,2,2,Boatman,1.0,Middle,2,2,2,2
control,218,570,14,14,Painter,2.0,Older,14,14 16,14 16,4 11 14 15 16
control,218,589,10,10,Horse Rider,3.0,Unknown,10,10,10,10
control,218,107,11,1,Backpacker,1.0,Middle,16,6 11 16 17,6 11 16 17,6 11 16 17
control,218,70,15,15,Repairman,2.0,Older,15,4 11 15,4 11 15,4 9 11 15
control,218,273,15,15,Repairman,1.0,Middle,15,11 15,11 15 16,11 15 16
control,219,553,2,13,Motorcyclist,0.0,Younger,2,2,2 16,2
control,219,1199,1,1,Backpacker,0.0,Younger,1,1 3 6 8 10 12 18,1 8 12 18,1 8 12 18
control,219,717,20,20,Tennis Player,1.0,Middle,20,20,20,20
control,219,1262,4,4,Craftsman,3.0,Unknown,16,4 11 16,4 9 11 16,4 9 11 16
control,219,311,9,9,Hairdresser,0.0,Younger,9,9,2 9 11,9
control,219,410,11,11,Laborer,1.0,Middle,11,2 6 11 16,2 6 11 16,2 6 11 16
control,219,458,18,18,Skateboarder,0.0,Younger,18,18,18,18
control,219,441,13,13,Motorcyclist,3.0,Unknown,13,13,13,13
control,219,56,2,6,Guard,1.0,Middle,2,2 6 12,2 6 12,2 6 12
control,219,880,9,9,Hairdresser,1.0,Middle,9,9,9,9 11
control,219,557,1,1,Backpacker,1.0,Middle,3,3 6 16 18 19 20,3 6 16 19,3 6 16 19
control,219,785,18,18,Skateboarder,1.0,Middle,18,18,18,18
control,219,61,9,9,Hairdresser,1.0,Middle,9,9 15,9 15,4 9 11 15
control,219,1278,3,3,Computer User,3.0,Unknown,11,3 6 11 14 15 16,3 6 11 14,3 6 11 14
control,219,1067,3,3,Computer User,3.0,Unknown,3,3,3,3
control,219,756,3,3,Computer User,1.0,Middle,3,1 3 11 16,1 3 11 16,1 3 11 16
control,219,288,14,14,Painter,1.0,Middle,14,11 14,11 14 15 18,11 14 15 18
control,219,128,19,19,Speaker,0.0,Younger,20,20,20,20
control,219,1230,4,4,Craftsman,3.0,Unknown,11,4 11 14 15,4 11 14 15,4 11 14 15
control,219,121,4,16,Salesperson,1.0,Middle,16,16,1 11 15 16,1 11 15 16
control,219,1267,19,17,Singer,1.0,Middle,16,11 16 17,11 15 16 17,11 15 16 17
control,219,140,11,15,Repairman,1.0,Middle,15,15,15,15
control,219,976,10,10,Horse Rider,3.0,Unknown,10,10,1 2 5 10,2 5 10
control,219,291,6,12,Officer,3.0,Unknown,6,6,6,6
control,219,971,8,5,Farmer,1.0,Middle,3,3 5 6 8 9 11 16 17,3 6 9 11,3 6 9 11
control,219,1368,10,10,Horse Rider,1.0,Middle,10,10,8 10,8 10 12
control,219,247,6,6,Guard,1.0,Middle,6,6,6,6
control,219,1294,8,8,Gymnast,0.0,Younger,8,1 6 8 14,1 6 8 14,8
control,219,70,15,15,Repairman,2.0,Older,15,4 11 15,4 11 15,4 9 11 15
control,219,352,17,17,Singer,1.0,Middle,17,17,17,17
control,219,901,12,12,Officer,3.0,Unknown,6,6 11 12 13,6 11 12 13,6 11 12 13
control,219,1177,7,7,Guitarist,1.0,Middle,7,3 4 7 11 15 16 17 19,3 7 16 19,3 7 16 19
control,219,649,13,13,Motorcyclist,1.0,Middle,13,13,13,13
control,219,1266,2,2,Boatman,0.0,Younger,2,2,2,2
control,219,308,6,6,Guard,2.0,Older,11,6 11 12,6 11 12 15,6 11 12 15 16
control,219,1112,20,20,Tennis Player,0.0,Younger,20,20,20,20
control,219,855,15,14,Painter,1.0,Middle,15,11 15,11 14 15,11 14 15
control,219,1034,17,17,Singer,0.0,Younger,17,17,17,17
control,219,736,5,5,Farmer,2.0,Older,5,5 11,5 11,1 4 5 11 16
control,219,671,8,8,Gymnast,0.0,Younger,8,8,8,8
control,219,605,18,18,Skateboarder,0.0,Younger,18,18,18,18
control,219,768,16,16,Salesperson,2.0,Older,16,2 16,2 16 18 20,2 4 16 18 20
control,219,567,1,1,Backpacker,1.0,Middle,1,1 5,1 5 11 16,1 5 11 16
control,219,12,19,19,Speaker,1.0,Middle,12,1 8 10 12,1 8 10 12,1 8 10 12
control,219,1214,12,10,Horse Rider,1.0,Middle,6,6 10 12 13,6 10 12 13,6 10 12 13
control,219,1116,19,19,Speaker,1.0,Middle,9,3 8 9 16 17 19,3 9 17 19,3 9 17 19
control,219,626,2,2,Boatman,1.0,Middle,2,2,2,2
control,219,338,16,16,Salesperson,1.0,Middle,16,11 16,11 16,11 16
control,219,918,11,11,Laborer,3.0,Unknown,11,11 15,4 11 14 15,11 14 15
control,219,977,2,2,Boatman,1.0,Middle,2,2,2 16,2 11 16
control,220,255,17,17,Singer,1.0,Middle,17,17,17,17
control,220,215,15,14,Painter,1.0,Middle,11,11 14 15,4 11 14 15,4 11 14 15
control,220,440,6,6,Guard,1.0,Middle,6,6 12,6 12,6 11 12 15
control,220,350,18,18,Skateboarder,1.0,Middle,18,18,18,18
control,220,1115,19,19,Speaker,1.0,Middle,6,6 9 10 12 17 19,6 9 17 19,6 9 17 19
control,220,339,17,17,Singer,1.0,Middle,17,17,17,10 11 17 20
control,220,206,5,11,Laborer,1.0,Middle,5,5 11,5 11 16,5 11 16
control,220,381,1,1,Backpacker,0.0,Younger,16,1 3 6 11 15 16,1 6 11 16,1 6 11 16
control,220,287,3,3,Computer User,3.0,Unknown,16,3 5 16,3 5 10 16,3 5 10 16
control,220,894,12,6,Guard,2.0,Older,15,6 15 16,4 6 15 16,4 6 11 15 16
control,220,478,5,5,Farmer,3.0,Unknown,5,2 5 11,2 5 11,2 5 11
control,220,1236,7,7,Guitarist,1.0,Middle,11,1 2 5 7 11 16 17 20,1 2 11 20,1 2 11 20
control,220,859,12,12,Officer,1.0,Middle,6,2 6 12,2 6 12 13,2 6 12 13
control,220,1072,4,4,Craftsman,0.0,Younger,11,4 6 11 15 16,4 11 15 16,4 11 15 16
control,220,103,9,9,Hairdresser,1.0,Middle,9,9,9 11,9 11 16
control,220,1136,8,8,Gymnast,0.0,Younger,8,8,8,8
control,220,498,2,2,Boatman,1.0,Middle,2,2,2,2 11 16
control,220,683,12,12,Officer,3.0,Unknown,6,6 12 13 16,6 12 13 16,6 12 13 16
control,220,661,8,8,Gymnast,0.0,Younger,8,8 18,8 18,8
control,220,445,13,13,Motorcyclist,3.0,Unknown,11,11 16,11 16,11 16
control,220,1286,7,7,Guitarist,3.0,Unknown,7,7,7,7
control,220,1221,9,9,Hairdresser,1.0,Middle,9,4 9 16,4 9 11 16,4 9 11 16
control,220,924,12,6,Guard,0.0,Younger,6,6 15,6 15,6
control,220,336,17,17,Singer,0.0,Younger,17,17,17,17
control,220,1049,3,3,Computer User,3.0,Unknown,2,2 3 16,2 3 11 16,2 3 16
control,220,898,13,13,Motorcyclist,1.0,Middle,13,2 11 13 16,2 11 13 16,2 11 13 16
control,220,459,2,2,Boatman,2.0,Older,2,2,2,2 6 14 15 16
control,220,226,2,2,Boatman,0.0,Younger,2,2,2,2
control,220,74,20,20,Tennis Player,1.0,Middle,20,20,20,20
control,220,39,16,9,Hairdresser,2.0,Older,9,4 9 15,4 9 15,4 6 9 15 16
control,220,1094,20,20,Tennis Player,1.0,Middle,20,20,20,20
control,220,410,11,11,Laborer,1.0,Middle,11,2 6 11 16,2 6 11 16,2 6 11 16
control,220,824,14,14,Painter,3.0,Unknown,14,14,14,14
control,220,1217,8,8,Gymnast,3.0,Unknown,8,8,8,8
control,220,69,19,19,Speaker,1.0,Middle,17,9 16 17 20,9 16 17 20,9 16 17 20
control,220,1316,16,16,Salesperson,1.0,Middle,2,1 2 11 14,1 2 11 14,1 2 11 14
control,220,697,5,5,Farmer,3.0,Unknown,5,5 11,5 11 12,5 11
control,220,992,7,7,Guitarist,2.0,Older,7,7,7,7 11 16 17 18
control,220,1171,1,18,Skateboarder,0.0,Younger,1,1 16 18,1 16 18,1
control,220,1367,4,4,Craftsman,1.0,Middle,11,11 16,5 11 16,2 5 11 16
control,220,433,12,15,Repairman,1.0,Middle,15,11 13 15,11 13 15 17,11 13 15 17
control,220,1084,20,20,Tennis Player,3.0,Unknown,20,20,20,20
control,220,348,12,12,Officer,0.0,Younger,16,6 11 12 13 16,6 11 12 16,6 11 12 16
control,220,165,13,13,Motorcyclist,1.0,Middle,2,1 2 13,1 2 13 19,1 2 13 19
control,220,753,3,3,Computer User,1.0,Middle,11,1 11 18,1 3 11 18,1 3 11 18
control,220,288,14,14,Painter,1.0,Middle,14,11 14,11 14 15 18,11 14 15 18
control,220,915,15,15,Repairman,1.0,Middle,11,11 15,11 15,11 15
control,220,272,16,16,Salesperson,2.0,Older,16,11 16,11 16,5 6 11 16
control,220,147,1,1,Backpacker,1.0,Middle,1,1,1 11,1 3 11 16
control,220,120,19,10,Horse Rider,0.0,Younger,10,10,5 10 12 16,10
control,221,102,6,18,Skateboarder,1.0,Middle,18,18,18,18
control,221,844,5,11,Laborer,1.0,Middle,5,5 11,5 11,5 11
control,221,373,14,14,Painter,1.0,Middle,14,14,14,14
control,221,958,17,17,Singer,1.0,Middle,17,17,17,10 17 19
control,221,85,19,19,Speaker,0.0,Younger,16,1 4 6 10 11 13 16,1 10 11 16,1 10 11 16
control,221,788,6,6,Guard,1.0,Middle,6,6,6,6
control,221,1036,1,18,Skateboarder,3.0,Unknown,18,6 12 18,6 10 12 18,6 10 12 18
control,221,951,16,16,Salesperson,1.0,Middle,16,5 11 16,5 11 16,4 5 11 16
control,221,291,6,12,Officer,3.0,Unknown,6,6,6,6
control,221,1122,3,3,Computer User,1.0,Middle,3,3 16 17 19,3 16 17 19,3 16 17 19
control,221,275,6,6,Guard,1.0,Middle,6,6,6,6
control,221,1198,9,9,Hairdresser,1.0,Middle,9,4 9 14 16,4 9 14 16,4 9 14 16
control,221,749,12,12,Officer,2.0,Older,12,6 11 12 13 15,6 11 12 15,6 11 12 13 15
control,221,875,20,20,Tennis Player,1.0,Middle,20,20,20,20
control,221,806,15,15,Repairman,3.0,Unknown,15,4 11 15,3 4 11 15,4 11 15
control,221,559,7,7,Guitarist,1.0,Middle,7,7 16 17,7 11 16 17,7 11 16 17
control,221,1332,17,17,Singer,1.0,Middle,17,7 17,7 10 14 17,7 10 14 17
control,221,1042,19,19,Speaker,2.0,Older,10,5 6 8 9 10 12 16 17 19,6 10 12 16,6 10 12 16 17
control,221,1202,7,7,Guitarist,2.0,Older,7,3 7,3 7 11 17,3 7 11 16 17
control,221,367,5,16,Salesperson,1.0,Middle,16,11 16,5 11 16,5 6 11 16
control,221,697,5,5,Farmer,3.0,Unknown,5,5 11,5 11 12,5 11
control,221,1371,8,8,Gymnast,1.0,Middle,8,8,8,8
control,221,432,18,18,Skateboarder,0.0,Younger,18,18,18,18
control,221,1254,13,13,Motorcyclist,3.0,Unknown,16,2 13 16,2 11 13 16,2 11 13 16
control,221,473,2,2,Boatman,1.0,Middle,2,2,2 11,2 11
control,221,842,4,14,Painter,3.0,Unknown,16,11 14 16,11 14 16,11 14 16
control,221,19,20,20,Tennis Player,1.0,Middle,20,20,20,20
control,221,178,6,6,Guard,2.0,Older,15,6 13 15,4 6 13 15,4 6 13 15 16
control,221,855,14,14,Painter,1.0,Middle,15,11 15,11 14 15,11 14 15
control,221,187,9,9,Hairdresser,3.0,Unknown,9,9,9,9
control,221,1328,5,5,Farmer,0.0,Younger,11,5 11,5 11,5 11
control,221,297,7,7,Guitarist,1.0,Middle,7,7,7,7 13
control,221,1182,3,3,Computer User,3.0,Unknown,3,3,3,3
control,221,448,12,12,Officer,1.0,Middle,12,6 12,3 6 12 13,3 6 12 13
control,221,1354,3,3,Computer User,3.0,Unknown,3,3 10 12 16,3 10 12 16,3 10 12 16
control,221,152,16,16,Salesperson,2.0,Older,16,16,16,3 11 15 16
control,221,1050,8,8,Gymnast,0.0,Younger,8,8,8,8
control,221,193,2,2,Boatman,3.0,Unknown,2,2 6,2 6 11 12,2 6 12
control,221,553,18,13,Motorcyclist,0.0,Younger,2,2,2 16,2
control,221,1389,13,13,Motorcyclist,3.0,Unknown,13,13,13,13
control,221,73,4,15,Repairman,2.0,Older,4,4 11,4 11 16,4 5 11 15 16
control,221,436,15,4,Craftsman,2.0,Older,4,4 11 15 16,4 11 15 16,4 9 11 15 16
control,221,943,10,10,Horse Rider,1.0,Middle,10,10,10,8 10
control,221,985,19,19,Speaker,2.0,Older,10,3 5 6 10 11 12 19,3 10 11 19,3 6 10 11 19
control,221,609,10,10,Horse Rider,1.0,Middle,10,8 10,5 8 10 20,5 8 10 20
control,221,206,5,11,Laborer,1.0,Middle,5,5 11,5 11 16,5 11 16
control,221,964,10,10,Horse Rider,1.0,Middle,10,10 12,2 6 10 12,2 6 10 12
control,221,319,5,5,Farmer,1.0,Middle,5,5 11,5 11 16,5 11 16
control,221,402,1,1,Backpacker,0.0,Younger,1,1,1,1
control,221,627,1,1,Backpacker,1.0,Middle,3,1 3 4 5 14 16,1 3 5 16,1 3 5 16
control,222,435,20,20,Tennis Player,1.0,Middle,20,20,20,20
control,222,336,17,17,Singer,0.0,Younger,17,17,17,17
control,222,858,19,19,Speaker,1.0,Middle,19,3 6 10 11 12 17 19,6 11 17 19,6 11 17 19
control,222,48,1,1,Backpacker,3.0,Unknown,1,1,1 2 11,1 2
control,222,511,7,7,Guitarist,1.0,Middle,17,7 17,1 7 10 17,1 7 10 17
control,222,751,6,12,Officer,1.0,Middle,6,6 16,3 6 11 16,3 6 11 16
control,222,363,18,18,Skateboarder,0.0,Younger,18,18,18,18
control,222,1324,10,10,Horse Rider,3.0,Unknown,10,10,10,10
control,222,181,15,15,Repairman,1.0,Middle,11,4 11 15,4 11 15,4 11 15
control,222,1131,17,17,Singer,0.0,Younger,17,11 17,11 12 15 17,17
control,222,988,14,11,Laborer,2.0,Older,11,11 15 16,11 14 15 16,2 11 14 15 16
control,222,215,11,14,Painter,1.0,Middle,11,11 14 15,4 11 14 15,4 11 14 15
control,222,390,10,10,Horse Rider,1.0,Middle,10,6 10 12,6 10 12,6 10 12
control,222,1077,13,13,Motorcyclist,1.0,Middle,13,13,13,13
control,222,1186,12,6,Guard,1.0,Middle,12,6 12 13,1 6 12 13,1 6 12 13
control,222,371,1,6,Guard,1.0,Middle,6,6 11 12,6 11 12 18,6 11 12 18
control,222,1384,20,20,Tennis Player,1.0,Middle,20,20,20,20
control,222,1074,1,1,Backpacker,3.0,Unknown,1,1,1 10 12,1 10
control,222,239,16,16,Salesperson,1.0,Middle,16,2 3 9 11 15 16,3 11 15 16,3 11 15 16
control,222,1134,3,3,Computer User,3.0,Unknown,3,1 3 16,1 3 11 16,1 3 11 16
control,222,624,12,15,Repairman,1.0,Middle,15,3 6 11 15,3 6 11 15,3 6 11 15
control,222,1136,8,8,Gymnast,0.0,Younger,8,8,8,8
control,222,1254,13,13,Motorcyclist,3.0,Unknown,16,2 13 16,2 11 13 16,2 11 13 16
control,222,943,10,10,Horse Rider,1.0,Middle,10,10,10,8 10
control,222,565,1,11,Laborer,2.0,Older,14,1 2 11 14 15,1 2 11 14,1 2 11 14 15
control,222,1333,17,17,Singer,1.0,Middle,17,17,11 17,6 11 17
control,222,928,2,2,Boatman,2.0,Older,2,2,2,2 6 10 12
control,222,1122,3,3,Computer User,1.0,Middle,3,3 16 17 19,3 16 17 19,3 16 17 19
control,222,93,16,16,Salesperson,3.0,Unknown,16,16,1 16,16
control,222,429,8,9,Hairdresser,3.0,Unknown,9,1 3 9 14,1 3 9 14,1 3 9 14
control,222,1193,5,5,Farmer,3.0,Unknown,11,5 11,5 11,5 11
control,222,22,2,2,Boatman,0.0,Younger,2,2,2,2
control,222,656,8,8,Gymnast,0.0,Younger,8,6 8,6 8 13 18,6 8
control,222,452,11,4,Craftsman,1.0,Middle,11,4 11 14 16,4 11 14 16,4 11 14 16
control,222,460,16,16,Salesperson,1.0,Middle,16,11 16,6 11 14 16,6 11 14 16
control,222,38,9,9,Hairdresser,2.0,Older,9,9,9,4 9 11 15
control,222,789,6,11,Laborer,1.0,Middle,6,6 11 15,6 11 15 18,6 11 15 18
control,222,348,12,12,Officer,0.0,Younger,16,6 11 12 13 16,6 11 12 16,6 11 12 16
control,222,616,5,5,Farmer,3.0,Unknown,5,5 11,5 11,5 11
control,222,407,5,5,Farmer,2.0,Older,5,4 5 11 15 16,5 11 15 16,4 5 11 15 16
control,222,718,12,12,Officer,0.0,Younger,12,2 6 12 13,2 6 12 13,2 6 12 13
control,222,457,18,18,Skateboarder,0.0,Younger,18,18,18,18
control,222,413,20,20,Tennis Player,1.0,Middle,20,20,20,6 20
control,222,366,15,15,Repairman,1.0,Middle,15,11 15,11 15,4 11 15
control,222,100,3,3,Computer User,3.0,Unknown,3,2 3 8 11 15 16 19,3 11 15 16,3 11 15 16
control,222,1158,19,19,Speaker,1.0,Middle,6,6 12 19,6 12 19,6 10 12 19
control,222,865,14,14,Painter,1.0,Middle,14,11 14 16,2 11 14 16,2 11 14 16
control,222,738,4,4,Craftsman,1.0,Middle,11,4 11 16,4 11 16,4 11 16
control,222,1358,13,13,Motorcyclist,3.0,Unknown,13,13,13,13
control,222,476,1,1,Backpacker,0.0,Younger,1,1,1,1
control,223,1183,9,9,Hairdresser,2.0,Older,9,9,9,4 9 11 15 16
control,223,848,16,16,Salesperson,1.0,Middle,16,16,11 16,11 16
control,223,464,7,7,Guitarist,1.0,Middle,7,7 11 17,2 7 11 17,2 7 11 17
control,223,166,14,14,Painter,0.0,Younger,14,11 14 16,1 11 14 16,14 16
control,223,1168,7,7,Guitarist,3.0,Unknown,7,7,7,7
control,223,32,17,17,Singer,0.0,Younger,17,17,17,17
control,223,432,18,18,Skateboarder,0.0,Younger,18,18,18,18
control,223,1324,10,10,Horse Rider,3.0,Unknown,10,10,10,10
control,223,225,6,10,Horse Rider,0.0,Younger,6,6,6 10,6
control,223,505,20,20,Tennis Player,0.0,Younger,20,20,20,20
control,223,1113,2,2,Boatman,1.0,Middle,2,2 14,2 11 14 17,2 11 14 17
control,223,700,1,1,Backpacker,3.0,Unknown,1,1 2 6 14,1 2 6 14,1 2 6 14
control,223,1046,20,20,Tennis Player,0.0,Younger,20,20,20,20
control,223,515,7,7,Guitarist,1.0,Middle,7,7,7,7
control,223,710,6,6,Guard,1.0,Middle,6,6,6,6
control,223,506,8,8,Gymnast,1.0,Middle,8,8,8,8
control,223,325,5,5,Farmer,2.0,Older,11,5 11,5 11 16,4 5 11 16
control,223,1293,18,18,Skateboarder,3.0,Unknown,18,18,18,18
control,223,712,5,15,Repairman,1.0,Middle,11,11 15,1 4 11 15,1 4 11 15
control,223,455,5,11,Laborer,0.0,Younger,4,4 11 14,4 11 14,4 11
control,223,1397,16,1,Backpacker,0.0,Younger,16,1 16,1 9 11 16,1 16
control,223,621,8,8,Gymnast,0.0,Younger,8,8,8,8
control,223,956,1,6,Guard,1.0,Middle,6,6,6,6 20
control,223,680,8,18,Skateboarder,0.0,Younger,18,6 8 18 20,6 8 18 20,6 8 18 20
control,223,331,6,6,Guard,0.0,Younger,6,6 15,6 15,6
control,223,1295,3,3,Computer User,3.0,Unknown,3,3 16 19,3 15 16 19,3 16 19
control,223,570,14,14,Painter,2.0,Older,14,14 16,14 16,4 11 14 15 16
control,223,37,13,13,Motorcyclist,1.0,Middle,13,13,13,13
control,223,30,11,11,Laborer,1.0,Middle,11,4 11 15,4 11 15,4 5 11 15
control,223,963,13,13,Motorcyclist,0.0,Younger,13,13 15,9 13 15 16,13
control,223,801,8,8,Gymnast,1.0,Middle,8,8,8,8
control,223,1025,18,12,Officer,3.0,Unknown,18,6 12 13 18,6 12 13 18,6 12 13 18
control,223,105,15,15,Repairman,3.0,Unknown,15,4 11 15 16,4 11 15 16,4 11 15 16
control,223,681,11,15,Repairman,1.0,Middle,15,11 15,11 15,11 15
control,223,431,12,12,Officer,1.0,Middle,6,6 10 11 13 15 16,6 11 15 16,6 11 15 16
control,223,315,2,2,Boatman,3.0,Unknown,2,2,1 2,2
control,223,1353,17,17,Singer,0.0,Younger,17,17,17,17
control,223,359,16,16,Salesperson,3.0,Unknown,16,3 6 11 16,3 6 11 16,3 6 11 16
control,223,1348,1,16,Salesperson,1.0,Middle,9,6 9 12,3 6 9 12,3 6 9 12
control,223,585,14,14,Painter,0.0,Younger,16,11 14 16,2 11 14 16,11 14 16
control,223,135,19,19,Speaker,3.0,Unknown,16,6 10 12 16 17 19 20,6 16 17 19,6 16 17 19
control,223,1331,1,1,Backpacker,1.0,Middle,1,1 5 11 16,1 5 11 16,1 5 11 16
control,223,426,5,5,Farmer,2.0,Older,5,5 11,5 11,1 2 5 11 16
control,223,145,2,2,Boatman,1.0,Middle,2,2,2,2
control,223,299,4,4,Craftsman,1.0,Middle,16,1 11 16,1 11 15 16,1 11 15 16
control,223,1226,9,9,Hairdresser,1.0,Middle,9,9,9,9
control,223,920,12,12,Officer,1.0,Middle,6,6 12 13 16,6 12 13 16,6 12 13 16
control,223,1153,19,19,Speaker,1.0,Middle,10,3 5 6 10 11 12 13 16 17 19,5 6 10 12,5 6 10 12
control,223,1256,9,9,Hairdresser,1.0,Middle,9,9 15,4 9 15,4 9 11 15
control,223,591,16,11,Laborer,1.0,Middle,16,6 11 13 15 16 17,6 13 15 16,6 13 15 16
control,224,464,7,7,Guitarist,1.0,Middle,7,7 11 17,2 7 11 17,2 7 11 17
control,224,431,12,12,Officer,1.0,Middle,6,6 10 11 13 15 16,6 11 15 16,6 11 15 16
control,224,166,14,14,Painter,0.0,Younger,14,11 14 16,1 11 14 16,14 16
control,224,963,17,13,Motorcyclist,0.0,Younger,13,13 15,9 13 15 16,13
control,224,1168,7,7,Guitarist,3.0,Unknown,7,7,7,7
control,224,585,14,14,Painter,0.0,Younger,16,11 14 16,2 11 14 16,11 14 16
control,224,1113,2,2,Boatman,1.0,Middle,2,2 14,2 11 14 17,2 11 14 17
control,224,1397,16,1,Backpacker,0.0,Younger,16,1 16,1 9 11 16,1 16
control,224,680,18,18,Skateboarder,0.0,Younger,18,6 8 18 20,6 8 18 20,6 8 18 20
control,224,710,12,6,Guard,1.0,Middle,6,6,6,6
control,224,506,8,8,Gymnast,1.0,Middle,8,8,8,8
control,224,1046,20,20,Tennis Player,0.0,Younger,20,20,20,20
control,224,225,10,10,Horse Rider,0.0,Younger,6,6,6 10,6
control,224,1293,18,18,Skateboarder,3.0,Unknown,18,18,18,18
control,224,700,1,1,Backpacker,3.0,Unknown,1,1 2 6 14,1 2 6 14,1 2 6 14
control,224,1348,3,16,Salesperson,1.0,Middle,9,6 9 12,3 6 9 12,3 6 9 12
control,224,105,15,15,Repairman,3.0,Unknown,15,4 11 15 16,4 11 15 16,4 11 15 16
control,224,1025,13,12,Officer,3.0,Unknown,18,6 12 13 18,6 12 13 18,6 12 13 18
control,224,712,15,15,Repairman,1.0,Middle,11,11 15,1 4 11 15,1 4 11 15
control,224,505,20,20,Tennis Player,0.0,Younger,20,20,20,20
control,224,681,11,15,Repairman,1.0,Middle,15,11 15,11 15,11 15
control,224,315,2,2,Boatman,3.0,Unknown,2,2,1 2,2
control,224,1331,1,1,Backpacker,1.0,Middle,1,1 5 11 16,1 5 11 16,1 5 11 16
control,224,32,17,17,Singer,0.0,Younger,17,17,17,17
control,224,426,5,5,Farmer,2.0,Older,5,5 11,5 11,1 2 5 11 16
control,224,1353,17,17,Singer,0.0,Younger,17,17,17,17
control,224,1256,9,9,Hairdresser,1.0,Middle,9,9 15,4 9 15,4 9 11 15
control,224,570,14,14,Painter,2.0,Older,14,14 16,14 16,4 11 14 15 16
control,224,956,6,6,Guard,1.0,Middle,6,6,6,6 20
control,224,1295,3,3,Computer User,3.0,Unknown,3,3 16 19,3 15 16 19,3 16 19
control,224,135,19,19,Speaker,3.0,Unknown,16,6 10 12 16 17 19 20,6 16 17 19,6 16 17 19
control,224,325,5,5,Farmer,2.0,Older,11,5 11,5 11 16,4 5 11 16
control,224,331,6,6,Guard,0.0,Younger,6,6 15,6 15,6
control,224,801,8,8,Gymnast,1.0,Middle,8,8,8,8
control,224,1324,10,10,Horse Rider,3.0,Unknown,10,10,10,10
control,224,848,16,16,Salesperson,1.0,Middle,16,16,11 16,11 16
control,224,30,15,11,Laborer,1.0,Middle,11,4 11 15,4 11 15,4 5 11 15
control,224,1183,9,9,Hairdresser,2.0,Older,9,9,9,4 9 11 15 16
control,224,920,12,12,Officer,1.0,Middle,6,6 12 13 16,6 12 13 16,6 12 13 16
control,224,621,8,8,Gymnast,0.0,Younger,8,8,8,8
control,224,1153,19,19,Speaker,1.0,Middle,10,3 5 6 10 11 12 13 16 17 19,5 6 10 12,5 6 10 12
control,224,359,16,16,Salesperson,3.0,Unknown,16,3 6 11 16,3 6 11 16,3 6 11 16
control,224,299,1,4,Craftsman,1.0,Middle,16,1 11 16,1 11 15 16,1 11 15 16
control,224,432,18,18,Skateboarder,0.0,Younger,18,18,18,18
control,224,1226,9,9,Hairdresser,1.0,Middle,9,9,9,9
control,224,591,11,11,Laborer,1.0,Middle,16,6 11 13 15 16 17,6 13 15 16,6 13 15 16
control,224,37,13,13,Motorcyclist,1.0,Middle,13,13,13,13
control,224,515,7,7,Guitarist,1.0,Middle,7,7,7,7
control,224,145,2,2,Boatman,1.0,Middle,2,2,2,2
control,224,455,4,11,Laborer,0.0,Younger,4,4 11 14,4 11 14,4 11
control,225,578,16,16,Salesperson,1.0,Middle,16,11 16,11 16,11 16
control,225,309,6,12,Officer,1.0,Middle,6,6 13,6 12 13 16,6 12 13 16
control,225,107,8,1,Backpacker,1.0,Middle,16,6 11 16 17,6 11 16 17,6 11 16 17
control,225,1188,9,9,Hairdresser,3.0,Unknown,9,9 11,9 11,9
control,225,159,17,17,Singer,1.0,Middle,17,7 17,7 17,7 10 17 19
control,225,602,2,2,Boatman,1.0,Middle,2,2 6 19,2 3 6 19,2 3 6 19
control,225,71,12,6,Guard,1.0,Middle,6,6 10 14,6 9 10 14,6 9 10 14
control,225,470,9,9,Hairdresser,3.0,Unknown,9,9,9,9
control,225,1070,19,12,Officer,3.0,Unknown,6,6 12,3 6 12 16,6 12 16
control,225,1060,6,6,Guard,0.0,Younger,6,6,6,6
control,225,1356,5,11,Laborer,3.0,Unknown,11,5 11,5 11 16,5 11 16
control,225,1379,13,13,Motorcyclist,2.0,Older,13,13,12 13,4 10 12 13 15
control,225,19,20,20,Tennis Player,1.0,Middle,20,20,20,20
control,225,1096,20,20,Tennis Player,1.0,Middle,20,20,20,20
control,225,843,4,14,Painter,2.0,Older,16,4 11 16,4 11 15 16,4 11 14 15 16
control,225,1243,3,19,Speaker,0.0,Younger,16,1 2 15 16 17,2 15 16 17,2 15 16 17
control,225,110,8,8,Gymnast,0.0,Younger,8,8,8,8
control,225,1032,12,12,Officer,3.0,Unknown,6,6 12,6 12 13,6 12
control,225,1105,7,17,Singer,1.0,Middle,16,2 7 11 16 17,2 7 16 17,2 7 16 17
control,225,991,20,20,Tennis Player,1.0,Middle,20,20,20,20
control,225,273,15,15,Repairman,1.0,Middle,15,11 15,11 15 16,11 15 16
control,225,665,19,19,Speaker,3.0,Unknown,19,2 3 10 11 12 13 16 17 19,2 10 12 19,2 10 12 19
control,225,625,13,13,Motorcyclist,3.0,Unknown,13,13,13,13
control,225,662,1,1,Backpacker,0.0,Younger,1,1,1,1
control,225,28,9,9,Hairdresser,1.0,Middle,9,9,9,6 9
control,225,1061,11,4,Craftsman,2.0,Older,4,4 11,2 4 11,2 4 5 11 15
control,225,1318,18,18,Skateboarder,3.0,Unknown,18,18,18,18
control,225,86,5,5,Farmer,3.0,Unknown,5,2 5 11,2 5 11,2 5 11
control,225,95,10,10,Horse Rider,0.0,Younger,10,10,5 8 10,10
control,225,63,12,11,Laborer,1.0,Middle,6,6 13,6 12 13 16,6 12 13 16
control,225,70,15,15,Repairman,2.0,Older,15,4 11 15,4 11 15,4 9 11 15
control,225,849,7,7,Guitarist,1.0,Middle,7,7 17,7 17,7 17
control,225,626,2,2,Boatman,1.0,Middle,2,2,2,2
control,225,854,3,3,Computer User,1.0,Middle,3,3,3 4 15 19,3 4 15 19
control,225,781,4,19,Speaker,1.0,Middle,16,9 11 16,4 9 11 16,4 9 11 16
control,225,133,5,5,Farmer,3.0,Unknown,11,5 11,5 11,5 11
control,225,1049,3,3,Computer User,3.0,Unknown,2,2 3 16,2 3 11 16,2 3 16
control,225,646,17,7,Guitarist,1.0,Middle,17,7 11 17,6 7 11 17,6 7 11 17
control,225,316,8,8,Gymnast,1.0,Middle,8,8,8,8
control,225,463,16,16,Salesperson,0.0,Younger,16,16,16,16
control,225,1280,4,4,Craftsman,1.0,Middle,4,2 4 11,2 4 11,2 4 11
control,225,570,14,14,Painter,2.0,Older,14,14 16,14 16,4 11 14 15 16
control,225,807,1,11,Laborer,1.0,Middle,11,11 15,11 15,11 15
control,225,1048,16,16,Salesperson,1.0,Middle,16,5 11 16,5 11 16,1 5 11 16
control,225,803,18,18,Skateboarder,3.0,Unknown,18,18,18,18
control,225,390,10,10,Horse Rider,1.0,Middle,10,6 10 12,6 10 12,6 10 12
control,225,351,1,1,Backpacker,0.0,Younger,1,1,1,1
control,225,579,4,4,Craftsman,1.0,Middle,4,4 11,4 11 15,4 11 15 16
control,225,589,10,10,Horse Rider,3.0,Unknown,10,10,10,10
control,225,79,3,3,Computer User,0.0,Younger,3,3 11 15,3 11 15,3
control,226,331,12,6,Guard,0.0,Younger,6,6 15,6 15,6
control,226,464,7,7,Guitarist,1.0,Middle,7,7 11 17,2 7 11 17,2 7 11 17
control,226,1153,19,19,Speaker,1.0,Middle,10,3 5 6 10 11 12 13 16 17 19,5 6 10 12,5 6 10 12
control,226,1293,18,18,Skateboarder,3.0,Unknown,18,18,18,18
control,226,30,5,11,Laborer,1.0,Middle,11,4 11 15,4 11 15,4 5 11 15
control,226,1331,5,1,Backpacker,1.0,Middle,1,1 5 11 16,1 5 11 16,1 5 11 16
control,226,1256,9,9,Hairdresser,1.0,Middle,9,9 15,4 9 15,4 9 11 15
control,226,1168,7,7,Guitarist,3.0,Unknown,7,7,7,7
control,226,432,18,18,Skateboarder,0.0,Younger,18,18,18,18
control,226,963,12,13,Motorcyclist,0.0,Younger,13,13 15,9 13 15 16,13
control,226,621,8,8,Gymnast,0.0,Younger,8,8,8,8
control,226,105,15,15,Repairman,3.0,Unknown,15,4 11 15 16,4 11 15 16,4 11 15 16
control,226,505,20,20,Tennis Player,0.0,Younger,20,20,20,20
control,226,1183,9,9,Hairdresser,2.0,Older,9,9,9,4 9 11 15 16
control,226,325,5,5,Farmer,2.0,Older,11,5 11,5 11 16,4 5 11 16
control,226,145,2,2,Boatman,1.0,Middle,2,2,2,2
control,226,359,16,16,Salesperson,3.0,Unknown,16,3 6 11 16,3 6 11 16,3 6 11 16
control,226,801,8,8,Gymnast,1.0,Middle,8,8,8,8
control,226,920,12,12,Officer,1.0,Middle,6,6 12 13 16,6 12 13 16,6 12 13 16
control,226,1025,13,12,Officer,3.0,Unknown,18,6 12 13 18,6 12 13 18,6 12 13 18
control,226,32,17,17,Singer,0.0,Younger,17,17,17,17
control,226,506,8,8,Gymnast,1.0,Middle,8,8,8,8
control,226,710,6,6,Guard,1.0,Middle,6,6,6,6
control,226,681,11,15,Repairman,1.0,Middle,15,11 15,11 15,11 15
control,226,166,14,14,Painter,0.0,Younger,14,11 14 16,1 11 14 16,14 16
control,226,848,16,16,Salesperson,1.0,Middle,16,16,11 16,11 16
control,226,956,1,6,Guard,1.0,Middle,6,6,6,6 20
control,226,426,5,5,Farmer,2.0,Older,5,5 11,5 11,1 2 5 11 16
control,226,680,18,18,Skateboarder,0.0,Younger,18,6 8 18 20,6 8 18 20,6 8 18 20
control,226,135,19,19,Speaker,3.0,Unknown,16,6 10 12 16 17 19 20,6 16 17 19,6 16 17 19
control,226,570,14,14,Painter,2.0,Older,14,14 16,14 16,4 11 14 15 16
control,226,700,1,1,Backpacker,3.0,Unknown,1,1 2 6 14,1 2 6 14,1 2 6 14
control,226,299,4,4,Craftsman,1.0,Middle,16,1 11 16,1 11 15 16,1 11 15 16
control,226,1295,3,3,Computer User,3.0,Unknown,3,3 16 19,3 15 16 19,3 16 19
control,226,1397,1,1,Backpacker,0.0,Younger,16,1 16,1 9 11 16,1 16
control,226,515,7,7,Guitarist,1.0,Middle,7,7,7,7
control,226,591,16,11,Laborer,1.0,Middle,16,6 11 13 15 16 17,6 13 15 16,6 13 15 16
control,226,455,4,11,Laborer,0.0,Younger,4,4 11 14,4 11 14,4 11
control,226,1046,20,20,Tennis Player,0.0,Younger,20,20,20,20
control,226,225,6,10,Horse Rider,0.0,Younger,6,6,6 10,6
control,226,1113,2,2,Boatman,1.0,Middle,2,2 14,2 11 14 17,2 11 14 17
control,226,1324,10,10,Horse Rider,3.0,Unknown,10,10,10,10
control,226,1353,19,17,Singer,0.0,Younger,17,17,17,17
control,226,712,15,15,Repairman,1.0,Middle,11,11 15,1 4 11 15,1 4 11 15
control,226,1348,16,16,Salesperson,1.0,Middle,9,6 9 12,3 6 9 12,3 6 9 12
control,226,431,12,12,Officer,1.0,Middle,6,6 10 11 13 15 16,6 11 15 16,6 11 15 16
control,226,585,14,14,Painter,0.0,Younger,16,11 14 16,2 11 14 16,11 14 16
control,226,37,13,13,Motorcyclist,1.0,Middle,13,13,13,13
control,226,315,2,2,Boatman,3.0,Unknown,2,2,1 2,2
control,226,1226,9,9,Hairdresser,1.0,Middle,9,9,9,9
control,227,1044,15,15,Repairman,0.0,Younger,11,3 4 6 10 11 14 15 16 17,6 11 15 16,6 11 15 16
control,227,82,7,7,Guitarist,1.0,Middle,7,7,7,7
control,227,1276,9,9,Hairdresser,1.0,Middle,9,9,9 15,5 9 11 15
control,227,1113,2,2,Boatman,1.0,Middle,2,2 14,2 11 14 17,2 11 14 17
control,227,455,5,11,Laborer,0.0,Younger,4,4 11 14,4 11 14,4 11
control,227,718,8,12,Officer,0.0,Younger,12,2 6 12 13,2 6 12 13,2 6 12 13
control,227,664,2,2,Boatman,1.0,Middle,2,2 16,2 11 16,2 11 15 16
control,227,1060,16,6,Guard,0.0,Younger,6,6,6,6
control,227,490,5,5,Farmer,0.0,Younger,5,5 11 16,5 11 16,5 11
control,227,501,18,18,Skateboarder,0.0,Younger,13,2 6 11 13 16 18,11 13 16 18,11 13 16 18
control,227,714,16,16,Salesperson,3.0,Unknown,16,11 16,11 13 16,11 16
control,227,230,11,1,Backpacker,3.0,Unknown,1,1 16,1 6 14 16,1 6 14 16
control,227,957,14,14,Painter,1.0,Middle,14,9 11 14 16,9 11 14 16,9 11 14 16
control,227,846,10,10,Horse Rider,3.0,Unknown,6,6,6,6
control,227,1350,12,13,Motorcyclist,3.0,Unknown,12,6 12 13,3 6 12 13,3 6 12 13
control,227,267,5,5,Farmer,3.0,Unknown,11,5 11,1 5 11,1 5 11
control,227,312,9,9,Hairdresser,1.0,Middle,9,2 9 11 15,2 9 11 15,2 9 11 15
control,227,81,18,4,Craftsman,1.0,Middle,11,2 5 6 11 13 15,2 6 11 15,2 6 11 15
control,227,1298,1,18,Skateboarder,1.0,Middle,18,13 16 18,6 13 16 18,6 13 16 18
control,227,340,15,15,Repairman,3.0,Unknown,15,3 6 9 11 15 16,3 9 11 15,3 9 11 15
control,227,113,19,19,Speaker,2.0,Older,3,3 5 10 11 12 19,3 10 12 19,3 10 11 12 19
control,227,708,5,5,Farmer,2.0,Older,11,5 11,4 5 11,2 4 5 11 16
control,227,488,16,3,Computer User,1.0,Middle,16,3 6 16,2 3 6 16,2 3 6 16
control,227,6,3,3,Computer User,0.0,Younger,3,1 3 10 11 14 15 16 17 18 19,1 3 11 17,1 3 11 17
control,227,1196,20,20,Tennis Player,3.0,Unknown,20,20,20,20
control,227,491,8,8,Gymnast,1.0,Middle,8,8,8,8
control,227,403,8,8,Gymnast,0.0,Younger,8,8,8,8
control,227,306,1,14,Painter,1.0,Middle,14,11 14 16,4 11 14 16,4 11 14 16
control,227,305,7,17,Singer,1.0,Middle,17,17,17,17
control,227,712,15,15,Repairman,1.0,Middle,11,11 15,1 4 11 15,1 4 11 15
control,227,184,13,13,Motorcyclist,1.0,Middle,13,13,13,11 13
control,227,1257,16,16,Salesperson,1.0,Middle,16,5 11 16,4 5 11 16,4 5 11 16
control,227,297,7,7,Guitarist,1.0,Middle,7,7,7,7 13
control,227,811,19,12,Officer,1.0,Middle,6,6 10 11 15,6 10 11 15,6 10 11 15
control,227,1376,16,16,Salesperson,2.0,Older,16,16,11 16,3 4 6 11 16
control,227,1190,3,3,Computer User,1.0,Middle,1,1 3 15 16,1 3 15 16,1 3 15 16
control,227,826,12,6,Guard,3.0,Unknown,6,6,6,6
control,227,486,19,7,Guitarist,1.0,Middle,17,1 6 7 11 17,1 6 7 17,1 6 7 17
control,227,809,10,10,Horse Rider,1.0,Middle,10,5 8 10 12,5 8 10 12,5 8 10 12
control,227,1133,12,6,Guard,1.0,Middle,11,6 11,6 11 12 13,6 11 12 13
control,227,276,14,14,Painter,0.0,Younger,14,11 14 16,11 14 16,14 16
control,227,998,17,17,Singer,0.0,Younger,17,17,11 17,17
control,227,158,4,4,Craftsman,1.0,Middle,11,4 5 11 16,4 5 11 16,4 5 11 16
control,227,1377,8,8,Gymnast,0.0,Younger,8,8,8,8
control,227,89,19,19,Speaker,1.0,Middle,16,3 16,3 10 16 20,3 10 16 20
control,227,419,18,19,Speaker,1.0,Middle,20,5 6 8 10 11 16 17 20,8 16 17 20,8 16 17 20
control,227,859,12,12,Officer,1.0,Middle,6,2 6 12,2 6 12 13,2 6 12 13
control,227,387,20,20,Tennis Player,1.0,Middle,20,20,20,20
control,227,544,5,11,Laborer,0.0,Younger,11,5 11 16,5 11 16,5 11 16
control,227,459,2,2,Boatman,2.0,Older,2,2,2,2 6 14 15 16
control,228,951,11,16,Salesperson,1.0,Middle,16,5 11 16,5 11 16,4 5 11 16
control,228,749,12,12,Officer,2.0,Older,12,6 11 12 13 15,6 11 12 15,6 11 12 13 15
control,228,1332,17,17,Singer,1.0,Middle,17,7 17,7 10 14 17,7 10 14 17
control,228,1254,13,13,Motorcyclist,3.0,Unknown,16,2 13 16,2 11 13 16,2 11 13 16
control,228,964,10,10,Horse Rider,1.0,Middle,10,10 12,2 6 10 12,2 6 10 12
control,228,1050,8,8,Gymnast,0.0,Younger,8,8,8,8
control,228,1182,3,3,Computer User,3.0,Unknown,3,3,3,3
control,228,1371,8,8,Gymnast,1.0,Middle,8,8,8,8
control,228,1122,3,3,Computer User,1.0,Middle,3,3 16 17 19,3 16 17 19,3 16 17 19
control,228,402,1,1,Backpacker,0.0,Younger,1,1,1,1
control,228,436,15,4,Craftsman,2.0,Older,4,4 11 15 16,4 11 15 16,4 9 11 15 16
control,228,855,15,14,Painter,1.0,Middle,15,11 15,11 14 15,11 14 15
control,228,844,5,11,Laborer,1.0,Middle,5,5 11,5 11,5 11
control,228,448,12,12,Officer,1.0,Middle,12,6 12,3 6 12 13,3 6 12 13
control,228,473,2,2,Boatman,1.0,Middle,2,2,2 11,2 11
control,228,1036,18,18,Skateboarder,3.0,Unknown,18,6 12 18,6 10 12 18,6 10 12 18
control,228,319,5,5,Farmer,1.0,Middle,5,5 11,5 11 16,5 11 16
control,228,985,19,19,Speaker,2.0,Older,10,3 5 6 10 11 12 19,3 10 11 19,3 6 10 11 19
control,228,275,6,6,Guard,1.0,Middle,6,6,6,6
control,228,85,19,19,Speaker,0.0,Younger,16,1 4 6 10 11 13 16,1 10 11 16,1 10 11 16
control,228,697,5,5,Farmer,3.0,Unknown,5,5 11,5 11 12,5 11
control,228,152,16,16,Salesperson,2.0,Older,16,16,16,3 11 15 16
control,228,1328,5,5,Farmer,0.0,Younger,11,5 11,5 11,5 11
control,228,193,2,2,Boatman,3.0,Unknown,2,2 6,2 6 11 12,2 6 12
control,228,19,20,20,Tennis Player,1.0,Middle,20,20,20,20
control,228,297,7,7,Guitarist,1.0,Middle,7,7,7,7 13
control,228,291,6,12,Officer,3.0,Unknown,6,6,6,6
control,228,187,9,9,Hairdresser,3.0,Unknown,9,9,9,9
control,228,958,17,17,Singer,1.0,Middle,17,17,17,10 17 19
control,228,788,12,6,Guard,1.0,Middle,6,6,6,6
control,228,373,14,14,Painter,1.0,Middle,14,14,14,14
control,228,1354,3,3,Computer User,3.0,Unknown,3,3 10 12 16,3 10 12 16,3 10 12 16
control,228,875,20,20,Tennis Player,1.0,Middle,20,20,20,20
control,228,432,18,18,Skateboarder,0.0,Younger,18,18,18,18
control,228,943,10,10,Horse Rider,1.0,Middle,10,10,10,8 10
control,228,806,15,15,Repairman,3.0,Unknown,15,4 11 15,3 4 11 15,4 11 15
control,228,206,5,11,Laborer,1.0,Middle,5,5 11,5 11 16,5 11 16
control,228,559,7,7,Guitarist,1.0,Middle,7,7 16 17,7 11 16 17,7 11 16 17
control,228,102,18,18,Skateboarder,1.0,Middle,18,18,18,18
control,228,1198,14,9,Hairdresser,1.0,Middle,9,4 9 14 16,4 9 14 16,4 9 14 16
control,228,553,2,13,Motorcyclist,0.0,Younger,2,2,2 16,2
control,228,1202,7,7,Guitarist,2.0,Older,7,3 7,3 7 11 17,3 7 11 16 17
control,228,842,14,14,Painter,3.0,Unknown,16,11 14 16,11 14 16,11 14 16
control,228,178,11,6,Guard,2.0,Older,15,6 13 15,4 6 13 15,4 6 13 15 16
control,228,1389,13,13,Motorcyclist,3.0,Unknown,13,13,13,13
control,228,73,15,15,Repairman,2.0,Older,4,4 11,4 11 16,4 5 11 15 16
control,228,367,16,16,Salesperson,1.0,Middle,16,11 16,5 11 16,5 6 11 16
control,228,627,1,1,Backpacker,1.0,Middle,3,1 3 4 5 14 16,1 3 5 16,1 3 5 16
control,228,609,10,10,Horse Rider,1.0,Middle,10,8 10,5 8 10 20,5 8 10 20
control,228,1042,19,19,Speaker,2.0,Older,10,5 6 8 9 10 12 16 17 19,6 10 12 16,6 10 12 16 17
control,229,260,2,2,Boatman,1.0,Middle,2,2 6,2 6,2 6
control,229,89,19,19,Speaker,1.0,Middle,16,3 16,3 10 16 20,3 10 16 20
control,229,369,9,9,Hairdresser,1.0,Middle,9,9,9,9
control,229,389,13,1,Backpacker,2.0,Older,13,13,13,1 2 13 16
control,229,167,17,17,Singer,0.0,Younger,17,17,11 17 19 20,17
control,229,1334,19,17,Singer,1.0,Middle,17,17,17,11 17
control,229,349,20,20,Tennis Player,1.0,Middle,20,20,20,20
control,229,517,4,14,Painter,0.0,Younger,14,11 14 15,11 14 15 16,11 14 15
control,229,1121,18,18,Skateboarder,3.0,Unknown,2,2 16 18,1 2 16 18,1 2 16 18
control,229,942,2,2,Boatman,3.0,Unknown,2,1 2,1 2,1 2
control,229,1208,5,5,Farmer,1.0,Middle,1,1 11,1 5 11 16,1 5 11 16
control,229,522,8,4,Craftsman,0.0,Younger,8,1 2 4 6 8 11 15 16 20,2 8 11 16,2 8 11 16
control,229,1159,17,17,Singer,0.0,Younger,17,17,17,17
control,229,499,1,1,Backpacker,0.0,Younger,1,1 6 16,1 6 10 16,1
control,229,1263,20,8,Gymnast,1.0,Middle,8,8,8,8
control,229,654,4,4,Craftsman,3.0,Unknown,4,4 11,2 4 11 15,2 4 11 15
control,229,12,19,19,Speaker,1.0,Middle,12,1 8 10 12,1 8 10 12,1 8 10 12
control,229,956,1,6,Guard,1.0,Middle,6,6,6,6 20
control,229,606,3,3,Computer User,3.0,Unknown,3,3 6 8 16,3 6 8 16,3 6 8 16
control,229,1342,20,20,Tennis Player,1.0,Middle,20,20,20,20
control,229,96,16,1,Backpacker,1.0,Middle,16,16,11 16,11 14 15 16
control,229,908,8,8,Gymnast,0.0,Younger,8,8,8,8
control,229,751,6,12,Officer,1.0,Middle,6,6 16,3 6 11 16,3 6 11 16
control,229,460,1,16,Salesperson,1.0,Middle,16,11 16,6 11 14 16,6 11 14 16
control,229,371,1,6,Guard,1.0,Middle,6,6 11 12,6 11 12 18,6 11 12 18
control,229,408,2,2,Boatman,3.0,Unknown,2,2,2,2
control,229,642,17,7,Guitarist,3.0,Unknown,7,7 17,7 17,7
control,229,716,4,15,Repairman,0.0,Younger,15,15,15,15
control,229,850,3,3,Computer User,3.0,Unknown,16,11 16,3 11 15 16,3 11 15 16
control,229,455,4,11,Laborer,0.0,Younger,4,4 11 14,4 11 14,4 11
control,229,643,10,10,Horse Rider,1.0,Middle,10,10,8 10,5 8 10 20
control,229,1303,6,13,Motorcyclist,3.0,Unknown,1,1 2 11 13 16,1 2 11 13,1 2 11 13
control,229,495,14,16,Salesperson,2.0,Older,2,2 14 16,2 14 16,2 4 11 14 16
control,229,407,5,5,Farmer,2.0,Older,5,4 5 11 15 16,5 11 15 16,4 5 11 15 16
control,229,105,4,15,Repairman,3.0,Unknown,15,4 11 15 16,4 11 15 16,4 11 15 16
control,229,843,4,14,Painter,2.0,Older,16,4 11 16,4 11 15 16,4 11 14 15 16
control,229,30,15,11,Laborer,1.0,Middle,11,4 11 15,4 11 15,4 5 11 15
control,229,1374,6,6,Guard,1.0,Middle,6,6,6 15,6 15 16
control,229,744,1,18,Skateboarder,0.0,Younger,18,18,18,18
control,229,1083,5,5,Farmer,2.0,Older,5,5 11 16,4 5 11 16,4 5 9 11 16
control,229,353,14,14,Painter,1.0,Middle,14,11 14,11 14,4 11 14
control,229,983,20,20,Tennis Player,1.0,Middle,20,20,20,20
control,229,1348,6,16,Salesperson,1.0,Middle,9,6 9 12,3 6 9 12,3 6 9 12
control,229,1055,13,13,Motorcyclist,1.0,Middle,13,13,13,13
control,229,1389,13,13,Motorcyclist,3.0,Unknown,13,13,13,13
control,229,923,6,12,Officer,3.0,Unknown,6,6 11 16,6 11 12 16,6 11 12 16
control,229,179,7,7,Guitarist,1.0,Middle,17,1 2 5 7 9 11 14 15 16 17,1 2 7 17,1 2 7 17
control,229,138,18,18,Skateboarder,3.0,Unknown,18,18,18,18
control,229,469,8,8,Gymnast,0.0,Younger,8,8,8,8
control,229,730,1,3,Computer User,3.0,Unknown,1,1 2 11 16 17,1 2 11 16,1 2 11 16
control,230,287,3,3,Computer User,3.0,Unknown,16,3 5 16,3 5 10 16,3 5 10 16
control,230,478,5,5,Farmer,3.0,Unknown,5,2 5 11,2 5 11,2 5 11
control,230,226,2,2,Boatman,0.0,Younger,2,2,2,2
control,230,147,1,1,Backpacker,1.0,Middle,1,1,1 11,1 3 11 16
control,230,498,4,2,Boatman,1.0,Middle,2,2,2,2 11 16
control,230,381,1,1,Backpacker,0.0,Younger,16,1 3 6 11 15 16,1 6 11 16,1 6 11 16
control,230,1171,1,18,Skateboarder,0.0,Younger,1,1 16 18,1 16 18,1
control,230,1049,19,3,Computer User,3.0,Unknown,2,2 3 16,2 3 11 16,2 3 16
control,230,753,3,3,Computer User,1.0,Middle,11,1 11 18,1 3 11 18,1 3 11 18
control,230,39,15,9,Hairdresser,2.0,Older,9,4 9 15,4 9 15,4 6 9 15 16
control,230,661,20,8,Gymnast,0.0,Younger,8,8 18,8 18,8
control,230,1084,20,20,Tennis Player,3.0,Unknown,20,20,20,20
control,230,859,12,12,Officer,1.0,Middle,6,2 6 12,2 6 12 13,2 6 12 13
control,230,410,11,11,Laborer,1.0,Middle,11,2 6 11 16,2 6 11 16,2 6 11 16
control,230,103,9,9,Hairdresser,1.0,Middle,9,9,9 11,9 11 16
control,230,824,14,14,Painter,3.0,Unknown,14,14,14,14
control,230,1221,9,9,Hairdresser,1.0,Middle,9,4 9 16,4 9 11 16,4 9 11 16
control,230,120,3,10,Horse Rider,0.0,Younger,10,10,5 10 12 16,10
control,230,433,15,15,Repairman,1.0,Middle,15,11 13 15,11 13 15 17,11 13 15 17
control,230,69,17,19,Speaker,1.0,Middle,17,9 16 17 20,9 16 17 20,9 16 17 20
control,230,336,17,17,Singer,0.0,Younger,17,17,17,17
control,230,459,2,2,Boatman,2.0,Older,2,2,2,2 6 14 15 16
control,230,1136,8,8,Gymnast,0.0,Younger,8,8,8,8
control,230,1217,10,8,Gymnast,3.0,Unknown,8,8,8,8
control,230,697,5,5,Farmer,3.0,Unknown,5,5 11,5 11 12,5 11
control,230,915,15,15,Repairman,1.0,Middle,11,11 15,11 15,11 15
control,230,74,20,20,Tennis Player,1.0,Middle,20,20,20,20
control,230,255,17,17,Singer,1.0,Middle,17,17,17,17
control,230,339,17,17,Singer,1.0,Middle,17,17,17,10 11 17 20
control,230,992,7,7,Guitarist,2.0,Older,7,7,7,7 11 16 17 18
control,230,1236,7,7,Guitarist,1.0,Middle,11,1 2 5 7 11 16 17 20,1 2 11 20,1 2 11 20
control,230,1094,20,20,Tennis Player,1.0,Middle,20,20,20,20
control,230,165,13,13,Motorcyclist,1.0,Middle,2,1 2 13,1 2 13 19,1 2 13 19
control,230,1286,7,7,Guitarist,3.0,Unknown,7,7,7,7
control,230,348,12,12,Officer,0.0,Younger,16,6 11 12 13 16,6 11 12 16,6 11 12 16
control,230,288,14,14,Painter,1.0,Middle,14,11 14,11 14 15 18,11 14 15 18
control,230,1115,19,19,Speaker,1.0,Middle,6,6 9 10 12 17 19,6 9 17 19,6 9 17 19
control,230,440,17,6,Guard,1.0,Middle,6,6 12,6 12,6 11 12 15
control,230,272,16,16,Salesperson,2.0,Older,16,11 16,11 16,5 6 11 16
control,230,1316,16,16,Salesperson,1.0,Middle,2,1 2 11 14,1 2 11 14,1 2 11 14
control,230,898,5,13,Motorcyclist,1.0,Middle,13,2 11 13 16,2 11 13 16,2 11 13 16
control,230,1367,4,4,Craftsman,1.0,Middle,11,11 16,5 11 16,2 5 11 16
control,230,215,15,14,Painter,1.0,Middle,11,11 14 15,4 11 14 15,4 11 14 15
control,230,924,12,6,Guard,0.0,Younger,6,6 15,6 15,6
control,230,445,13,13,Motorcyclist,3.0,Unknown,11,11 16,11 16,11 16
control,230,206,5,11,Laborer,1.0,Middle,5,5 11,5 11 16,5 11 16
control,230,894,12,6,Guard,2.0,Older,15,6 15 16,4 6 15 16,4 6 11 15 16
control,230,350,18,18,Skateboarder,1.0,Middle,18,18,18,18
control,230,683,12,12,Officer,3.0,Unknown,6,6 12 13 16,6 12 13 16,6 12 13 16
control,230,1072,4,4,Craftsman,0.0,Younger,11,4 6 11 15 16,4 11 15 16,4 11 15 16
control,231,801,8,8,Gymnast,1.0,Middle,8,8,8,8
control,231,1295,3,3,Computer User,3.0,Unknown,3,3 16 19,3 15 16 19,3 16 19
control,231,515,7,7,Guitarist,1.0,Middle,7,7,7,7
control,231,166,14,14,Painter,0.0,Younger,14,11 14 16,1 11 14 16,14 16
control,231,585,14,14,Painter,0.0,Younger,16,11 14 16,2 11 14 16,11 14 16
control,231,591,11,11,Laborer,1.0,Middle,16,6 11 13 15 16 17,6 13 15 16,6 13 15 16
control,231,1397,16,1,Backpacker,0.0,Younger,16,1 16,1 9 11 16,1 16
control,231,1153,19,19,Speaker,1.0,Middle,10,3 5 6 10 11 12 13 16 17 19,5 6 10 12,5 6 10 12
control,231,426,5,5,Farmer,2.0,Older,5,5 11,5 11,1 2 5 11 16
control,231,621,8,8,Gymnast,0.0,Younger,8,8,8,8
control,231,1348,16,16,Salesperson,1.0,Middle,9,6 9 12,3 6 9 12,3 6 9 12
control,231,681,11,15,Repairman,1.0,Middle,15,11 15,11 15,11 15
control,231,1256,9,9,Hairdresser,1.0,Middle,9,9 15,4 9 15,4 9 11 15
control,231,1046,20,20,Tennis Player,0.0,Younger,20,20,20,20
control,231,32,17,17,Singer,0.0,Younger,17,17,17,17
control,231,135,19,19,Speaker,3.0,Unknown,16,6 10 12 16 17 19 20,6 16 17 19,6 16 17 19
control,231,315,2,2,Boatman,3.0,Unknown,2,2,1 2,2
control,231,37,13,13,Motorcyclist,1.0,Middle,13,13,13,13
control,231,1293,18,18,Skateboarder,3.0,Unknown,18,18,18,18
control,231,848,16,16,Salesperson,1.0,Middle,16,16,11 16,11 16
control,231,325,5,5,Farmer,2.0,Older,11,5 11,5 11 16,4 5 11 16
control,231,1353,19,17,Singer,0.0,Younger,17,17,17,17
control,231,920,12,12,Officer,1.0,Middle,6,6 12 13 16,6 12 13 16,6 12 13 16
control,231,505,20,20,Tennis Player,0.0,Younger,20,20,20,20
control,231,1226,9,9,Hairdresser,1.0,Middle,9,9,9,9
control,231,464,7,7,Guitarist,1.0,Middle,7,7 11 17,2 7 11 17,2 7 11 17
control,231,431,11,12,Officer,1.0,Middle,6,6 10 11 13 15 16,6 11 15 16,6 11 15 16
control,231,299,4,4,Craftsman,1.0,Middle,16,1 11 16,1 11 15 16,1 11 15 16
control,231,1324,10,10,Horse Rider,3.0,Unknown,10,10,10,10
control,231,225,10,10,Horse Rider,0.0,Younger,6,6,6 10,6
control,231,30,11,11,Laborer,1.0,Middle,11,4 11 15,4 11 15,4 5 11 15
control,231,680,18,18,Skateboarder,0.0,Younger,18,6 8 18 20,6 8 18 20,6 8 18 20
control,231,1113,2,2,Boatman,1.0,Middle,2,2 14,2 11 14 17,2 11 14 17
control,231,359,16,16,Salesperson,3.0,Unknown,16,3 6 11 16,3 6 11 16,3 6 11 16
control,231,1183,19,9,Hairdresser,2.0,Older,9,9,9,4 9 11 15 16
control,231,710,6,6,Guard,1.0,Middle,6,6,6,6
control,231,506,8,8,Gymnast,1.0,Middle,8,8,8,8
control,231,455,4,11,Laborer,0.0,Younger,4,4 11 14,4 11 14,4 11
control,231,331,12,6,Guard,0.0,Younger,6,6 15,6 15,6
control,231,963,13,13,Motorcyclist,0.0,Younger,13,13 15,9 13 15 16,13
control,231,700,11,1,Backpacker,3.0,Unknown,1,1 2 6 14,1 2 6 14,1 2 6 14
control,231,570,14,14,Painter,2.0,Older,14,14 16,14 16,4 11 14 15 16
control,231,1331,5,1,Backpacker,1.0,Middle,1,1 5 11 16,1 5 11 16,1 5 11 16
control,231,432,18,18,Skateboarder,0.0,Younger,18,18,18,18
control,231,712,15,15,Repairman,1.0,Middle,11,11 15,1 4 11 15,1 4 11 15
control,231,145,2,2,Boatman,1.0,Middle,2,2,2,2
control,231,105,15,15,Repairman,3.0,Unknown,15,4 11 15 16,4 11 15 16,4 11 15 16
control,231,1025,13,12,Officer,3.0,Unknown,18,6 12 13 18,6 12 13 18,6 12 13 18
control,231,1168,7,7,Guitarist,3.0,Unknown,7,7,7,7
control,231,956,6,6,Guard,1.0,Middle,6,6,6,6 20
control,232,348,12,12,Officer,0.0,Younger,16,6 11 12 13 16,6 11 12 16,6 11 12 16
control,232,1158,19,19,Speaker,1.0,Middle,6,6 12 19,6 12 19,6 10 12 19
control,232,413,20,20,Tennis Player,1.0,Middle,20,20,20,6 20
control,232,460,16,16,Salesperson,1.0,Middle,16,11 16,6 11 14 16,6 11 14 16
control,232,215,11,14,Painter,1.0,Middle,11,11 14 15,4 11 14 15,4 11 14 15
control,232,1254,13,13,Motorcyclist,3.0,Unknown,16,2 13 16,2 11 13 16,2 11 13 16
control,232,48,1,1,Backpacker,3.0,Unknown,1,1,1 2 11,1 2
control,232,1131,17,17,Singer,0.0,Younger,17,11 17,11 12 15 17,17
control,232,181,15,15,Repairman,1.0,Middle,11,4 11 15,4 11 15,4 11 15
control,232,1358,13,13,Motorcyclist,3.0,Unknown,13,13,13,13
control,232,390,19,10,Horse Rider,1.0,Middle,10,6 10 12,6 10 12,6 10 12
control,232,363,18,18,Skateboarder,0.0,Younger,18,18,18,18
control,232,1077,13,13,Motorcyclist,1.0,Middle,13,13,13,13
control,232,452,4,4,Craftsman,1.0,Middle,11,4 11 14 16,4 11 14 16,4 11 14 16
control,232,1333,17,17,Singer,1.0,Middle,17,17,11 17,6 11 17
control,232,751,12,12,Officer,1.0,Middle,6,6 16,3 6 11 16,3 6 11 16
control,232,407,5,5,Farmer,2.0,Older,5,4 5 11 15 16,5 11 15 16,4 5 11 15 16
control,232,738,4,4,Craftsman,1.0,Middle,11,4 11 16,4 11 16,4 11 16
control,232,1324,10,10,Horse Rider,3.0,Unknown,10,10,10,10
control,232,988,4,11,Laborer,2.0,Older,11,11 15 16,11 14 15 16,2 11 14 15 16
control,232,1074,1,1,Backpacker,3.0,Unknown,1,1,1 10 12,1 10
control,232,616,5,5,Farmer,3.0,Unknown,5,5 11,5 11,5 11
control,232,366,15,15,Repairman,1.0,Middle,15,11 15,11 15,4 11 15
control,232,943,10,10,Horse Rider,1.0,Middle,10,10,10,8 10
control,232,457,18,18,Skateboarder,0.0,Younger,18,18,18,18
control,232,656,8,8,Gymnast,0.0,Younger,8,6 8,6 8 13 18,6 8
control,232,476,1,1,Backpacker,0.0,Younger,1,1,1,1
control,232,435,20,20,Tennis Player,1.0,Middle,20,20,20,20
control,232,928,2,2,Boatman,2.0,Older,2,2,2,2 6 10 12
control,232,336,17,17,Singer,0.0,Younger,17,17,17,17
control,232,38,9,9,Hairdresser,2.0,Older,9,9,9,4 9 11 15
control,232,511,7,7,Guitarist,1.0,Middle,17,7 17,1 7 10 17,1 7 10 17
control,232,1193,5,5,Farmer,3.0,Unknown,11,5 11,5 11,5 11
control,232,239,16,16,Salesperson,1.0,Middle,16,2 3 9 11 15 16,3 11 15 16,3 11 15 16
control,232,624,16,15,Repairman,1.0,Middle,15,3 6 11 15,3 6 11 15,3 6 11 15
control,232,1384,20,20,Tennis Player,1.0,Middle,20,20,20,20
control,232,1134,3,3,Computer User,3.0,Unknown,3,1 3 16,1 3 11 16,1 3 11 16
control,232,718,12,12,Officer,0.0,Younger,12,2 6 12 13,2 6 12 13,2 6 12 13
control,232,1186,12,6,Guard,1.0,Middle,12,6 12 13,1 6 12 13,1 6 12 13
control,232,371,16,6,Guard,1.0,Middle,6,6 11 12,6 11 12 18,6 11 12 18
control,232,1136,8,8,Gymnast,0.0,Younger,8,8,8,8
control,232,858,19,19,Speaker,1.0,Middle,19,3 6 10 11 12 17 19,6 11 17 19,6 11 17 19
control,232,100,3,3,Computer User,3.0,Unknown,3,2 3 8 11 15 16 19,3 11 15 16,3 11 15 16
control,232,429,9,9,Hairdresser,3.0,Unknown,9,1 3 9 14,1 3 9 14,1 3 9 14
control,232,789,6,11,Laborer,1.0,Middle,6,6 11 15,6 11 15 18,6 11 15 18
control,232,865,14,14,Painter,1.0,Middle,14,11 14 16,2 11 14 16,2 11 14 16
control,232,22,2,2,Boatman,0.0,Younger,2,2,2,2
control,232,93,16,16,Salesperson,3.0,Unknown,16,16,1 16,16
control,232,565,1,11,Laborer,2.0,Older,14,1 2 11 14 15,1 2 11 14,1 2 11 14 15
control,232,1122,3,3,Computer User,1.0,Middle,3,3 16 17 19,3 16 17 19,3 16 17 19
control,233,400,18,18,Skateboarder,3.0,Unknown,18,18,18,18
control,233,551,5,5,Farmer,1.0,Middle,5,5 11,5 11,5 11
control,233,557,16,1,Backpacker,1.0,Middle,3,3 6 16 18 19 20,3 6 16 19,3 6 16 19
control,233,1263,8,8,Gymnast,1.0,Middle,8,8,8,8
control,233,1147,6,6,Guard,0.0,Younger,6,6,6,6
control,233,675,15,16,Salesperson,1.0,Middle,16,11 15 16,2 11 15 16,2 11 15 16
control,233,944,4,4,Craftsman,1.0,Middle,11,4 5 9 11 16,5 9 11 16,5 9 11 16
control,233,186,4,4,Craftsman,2.0,Older,11,3 4 9 11 15 16,3 11 15 16,3 4 11 15 16
control,233,521,13,13,Motorcyclist,1.0,Middle,13,13,13,13
control,233,1203,6,12,Officer,1.0,Middle,6,6 11,2 6 11 12,2 6 11 12
control,233,679,5,5,Farmer,2.0,Older,5,5 11,5 11,2 4 5 11
control,233,560,10,10,Horse Rider,0.0,Younger,10,8 10,8 10 20,10
control,233,558,17,7,Guitarist,1.0,Middle,17,7 17,7 10 15 17,7 10 15 17
control,233,587,19,19,Speaker,2.0,Older,12,3 6 10 11 12 16 17 19 20,6 11 12 16,6 11 12 16 19
control,233,418,16,16,Salesperson,1.0,Middle,16,1 16,1 11 16,1 11 15 16
control,233,1116,19,19,Speaker,1.0,Middle,9,3 8 9 16 17 19,3 9 17 19,3 9 17 19
control,233,850,19,3,Computer User,3.0,Unknown,16,11 16,3 11 15 16,3 11 15 16
control,233,846,6,10,Horse Rider,3.0,Unknown,6,6,6,6
control,233,176,15,11,Laborer,3.0,Unknown,11,2 5 11,2 5 11,2 5 11
control,233,725,8,8,Gymnast,0.0,Younger,8,8,8,8
control,233,716,15,15,Repairman,0.0,Younger,15,15,15,15
control,233,530,17,17,Singer,1.0,Middle,17,17,7 17,7 17
control,233,208,15,15,Repairman,3.0,Unknown,3,3,3 19,3
control,233,921,18,18,Skateboarder,3.0,Unknown,18,18,18,18
control,233,389,13,1,Backpacker,2.0,Older,13,13,13,1 2 13 16
control,233,611,1,7,Guitarist,3.0,Unknown,16,1 15 16,1 4 15 16,1 4 15 16
control,233,788,12,6,Guard,1.0,Middle,6,6,6,6
control,233,1060,12,6,Guard,0.0,Younger,6,6,6,6
control,233,58,11,11,Laborer,3.0,Unknown,11,6 11 14,6 11 14 18,6 11 14 18
control,233,597,3,3,Computer User,1.0,Middle,19,3 11 15 17 19,3 11 17 19,3 11 17 19
control,233,936,16,16,Salesperson,1.0,Middle,16,16,16,5 11 16
control,233,107,8,1,Backpacker,1.0,Middle,16,6 11 16 17,6 11 16 17,6 11 16 17
control,233,139,5,9,Hairdresser,1.0,Middle,11,5 9 11,4 5 9 11,4 5 9 11
control,233,870,8,8,Gymnast,0.0,Younger,8,8,8,8
control,233,935,13,13,Motorcyclist,3.0,Unknown,13,13,13,13
control,233,112,20,20,Tennis Player,0.0,Younger,20,20,20,20
control,233,1325,12,12,Officer,1.0,Middle,6,6 12 13,6 12 13 19,6 12 13 19
control,233,1334,17,17,Singer,1.0,Middle,17,17,17,11 17
control,233,943,10,10,Horse Rider,1.0,Middle,10,10,10,8 10
control,233,615,5,11,Laborer,1.0,Middle,5,5 11,5 11,1 5 11
control,233,982,2,2,Boatman,1.0,Middle,2,2,2,1 2
control,233,946,1,14,Painter,3.0,Unknown,14,14,2 14,14
control,233,650,18,18,Skateboarder,3.0,Unknown,18,18,8 18,18
control,233,1390,11,4,Craftsman,1.0,Middle,11,4 11 15 16,4 11 15 16,4 11 15 16
control,233,1354,3,3,Computer User,3.0,Unknown,3,3 10 12 16,3 10 12 16,3 10 12 16
control,233,135,19,19,Speaker,3.0,Unknown,16,6 10 12 16 17 19 20,6 16 17 19,6 16 17 19
control,233,366,15,15,Repairman,1.0,Middle,15,11 15,11 15,4 11 15
control,233,966,14,14,Painter,2.0,Older,14,5 11 14,4 5 11 14,4 5 11 12 14
control,233,205,13,13,Motorcyclist,1.0,Middle,13,13,12 13,12 13
control,233,386,17,7,Guitarist,3.0,Unknown,17,17,17,17
control,234,597,3,3,Computer User,1.0,Middle,19,3 11 15 17 19,3 11 17 19,3 11 17 19
control,234,1390,4,4,Craftsman,1.0,Middle,11,4 11 15 16,4 11 15 16,4 11 15 16
control,234,176,14,11,Laborer,3.0,Unknown,11,2 5 11,2 5 11,2 5 11
control,234,366,15,15,Repairman,1.0,Middle,15,11 15,11 15,4 11 15
control,234,935,13,13,Motorcyclist,3.0,Unknown,13,13,13,13
control,234,943,10,10,Horse Rider,1.0,Middle,10,10,10,8 10
control,234,558,17,7,Guitarist,1.0,Middle,17,7 17,7 10 15 17,7 10 15 17
control,234,1060,6,6,Guard,0.0,Younger,6,6,6,6
control,234,186,1,4,Craftsman,2.0,Older,11,3 4 9 11 15 16,3 11 15 16,3 4 11 15 16
control,234,557,19,1,Backpacker,1.0,Middle,3,3 6 16 18 19 20,3 6 16 19,3 6 16 19
control,234,716,15,15,Repairman,0.0,Younger,15,15,15,15
control,234,966,14,14,Painter,2.0,Older,14,5 11 14,4 5 11 14,4 5 11 12 14
control,234,107,8,1,Backpacker,1.0,Middle,16,6 11 16 17,6 11 16 17,6 11 16 17
control,234,587,19,19,Speaker,2.0,Older,12,3 6 10 11 12 16 17 19 20,6 11 12 16,6 11 12 16 19
control,234,400,1,18,Skateboarder,3.0,Unknown,18,18,18,18
control,234,560,10,10,Horse Rider,0.0,Younger,10,8 10,8 10 20,10
control,234,615,5,11,Laborer,1.0,Middle,5,5 11,5 11,1 5 11
control,234,139,5,9,Hairdresser,1.0,Middle,11,5 9 11,4 5 9 11,4 5 9 11
control,234,725,8,8,Gymnast,0.0,Younger,8,8,8,8
control,234,1354,3,3,Computer User,3.0,Unknown,3,3 10 12 16,3 10 12 16,3 10 12 16
control,234,1334,20,17,Singer,1.0,Middle,17,17,17,11 17
control,234,205,13,13,Motorcyclist,1.0,Middle,13,13,12 13,12 13
control,234,946,14,14,Painter,3.0,Unknown,14,14,2 14,14
control,234,386,17,7,Guitarist,3.0,Unknown,17,17,17,17
control,234,551,5,5,Farmer,1.0,Middle,5,5 11,5 11,5 11
control,234,530,17,17,Singer,1.0,Middle,17,17,7 17,7 17
control,234,921,18,18,Skateboarder,3.0,Unknown,18,18,18,18
control,234,389,13,1,Backpacker,2.0,Older,13,13,13,1 2 13 16
control,234,1263,8,8,Gymnast,1.0,Middle,8,8,8,8
control,234,1203,6,12,Officer,1.0,Middle,6,6 11,2 6 11 12,2 6 11 12
control,234,675,16,16,Salesperson,1.0,Middle,16,11 15 16,2 11 15 16,2 11 15 16
control,234,870,8,8,Gymnast,0.0,Younger,8,8,8,8
control,234,788,6,6,Guard,1.0,Middle,6,6,6,6
control,234,1325,12,12,Officer,1.0,Middle,6,6 12 13,6 12 13 19,6 12 13 19
control,234,611,1,7,Guitarist,3.0,Unknown,16,1 15 16,1 4 15 16,1 4 15 16
control,234,58,11,11,Laborer,3.0,Unknown,11,6 11 14,6 11 14 18,6 11 14 18
control,234,418,7,16,Salesperson,1.0,Middle,16,1 16,1 11 16,1 11 15 16
control,234,850,3,3,Computer User,3.0,Unknown,16,11 16,3 11 15 16,3 11 15 16
control,234,521,13,13,Motorcyclist,1.0,Middle,13,13,13,13
control,234,936,16,16,Salesperson,1.0,Middle,16,16,16,5 11 16
control,234,1116,19,19,Speaker,1.0,Middle,9,3 8 9 16 17 19,3 9 17 19,3 9 17 19
control,234,1147,6,6,Guard,0.0,Younger,6,6,6,6
control,234,208,3,15,Repairman,3.0,Unknown,3,3,3 19,3
control,234,944,4,4,Craftsman,1.0,Middle,11,4 5 9 11 16,5 9 11 16,5 9 11 16
control,234,135,19,19,Speaker,3.0,Unknown,16,6 10 12 16 17 19 20,6 16 17 19,6 16 17 19
control,234,679,5,5,Farmer,2.0,Older,5,5 11,5 11,2 4 5 11
control,234,846,10,10,Horse Rider,3.0,Unknown,6,6,6,6
control,234,112,20,20,Tennis Player,0.0,Younger,20,20,20,20
control,234,982,2,2,Boatman,1.0,Middle,2,2,2,1 2
control,234,650,18,18,Skateboarder,3.0,Unknown,18,18,8 18,18
control,235,205,13,13,Motorcyclist,1.0,Middle,13,13,12 13,12 13
control,235,944,4,4,Craftsman,1.0,Middle,11,4 5 9 11 16,5 9 11 16,5 9 11 16
control,235,611,1,7,Guitarist,3.0,Unknown,16,1 15 16,1 4 15 16,1 4 15 16
control,235,850,3,3,Computer User,3.0,Unknown,16,11 16,3 11 15 16,3 11 15 16
control,235,650,8,18,Skateboarder,3.0,Unknown,18,18,8 18,18
control,235,1263,8,8,Gymnast,1.0,Middle,8,8,8,8
control,235,946,1,14,Painter,3.0,Unknown,14,14,2 14,14
control,235,58,11,11,Laborer,3.0,Unknown,11,6 11 14,6 11 14 18,6 11 14 18
control,235,530,17,17,Singer,1.0,Middle,17,17,7 17,7 17
control,235,176,18,11,Laborer,3.0,Unknown,11,2 5 11,2 5 11,2 5 11
control,235,112,20,20,Tennis Player,0.0,Younger,20,20,20,20
control,235,587,19,19,Speaker,2.0,Older,12,3 6 10 11 12 16 17 19 20,6 11 12 16,6 11 12 16 19
control,235,551,5,5,Farmer,1.0,Middle,5,5 11,5 11,5 11
control,235,982,2,2,Boatman,1.0,Middle,2,2,2,1 2
control,235,1147,6,6,Guard,0.0,Younger,6,6,6,6
control,235,716,15,15,Repairman,0.0,Younger,15,15,15,15
control,235,679,5,5,Farmer,2.0,Older,5,5 11,5 11,2 4 5 11
control,235,846,6,10,Horse Rider,3.0,Unknown,6,6,6,6
control,235,1354,3,3,Computer User,3.0,Unknown,3,3 10 12 16,3 10 12 16,3 10 12 16
control,235,107,8,1,Backpacker,1.0,Middle,16,6 11 16 17,6 11 16 17,6 11 16 17
control,235,943,10,10,Horse Rider,1.0,Middle,10,10,10,8 10
control,235,366,15,15,Repairman,1.0,Middle,15,11 15,11 15,4 11 15
control,235,135,19,19,Speaker,3.0,Unknown,16,6 10 12 16 17 19 20,6 16 17 19,6 16 17 19
control,235,788,6,6,Guard,1.0,Middle,6,6,6,6
control,235,1060,6,6,Guard,0.0,Younger,6,6,6,6
control,235,208,15,15,Repairman,3.0,Unknown,3,3,3 19,3
control,235,725,8,8,Gymnast,0.0,Younger,8,8,8,8
control,235,560,10,10,Horse Rider,0.0,Younger,10,8 10,8 10 20,10
control,235,1325,12,12,Officer,1.0,Middle,6,6 12 13,6 12 13 19,6 12 13 19
control,235,386,17,7,Guitarist,3.0,Unknown,17,17,17,17
control,235,521,13,13,Motorcyclist,1.0,Middle,13,13,13,13
control,235,400,18,18,Skateboarder,3.0,Unknown,18,18,18,18
control,235,675,11,16,Salesperson,1.0,Middle,16,11 15 16,2 11 15 16,2 11 15 16
control,235,139,5,9,Hairdresser,1.0,Middle,11,5 9 11,4 5 9 11,4 5 9 11
control,235,418,16,16,Salesperson,1.0,Middle,16,1 16,1 11 16,1 11 15 16
control,235,557,7,1,Backpacker,1.0,Middle,3,3 6 16 18 19 20,3 6 16 19,3 6 16 19
control,235,389,13,1,Backpacker,2.0,Older,13,13,13,1 2 13 16
control,235,1334,17,17,Singer,1.0,Middle,17,17,17,11 17
control,235,1390,4,4,Craftsman,1.0,Middle,11,4 11 15 16,4 11 15 16,4 11 15 16
control,235,558,17,7,Guitarist,1.0,Middle,17,7 17,7 10 15 17,7 10 15 17
control,235,966,14,14,Painter,2.0,Older,14,5 11 14,4 5 11 14,4 5 11 12 14
control,235,615,5,11,Laborer,1.0,Middle,5,5 11,5 11,1 5 11
control,235,597,3,3,Computer User,1.0,Middle,19,3 11 15 17 19,3 11 17 19,3 11 17 19
control,235,1116,19,19,Speaker,1.0,Middle,9,3 8 9 16 17 19,3 9 17 19,3 9 17 19
control,235,921,18,18,Skateboarder,3.0,Unknown,18,18,18,18
control,235,936,16,16,Salesperson,1.0,Middle,16,16,16,5 11 16
control,235,935,13,13,Motorcyclist,3.0,Unknown,13,13,13,13
control,235,870,8,8,Gymnast,0.0,Younger,8,8,8,8
control,235,186,4,4,Craftsman,2.0,Older,11,3 4 9 11 15 16,3 11 15 16,3 4 11 15 16
control,235,1203,6,12,Officer,1.0,Middle,6,6 11,2 6 11 12,2 6 11 12
control,236,1177,7,7,Guitarist,1.0,Middle,7,3 4 7 11 15 16 17 19,3 7 16 19,3 7 16 19
control,236,128,19,19,Speaker,0.0,Younger,20,20,20,20
control,236,121,4,16,Salesperson,1.0,Middle,16,16,1 11 15 16,1 11 15 16
control,236,61,8,9,Hairdresser,1.0,Middle,9,9 15,9 15,4 9 11 15
control,236,671,8,8,Gymnast,0.0,Younger,8,8,8,8
control,236,976,10,10,Horse Rider,3.0,Unknown,10,10,1 2 5 10,2 5 10
control,236,880,9,9,Hairdresser,1.0,Middle,9,9,9,9 11
control,236,1266,2,2,Boatman,0.0,Younger,2,2,2,2
control,236,626,2,2,Boatman,1.0,Middle,2,2,2,2
control,236,1278,3,3,Computer User,3.0,Unknown,11,3 6 11 14 15 16,3 6 11 14,3 6 11 14
control,236,649,13,13,Motorcyclist,1.0,Middle,13,13,13,13
control,236,1112,20,20,Tennis Player,0.0,Younger,20,20,20,20
control,236,918,11,11,Laborer,3.0,Unknown,11,11 15,4 11 14 15,11 14 15
control,236,70,15,15,Repairman,2.0,Older,15,4 11 15,4 11 15,4 9 11 15
control,236,140,15,15,Repairman,1.0,Middle,15,15,15,15
control,236,311,9,9,Hairdresser,0.0,Younger,9,9,2 9 11,9
control,236,1034,1,17,Singer,0.0,Younger,17,17,17,17
control,236,338,16,16,Salesperson,1.0,Middle,16,11 16,11 16,11 16
control,236,605,18,18,Skateboarder,0.0,Younger,18,18,18,18
control,236,288,18,14,Painter,1.0,Middle,14,11 14,11 14 15 18,11 14 15 18
control,236,785,18,18,Skateboarder,1.0,Middle,18,18,18,18
control,236,441,13,13,Motorcyclist,3.0,Unknown,13,13,13,13
control,236,553,2,13,Motorcyclist,0.0,Younger,2,2,2 16,2
control,236,308,6,6,Guard,2.0,Older,11,6 11 12,6 11 12 15,6 11 12 15 16
control,236,1214,10,10,Horse Rider,1.0,Middle,6,6 10 12 13,6 10 12 13,6 10 12 13
control,236,557,6,1,Backpacker,1.0,Middle,3,3 6 16 18 19 20,3 6 16 19,3 6 16 19
control,236,567,1,1,Backpacker,1.0,Middle,1,1 5,1 5 11 16,1 5 11 16
control,236,901,12,12,Officer,3.0,Unknown,6,6 11 12 13,6 11 12 13,6 11 12 13
control,236,717,20,20,Tennis Player,1.0,Middle,20,20,20,20
control,236,1262,4,4,Craftsman,3.0,Unknown,16,4 11 16,4 9 11 16,4 9 11 16
control,236,458,18,18,Skateboarder,0.0,Younger,18,18,18,18
control,236,971,16,5,Farmer,1.0,Middle,3,3 5 6 8 9 11 16 17,3 6 9 11,3 6 9 11
control,236,977,2,2,Boatman,1.0,Middle,2,2,2 16,2 11 16
control,236,736,5,5,Farmer,2.0,Older,5,5 11,5 11,1 4 5 11 16
control,236,1067,3,3,Computer User,3.0,Unknown,3,3,3,3
control,236,1294,8,8,Gymnast,0.0,Younger,8,1 6 8 14,1 6 8 14,8
control,236,352,17,17,Singer,1.0,Middle,17,17,17,17
control,236,247,6,6,Guard,1.0,Middle,6,6,6,6
control,236,56,2,6,Guard,1.0,Middle,2,2 6 12,2 6 12,2 6 12
control,236,756,3,3,Computer User,1.0,Middle,3,1 3 11 16,1 3 11 16,1 3 11 16
control,236,12,19,19,Speaker,1.0,Middle,12,1 8 10 12,1 8 10 12,1 8 10 12
control,236,1199,1,1,Backpacker,0.0,Younger,1,1 3 6 8 10 12 18,1 8 12 18,1 8 12 18
control,236,410,11,11,Laborer,1.0,Middle,11,2 6 11 16,2 6 11 16,2 6 11 16
control,236,1116,19,19,Speaker,1.0,Middle,9,3 8 9 16 17 19,3 9 17 19,3 9 17 19
control,236,1230,17,4,Craftsman,3.0,Unknown,11,4 11 14 15,4 11 14 15,4 11 14 15
control,236,855,15,14,Painter,1.0,Middle,15,11 15,11 14 15,11 14 15
control,236,291,6,12,Officer,3.0,Unknown,6,6,6,6
control,236,1267,1,17,Singer,1.0,Middle,16,11 16 17,11 15 16 17,11 15 16 17
control,236,768,16,16,Salesperson,2.0,Older,16,2 16,2 16 18 20,2 4 16 18 20
control,236,1368,10,10,Horse Rider,1.0,Middle,10,10,8 10,8 10 12
control,237,534,3,3,Computer User,1.0,Middle,11,2 3 6 11 15,2 3 11 15,2 3 11 15
control,237,676,1,1,Backpacker,1.0,Middle,1,1 11 16,1 11 16,1 5 11 16
control,237,1076,6,11,Laborer,1.0,Middle,6,6 11 13 16,6 11 13 16,6 11 13 16
control,237,510,20,20,Tennis Player,1.0,Middle,20,16 18 20,16 18 20,1 16 18 20
control,237,1177,7,7,Guitarist,1.0,Middle,7,3 4 7 11 15 16 17 19,3 7 16 19,3 7 16 19
control,237,237,7,7,Guitarist,1.0,Middle,7,7,7,7 12 17
control,237,178,11,6,Guard,2.0,Older,15,6 13 15,4 6 13 15,4 6 13 15 16
control,237,530,17,17,Singer,1.0,Middle,17,17,7 17,7 17
control,237,604,6,6,Guard,1.0,Middle,6,6 11 16,1 6 11 16,1 6 11 16
control,237,1396,13,13,Motorcyclist,3.0,Unknown,13,1 11 13 16,1 11 13 16,1 11 13 16
control,237,1102,2,2,Boatman,3.0,Unknown,2,2,2,2
control,237,786,17,17,Singer,3.0,Unknown,17,8 11 17 19,8 11 17 19,8 11 17 19
control,237,914,8,8,Gymnast,1.0,Middle,8,8,8,8
control,237,1099,10,10,Horse Rider,0.0,Younger,10,10,10,10
control,237,1190,3,3,Computer User,1.0,Middle,1,1 3 15 16,1 3 15 16,1 3 15 16
control,237,789,11,11,Laborer,1.0,Middle,6,6 11 15,6 11 15 18,6 11 15 18
control,237,609,10,10,Horse Rider,1.0,Middle,10,8 10,5 8 10 20,5 8 10 20
control,237,1378,20,20,Tennis Player,0.0,Younger,20,20,20,20
control,237,118,3,15,Repairman,1.0,Middle,3,3 15 16 19,3 15 16 19,3 15 16 19
control,237,556,5,5,Farmer,1.0,Middle,5,5 11,5 11 16,5 11 16
control,237,832,18,18,Skateboarder,1.0,Middle,18,18,18,18
control,237,1013,4,16,Salesperson,1.0,Middle,16,11 16,11 16,11 16
control,237,22,2,2,Boatman,0.0,Younger,2,2,2,2
control,237,1330,13,1,Backpacker,1.0,Middle,1,1 4 6 7 11 12 15 17 18 19,1 6 7 15,1 6 7 15
control,237,742,15,15,Repairman,1.0,Middle,15,11 13 15,4 11 13 15,4 11 13 15
control,237,685,13,13,Motorcyclist,1.0,Middle,16,13 16,6 13 15 16,6 13 15 16
control,237,23,5,5,Farmer,1.0,Middle,5,5 11,5 11,5 11 15 16
control,237,1130,11,14,Painter,1.0,Middle,15,4 11 14 15,4 11 14 15,4 11 14 15
control,237,1156,20,20,Tennis Player,0.0,Younger,20,20,20,20
control,237,371,6,6,Guard,1.0,Middle,6,6 11 12,6 11 12 18,6 11 12 18
control,237,447,13,13,Motorcyclist,0.0,Younger,13,1 11 13 16,1 11 13 16,11 13 16
control,237,822,12,12,Officer,1.0,Middle,6,3 6 12 15,3 6 12 15,3 6 12 15
control,237,874,5,5,Farmer,1.0,Middle,5,5,5,5 11
control,237,1229,4,4,Craftsman,3.0,Unknown,4,4 15,4 15,4 15
control,237,189,19,19,Speaker,1.0,Middle,20,1 20,1 20,1 20
control,237,43,17,17,Singer,3.0,Unknown,17,17,10 17,17
control,237,1057,16,9,Hairdresser,0.0,Younger,9,9,9,9
control,237,233,5,16,Salesperson,1.0,Middle,11,5 11,5 11 16,2 5 11 16
control,237,459,2,2,Boatman,2.0,Older,2,2,2,2 6 14 15 16
control,237,257,18,18,Skateboarder,0.0,Younger,18,18,18,18
control,237,1360,14,4,Craftsman,3.0,Unknown,16,11 14 15 16,11 14 15 16,11 14 15 16
control,237,381,6,1,Backpacker,0.0,Younger,16,1 3 6 11 15 16,1 6 11 16,1 6 11 16
control,237,227,9,9,Hairdresser,1.0,Middle,9,9 11 16,4 9 11 16,4 9 11 16
control,237,936,16,16,Salesperson,1.0,Middle,16,16,16,5 11 16
control,237,1346,8,18,Skateboarder,1.0,Middle,18,18,18,18
control,237,610,19,19,Speaker,2.0,Older,19,5 10 11 16 19,5 11 16 19,5 10 11 16 19
control,237,854,3,3,Computer User,1.0,Middle,3,3,3 4 15 19,3 4 15 19
control,237,299,4,4,Craftsman,1.0,Middle,16,1 11 16,1 11 15 16,1 11 15 16
control,237,715,10,10,Horse Rider,1.0,Middle,10,8 10,6 8 10 12,6 8 10 12
control,237,660,11,11,Laborer,1.0,Middle,11,11,11,4 5 11
control,238,565,1,11,Laborer,2.0,Older,14,1 2 11 14 15,1 2 11 14,1 2 11 14 15
control,238,943,10,10,Horse Rider,1.0,Middle,10,10,10,8 10
control,238,656,8,8,Gymnast,0.0,Younger,8,6 8,6 8 13 18,6 8
control,238,100,3,3,Computer User,3.0,Unknown,3,2 3 8 11 15 16 19,3 11 15 16,3 11 15 16
control,238,1358,13,13,Motorcyclist,3.0,Unknown,13,13,13,13
control,238,366,15,15,Repairman,1.0,Middle,15,11 15,11 15,4 11 15
control,238,1134,3,3,Computer User,3.0,Unknown,3,1 3 16,1 3 11 16,1 3 11 16
control,238,1077,13,13,Motorcyclist,1.0,Middle,13,13,13,13
control,238,858,19,19,Speaker,1.0,Middle,19,3 6 10 11 12 17 19,6 11 17 19,6 11 17 19
control,238,1193,5,5,Farmer,3.0,Unknown,11,5 11,5 11,5 11
control,238,336,17,17,Singer,0.0,Younger,17,17,17,17
control,238,348,12,12,Officer,0.0,Younger,16,6 11 12 13 16,6 11 12 16,6 11 12 16
control,238,363,18,18,Skateboarder,0.0,Younger,18,18,18,18
control,238,452,4,4,Craftsman,1.0,Middle,11,4 11 14 16,4 11 14 16,4 11 14 16
control,238,435,20,20,Tennis Player,1.0,Middle,20,20,20,20
control,238,1333,17,17,Singer,1.0,Middle,17,17,11 17,6 11 17
control,238,239,16,16,Salesperson,1.0,Middle,16,2 3 9 11 15 16,3 11 15 16,3 11 15 16
control,238,22,2,2,Boatman,0.0,Younger,2,2,2,2
control,238,371,6,6,Guard,1.0,Middle,6,6 11 12,6 11 12 18,6 11 12 18
control,238,1186,12,6,Guard,1.0,Middle,12,6 12 13,1 6 12 13,1 6 12 13
control,238,789,11,11,Laborer,1.0,Middle,6,6 11 15,6 11 15 18,6 11 15 18
control,238,616,5,5,Farmer,3.0,Unknown,5,5 11,5 11,5 11
control,238,751,12,12,Officer,1.0,Middle,6,6 16,3 6 11 16,3 6 11 16
control,238,1384,20,20,Tennis Player,1.0,Middle,20,20,20,20
control,238,460,4,16,Salesperson,1.0,Middle,16,11 16,6 11 14 16,6 11 14 16
control,238,476,1,1,Backpacker,0.0,Younger,1,1,1,1
control,238,624,6,15,Repairman,1.0,Middle,15,3 6 11 15,3 6 11 15,3 6 11 15
control,238,390,10,10,Horse Rider,1.0,Middle,10,6 10 12,6 10 12,6 10 12
control,238,181,11,15,Repairman,1.0,Middle,11,4 11 15,4 11 15,4 11 15
control,238,429,9,9,Hairdresser,3.0,Unknown,9,1 3 9 14,1 3 9 14,1 3 9 14
control,238,738,4,4,Craftsman,1.0,Middle,11,4 11 16,4 11 16,4 11 16
control,238,1158,19,19,Speaker,1.0,Middle,6,6 12 19,6 12 19,6 10 12 19
control,238,38,16,9,Hairdresser,2.0,Older,9,9,9,4 9 11 15
control,238,718,12,12,Officer,0.0,Younger,12,2 6 12 13,2 6 12 13,2 6 12 13
control,238,1324,10,10,Horse Rider,3.0,Unknown,10,10,10,10
control,238,215,11,14,Painter,1.0,Middle,11,11 14 15,4 11 14 15,4 11 14 15
control,238,413,20,20,Tennis Player,1.0,Middle,20,20,20,6 20
control,238,407,5,5,Farmer,2.0,Older,5,4 5 11 15 16,5 11 15 16,4 5 11 15 16
control,238,1131,17,17,Singer,0.0,Younger,17,11 17,11 12 15 17,17
control,238,457,18,18,Skateboarder,0.0,Younger,18,18,18,18
control,238,1136,8,8,Gymnast,0.0,Younger,8,8,8,8
control,238,865,14,14,Painter,1.0,Middle,14,11 14 16,2 11 14 16,2 11 14 16
control,238,93,16,16,Salesperson,3.0,Unknown,16,16,1 16,16
control,238,1122,3,3,Computer User,1.0,Middle,3,3 16 17 19,3 16 17 19,3 16 17 19
control,238,928,2,2,Boatman,2.0,Older,2,2,2,2 6 10 12
control,238,988,11,11,Laborer,2.0,Older,11,11 15 16,11 14 15 16,2 11 14 15 16
control,238,511,7,7,Guitarist,1.0,Middle,17,7 17,1 7 10 17,1 7 10 17
control,238,1254,13,13,Motorcyclist,3.0,Unknown,16,2 13 16,2 11 13 16,2 11 13 16
control,238,48,1,1,Backpacker,3.0,Unknown,1,1,1 2 11,1 2
control,238,1074,1,1,Backpacker,3.0,Unknown,1,1,1 10 12,1 10
control,239,660,11,11,Laborer,1.0,Middle,11,11,11,4 5 11
control,239,43,19,17,Singer,3.0,Unknown,17,17,10 17,17
control,239,299,4,4,Craftsman,1.0,Middle,16,1 11 16,1 11 15 16,1 11 15 16
control,239,556,5,5,Farmer,1.0,Middle,5,5 11,5 11 16,5 11 16
control,239,227,9,9,Hairdresser,1.0,Middle,9,9 11 16,4 9 11 16,4 9 11 16
control,239,1360,14,4,Craftsman,3.0,Unknown,16,11 14 15 16,11 14 15 16,11 14 15 16
control,239,1156,20,20,Tennis Player,0.0,Younger,20,20,20,20
control,239,1346,18,18,Skateboarder,1.0,Middle,18,18,18,18
control,239,786,17,17,Singer,3.0,Unknown,17,8 11 17 19,8 11 17 19,8 11 17 19
control,239,1057,17,9,Hairdresser,0.0,Younger,9,9,9,9
control,239,685,13,13,Motorcyclist,1.0,Middle,16,13 16,6 13 15 16,6 13 15 16
control,239,23,5,5,Farmer,1.0,Middle,5,5 11,5 11,5 11 15 16
control,239,257,18,18,Skateboarder,0.0,Younger,18,18,18,18
control,239,874,5,5,Farmer,1.0,Middle,5,5,5,5 11
control,239,854,3,3,Computer User,1.0,Middle,3,3,3 4 15 19,3 4 15 19
control,239,1076,6,11,Laborer,1.0,Middle,6,6 11 13 16,6 11 13 16,6 11 13 16
control,239,609,10,10,Horse Rider,1.0,Middle,10,8 10,5 8 10 20,5 8 10 20
control,239,510,20,20,Tennis Player,1.0,Middle,20,16 18 20,16 18 20,1 16 18 20
control,239,447,13,13,Motorcyclist,0.0,Younger,13,1 11 13 16,1 11 13 16,11 13 16
control,239,1177,7,7,Guitarist,1.0,Middle,7,3 4 7 11 15 16 17 19,3 7 16 19,3 7 16 19
control,239,832,18,18,Skateboarder,1.0,Middle,18,18,18,18
control,239,1396,13,13,Motorcyclist,3.0,Unknown,13,1 11 13 16,1 11 13 16,1 11 13 16
control,239,237,7,7,Guitarist,1.0,Middle,7,7,7,7 12 17
control,239,233,16,16,Salesperson,1.0,Middle,11,5 11,5 11 16,2 5 11 16
control,239,604,6,6,Guard,1.0,Middle,6,6 11 16,1 6 11 16,1 6 11 16
control,239,1229,4,4,Craftsman,3.0,Unknown,4,4 15,4 15,4 15
control,239,789,6,11,Laborer,1.0,Middle,6,6 11 15,6 11 15 18,6 11 15 18
control,239,118,15,15,Repairman,1.0,Middle,3,3 15 16 19,3 15 16 19,3 15 16 19
control,239,371,6,6,Guard,1.0,Middle,6,6 11 12,6 11 12 18,6 11 12 18
control,239,1102,2,2,Boatman,3.0,Unknown,2,2,2,2
control,239,822,12,12,Officer,1.0,Middle,6,3 6 12 15,3 6 12 15,3 6 12 15
control,239,1378,20,20,Tennis Player,0.0,Younger,20,20,20,20
control,239,459,2,2,Boatman,2.0,Older,2,2,2,2 6 14 15 16
control,239,936,16,16,Salesperson,1.0,Middle,16,16,16,5 11 16
control,239,715,10,10,Horse Rider,1.0,Middle,10,8 10,6 8 10 12,6 8 10 12
control,239,534,3,3,Computer User,1.0,Middle,11,2 3 6 11 15,2 3 11 15,2 3 11 15
control,239,742,15,15,Repairman,1.0,Middle,15,11 13 15,4 11 13 15,4 11 13 15
control,239,1099,10,10,Horse Rider,0.0,Younger,10,10,10,10
control,239,22,2,2,Boatman,0.0,Younger,2,2,2,2
control,239,530,17,17,Singer,1.0,Middle,17,17,7 17,7 17
control,239,1330,1,1,Backpacker,1.0,Middle,1,1 4 6 7 11 12 15 17 18 19,1 6 7 15,1 6 7 15
control,239,610,19,19,Speaker,2.0,Older,19,5 10 11 16 19,5 11 16 19,5 10 11 16 19
control,239,1190,3,3,Computer User,1.0,Middle,1,1 3 15 16,1 3 15 16,1 3 15 16
control,239,189,19,19,Speaker,1.0,Middle,20,1 20,1 20,1 20
control,239,381,1,1,Backpacker,0.0,Younger,16,1 3 6 11 15 16,1 6 11 16,1 6 11 16
control,239,178,6,6,Guard,2.0,Older,15,6 13 15,4 6 13 15,4 6 13 15 16
control,239,1130,11,14,Painter,1.0,Middle,15,4 11 14 15,4 11 14 15,4 11 14 15
control,239,914,8,8,Gymnast,1.0,Middle,8,8,8,8
control,239,676,1,1,Backpacker,1.0,Middle,1,1 11 16,1 11 16,1 5 11 16
control,239,1013,4,16,Salesperson,1.0,Middle,16,11 16,11 16,11 16
control,240,331,6,6,Guard,0.0,Younger,6,6 15,6 15,6
control,240,1113,2,2,Boatman,1.0,Middle,2,2 14,2 11 14 17,2 11 14 17
control,240,135,19,19,Speaker,3.0,Unknown,16,6 10 12 16 17 19 20,6 16 17 19,6 16 17 19
control,240,1324,10,10,Horse Rider,3.0,Unknown,10,10,10,10
control,240,1256,9,9,Hairdresser,1.0,Middle,9,9 15,4 9 15,4 9 11 15
control,240,1331,11,1,Backpacker,1.0,Middle,1,1 5 11 16,1 5 11 16,1 5 11 16
control,240,359,19,16,Salesperson,3.0,Unknown,16,3 6 11 16,3 6 11 16,3 6 11 16
control,240,37,13,13,Motorcyclist,1.0,Middle,13,13,13,13
control,240,956,7,6,Guard,1.0,Middle,6,6,6,6 20
control,240,963,13,13,Motorcyclist,0.0,Younger,13,13 15,9 13 15 16,13
control,240,1168,7,7,Guitarist,3.0,Unknown,7,7,7,7
control,240,1226,9,9,Hairdresser,1.0,Middle,9,9,9,9
control,240,1293,18,18,Skateboarder,3.0,Unknown,18,18,18,18
control,240,455,4,11,Laborer,0.0,Younger,4,4 11 14,4 11 14,4 11
control,240,506,8,8,Gymnast,1.0,Middle,8,8,8,8
control,240,1295,3,3,Computer User,3.0,Unknown,3,3 16 19,3 15 16 19,3 16 19
control,240,848,16,16,Salesperson,1.0,Middle,16,16,11 16,11 16
control,240,145,2,2,Boatman,1.0,Middle,2,2,2,2
control,240,505,20,20,Tennis Player,0.0,Younger,20,20,20,20
control,240,1153,19,19,Speaker,1.0,Middle,10,3 5 6 10 11 12 13 16 17 19,5 6 10 12,5 6 10 12
control,240,325,5,5,Farmer,2.0,Older,11,5 11,5 11 16,4 5 11 16
control,240,1183,9,9,Hairdresser,2.0,Older,9,9,9,4 9 11 15 16
control,240,431,12,12,Officer,1.0,Middle,6,6 10 11 13 15 16,6 11 15 16,6 11 15 16
control,240,591,15,11,Laborer,1.0,Middle,16,6 11 13 15 16 17,6 13 15 16,6 13 15 16
control,240,30,11,11,Laborer,1.0,Middle,11,4 11 15,4 11 15,4 5 11 15
control,240,700,1,1,Backpacker,3.0,Unknown,1,1 2 6 14,1 2 6 14,1 2 6 14
control,240,426,5,5,Farmer,2.0,Older,5,5 11,5 11,1 2 5 11 16
control,240,105,15,15,Repairman,3.0,Unknown,15,4 11 15 16,4 11 15 16,4 11 15 16
control,240,299,4,4,Craftsman,1.0,Middle,16,1 11 16,1 11 15 16,1 11 15 16
control,240,680,18,18,Skateboarder,0.0,Younger,18,6 8 18 20,6 8 18 20,6 8 18 20
control,240,1046,20,20,Tennis Player,0.0,Younger,20,20,20,20
control,240,920,6,12,Officer,1.0,Middle,6,6 12 13 16,6 12 13 16,6 12 13 16
control,240,166,14,14,Painter,0.0,Younger,14,11 14 16,1 11 14 16,14 16
control,240,1397,1,1,Backpacker,0.0,Younger,16,1 16,1 9 11 16,1 16
control,240,1348,3,16,Salesperson,1.0,Middle,9,6 9 12,3 6 9 12,3 6 9 12
control,240,570,14,14,Painter,2.0,Older,14,14 16,14 16,4 11 14 15 16
control,240,712,15,15,Repairman,1.0,Middle,11,11 15,1 4 11 15,1 4 11 15
control,240,515,7,7,Guitarist,1.0,Middle,7,7,7,7
control,240,225,10,10,Horse Rider,0.0,Younger,6,6,6 10,6
control,240,681,15,15,Repairman,1.0,Middle,15,11 15,11 15,11 15
control,240,432,18,18,Skateboarder,0.0,Younger,18,18,18,18
control,240,621,8,8,Gymnast,0.0,Younger,8,8,8,8
control,240,585,14,14,Painter,0.0,Younger,16,11 14 16,2 11 14 16,11 14 16
control,240,315,2,2,Boatman,3.0,Unknown,2,2,1 2,2
control,240,1353,17,17,Singer,0.0,Younger,17,17,17,17
control,240,710,6,6,Guard,1.0,Middle,6,6,6,6
control,240,1025,13,12,Officer,3.0,Unknown,18,6 12 13 18,6 12 13 18,6 12 13 18
control,240,32,17,17,Singer,0.0,Younger,17,17,17,17
control,240,464,7,7,Guitarist,1.0,Middle,7,7 11 17,2 7 11 17,2 7 11 17
control,240,801,8,8,Gymnast,1.0,Middle,8,8,8,8
control,241,413,20,20,Tennis Player,1.0,Middle,20,20,20,6 20
control,241,348,12,12,Officer,0.0,Younger,16,6 11 12 13 16,6 11 12 16,6 11 12 16
control,241,865,14,14,Painter,1.0,Middle,14,11 14 16,2 11 14 16,2 11 14 16
control,241,943,10,10,Horse Rider,1.0,Middle,10,10,10,8 10
control,241,239,16,16,Salesperson,1.0,Middle,16,2 3 9 11 15 16,3 11 15 16,3 11 15 16
control,241,457,18,18,Skateboarder,0.0,Younger,18,18,18,18
control,241,48,5,1,Backpacker,3.0,Unknown,1,1,1 2 11,1 2
control,241,656,8,8,Gymnast,0.0,Younger,8,6 8,6 8 13 18,6 8
control,241,624,16,15,Repairman,1.0,Middle,15,3 6 11 15,3 6 11 15,3 6 11 15
control,241,1254,13,13,Motorcyclist,3.0,Unknown,16,2 13 16,2 11 13 16,2 11 13 16
control,241,1186,12,6,Guard,1.0,Middle,12,6 12 13,1 6 12 13,1 6 12 13
control,241,751,12,12,Officer,1.0,Middle,6,6 16,3 6 11 16,3 6 11 16
control,241,1158,19,19,Speaker,1.0,Middle,6,6 12 19,6 12 19,6 10 12 19
control,241,1333,17,17,Singer,1.0,Middle,17,17,11 17,6 11 17
control,241,1122,3,3,Computer User,1.0,Middle,3,3 16 17 19,3 16 17 19,3 16 17 19
control,241,511,17,7,Guitarist,1.0,Middle,17,7 17,1 7 10 17,1 7 10 17
control,241,371,6,6,Guard,1.0,Middle,6,6 11 12,6 11 12 18,6 11 12 18
control,241,181,15,15,Repairman,1.0,Middle,11,4 11 15,4 11 15,4 11 15
control,241,435,20,20,Tennis Player,1.0,Middle,20,20,20,20
control,241,366,15,15,Repairman,1.0,Middle,15,11 15,11 15,4 11 15
control,241,718,6,12,Officer,0.0,Younger,12,2 6 12 13,2 6 12 13,2 6 12 13
control,241,1193,5,5,Farmer,3.0,Unknown,11,5 11,5 11,5 11
control,241,1074,1,1,Backpacker,3.0,Unknown,1,1,1 10 12,1 10
control,241,429,9,9,Hairdresser,3.0,Unknown,9,1 3 9 14,1 3 9 14,1 3 9 14
control,241,38,16,9,Hairdresser,2.0,Older,9,9,9,4 9 11 15
control,241,1077,13,13,Motorcyclist,1.0,Middle,13,13,13,13
control,241,407,5,5,Farmer,2.0,Older,5,4 5 11 15 16,5 11 15 16,4 5 11 15 16
control,241,1324,10,10,Horse Rider,3.0,Unknown,10,10,10,10
control,241,789,12,11,Laborer,1.0,Middle,6,6 11 15,6 11 15 18,6 11 15 18
control,241,858,19,19,Speaker,1.0,Middle,19,3 6 10 11 12 17 19,6 11 17 19,6 11 17 19
control,241,1136,8,8,Gymnast,0.0,Younger,8,8,8,8
control,241,1131,17,17,Singer,0.0,Younger,17,11 17,11 12 15 17,17
control,241,336,17,17,Singer,0.0,Younger,17,17,17,17
control,241,390,10,10,Horse Rider,1.0,Middle,10,6 10 12,6 10 12,6 10 12
control,241,363,18,18,Skateboarder,0.0,Younger,18,18,18,18
control,241,616,5,5,Farmer,3.0,Unknown,5,5 11,5 11,5 11
control,241,1134,3,3,Computer User,3.0,Unknown,3,1 3 16,1 3 11 16,1 3 11 16
control,241,928,2,2,Boatman,2.0,Older,2,2,2,2 6 10 12
control,241,100,3,3,Computer User,3.0,Unknown,3,2 3 8 11 15 16 19,3 11 15 16,3 11 15 16
control,241,1384,20,20,Tennis Player,1.0,Middle,20,20,20,20
control,241,476,1,1,Backpacker,0.0,Younger,1,1,1,1
control,241,215,11,14,Painter,1.0,Middle,11,11 14 15,4 11 14 15,4 11 14 15
control,241,1358,13,13,Motorcyclist,3.0,Unknown,13,13,13,13
control,241,452,4,4,Craftsman,1.0,Middle,11,4 11 14 16,4 11 14 16,4 11 14 16
control,241,22,2,2,Boatman,0.0,Younger,2,2,2,2
control,241,460,16,16,Salesperson,1.0,Middle,16,11 16,6 11 14 16,6 11 14 16
control,241,738,4,4,Craftsman,1.0,Middle,11,4 11 16,4 11 16,4 11 16
control,241,93,16,16,Salesperson,3.0,Unknown,16,16,1 16,16
control,241,565,1,11,Laborer,2.0,Older,14,1 2 11 14 15,1 2 11 14,1 2 11 14 15
control,241,988,11,11,Laborer,2.0,Older,11,11 15 16,11 14 15 16,2 11 14 15 16
control,242,6,3,3,Computer User,0.0,Younger,3,1 3 10 11 14 15 16 17 18 19,1 3 11 17,1 3 11 17
control,242,1196,20,20,Tennis Player,3.0,Unknown,20,20,20,20
control,242,501,13,18,Skateboarder,0.0,Younger,13,2 6 11 13 16 18,11 13 16 18,11 13 16 18
control,242,846,6,10,Horse Rider,3.0,Unknown,6,6,6,6
control,242,306,14,14,Painter,1.0,Middle,14,11 14 16,4 11 14 16,4 11 14 16
control,242,486,7,7,Guitarist,1.0,Middle,17,1 6 7 11 17,1 6 7 17,1 6 7 17
control,242,403,8,8,Gymnast,0.0,Younger,8,8,8,8
control,242,809,10,10,Horse Rider,1.0,Middle,10,5 8 10 12,5 8 10 12,5 8 10 12
control,242,544,11,11,Laborer,0.0,Younger,11,5 11 16,5 11 16,5 11 16
control,242,1377,8,8,Gymnast,0.0,Younger,8,8,8,8
control,242,305,17,17,Singer,1.0,Middle,17,17,17,17
control,242,811,6,12,Officer,1.0,Middle,6,6 10 11 15,6 10 11 15,6 10 11 15
control,242,712,15,15,Repairman,1.0,Middle,11,11 15,1 4 11 15,1 4 11 15
control,242,297,7,7,Guitarist,1.0,Middle,7,7,7,7 13
control,242,1298,11,18,Skateboarder,1.0,Middle,18,13 16 18,6 13 16 18,6 13 16 18
control,242,957,14,14,Painter,1.0,Middle,14,9 11 14 16,9 11 14 16,9 11 14 16
control,242,1133,6,6,Guard,1.0,Middle,11,6 11,6 11 12 13,6 11 12 13
control,242,1190,3,3,Computer User,1.0,Middle,1,1 3 15 16,1 3 15 16,1 3 15 16
control,242,89,19,19,Speaker,1.0,Middle,16,3 16,3 10 16 20,3 10 16 20
control,242,1060,6,6,Guard,0.0,Younger,6,6,6,6
control,242,488,12,3,Computer User,1.0,Middle,16,3 6 16,2 3 6 16,2 3 6 16
control,242,113,19,19,Speaker,2.0,Older,3,3 5 10 11 12 19,3 10 12 19,3 10 11 12 19
control,242,184,13,13,Motorcyclist,1.0,Middle,13,13,13,11 13
control,242,1350,12,13,Motorcyclist,3.0,Unknown,12,6 12 13,3 6 12 13,3 6 12 13
control,242,267,5,5,Farmer,3.0,Unknown,11,5 11,1 5 11,1 5 11
control,242,826,12,6,Guard,3.0,Unknown,6,6,6,6
control,242,419,19,19,Speaker,1.0,Middle,20,5 6 8 10 11 16 17 20,8 16 17 20,8 16 17 20
control,242,158,4,4,Craftsman,1.0,Middle,11,4 5 11 16,4 5 11 16,4 5 11 16
control,242,82,7,7,Guitarist,1.0,Middle,7,7,7,7
control,242,859,6,12,Officer,1.0,Middle,6,2 6 12,2 6 12 13,2 6 12 13
control,242,718,13,12,Officer,0.0,Younger,12,2 6 12 13,2 6 12 13,2 6 12 13
control,242,1113,8,2,Boatman,1.0,Middle,2,2 14,2 11 14 17,2 11 14 17
control,242,664,2,2,Boatman,1.0,Middle,2,2 16,2 11 16,2 11 15 16
control,242,459,2,2,Boatman,2.0,Older,2,2,2,2 6 14 15 16
control,242,491,8,8,Gymnast,1.0,Middle,8,8,8,8
control,242,312,9,9,Hairdresser,1.0,Middle,9,2 9 11 15,2 9 11 15,2 9 11 15
control,242,81,11,4,Craftsman,1.0,Middle,11,2 5 6 11 13 15,2 6 11 15,2 6 11 15
control,242,276,14,14,Painter,0.0,Younger,14,11 14 16,11 14 16,14 16
control,242,1376,16,16,Salesperson,2.0,Older,16,16,11 16,3 4 6 11 16
control,242,1257,16,16,Salesperson,1.0,Middle,16,5 11 16,4 5 11 16,4 5 11 16
control,242,387,20,20,Tennis Player,1.0,Middle,20,20,20,20
control,242,714,16,16,Salesperson,3.0,Unknown,16,11 16,11 13 16,11 16
control,242,340,15,15,Repairman,3.0,Unknown,15,3 6 9 11 15 16,3 9 11 15,3 9 11 15
control,242,230,1,1,Backpacker,3.0,Unknown,1,1 16,1 6 14 16,1 6 14 16
control,242,455,4,11,Laborer,0.0,Younger,4,4 11 14,4 11 14,4 11
control,242,1044,15,15,Repairman,0.0,Younger,11,3 4 6 10 11 14 15 16 17,6 11 15 16,6 11 15 16
control,242,490,5,5,Farmer,0.0,Younger,5,5 11 16,5 11 16,5 11
control,242,1276,9,9,Hairdresser,1.0,Middle,9,9,9 15,5 9 11 15
control,242,708,5,5,Farmer,2.0,Older,11,5 11,4 5 11,2 4 5 11 16
control,242,998,17,17,Singer,0.0,Younger,17,17,11 17,17
control,243,403,8,8,Gymnast,0.0,Younger,8,8,8,8
control,243,230,19,1,Backpacker,3.0,Unknown,1,1 16,1 6 14 16,1 6 14 16
control,243,1377,8,8,Gymnast,0.0,Younger,8,8,8,8
control,243,846,10,10,Horse Rider,3.0,Unknown,6,6,6,6
control,243,1044,15,15,Repairman,0.0,Younger,11,3 4 6 10 11 14 15 16 17,6 11 15 16,6 11 15 16
control,243,998,17,17,Singer,0.0,Younger,17,17,11 17,17
control,243,1276,5,9,Hairdresser,1.0,Middle,9,9,9 15,5 9 11 15
control,243,305,17,17,Singer,1.0,Middle,17,17,17,17
control,243,340,15,15,Repairman,3.0,Unknown,15,3 6 9 11 15 16,3 9 11 15,3 9 11 15
control,243,113,19,19,Speaker,2.0,Older,3,3 5 10 11 12 19,3 10 12 19,3 10 11 12 19
control,243,664,2,2,Boatman,1.0,Middle,2,2 16,2 11 16,2 11 15 16
control,243,708,5,5,Farmer,2.0,Older,11,5 11,4 5 11,2 4 5 11 16
control,243,490,5,5,Farmer,0.0,Younger,5,5 11 16,5 11 16,5 11
control,243,1133,6,6,Guard,1.0,Middle,11,6 11,6 11 12 13,6 11 12 13
control,243,184,13,13,Motorcyclist,1.0,Middle,13,13,13,11 13
control,243,1113,2,2,Boatman,1.0,Middle,2,2 14,2 11 14 17,2 11 14 17
control,243,306,14,14,Painter,1.0,Middle,14,11 14 16,4 11 14 16,4 11 14 16
control,243,276,14,14,Painter,0.0,Younger,14,11 14 16,11 14 16,14 16
control,243,1190,3,3,Computer User,1.0,Middle,1,1 3 15 16,1 3 15 16,1 3 15 16
control,243,712,15,15,Repairman,1.0,Middle,11,11 15,1 4 11 15,1 4 11 15
control,243,544,6,11,Laborer,0.0,Younger,11,5 11 16,5 11 16,5 11 16
control,243,501,13,18,Skateboarder,0.0,Younger,13,2 6 11 13 16 18,11 13 16 18,11 13 16 18
control,243,459,2,2,Boatman,2.0,Older,2,2,2,2 6 14 15 16
control,243,158,4,4,Craftsman,1.0,Middle,11,4 5 11 16,4 5 11 16,4 5 11 16
control,243,81,11,4,Craftsman,1.0,Middle,11,2 5 6 11 13 15,2 6 11 15,2 6 11 15
control,243,82,7,7,Guitarist,1.0,Middle,7,7,7,7
control,243,811,6,12,Officer,1.0,Middle,6,6 10 11 15,6 10 11 15,6 10 11 15
control,243,714,11,16,Salesperson,3.0,Unknown,16,11 16,11 13 16,11 16
control,243,267,5,5,Farmer,3.0,Unknown,11,5 11,1 5 11,1 5 11
control,243,89,19,19,Speaker,1.0,Middle,16,3 16,3 10 16 20,3 10 16 20
control,243,1376,16,16,Salesperson,2.0,Older,16,16,11 16,3 4 6 11 16
control,243,491,8,8,Gymnast,1.0,Middle,8,8,8,8
control,243,1350,12,13,Motorcyclist,3.0,Unknown,12,6 12 13,3 6 12 13,3 6 12 13
control,243,419,19,19,Speaker,1.0,Middle,20,5 6 8 10 11 16 17 20,8 16 17 20,8 16 17 20
control,243,488,16,3,Computer User,1.0,Middle,16,3 6 16,2 3 6 16,2 3 6 16
control,243,312,9,9,Hairdresser,1.0,Middle,9,2 9 11 15,2 9 11 15,2 9 11 15
control,243,1196,20,20,Tennis Player,3.0,Unknown,20,20,20,20
control,243,809,10,10,Horse Rider,1.0,Middle,10,5 8 10 12,5 8 10 12,5 8 10 12
control,243,826,6,6,Guard,3.0,Unknown,6,6,6,6
control,243,957,14,14,Painter,1.0,Middle,14,9 11 14 16,9 11 14 16,9 11 14 16
control,243,486,7,7,Guitarist,1.0,Middle,17,1 6 7 11 17,1 6 7 17,1 6 7 17
control,243,718,12,12,Officer,0.0,Younger,12,2 6 12 13,2 6 12 13,2 6 12 13
control,243,387,20,20,Tennis Player,1.0,Middle,20,20,20,20
control,243,1257,16,16,Salesperson,1.0,Middle,16,5 11 16,4 5 11 16,4 5 11 16
control,243,6,3,3,Computer User,0.0,Younger,3,1 3 10 11 14 15 16 17 18 19,1 3 11 17,1 3 11 17
control,243,297,7,7,Guitarist,1.0,Middle,7,7,7,7 13
control,243,1298,16,18,Skateboarder,1.0,Middle,18,13 16 18,6 13 16 18,6 13 16 18
control,243,859,12,12,Officer,1.0,Middle,6,2 6 12,2 6 12 13,2 6 12 13
control,243,1060,6,6,Guard,0.0,Younger,6,6,6,6
control,243,455,4,11,Laborer,0.0,Younger,4,4 11 14,4 11 14,4 11
control,244,43,19,17,Singer,3.0,Unknown,17,17,10 17,17
control,244,789,6,11,Laborer,1.0,Middle,6,6 11 15,6 11 15 18,6 11 15 18
control,244,510,20,20,Tennis Player,1.0,Middle,20,16 18 20,16 18 20,1 16 18 20
control,244,447,13,13,Motorcyclist,0.0,Younger,13,1 11 13 16,1 11 13 16,11 13 16
control,244,822,12,12,Officer,1.0,Middle,6,3 6 12 15,3 6 12 15,3 6 12 15
control,244,237,7,7,Guitarist,1.0,Middle,7,7,7,7 12 17
control,244,1229,4,4,Craftsman,3.0,Unknown,4,4 15,4 15,4 15
control,244,534,2,3,Computer User,1.0,Middle,11,2 3 6 11 15,2 3 11 15,2 3 11 15
control,244,1346,18,18,Skateboarder,1.0,Middle,18,18,18,18
control,244,610,19,19,Speaker,2.0,Older,19,5 10 11 16 19,5 11 16 19,5 10 11 16 19
control,244,660,5,11,Laborer,1.0,Middle,11,11,11,4 5 11
control,244,1013,4,16,Salesperson,1.0,Middle,16,11 16,11 16,11 16
control,244,299,14,4,Craftsman,1.0,Middle,16,1 11 16,1 11 15 16,1 11 15 16
control,244,936,16,16,Salesperson,1.0,Middle,16,16,16,5 11 16
control,244,1076,6,11,Laborer,1.0,Middle,6,6 11 13 16,6 11 13 16,6 11 13 16
control,244,1177,9,7,Guitarist,1.0,Middle,7,3 4 7 11 15 16 17 19,3 7 16 19,3 7 16 19
control,244,685,13,13,Motorcyclist,1.0,Middle,16,13 16,6 13 15 16,6 13 15 16
control,244,742,4,15,Repairman,1.0,Middle,15,11 13 15,4 11 13 15,4 11 13 15
control,244,715,10,10,Horse Rider,1.0,Middle,10,8 10,6 8 10 12,6 8 10 12
control,244,530,17,17,Singer,1.0,Middle,17,17,7 17,7 17
control,244,914,8,8,Gymnast,1.0,Middle,8,8,8,8
control,244,118,3,15,Repairman,1.0,Middle,3,3 15 16 19,3 15 16 19,3 15 16 19
control,244,786,17,17,Singer,3.0,Unknown,17,8 11 17 19,8 11 17 19,8 11 17 19
control,244,233,16,16,Salesperson,1.0,Middle,11,5 11,5 11 16,2 5 11 16
control,244,676,11,1,Backpacker,1.0,Middle,1,1 11 16,1 11 16,1 5 11 16
control,244,189,19,19,Speaker,1.0,Middle,20,1 20,1 20,1 20
control,244,1102,2,2,Boatman,3.0,Unknown,2,2,2,2
control,244,1057,9,9,Hairdresser,0.0,Younger,9,9,9,9
control,244,604,12,6,Guard,1.0,Middle,6,6 11 16,1 6 11 16,1 6 11 16
control,244,1190,3,3,Computer User,1.0,Middle,1,1 3 15 16,1 3 15 16,1 3 15 16
control,244,371,6,6,Guard,1.0,Middle,6,6 11 12,6 11 12 18,6 11 12 18
control,244,1130,14,14,Painter,1.0,Middle,15,4 11 14 15,4 11 14 15,4 11 14 15
control,244,1156,20,20,Tennis Player,0.0,Younger,20,20,20,20
control,244,1396,13,13,Motorcyclist,3.0,Unknown,13,1 11 13 16,1 11 13 16,1 11 13 16
control,244,854,3,3,Computer User,1.0,Middle,3,3,3 4 15 19,3 4 15 19
control,244,1378,20,20,Tennis Player,0.0,Younger,20,20,20,20
control,244,227,9,9,Hairdresser,1.0,Middle,9,9 11 16,4 9 11 16,4 9 11 16
control,244,178,11,6,Guard,2.0,Older,15,6 13 15,4 6 13 15,4 6 13 15 16
control,244,874,5,5,Farmer,1.0,Middle,5,5,5,5 11
control,244,23,5,5,Farmer,1.0,Middle,5,5 11,5 11,5 11 15 16
control,244,609,10,10,Horse Rider,1.0,Middle,10,8 10,5 8 10 20,5 8 10 20
control,244,556,5,5,Farmer,1.0,Middle,5,5 11,5 11 16,5 11 16
control,244,832,18,18,Skateboarder,1.0,Middle,18,18,18,18
control,244,257,18,18,Skateboarder,0.0,Younger,18,18,18,18
control,244,381,1,1,Backpacker,0.0,Younger,16,1 3 6 11 15 16,1 6 11 16,1 6 11 16
control,244,1360,15,4,Craftsman,3.0,Unknown,16,11 14 15 16,11 14 15 16,11 14 15 16
control,244,1330,4,1,Backpacker,1.0,Middle,1,1 4 6 7 11 12 15 17 18 19,1 6 7 15,1 6 7 15
control,244,459,2,2,Boatman,2.0,Older,2,2,2,2 6 14 15 16
control,244,22,2,2,Boatman,0.0,Younger,2,2,2,2
control,244,1099,10,10,Horse Rider,0.0,Younger,10,10,10,10
control,245,1298,18,18,Skateboarder,1.0,Middle,18,13 16 18,6 13 16 18,6 13 16 18
control,245,488,16,3,Computer User,1.0,Middle,16,3 6 16,2 3 6 16,2 3 6 16
control,245,297,7,7,Guitarist,1.0,Middle,7,7,7,7 13
control,245,811,12,12,Officer,1.0,Middle,6,6 10 11 15,6 10 11 15,6 10 11 15
control,245,267,5,5,Farmer,3.0,Unknown,11,5 11,1 5 11,1 5 11
control,245,1350,12,13,Motorcyclist,3.0,Unknown,12,6 12 13,3 6 12 13,3 6 12 13
control,245,113,19,19,Speaker,2.0,Older,3,3 5 10 11 12 19,3 10 12 19,3 10 11 12 19
control,245,89,19,19,Speaker,1.0,Middle,16,3 16,3 10 16 20,3 10 16 20
control,245,826,11,6,Guard,3.0,Unknown,6,6,6,6
control,245,664,2,2,Boatman,1.0,Middle,2,2 16,2 11 16,2 11 15 16
control,245,957,14,14,Painter,1.0,Middle,14,9 11 14 16,9 11 14 16,9 11 14 16
control,245,1196,20,20,Tennis Player,3.0,Unknown,20,20,20,20
control,245,387,20,20,Tennis Player,1.0,Middle,20,20,20,20
control,245,1060,6,6,Guard,0.0,Younger,6,6,6,6
control,245,1133,11,6,Guard,1.0,Middle,11,6 11,6 11 12 13,6 11 12 13
control,245,718,12,12,Officer,0.0,Younger,12,2 6 12 13,2 6 12 13,2 6 12 13
control,245,490,5,5,Farmer,0.0,Younger,5,5 11 16,5 11 16,5 11
control,245,230,14,1,Backpacker,3.0,Unknown,1,1 16,1 6 14 16,1 6 14 16
control,245,491,8,8,Gymnast,1.0,Middle,8,8,8,8
control,245,403,8,8,Gymnast,0.0,Younger,8,8,8,8
control,245,501,18,18,Skateboarder,0.0,Younger,13,2 6 11 13 16 18,11 13 16 18,11 13 16 18
control,245,544,11,11,Laborer,0.0,Younger,11,5 11 16,5 11 16,5 11 16
control,245,846,6,10,Horse Rider,3.0,Unknown,6,6,6,6
control,245,184,13,13,Motorcyclist,1.0,Middle,13,13,13,11 13
control,245,809,10,10,Horse Rider,1.0,Middle,10,5 8 10 12,5 8 10 12,5 8 10 12
control,245,455,11,11,Laborer,0.0,Younger,4,4 11 14,4 11 14,4 11
control,245,1113,2,2,Boatman,1.0,Middle,2,2 14,2 11 14 17,2 11 14 17
control,245,1377,8,8,Gymnast,0.0,Younger,8,8,8,8
control,245,306,5,14,Painter,1.0,Middle,14,11 14 16,4 11 14 16,4 11 14 16
control,245,305,17,17,Singer,1.0,Middle,17,17,17,17
control,245,81,15,4,Craftsman,1.0,Middle,11,2 5 6 11 13 15,2 6 11 15,2 6 11 15
control,245,459,6,2,Boatman,2.0,Older,2,2,2,2 6 14 15 16
control,245,998,17,17,Singer,0.0,Younger,17,17,11 17,17
control,245,708,5,5,Farmer,2.0,Older,11,5 11,4 5 11,2 4 5 11 16
control,245,1044,13,15,Repairman,0.0,Younger,11,3 4 6 10 11 14 15 16 17,6 11 15 16,6 11 15 16
control,245,1257,5,16,Salesperson,1.0,Middle,16,5 11 16,4 5 11 16,4 5 11 16
control,245,486,7,7,Guitarist,1.0,Middle,17,1 6 7 11 17,1 6 7 17,1 6 7 17
control,245,712,15,15,Repairman,1.0,Middle,11,11 15,1 4 11 15,1 4 11 15
control,245,419,19,19,Speaker,1.0,Middle,20,5 6 8 10 11 16 17 20,8 16 17 20,8 16 17 20
control,245,714,5,16,Salesperson,3.0,Unknown,16,11 16,11 13 16,11 16
control,245,82,7,7,Guitarist,1.0,Middle,7,7,7,7
control,245,6,3,3,Computer User,0.0,Younger,3,1 3 10 11 14 15 16 17 18 19,1 3 11 17,1 3 11 17
control,245,312,9,9,Hairdresser,1.0,Middle,9,2 9 11 15,2 9 11 15,2 9 11 15
control,245,1376,4,16,Salesperson,2.0,Older,16,16,11 16,3 4 6 11 16
control,245,859,12,12,Officer,1.0,Middle,6,2 6 12,2 6 12 13,2 6 12 13
control,245,340,15,15,Repairman,3.0,Unknown,15,3 6 9 11 15 16,3 9 11 15,3 9 11 15
control,245,276,14,14,Painter,0.0,Younger,14,11 14 16,11 14 16,14 16
control,245,1276,1,9,Hairdresser,1.0,Middle,9,9,9 15,5 9 11 15
control,245,158,4,4,Craftsman,1.0,Middle,11,4 5 11 16,4 5 11 16,4 5 11 16
control,245,1190,3,3,Computer User,1.0,Middle,1,1 3 15 16,1 3 15 16,1 3 15 16
control,246,786,17,17,Singer,3.0,Unknown,17,8 11 17 19,8 11 17 19,8 11 17 19
control,246,371,1,6,Guard,1.0,Middle,6,6 11 12,6 11 12 18,6 11 12 18
control,246,1229,4,4,Craftsman,3.0,Unknown,4,4 15,4 15,4 15
control,246,604,12,6,Guard,1.0,Middle,6,6 11 16,1 6 11 16,1 6 11 16
control,246,822,12,12,Officer,1.0,Middle,6,3 6 12 15,3 6 12 15,3 6 12 15
control,246,1156,20,20,Tennis Player,0.0,Younger,20,20,20,20
control,246,1013,4,16,Salesperson,1.0,Middle,16,11 16,11 16,11 16
control,246,1057,9,9,Hairdresser,0.0,Younger,9,9,9,9
control,246,874,5,5,Farmer,1.0,Middle,5,5,5,5 11
control,246,1360,4,4,Craftsman,3.0,Unknown,16,11 14 15 16,11 14 15 16,11 14 15 16
control,246,854,3,3,Computer User,1.0,Middle,3,3,3 4 15 19,3 4 15 19
control,246,510,20,20,Tennis Player,1.0,Middle,20,16 18 20,16 18 20,1 16 18 20
control,246,381,1,1,Backpacker,0.0,Younger,16,1 3 6 11 15 16,1 6 11 16,1 6 11 16
control,246,43,19,17,Singer,3.0,Unknown,17,17,10 17,17
control,246,257,18,18,Skateboarder,0.0,Younger,18,18,18,18
control,246,832,18,18,Skateboarder,1.0,Middle,18,18,18,18
control,246,610,19,19,Speaker,2.0,Older,19,5 10 11 16 19,5 11 16 19,5 10 11 16 19
control,246,609,10,10,Horse Rider,1.0,Middle,10,8 10,5 8 10 20,5 8 10 20
control,246,534,2,3,Computer User,1.0,Middle,11,2 3 6 11 15,2 3 11 15,2 3 11 15
control,246,556,5,5,Farmer,1.0,Middle,5,5 11,5 11 16,5 11 16
control,246,685,13,13,Motorcyclist,1.0,Middle,16,13 16,6 13 15 16,6 13 15 16
control,246,22,8,2,Boatman,0.0,Younger,2,2,2,2
control,246,1130,14,14,Painter,1.0,Middle,15,4 11 14 15,4 11 14 15,4 11 14 15
control,246,447,13,13,Motorcyclist,0.0,Younger,13,1 11 13 16,1 11 13 16,11 13 16
control,246,1099,10,10,Horse Rider,0.0,Younger,10,10,10,10
control,246,676,1,1,Backpacker,1.0,Middle,1,1 11 16,1 11 16,1 5 11 16
control,246,299,4,4,Craftsman,1.0,Middle,16,1 11 16,1 11 15 16,1 11 15 16
control,246,1102,2,2,Boatman,3.0,Unknown,2,2,2,2
control,246,660,5,11,Laborer,1.0,Middle,11,11,11,4 5 11
control,246,118,3,15,Repairman,1.0,Middle,3,3 15 16 19,3 15 16 19,3 15 16 19
control,246,789,6,11,Laborer,1.0,Middle,6,6 11 15,6 11 15 18,6 11 15 18
control,246,715,10,10,Horse Rider,1.0,Middle,10,8 10,6 8 10 12,6 8 10 12
control,246,1190,3,3,Computer User,1.0,Middle,1,1 3 15 16,1 3 15 16,1 3 15 16
control,246,237,7,7,Guitarist,1.0,Middle,7,7,7,7 12 17
control,246,1177,7,7,Guitarist,1.0,Middle,7,3 4 7 11 15 16 17 19,3 7 16 19,3 7 16 19
control,246,1396,13,13,Motorcyclist,3.0,Unknown,13,1 11 13 16,1 11 13 16,1 11 13 16
control,246,178,6,6,Guard,2.0,Older,15,6 13 15,4 6 13 15,4 6 13 15 16
control,246,1076,6,11,Laborer,1.0,Middle,6,6 11 13 16,6 11 13 16,6 11 13 16
control,246,1330,6,1,Backpacker,1.0,Middle,1,1 4 6 7 11 12 15 17 18 19,1 6 7 15,1 6 7 15
control,246,914,8,8,Gymnast,1.0,Middle,8,8,8,8
control,246,742,13,15,Repairman,1.0,Middle,15,11 13 15,4 11 13 15,4 11 13 15
control,246,227,9,9,Hairdresser,1.0,Middle,9,9 11 16,4 9 11 16,4 9 11 16
control,246,23,5,5,Farmer,1.0,Middle,5,5 11,5 11,5 11 15 16
control,246,189,19,19,Speaker,1.0,Middle,20,1 20,1 20,1 20
control,246,936,16,16,Salesperson,1.0,Middle,16,16,16,5 11 16
control,246,1346,8,18,Skateboarder,1.0,Middle,18,18,18,18
control,246,233,16,16,Salesperson,1.0,Middle,11,5 11,5 11 16,2 5 11 16
control,246,530,17,17,Singer,1.0,Middle,17,17,7 17,7 17
control,246,459,2,2,Boatman,2.0,Older,2,2,2,2 6 14 15 16
control,246,1378,20,20,Tennis Player,0.0,Younger,20,20,20,20
control,247,971,16,5,Farmer,1.0,Middle,3,3 5 6 8 9 11 16 17,3 6 9 11,3 6 9 11
control,247,976,10,10,Horse Rider,3.0,Unknown,10,10,1 2 5 10,2 5 10
control,247,977,2,2,Boatman,1.0,Middle,2,2,2 16,2 11 16
control,247,901,12,12,Officer,3.0,Unknown,6,6 11 12 13,6 11 12 13,6 11 12 13
control,247,291,6,12,Officer,3.0,Unknown,6,6,6,6
control,247,605,18,18,Skateboarder,0.0,Younger,18,18,18,18
control,247,1368,10,10,Horse Rider,1.0,Middle,10,10,8 10,8 10 12
control,247,880,9,9,Hairdresser,1.0,Middle,9,9,9,9 11
control,247,717,20,20,Tennis Player,1.0,Middle,20,20,20,20
control,247,1230,4,4,Craftsman,3.0,Unknown,11,4 11 14 15,4 11 14 15,4 11 14 15
control,247,1177,7,7,Guitarist,1.0,Middle,7,3 4 7 11 15 16 17 19,3 7 16 19,3 7 16 19
control,247,918,11,11,Laborer,3.0,Unknown,11,11 15,4 11 14 15,11 14 15
control,247,1278,3,3,Computer User,3.0,Unknown,11,3 6 11 14 15 16,3 6 11 14,3 6 11 14
control,247,768,16,16,Salesperson,2.0,Older,16,2 16,2 16 18 20,2 4 16 18 20
control,247,441,13,13,Motorcyclist,3.0,Unknown,13,13,13,13
control,247,352,17,17,Singer,1.0,Middle,17,17,17,17
control,247,308,12,6,Guard,2.0,Older,11,6 11 12,6 11 12 15,6 11 12 15 16
control,247,1112,20,20,Tennis Player,0.0,Younger,20,20,20,20
control,247,1067,3,3,Computer User,3.0,Unknown,3,3,3,3
control,247,458,18,18,Skateboarder,0.0,Younger,18,18,18,18
control,247,288,14,14,Painter,1.0,Middle,14,11 14,11 14 15 18,11 14 15 18
control,247,1034,17,17,Singer,0.0,Younger,17,17,17,17
control,247,1116,19,19,Speaker,1.0,Middle,9,3 8 9 16 17 19,3 9 17 19,3 9 17 19
control,247,1294,8,8,Gymnast,0.0,Younger,8,1 6 8 14,1 6 8 14,8
control,247,140,11,15,Repairman,1.0,Middle,15,15,15,15
control,247,338,16,16,Salesperson,1.0,Middle,16,11 16,11 16,11 16
control,247,56,12,6,Guard,1.0,Middle,2,2 6 12,2 6 12,2 6 12
control,247,736,5,5,Farmer,2.0,Older,5,5 11,5 11,1 4 5 11 16
control,247,1199,1,1,Backpacker,0.0,Younger,1,1 3 6 8 10 12 18,1 8 12 18,1 8 12 18
control,247,61,9,9,Hairdresser,1.0,Middle,9,9 15,9 15,4 9 11 15
control,247,1266,2,2,Boatman,0.0,Younger,2,2,2,2
control,247,649,13,13,Motorcyclist,1.0,Middle,13,13,13,13
control,247,1214,10,10,Horse Rider,1.0,Middle,6,6 10 12 13,6 10 12 13,6 10 12 13
control,247,12,19,19,Speaker,1.0,Middle,12,1 8 10 12,1 8 10 12,1 8 10 12
control,247,1262,4,4,Craftsman,3.0,Unknown,16,4 11 16,4 9 11 16,4 9 11 16
control,247,855,11,14,Painter,1.0,Middle,15,11 15,11 14 15,11 14 15
control,247,247,6,6,Guard,1.0,Middle,6,6,6,6
control,247,311,9,9,Hairdresser,0.0,Younger,9,9,2 9 11,9
control,247,785,18,18,Skateboarder,1.0,Middle,18,18,18,18
control,247,410,12,11,Laborer,1.0,Middle,11,2 6 11 16,2 6 11 16,2 6 11 16
control,247,756,3,3,Computer User,1.0,Middle,3,1 3 11 16,1 3 11 16,1 3 11 16
control,247,557,16,1,Backpacker,1.0,Middle,3,3 6 16 18 19 20,3 6 16 19,3 6 16 19
control,247,553,2,13,Motorcyclist,0.0,Younger,2,2,2 16,2
control,247,1267,17,17,Singer,1.0,Middle,16,11 16 17,11 15 16 17,11 15 16 17
control,247,567,1,1,Backpacker,1.0,Middle,1,1 5,1 5 11 16,1 5 11 16
control,247,671,8,8,Gymnast,0.0,Younger,8,8,8,8
control,247,128,20,19,Speaker,0.0,Younger,20,20,20,20
control,247,121,16,16,Salesperson,1.0,Middle,16,16,1 11 15 16,1 11 15 16
control,247,70,15,15,Repairman,2.0,Older,15,4 11 15,4 11 15,4 9 11 15
control,247,626,2,2,Boatman,1.0,Middle,2,2,2,2
control,248,1134,3,3,Computer User,3.0,Unknown,3,1 3 16,1 3 11 16,1 3 11 16
control,248,789,15,11,Laborer,1.0,Middle,6,6 11 15,6 11 15 18,6 11 15 18
control,248,348,12,12,Officer,0.0,Younger,16,6 11 12 13 16,6 11 12 16,6 11 12 16
control,248,407,5,5,Farmer,2.0,Older,5,4 5 11 15 16,5 11 15 16,4 5 11 15 16
control,248,100,3,3,Computer User,3.0,Unknown,3,2 3 8 11 15 16 19,3 11 15 16,3 11 15 16
control,248,476,1,1,Backpacker,0.0,Younger,1,1,1,1
control,248,511,7,7,Guitarist,1.0,Middle,17,7 17,1 7 10 17,1 7 10 17
control,248,457,18,18,Skateboarder,0.0,Younger,18,18,18,18
control,248,363,18,18,Skateboarder,0.0,Younger,18,18,18,18
control,248,93,11,16,Salesperson,3.0,Unknown,16,16,1 16,16
control,248,1254,13,13,Motorcyclist,3.0,Unknown,16,2 13 16,2 11 13 16,2 11 13 16
control,248,181,15,15,Repairman,1.0,Middle,11,4 11 15,4 11 15,4 11 15
control,248,1324,10,10,Horse Rider,3.0,Unknown,10,10,10,10
control,248,1384,20,20,Tennis Player,1.0,Middle,20,20,20,20
control,248,1193,5,5,Farmer,3.0,Unknown,11,5 11,5 11,5 11
control,248,1186,12,6,Guard,1.0,Middle,12,6 12 13,1 6 12 13,1 6 12 13
control,248,1074,1,1,Backpacker,3.0,Unknown,1,1,1 10 12,1 10
control,248,738,4,4,Craftsman,1.0,Middle,11,4 11 16,4 11 16,4 11 16
control,248,943,10,10,Horse Rider,1.0,Middle,10,10,10,8 10
control,248,1122,3,3,Computer User,1.0,Middle,3,3 16 17 19,3 16 17 19,3 16 17 19
control,248,215,11,14,Painter,1.0,Middle,11,11 14 15,4 11 14 15,4 11 14 15
control,248,1131,17,17,Singer,0.0,Younger,17,11 17,11 12 15 17,17
control,248,616,5,5,Farmer,3.0,Unknown,5,5 11,5 11,5 11
control,248,336,17,17,Singer,0.0,Younger,17,17,17,17
control,248,1136,8,8,Gymnast,0.0,Younger,8,8,8,8
control,248,624,15,15,Repairman,1.0,Middle,15,3 6 11 15,3 6 11 15,3 6 11 15
control,248,48,1,1,Backpacker,3.0,Unknown,1,1,1 2 11,1 2
control,248,751,12,12,Officer,1.0,Middle,6,6 16,3 6 11 16,3 6 11 16
control,248,390,10,10,Horse Rider,1.0,Middle,10,6 10 12,6 10 12,6 10 12
control,248,429,9,9,Hairdresser,3.0,Unknown,9,1 3 9 14,1 3 9 14,1 3 9 14
control,248,1333,17,17,Singer,1.0,Middle,17,17,11 17,6 11 17
control,248,718,6,12,Officer,0.0,Younger,12,2 6 12 13,2 6 12 13,2 6 12 13
control,248,239,16,16,Salesperson,1.0,Middle,16,2 3 9 11 15 16,3 11 15 16,3 11 15 16
control,248,371,12,6,Guard,1.0,Middle,6,6 11 12,6 11 12 18,6 11 12 18
control,248,865,14,14,Painter,1.0,Middle,14,11 14 16,2 11 14 16,2 11 14 16
control,248,1358,13,13,Motorcyclist,3.0,Unknown,13,13,13,13
control,248,38,9,9,Hairdresser,2.0,Older,9,9,9,4 9 11 15
control,248,460,4,16,Salesperson,1.0,Middle,16,11 16,6 11 14 16,6 11 14 16
control,248,988,5,11,Laborer,2.0,Older,11,11 15 16,11 14 15 16,2 11 14 15 16
control,248,928,2,2,Boatman,2.0,Older,2,2,2,2 6 10 12
control,248,452,4,4,Craftsman,1.0,Middle,11,4 11 14 16,4 11 14 16,4 11 14 16
control,248,858,19,19,Speaker,1.0,Middle,19,3 6 10 11 12 17 19,6 11 17 19,6 11 17 19
control,248,1158,12,19,Speaker,1.0,Middle,6,6 12 19,6 12 19,6 10 12 19
control,248,565,1,11,Laborer,2.0,Older,14,1 2 11 14 15,1 2 11 14,1 2 11 14 15
control,248,435,20,20,Tennis Player,1.0,Middle,20,20,20,20
control,248,413,20,20,Tennis Player,1.0,Middle,20,20,20,6 20
control,248,366,15,15,Repairman,1.0,Middle,15,11 15,11 15,4 11 15
control,248,22,2,2,Boatman,0.0,Younger,2,2,2,2
control,248,1077,13,13,Motorcyclist,1.0,Middle,13,13,13,13
control,248,656,8,8,Gymnast,0.0,Younger,8,6 8,6 8 13 18,6 8
control,249,730,1,3,Computer User,3.0,Unknown,1,1 2 11 16 17,1 2 11 16,1 2 11 16
control,249,408,2,2,Boatman,3.0,Unknown,2,2,2,2
control,249,371,5,6,Guard,1.0,Middle,6,6 11 12,6 11 12 18,6 11 12 18
control,249,495,14,16,Salesperson,2.0,Older,2,2 14 16,2 14 16,2 4 11 14 16
control,249,654,19,4,Craftsman,3.0,Unknown,4,4 11,2 4 11 15,2 4 11 15
control,249,643,10,10,Horse Rider,1.0,Middle,10,10,8 10,5 8 10 20
control,249,389,13,1,Backpacker,2.0,Older,13,13,13,1 2 13 16
control,249,369,9,9,Hairdresser,1.0,Middle,9,9,9,9
control,249,499,11,1,Backpacker,0.0,Younger,1,1 6 16,1 6 10 16,1
control,249,96,16,1,Backpacker,1.0,Middle,16,16,11 16,11 14 15 16
control,249,1263,8,8,Gymnast,1.0,Middle,8,8,8,8
control,249,908,8,8,Gymnast,0.0,Younger,8,8,8,8
control,249,1159,17,17,Singer,0.0,Younger,17,17,17,17
control,249,751,6,12,Officer,1.0,Middle,6,6 16,3 6 11 16,3 6 11 16
control,249,105,15,15,Repairman,3.0,Unknown,15,4 11 15 16,4 11 15 16,4 11 15 16
control,249,1374,6,6,Guard,1.0,Middle,6,6,6 15,6 15 16
control,249,942,2,2,Boatman,3.0,Unknown,2,1 2,1 2,1 2
control,249,843,4,14,Painter,2.0,Older,16,4 11 16,4 11 15 16,4 11 14 15 16
control,249,850,3,3,Computer User,3.0,Unknown,16,11 16,3 11 15 16,3 11 15 16
control,249,89,19,19,Speaker,1.0,Middle,16,3 16,3 10 16 20,3 10 16 20
control,249,349,3,20,Tennis Player,1.0,Middle,20,20,20,20
control,249,1121,18,18,Skateboarder,3.0,Unknown,2,2 16 18,1 2 16 18,1 2 16 18
control,249,1348,6,16,Salesperson,1.0,Middle,9,6 9 12,3 6 9 12,3 6 9 12
control,249,1083,5,5,Farmer,2.0,Older,5,5 11 16,4 5 11 16,4 5 9 11 16
control,249,1303,2,13,Motorcyclist,3.0,Unknown,1,1 2 11 13 16,1 2 11 13,1 2 11 13
control,249,179,7,7,Guitarist,1.0,Middle,17,1 2 5 7 9 11 14 15 16 17,1 2 7 17,1 2 7 17
control,249,260,2,2,Boatman,1.0,Middle,2,2 6,2 6,2 6
control,249,522,4,4,Craftsman,0.0,Younger,8,1 2 4 6 8 11 15 16 20,2 8 11 16,2 8 11 16
control,249,455,14,11,Laborer,0.0,Younger,4,4 11 14,4 11 14,4 11
control,249,956,1,6,Guard,1.0,Middle,6,6,6,6 20
control,249,353,14,14,Painter,1.0,Middle,14,11 14,11 14,4 11 14
control,249,1342,20,20,Tennis Player,1.0,Middle,20,20,20,20
control,249,12,19,19,Speaker,1.0,Middle,12,1 8 10 12,1 8 10 12,1 8 10 12
control,249,1208,5,5,Farmer,1.0,Middle,1,1 11,1 5 11 16,1 5 11 16
control,249,1055,13,13,Motorcyclist,1.0,Middle,13,13,13,13
control,249,167,17,17,Singer,0.0,Younger,17,17,11 17 19 20,17
control,249,407,5,5,Farmer,2.0,Older,5,4 5 11 15 16,5 11 15 16,4 5 11 15 16
control,249,469,8,8,Gymnast,0.0,Younger,8,8,8,8
control,249,1389,8,13,Motorcyclist,3.0,Unknown,13,13,13,13
control,249,30,15,11,Laborer,1.0,Middle,11,4 11 15,4 11 15,4 5 11 15
control,249,923,12,12,Officer,3.0,Unknown,6,6 11 16,6 11 12 16,6 11 12 16
control,249,606,3,3,Computer User,3.0,Unknown,3,3 6 8 16,3 6 8 16,3 6 8 16
control,249,517,14,14,Painter,0.0,Younger,14,11 14 15,11 14 15 16,11 14 15
control,249,716,4,15,Repairman,0.0,Younger,15,15,15,15
control,249,460,16,16,Salesperson,1.0,Middle,16,11 16,6 11 14 16,6 11 14 16
control,249,744,18,18,Skateboarder,0.0,Younger,18,18,18,18
control,249,1334,19,17,Singer,1.0,Middle,17,17,17,11 17
control,249,138,18,18,Skateboarder,3.0,Unknown,18,18,18,18
control,249,983,20,20,Tennis Player,1.0,Middle,20,20,20,20
control,249,642,7,7,Guitarist,3.0,Unknown,7,7 17,7 17,7
avgk,250,93,16,16,Salesperson,3.0,Unknown,16,16,1 16,16
avgk,250,1122,3,3,Computer User,1.0,Middle,3,3 16 17 19,3 16 17 19,3 16 17 19
avgk,250,511,7,7,Guitarist,1.0,Middle,17,7 17,1 7 10 17,1 7 10 17
avgk,250,1186,12,6,Guard,1.0,Middle,12,6 12 13,1 6 12 13,1 6 12 13
avgk,250,1254,13,13,Motorcyclist,3.0,Unknown,16,2 13 16,2 11 13 16,2 11 13 16
avgk,250,457,18,18,Skateboarder,0.0,Younger,18,18,18,18
avgk,250,371,11,6,Guard,1.0,Middle,6,6 11 12,6 11 12 18,6 11 12 18
avgk,250,363,18,18,Skateboarder,0.0,Younger,18,18,18,18
avgk,250,452,4,4,Craftsman,1.0,Middle,11,4 11 14 16,4 11 14 16,4 11 14 16
avgk,250,751,6,12,Officer,1.0,Middle,6,6 16,3 6 11 16,3 6 11 16
avgk,250,181,15,15,Repairman,1.0,Middle,11,4 11 15,4 11 15,4 11 15
avgk,250,718,12,12,Officer,0.0,Younger,12,2 6 12 13,2 6 12 13,2 6 12 13
avgk,250,656,8,8,Gymnast,0.0,Younger,8,6 8,6 8 13 18,6 8
avgk,250,366,15,15,Repairman,1.0,Middle,15,11 15,11 15,4 11 15
avgk,250,565,11,11,Laborer,2.0,Older,14,1 2 11 14 15,1 2 11 14,1 2 11 14 15
avgk,250,413,20,20,Tennis Player,1.0,Middle,20,20,20,6 20
avgk,250,738,4,4,Craftsman,1.0,Middle,11,4 11 16,4 11 16,4 11 16
avgk,250,336,17,17,Singer,0.0,Younger,17,17,17,17
avgk,250,407,11,5,Farmer,2.0,Older,5,4 5 11 15 16,5 11 15 16,4 5 11 15 16
avgk,250,460,16,16,Salesperson,1.0,Middle,16,11 16,6 11 14 16,6 11 14 16
avgk,250,239,16,16,Salesperson,1.0,Middle,16,2 3 9 11 15 16,3 11 15 16,3 11 15 16
avgk,250,858,19,19,Speaker,1.0,Middle,19,3 6 10 11 12 17 19,6 11 17 19,6 11 17 19
avgk,250,1158,19,19,Speaker,1.0,Middle,6,6 12 19,6 12 19,6 10 12 19
avgk,250,1384,20,20,Tennis Player,1.0,Middle,20,20,20,20
avgk,250,1077,13,13,Motorcyclist,1.0,Middle,13,13,13,13
avgk,250,1358,13,13,Motorcyclist,3.0,Unknown,13,13,13,13
avgk,250,429,9,9,Hairdresser,3.0,Unknown,9,1 3 9 14,1 3 9 14,1 3 9 14
avgk,250,390,10,10,Horse Rider,1.0,Middle,10,6 10 12,6 10 12,6 10 12
avgk,250,1136,8,8,Gymnast,0.0,Younger,8,8,8,8
avgk,250,215,11,14,Painter,1.0,Middle,11,11 14 15,4 11 14 15,4 11 14 15
avgk,250,1131,17,17,Singer,0.0,Younger,17,11 17,11 12 15 17,17
avgk,250,22,2,2,Boatman,0.0,Younger,2,2,2,2
avgk,250,1074,1,1,Backpacker,3.0,Unknown,1,1,1 10 12,1 10
avgk,250,476,1,1,Backpacker,0.0,Younger,1,1,1,1
avgk,250,789,11,11,Laborer,1.0,Middle,6,6 11 15,6 11 15 18,6 11 15 18
avgk,250,1193,5,5,Farmer,3.0,Unknown,11,5 11,5 11,5 11
avgk,250,988,11,11,Laborer,2.0,Older,11,11 15 16,11 14 15 16,2 11 14 15 16
avgk,250,865,14,14,Painter,1.0,Middle,14,11 14 16,2 11 14 16,2 11 14 16
avgk,250,48,1,1,Backpacker,3.0,Unknown,1,1,1 2 11,1 2
avgk,250,38,9,9,Hairdresser,2.0,Older,9,9,9,4 9 11 15
avgk,250,616,5,5,Farmer,3.0,Unknown,5,5 11,5 11,5 11
avgk,250,348,12,12,Officer,0.0,Younger,16,6 11 12 13 16,6 11 12 16,6 11 12 16
avgk,250,943,10,10,Horse Rider,1.0,Middle,10,10,10,8 10
avgk,250,1134,3,3,Computer User,3.0,Unknown,3,1 3 16,1 3 11 16,1 3 11 16
avgk,250,1324,10,10,Horse Rider,3.0,Unknown,10,10,10,10
avgk,250,100,3,3,Computer User,3.0,Unknown,3,2 3 8 11 15 16 19,3 11 15 16,3 11 15 16
avgk,250,624,11,15,Repairman,1.0,Middle,15,3 6 11 15,3 6 11 15,3 6 11 15
avgk,250,1333,17,17,Singer,1.0,Middle,17,17,11 17,6 11 17
avgk,250,928,2,2,Boatman,2.0,Older,2,2,2,2 6 10 12
avgk,250,435,20,20,Tennis Player,1.0,Middle,20,20,20,20
avgk,251,626,2,2,Boatman,1.0,Middle,2,2,2,2
avgk,251,288,14,14,Painter,1.0,Middle,14,11 14,11 14 15 18,11 14 15 18
avgk,251,649,13,13,Motorcyclist,1.0,Middle,13,13,13,13
avgk,251,717,20,20,Tennis Player,1.0,Middle,20,20,20,20
avgk,251,768,16,16,Salesperson,2.0,Older,16,2 16,2 16 18 20,2 4 16 18 20
avgk,251,976,10,10,Horse Rider,3.0,Unknown,10,10,1 2 5 10,2 5 10
avgk,251,977,2,2,Boatman,1.0,Middle,2,2,2 16,2 11 16
avgk,251,458,18,18,Skateboarder,0.0,Younger,18,18,18,18
avgk,251,56,2,6,Guard,1.0,Middle,2,2 6 12,2 6 12,2 6 12
avgk,251,901,12,12,Officer,3.0,Unknown,6,6 11 12 13,6 11 12 13,6 11 12 13
avgk,251,140,15,15,Repairman,1.0,Middle,15,15,15,15
avgk,251,1177,7,7,Guitarist,1.0,Middle,7,3 4 7 11 15 16 17 19,3 7 16 19,3 7 16 19
avgk,251,567,1,1,Backpacker,1.0,Middle,1,1 5,1 5 11 16,1 5 11 16
avgk,251,410,11,11,Laborer,1.0,Middle,11,2 6 11 16,2 6 11 16,2 6 11 16
avgk,251,918,11,11,Laborer,3.0,Unknown,11,11 15,4 11 14 15,11 14 15
avgk,251,1116,19,19,Speaker,1.0,Middle,9,3 8 9 16 17 19,3 9 17 19,3 9 17 19
avgk,251,441,13,13,Motorcyclist,3.0,Unknown,13,13,13,13
avgk,251,1278,3,3,Computer User,3.0,Unknown,11,3 6 11 14 15 16,3 6 11 14,3 6 11 14
avgk,251,736,5,5,Farmer,2.0,Older,5,5 11,5 11,1 4 5 11 16
avgk,251,61,9,9,Hairdresser,1.0,Middle,9,9 15,9 15,4 9 11 15
avgk,251,1112,20,20,Tennis Player,0.0,Younger,20,20,20,20
avgk,251,1266,2,2,Boatman,0.0,Younger,2,2,2,2
avgk,251,1214,12,10,Horse Rider,1.0,Middle,6,6 10 12 13,6 10 12 13,6 10 12 13
avgk,251,785,18,18,Skateboarder,1.0,Middle,18,18,18,18
avgk,251,291,6,12,Officer,3.0,Unknown,6,6,6,6
avgk,251,557,16,1,Backpacker,1.0,Middle,3,3 6 16 18 19 20,3 6 16 19,3 6 16 19
avgk,251,1230,20,4,Craftsman,3.0,Unknown,11,4 11 14 15,4 11 14 15,4 11 14 15
avgk,251,12,19,19,Speaker,1.0,Middle,12,1 8 10 12,1 8 10 12,1 8 10 12
avgk,251,671,8,8,Gymnast,0.0,Younger,8,8,8,8
avgk,251,70,15,15,Repairman,2.0,Older,15,4 11 15,4 11 15,4 9 11 15
avgk,251,553,2,13,Motorcyclist,0.0,Younger,2,2,2 16,2
avgk,251,352,17,17,Singer,1.0,Middle,17,17,17,17
avgk,251,1199,1,1,Backpacker,0.0,Younger,1,1 3 6 8 10 12 18,1 8 12 18,1 8 12 18
avgk,251,1067,3,3,Computer User,3.0,Unknown,3,3,3,3
avgk,251,121,16,16,Salesperson,1.0,Middle,16,16,1 11 15 16,1 11 15 16
avgk,251,128,19,19,Speaker,0.0,Younger,20,20,20,20
avgk,251,308,6,6,Guard,2.0,Older,11,6 11 12,6 11 12 15,6 11 12 15 16
avgk,251,880,9,9,Hairdresser,1.0,Middle,9,9,9,9 11
avgk,251,338,16,16,Salesperson,1.0,Middle,16,11 16,11 16,11 16
avgk,251,1368,10,10,Horse Rider,1.0,Middle,10,10,8 10,8 10 12
avgk,251,1267,17,17,Singer,1.0,Middle,16,11 16 17,11 15 16 17,11 15 16 17
avgk,251,311,9,9,Hairdresser,0.0,Younger,9,9,2 9 11,9
avgk,251,855,15,14,Painter,1.0,Middle,15,11 15,11 14 15,11 14 15
avgk,251,971,16,5,Farmer,1.0,Middle,3,3 5 6 8 9 11 16 17,3 6 9 11,3 6 9 11
avgk,251,756,3,3,Computer User,1.0,Middle,3,1 3 11 16,1 3 11 16,1 3 11 16
avgk,251,1294,8,8,Gymnast,0.0,Younger,8,1 6 8 14,1 6 8 14,8
avgk,251,1262,4,4,Craftsman,3.0,Unknown,16,4 11 16,4 9 11 16,4 9 11 16
avgk,251,605,18,18,Skateboarder,0.0,Younger,18,18,18,18
avgk,251,247,6,6,Guard,1.0,Middle,6,6,6,6
avgk,251,1034,17,17,Singer,0.0,Younger,17,17,17,17
avgk,252,849,7,7,Guitarist,1.0,Middle,7,7 17,7 17,7 17
avgk,252,854,3,3,Computer User,1.0,Middle,3,3,3 4 15 19,3 4 15 19
avgk,252,570,14,14,Painter,2.0,Older,14,14 16,14 16,4 11 14 15 16
avgk,252,1318,18,18,Skateboarder,3.0,Unknown,18,18,18,18
avgk,252,1070,12,12,Officer,3.0,Unknown,6,6 12,3 6 12 16,6 12 16
avgk,252,589,10,10,Horse Rider,3.0,Unknown,10,10,10,10
avgk,252,781,4,19,Speaker,1.0,Middle,16,9 11 16,4 9 11 16,4 9 11 16
avgk,252,133,5,5,Farmer,3.0,Unknown,11,5 11,5 11,5 11
avgk,252,70,15,15,Repairman,2.0,Older,15,4 11 15,4 11 15,4 9 11 15
avgk,252,1032,12,12,Officer,3.0,Unknown,6,6 12,6 12 13,6 12
avgk,252,1356,5,11,Laborer,3.0,Unknown,11,5 11,5 11 16,5 11 16
avgk,252,470,9,9,Hairdresser,3.0,Unknown,9,9,9,9
avgk,252,63,12,11,Laborer,1.0,Middle,6,6 13,6 12 13 16,6 12 13 16
avgk,252,159,17,17,Singer,1.0,Middle,17,7 17,7 17,7 10 17 19
avgk,252,625,13,13,Motorcyclist,3.0,Unknown,13,13,13,13
avgk,252,1105,7,17,Singer,1.0,Middle,16,2 7 11 16 17,2 7 16 17,2 7 16 17
avgk,252,390,10,10,Horse Rider,1.0,Middle,10,6 10 12,6 10 12,6 10 12
avgk,252,1243,19,19,Speaker,0.0,Younger,16,1 2 15 16 17,2 15 16 17,2 15 16 17
avgk,252,843,4,14,Painter,2.0,Older,16,4 11 16,4 11 15 16,4 11 14 15 16
avgk,252,86,5,5,Farmer,3.0,Unknown,5,2 5 11,2 5 11,2 5 11
avgk,252,1061,4,4,Craftsman,2.0,Older,4,4 11,2 4 11,2 4 5 11 15
avgk,252,579,4,4,Craftsman,1.0,Middle,4,4 11,4 11 15,4 11 15 16
avgk,252,316,8,8,Gymnast,1.0,Middle,8,8,8,8
avgk,252,309,6,12,Officer,1.0,Middle,6,6 13,6 12 13 16,6 12 13 16
avgk,252,602,2,2,Boatman,1.0,Middle,2,2 6 19,2 3 6 19,2 3 6 19
avgk,252,463,16,16,Salesperson,0.0,Younger,16,16,16,16
avgk,252,95,10,10,Horse Rider,0.0,Younger,10,10,5 8 10,10
avgk,252,1060,12,6,Guard,0.0,Younger,6,6,6,6
avgk,252,1048,16,16,Salesperson,1.0,Middle,16,5 11 16,5 11 16,1 5 11 16
avgk,252,107,8,1,Backpacker,1.0,Middle,16,6 11 16 17,6 11 16 17,6 11 16 17
avgk,252,578,16,16,Salesperson,1.0,Middle,16,11 16,11 16,11 16
avgk,252,71,6,6,Guard,1.0,Middle,6,6 10 14,6 9 10 14,6 9 10 14
avgk,252,1280,4,4,Craftsman,1.0,Middle,4,2 4 11,2 4 11,2 4 11
avgk,252,1379,13,13,Motorcyclist,2.0,Older,13,13,12 13,4 10 12 13 15
avgk,252,1049,3,3,Computer User,3.0,Unknown,2,2 3 16,2 3 11 16,2 3 16
avgk,252,807,11,11,Laborer,1.0,Middle,11,11 15,11 15,11 15
avgk,252,351,1,1,Backpacker,0.0,Younger,1,1,1,1
avgk,252,662,1,1,Backpacker,0.0,Younger,1,1,1,1
avgk,252,19,20,20,Tennis Player,1.0,Middle,20,20,20,20
avgk,252,665,19,19,Speaker,3.0,Unknown,19,2 3 10 11 12 13 16 17 19,2 10 12 19,2 10 12 19
avgk,252,110,8,8,Gymnast,0.0,Younger,8,8,8,8
avgk,252,626,2,2,Boatman,1.0,Middle,2,2,2,2
avgk,252,1188,9,9,Hairdresser,3.0,Unknown,9,9 11,9 11,9
avgk,252,803,18,18,Skateboarder,3.0,Unknown,18,18,18,18
avgk,252,28,9,9,Hairdresser,1.0,Middle,9,9,9,6 9
avgk,252,79,3,3,Computer User,0.0,Younger,3,3 11 15,3 11 15,3
avgk,252,646,7,7,Guitarist,1.0,Middle,17,7 11 17,6 7 11 17,6 7 11 17
avgk,252,991,20,20,Tennis Player,1.0,Middle,20,20,20,20
avgk,252,1096,20,20,Tennis Player,1.0,Middle,20,20,20,20
avgk,252,273,15,15,Repairman,1.0,Middle,15,11 15,11 15 16,11 15 16
avgk,253,22,2,2,Boatman,0.0,Younger,2,2,2,2
avgk,253,1346,18,18,Skateboarder,1.0,Middle,18,18,18,18
avgk,253,43,17,17,Singer,3.0,Unknown,17,17,10 17,17
avgk,253,1076,6,11,Laborer,1.0,Middle,6,6 11 13 16,6 11 13 16,6 11 13 16
avgk,253,510,20,20,Tennis Player,1.0,Middle,20,16 18 20,16 18 20,1 16 18 20
avgk,253,1177,7,7,Guitarist,1.0,Middle,7,3 4 7 11 15 16 17 19,3 7 16 19,3 7 16 19
avgk,253,1156,20,20,Tennis Player,0.0,Younger,20,20,20,20
avgk,253,189,19,19,Speaker,1.0,Middle,20,1 20,1 20,1 20
avgk,253,1378,20,20,Tennis Player,0.0,Younger,20,20,20,20
avgk,253,534,11,3,Computer User,1.0,Middle,11,2 3 6 11 15,2 3 11 15,2 3 11 15
avgk,253,178,15,6,Guard,2.0,Older,15,6 13 15,4 6 13 15,4 6 13 15 16
avgk,253,118,15,15,Repairman,1.0,Middle,3,3 15 16 19,3 15 16 19,3 15 16 19
avgk,253,936,16,16,Salesperson,1.0,Middle,16,16,16,5 11 16
avgk,253,604,6,6,Guard,1.0,Middle,6,6 11 16,1 6 11 16,1 6 11 16
avgk,253,676,1,1,Backpacker,1.0,Middle,1,1 11 16,1 11 16,1 5 11 16
avgk,253,556,5,5,Farmer,1.0,Middle,5,5 11,5 11 16,5 11 16
avgk,253,237,7,7,Guitarist,1.0,Middle,7,7,7,7 12 17
avgk,253,1102,2,2,Boatman,3.0,Unknown,2,2,2,2
avgk,253,786,17,17,Singer,3.0,Unknown,17,8 11 17 19,8 11 17 19,8 11 17 19
avgk,253,1057,9,9,Hairdresser,0.0,Younger,9,9,9,9
avgk,253,227,9,9,Hairdresser,1.0,Middle,9,9 11 16,4 9 11 16,4 9 11 16
avgk,253,742,15,15,Repairman,1.0,Middle,15,11 13 15,4 11 13 15,4 11 13 15
avgk,253,1130,11,14,Painter,1.0,Middle,15,4 11 14 15,4 11 14 15,4 11 14 15
avgk,253,715,10,10,Horse Rider,1.0,Middle,10,8 10,6 8 10 12,6 8 10 12
avgk,253,822,6,12,Officer,1.0,Middle,6,3 6 12 15,3 6 12 15,3 6 12 15
avgk,253,609,10,10,Horse Rider,1.0,Middle,10,8 10,5 8 10 20,5 8 10 20
avgk,253,447,13,13,Motorcyclist,0.0,Younger,13,1 11 13 16,1 11 13 16,11 13 16
avgk,253,257,18,18,Skateboarder,0.0,Younger,18,18,18,18
avgk,253,832,18,18,Skateboarder,1.0,Middle,18,18,18,18
avgk,253,874,5,5,Farmer,1.0,Middle,5,5,5,5 11
avgk,253,381,6,1,Backpacker,0.0,Younger,16,1 3 6 11 15 16,1 6 11 16,1 6 11 16
avgk,253,914,8,8,Gymnast,1.0,Middle,8,8,8,8
avgk,253,299,11,4,Craftsman,1.0,Middle,16,1 11 16,1 11 15 16,1 11 15 16
avgk,253,1013,4,16,Salesperson,1.0,Middle,16,11 16,11 16,11 16
avgk,253,1099,10,10,Horse Rider,0.0,Younger,10,10,10,10
avgk,253,789,6,11,Laborer,1.0,Middle,6,6 11 15,6 11 15 18,6 11 15 18
avgk,253,685,13,13,Motorcyclist,1.0,Middle,16,13 16,6 13 15 16,6 13 15 16
avgk,253,854,3,3,Computer User,1.0,Middle,3,3,3 4 15 19,3 4 15 19
avgk,253,1330,17,1,Backpacker,1.0,Middle,1,1 4 6 7 11 12 15 17 18 19,1 6 7 15,1 6 7 15
avgk,253,23,11,5,Farmer,1.0,Middle,5,5 11,5 11,5 11 15 16
avgk,253,610,19,19,Speaker,2.0,Older,19,5 10 11 16 19,5 11 16 19,5 10 11 16 19
avgk,253,459,2,2,Boatman,2.0,Older,2,2,2,2 6 14 15 16
avgk,253,1229,4,4,Craftsman,3.0,Unknown,4,4 15,4 15,4 15
avgk,253,530,17,17,Singer,1.0,Middle,17,17,7 17,7 17
avgk,253,371,6,6,Guard,1.0,Middle,6,6 11 12,6 11 12 18,6 11 12 18
avgk,253,1396,13,13,Motorcyclist,3.0,Unknown,13,1 11 13 16,1 11 13 16,1 11 13 16
avgk,253,1360,14,4,Craftsman,3.0,Unknown,16,11 14 15 16,11 14 15 16,11 14 15 16
avgk,253,1190,3,3,Computer User,1.0,Middle,1,1 3 15 16,1 3 15 16,1 3 15 16
avgk,253,233,5,16,Salesperson,1.0,Middle,11,5 11,5 11 16,2 5 11 16
avgk,253,660,11,11,Laborer,1.0,Middle,11,11,11,4 5 11
avgk,254,381,1,1,Backpacker,0.0,Younger,16,1 3 6 11 15 16,1 6 11 16,1 6 11 16
avgk,254,410,6,11,Laborer,1.0,Middle,11,2 6 11 16,2 6 11 16,2 6 11 16
avgk,254,445,16,13,Motorcyclist,3.0,Unknown,11,11 16,11 16,11 16
avgk,254,1217,8,8,Gymnast,3.0,Unknown,8,8,8,8
avgk,254,1136,8,8,Gymnast,0.0,Younger,8,8,8,8
avgk,254,1171,1,18,Skateboarder,0.0,Younger,1,1 16 18,1 16 18,1
avgk,254,336,17,17,Singer,0.0,Younger,17,17,17,17
avgk,254,1049,3,3,Computer User,3.0,Unknown,2,2 3 16,2 3 11 16,2 3 16
avgk,254,498,2,2,Boatman,1.0,Middle,2,2,2,2 11 16
avgk,254,339,17,17,Singer,1.0,Middle,17,17,17,10 11 17 20
avgk,254,1286,7,7,Guitarist,3.0,Unknown,7,7,7,7
avgk,254,206,5,11,Laborer,1.0,Middle,5,5 11,5 11 16,5 11 16
avgk,254,226,2,2,Boatman,0.0,Younger,2,2,2,2
avgk,254,661,8,8,Gymnast,0.0,Younger,8,8 18,8 18,8
avgk,254,74,20,20,Tennis Player,1.0,Middle,20,20,20,20
avgk,254,697,5,5,Farmer,3.0,Unknown,5,5 11,5 11 12,5 11
avgk,254,350,18,18,Skateboarder,1.0,Middle,18,18,18,18
avgk,254,147,1,1,Backpacker,1.0,Middle,1,1,1 11,1 3 11 16
avgk,254,915,15,15,Repairman,1.0,Middle,11,11 15,11 15,11 15
avgk,254,478,11,5,Farmer,3.0,Unknown,5,2 5 11,2 5 11,2 5 11
avgk,254,824,14,14,Painter,3.0,Unknown,14,14,14,14
avgk,254,1236,7,7,Guitarist,1.0,Middle,11,1 2 5 7 11 16 17 20,1 2 11 20,1 2 11 20
avgk,254,255,17,17,Singer,1.0,Middle,17,17,17,17
avgk,254,433,15,15,Repairman,1.0,Middle,15,11 13 15,11 13 15 17,11 13 15 17
avgk,254,753,3,3,Computer User,1.0,Middle,11,1 11 18,1 3 11 18,1 3 11 18
avgk,254,992,7,7,Guitarist,2.0,Older,7,7,7,7 11 16 17 18
avgk,254,120,10,10,Horse Rider,0.0,Younger,10,10,5 10 12 16,10
avgk,254,1316,2,16,Salesperson,1.0,Middle,2,1 2 11 14,1 2 11 14,1 2 11 14
avgk,254,1084,20,20,Tennis Player,3.0,Unknown,20,20,20,20
avgk,254,1115,19,19,Speaker,1.0,Middle,6,6 9 10 12 17 19,6 9 17 19,6 9 17 19
avgk,254,894,6,6,Guard,2.0,Older,15,6 15 16,4 6 15 16,4 6 11 15 16
avgk,254,39,9,9,Hairdresser,2.0,Older,9,4 9 15,4 9 15,4 6 9 15 16
avgk,254,272,16,16,Salesperson,2.0,Older,16,11 16,11 16,5 6 11 16
avgk,254,215,15,14,Painter,1.0,Middle,11,11 14 15,4 11 14 15,4 11 14 15
avgk,254,459,2,2,Boatman,2.0,Older,2,2,2,2 6 14 15 16
avgk,254,287,3,3,Computer User,3.0,Unknown,16,3 5 16,3 5 10 16,3 5 10 16
avgk,254,683,12,12,Officer,3.0,Unknown,6,6 12 13 16,6 12 13 16,6 12 13 16
avgk,254,1072,16,4,Craftsman,0.0,Younger,11,4 6 11 15 16,4 11 15 16,4 11 15 16
avgk,254,103,9,9,Hairdresser,1.0,Middle,9,9,9 11,9 11 16
avgk,254,898,13,13,Motorcyclist,1.0,Middle,13,2 11 13 16,2 11 13 16,2 11 13 16
avgk,254,165,13,13,Motorcyclist,1.0,Middle,2,1 2 13,1 2 13 19,1 2 13 19
avgk,254,1367,11,4,Craftsman,1.0,Middle,11,11 16,5 11 16,2 5 11 16
avgk,254,288,14,14,Painter,1.0,Middle,14,11 14,11 14 15 18,11 14 15 18
avgk,254,69,17,19,Speaker,1.0,Middle,17,9 16 17 20,9 16 17 20,9 16 17 20
avgk,254,440,6,6,Guard,1.0,Middle,6,6 12,6 12,6 11 12 15
avgk,254,924,6,6,Guard,0.0,Younger,6,6 15,6 15,6
avgk,254,1094,20,20,Tennis Player,1.0,Middle,20,20,20,20
avgk,254,1221,9,9,Hairdresser,1.0,Middle,9,4 9 16,4 9 11 16,4 9 11 16
avgk,254,348,12,12,Officer,0.0,Younger,16,6 11 12 13 16,6 11 12 16,6 11 12 16
avgk,254,859,12,12,Officer,1.0,Middle,6,2 6 12,2 6 12 13,2 6 12 13
avgk,255,1042,19,19,Speaker,2.0,Older,10,5 6 8 9 10 12 16 17 19,6 10 12 16,6 10 12 16 17
avgk,255,559,7,7,Guitarist,1.0,Middle,7,7 16 17,7 11 16 17,7 11 16 17
avgk,255,844,5,11,Laborer,1.0,Middle,5,5 11,5 11,5 11
avgk,255,275,6,6,Guard,1.0,Middle,6,6,6,6
avgk,255,102,18,18,Skateboarder,1.0,Middle,18,18,18,18
avgk,255,964,10,10,Horse Rider,1.0,Middle,10,10 12,2 6 10 12,2 6 10 12
avgk,255,448,12,12,Officer,1.0,Middle,12,6 12,3 6 12 13,3 6 12 13
avgk,255,367,16,16,Salesperson,1.0,Middle,16,11 16,5 11 16,5 6 11 16
avgk,255,985,19,19,Speaker,2.0,Older,10,3 5 6 10 11 12 19,3 10 11 19,3 6 10 11 19
avgk,255,875,20,20,Tennis Player,1.0,Middle,20,20,20,20
avgk,255,553,2,13,Motorcyclist,0.0,Younger,2,2,2 16,2
avgk,255,1182,3,3,Computer User,3.0,Unknown,3,3,3,3
avgk,255,291,6,12,Officer,3.0,Unknown,6,6,6,6
avgk,255,958,17,17,Singer,1.0,Middle,17,17,17,10 17 19
avgk,255,152,16,16,Salesperson,2.0,Older,16,16,16,3 11 15 16
avgk,255,1389,13,13,Motorcyclist,3.0,Unknown,13,13,13,13
avgk,255,19,20,20,Tennis Player,1.0,Middle,20,20,20,20
avgk,255,319,5,5,Farmer,1.0,Middle,5,5 11,5 11 16,5 11 16
avgk,255,85,4,19,Speaker,0.0,Younger,16,1 4 6 10 11 13 16,1 10 11 16,1 10 11 16
avgk,255,1198,9,9,Hairdresser,1.0,Middle,9,4 9 14 16,4 9 14 16,4 9 14 16
avgk,255,943,10,10,Horse Rider,1.0,Middle,10,10,10,8 10
avgk,255,788,6,6,Guard,1.0,Middle,6,6,6,6
avgk,255,432,18,18,Skateboarder,0.0,Younger,18,18,18,18
avgk,255,951,16,16,Salesperson,1.0,Middle,16,5 11 16,5 11 16,4 5 11 16
avgk,255,1050,8,8,Gymnast,0.0,Younger,8,8,8,8
avgk,255,436,15,4,Craftsman,2.0,Older,4,4 11 15 16,4 11 15 16,4 9 11 15 16
avgk,255,73,4,15,Repairman,2.0,Older,4,4 11,4 11 16,4 5 11 15 16
avgk,255,842,14,14,Painter,3.0,Unknown,16,11 14 16,11 14 16,11 14 16
avgk,255,402,1,1,Backpacker,0.0,Younger,1,1,1,1
avgk,255,187,9,9,Hairdresser,3.0,Unknown,9,9,9,9
avgk,255,1036,18,18,Skateboarder,3.0,Unknown,18,6 12 18,6 10 12 18,6 10 12 18
avgk,255,697,11,5,Farmer,3.0,Unknown,5,5 11,5 11 12,5 11
avgk,255,1354,3,3,Computer User,3.0,Unknown,3,3 10 12 16,3 10 12 16,3 10 12 16
avgk,255,1371,8,8,Gymnast,1.0,Middle,8,8,8,8
avgk,255,206,5,11,Laborer,1.0,Middle,5,5 11,5 11 16,5 11 16
avgk,255,627,5,1,Backpacker,1.0,Middle,3,1 3 4 5 14 16,1 3 5 16,1 3 5 16
avgk,255,1122,3,3,Computer User,1.0,Middle,3,3 16 17 19,3 16 17 19,3 16 17 19
avgk,255,178,6,6,Guard,2.0,Older,15,6 13 15,4 6 13 15,4 6 13 15 16
avgk,255,297,7,7,Guitarist,1.0,Middle,7,7,7,7 13
avgk,255,473,2,2,Boatman,1.0,Middle,2,2,2 11,2 11
avgk,255,806,15,15,Repairman,3.0,Unknown,15,4 11 15,3 4 11 15,4 11 15
avgk,255,373,14,14,Painter,1.0,Middle,14,14,14,14
avgk,255,193,2,2,Boatman,3.0,Unknown,2,2 6,2 6 11 12,2 6 12
avgk,255,609,10,10,Horse Rider,1.0,Middle,10,8 10,5 8 10 20,5 8 10 20
avgk,255,1328,5,5,Farmer,0.0,Younger,11,5 11,5 11,5 11
avgk,255,1254,13,13,Motorcyclist,3.0,Unknown,16,2 13 16,2 11 13 16,2 11 13 16
avgk,255,1202,7,7,Guitarist,2.0,Older,7,3 7,3 7 11 17,3 7 11 16 17
avgk,255,855,15,14,Painter,1.0,Middle,15,11 15,11 14 15,11 14 15
avgk,255,1332,17,17,Singer,1.0,Middle,17,7 17,7 10 14 17,7 10 14 17
avgk,255,749,12,12,Officer,2.0,Older,12,6 11 12 13 15,6 11 12 15,6 11 12 13 15
avgk,256,1353,17,17,Singer,0.0,Younger,17,17,17,17
avgk,256,700,1,1,Backpacker,3.0,Unknown,1,1 2 6 14,1 2 6 14,1 2 6 14
avgk,256,145,2,2,Boatman,1.0,Middle,2,2,2,2
avgk,256,956,6,6,Guard,1.0,Middle,6,6,6,6 20
avgk,256,621,8,8,Gymnast,0.0,Younger,8,8,8,8
avgk,256,1331,5,1,Backpacker,1.0,Middle,1,1 5 11 16,1 5 11 16,1 5 11 16
avgk,256,591,16,11,Laborer,1.0,Middle,16,6 11 13 15 16 17,6 13 15 16,6 13 15 16
avgk,256,431,16,12,Officer,1.0,Middle,6,6 10 11 13 15 16,6 11 15 16,6 11 15 16
avgk,256,1293,18,18,Skateboarder,3.0,Unknown,18,18,18,18
avgk,256,1168,7,7,Guitarist,3.0,Unknown,7,7,7,7
avgk,256,848,16,16,Salesperson,1.0,Middle,16,16,11 16,11 16
avgk,256,801,8,8,Gymnast,1.0,Middle,8,8,8,8
avgk,256,1153,19,19,Speaker,1.0,Middle,10,3 5 6 10 11 12 13 16 17 19,5 6 10 12,5 6 10 12
avgk,256,1324,10,10,Horse Rider,3.0,Unknown,10,10,10,10
avgk,256,37,13,13,Motorcyclist,1.0,Middle,13,13,13,13
avgk,256,1348,6,16,Salesperson,1.0,Middle,9,6 9 12,3 6 9 12,3 6 9 12
avgk,256,506,8,8,Gymnast,1.0,Middle,8,8,8,8
avgk,256,505,20,20,Tennis Player,0.0,Younger,20,20,20,20
avgk,256,570,14,14,Painter,2.0,Older,14,14 16,14 16,4 11 14 15 16
avgk,256,920,12,12,Officer,1.0,Middle,6,6 12 13 16,6 12 13 16,6 12 13 16
avgk,256,105,15,15,Repairman,3.0,Unknown,15,4 11 15 16,4 11 15 16,4 11 15 16
avgk,256,315,2,2,Boatman,3.0,Unknown,2,2,1 2,2
avgk,256,710,6,6,Guard,1.0,Middle,6,6,6,6
avgk,256,225,10,10,Horse Rider,0.0,Younger,6,6,6 10,6
avgk,256,32,17,17,Singer,0.0,Younger,17,17,17,17
avgk,256,1226,9,9,Hairdresser,1.0,Middle,9,9,9,9
avgk,256,1256,9,9,Hairdresser,1.0,Middle,9,9 15,4 9 15,4 9 11 15
avgk,256,30,11,11,Laborer,1.0,Middle,11,4 11 15,4 11 15,4 5 11 15
avgk,256,1025,13,12,Officer,3.0,Unknown,18,6 12 13 18,6 12 13 18,6 12 13 18
avgk,256,135,19,19,Speaker,3.0,Unknown,16,6 10 12 16 17 19 20,6 16 17 19,6 16 17 19
avgk,256,515,7,7,Guitarist,1.0,Middle,7,7,7,7
avgk,256,359,16,16,Salesperson,3.0,Unknown,16,3 6 11 16,3 6 11 16,3 6 11 16
avgk,256,432,18,18,Skateboarder,0.0,Younger,18,18,18,18
avgk,256,331,6,6,Guard,0.0,Younger,6,6 15,6 15,6
avgk,256,1183,9,9,Hairdresser,2.0,Older,9,9,9,4 9 11 15 16
avgk,256,680,18,18,Skateboarder,0.0,Younger,18,6 8 18 20,6 8 18 20,6 8 18 20
avgk,256,963,13,13,Motorcyclist,0.0,Younger,13,13 15,9 13 15 16,13
avgk,256,585,14,14,Painter,0.0,Younger,16,11 14 16,2 11 14 16,11 14 16
avgk,256,464,7,7,Guitarist,1.0,Middle,7,7 11 17,2 7 11 17,2 7 11 17
avgk,256,1046,20,20,Tennis Player,0.0,Younger,20,20,20,20
avgk,256,681,11,15,Repairman,1.0,Middle,15,11 15,11 15,11 15
avgk,256,166,14,14,Painter,0.0,Younger,14,11 14 16,1 11 14 16,14 16
avgk,256,1113,2,2,Boatman,1.0,Middle,2,2 14,2 11 14 17,2 11 14 17
avgk,256,455,4,11,Laborer,0.0,Younger,4,4 11 14,4 11 14,4 11
avgk,256,1295,3,3,Computer User,3.0,Unknown,3,3 16 19,3 15 16 19,3 16 19
avgk,256,426,5,5,Farmer,2.0,Older,5,5 11,5 11,1 2 5 11 16
avgk,256,712,11,15,Repairman,1.0,Middle,11,11 15,1 4 11 15,1 4 11 15
avgk,256,299,16,4,Craftsman,1.0,Middle,16,1 11 16,1 11 15 16,1 11 15 16
avgk,256,1397,1,1,Backpacker,0.0,Younger,16,1 16,1 9 11 16,1 16
avgk,256,325,5,5,Farmer,2.0,Older,11,5 11,5 11 16,4 5 11 16
avgk,257,276,4,14,Painter,0.0,Younger,14,11 14 16,11 14 16,14 16
avgk,257,1298,1,18,Skateboarder,1.0,Middle,18,13 16 18,6 13 16 18,6 13 16 18
avgk,257,419,19,19,Speaker,1.0,Middle,20,5 6 8 10 11 16 17 20,8 16 17 20,8 16 17 20
avgk,257,809,10,10,Horse Rider,1.0,Middle,10,5 8 10 12,5 8 10 12,5 8 10 12
avgk,257,490,5,5,Farmer,0.0,Younger,5,5 11 16,5 11 16,5 11
avgk,257,826,11,6,Guard,3.0,Unknown,6,6,6,6
avgk,257,312,9,9,Hairdresser,1.0,Middle,9,2 9 11 15,2 9 11 15,2 9 11 15
avgk,257,859,12,12,Officer,1.0,Middle,6,2 6 12,2 6 12 13,2 6 12 13
avgk,257,1113,2,2,Boatman,1.0,Middle,2,2 14,2 11 14 17,2 11 14 17
avgk,257,81,18,4,Craftsman,1.0,Middle,11,2 5 6 11 13 15,2 6 11 15,2 6 11 15
avgk,257,403,8,8,Gymnast,0.0,Younger,8,8,8,8
avgk,257,811,12,12,Officer,1.0,Middle,6,6 10 11 15,6 10 11 15,6 10 11 15
avgk,257,184,13,13,Motorcyclist,1.0,Middle,13,13,13,11 13
avgk,257,1377,8,8,Gymnast,0.0,Younger,8,8,8,8
avgk,257,998,17,17,Singer,0.0,Younger,17,17,11 17,17
avgk,257,1276,2,9,Hairdresser,1.0,Middle,9,9,9 15,5 9 11 15
avgk,257,82,17,7,Guitarist,1.0,Middle,7,7,7,7
avgk,257,488,3,3,Computer User,1.0,Middle,16,3 6 16,2 3 6 16,2 3 6 16
avgk,257,708,5,5,Farmer,2.0,Older,11,5 11,4 5 11,2 4 5 11 16
avgk,257,1133,12,6,Guard,1.0,Middle,11,6 11,6 11 12 13,6 11 12 13
avgk,257,1190,3,3,Computer User,1.0,Middle,1,1 3 15 16,1 3 15 16,1 3 15 16
avgk,257,1350,12,13,Motorcyclist,3.0,Unknown,12,6 12 13,3 6 12 13,3 6 12 13
avgk,257,297,17,7,Guitarist,1.0,Middle,7,7,7,7 13
avgk,257,387,20,20,Tennis Player,1.0,Middle,20,20,20,20
avgk,257,714,16,16,Salesperson,3.0,Unknown,16,11 16,11 13 16,11 16
avgk,257,1376,16,16,Salesperson,2.0,Older,16,16,11 16,3 4 6 11 16
avgk,257,486,17,7,Guitarist,1.0,Middle,17,1 6 7 11 17,1 6 7 17,1 6 7 17
avgk,257,89,19,19,Speaker,1.0,Middle,16,3 16,3 10 16 20,3 10 16 20
avgk,257,6,19,3,Computer User,0.0,Younger,3,1 3 10 11 14 15 16 17 18 19,1 3 11 17,1 3 11 17
avgk,257,459,2,2,Boatman,2.0,Older,2,2,2,2 6 14 15 16
avgk,257,544,5,11,Laborer,0.0,Younger,11,5 11 16,5 11 16,5 11 16
avgk,257,491,8,8,Gymnast,1.0,Middle,8,8,8,8
avgk,257,230,1,1,Backpacker,3.0,Unknown,1,1 16,1 6 14 16,1 6 14 16
avgk,257,113,19,19,Speaker,2.0,Older,3,3 5 10 11 12 19,3 10 12 19,3 10 11 12 19
avgk,257,340,15,15,Repairman,3.0,Unknown,15,3 6 9 11 15 16,3 9 11 15,3 9 11 15
avgk,257,1196,20,20,Tennis Player,3.0,Unknown,20,20,20,20
avgk,257,846,10,10,Horse Rider,3.0,Unknown,6,6,6,6
avgk,257,158,4,4,Craftsman,1.0,Middle,11,4 5 11 16,4 5 11 16,4 5 11 16
avgk,257,712,15,15,Repairman,1.0,Middle,11,11 15,1 4 11 15,1 4 11 15
avgk,257,501,18,18,Skateboarder,0.0,Younger,13,2 6 11 13 16 18,11 13 16 18,11 13 16 18
avgk,257,664,2,2,Boatman,1.0,Middle,2,2 16,2 11 16,2 11 15 16
avgk,257,1257,16,16,Salesperson,1.0,Middle,16,5 11 16,4 5 11 16,4 5 11 16
avgk,257,306,4,14,Painter,1.0,Middle,14,11 14 16,4 11 14 16,4 11 14 16
avgk,257,957,4,14,Painter,1.0,Middle,14,9 11 14 16,9 11 14 16,9 11 14 16
avgk,257,718,12,12,Officer,0.0,Younger,12,2 6 12 13,2 6 12 13,2 6 12 13
avgk,257,1060,12,6,Guard,0.0,Younger,6,6,6,6
avgk,257,1044,6,15,Repairman,0.0,Younger,11,3 4 6 10 11 14 15 16 17,6 11 15 16,6 11 15 16
avgk,257,455,9,11,Laborer,0.0,Younger,4,4 11 14,4 11 14,4 11
avgk,257,305,17,17,Singer,1.0,Middle,17,17,17,17
avgk,257,267,5,5,Farmer,3.0,Unknown,11,5 11,1 5 11,1 5 11
avgk,258,400,18,18,Skateboarder,3.0,Unknown,18,18,18,18
avgk,258,788,6,6,Guard,1.0,Middle,6,6,6,6
avgk,258,1390,4,4,Craftsman,1.0,Middle,11,4 11 15 16,4 11 15 16,4 11 15 16
avgk,258,850,3,3,Computer User,3.0,Unknown,16,11 16,3 11 15 16,3 11 15 16
avgk,258,946,1,14,Painter,3.0,Unknown,14,14,2 14,14
avgk,258,1116,19,19,Speaker,1.0,Middle,9,3 8 9 16 17 19,3 9 17 19,3 9 17 19
avgk,258,366,15,15,Repairman,1.0,Middle,15,11 15,11 15,4 11 15
avgk,258,870,8,8,Gymnast,0.0,Younger,8,8,8,8
avgk,258,205,12,13,Motorcyclist,1.0,Middle,13,13,12 13,12 13
avgk,258,935,1,13,Motorcyclist,3.0,Unknown,13,13,13,13
avgk,258,530,17,17,Singer,1.0,Middle,17,17,7 17,7 17
avgk,258,921,18,18,Skateboarder,3.0,Unknown,18,18,18,18
avgk,258,716,15,15,Repairman,0.0,Younger,15,15,15,15
avgk,258,615,5,11,Laborer,1.0,Middle,5,5 11,5 11,1 5 11
avgk,258,557,16,1,Backpacker,1.0,Middle,3,3 6 16 18 19 20,3 6 16 19,3 6 16 19
avgk,258,725,8,8,Gymnast,0.0,Younger,8,8,8,8
avgk,258,558,17,7,Guitarist,1.0,Middle,17,7 17,7 10 15 17,7 10 15 17
avgk,258,551,5,5,Farmer,1.0,Middle,5,5 11,5 11,5 11
avgk,258,58,11,11,Laborer,3.0,Unknown,11,6 11 14,6 11 14 18,6 11 14 18
avgk,258,1334,17,17,Singer,1.0,Middle,17,17,17,11 17
avgk,258,650,18,18,Skateboarder,3.0,Unknown,18,18,8 18,18
avgk,258,135,19,19,Speaker,3.0,Unknown,16,6 10 12 16 17 19 20,6 16 17 19,6 16 17 19
avgk,258,597,3,3,Computer User,1.0,Middle,19,3 11 15 17 19,3 11 17 19,3 11 17 19
avgk,258,675,16,16,Salesperson,1.0,Middle,16,11 15 16,2 11 15 16,2 11 15 16
avgk,258,679,5,5,Farmer,2.0,Older,5,5 11,5 11,2 4 5 11
avgk,258,107,19,1,Backpacker,1.0,Middle,16,6 11 16 17,6 11 16 17,6 11 16 17
avgk,258,560,10,10,Horse Rider,0.0,Younger,10,8 10,8 10 20,10
avgk,258,1263,8,8,Gymnast,1.0,Middle,8,8,8,8
avgk,258,936,16,16,Salesperson,1.0,Middle,16,16,16,5 11 16
avgk,258,176,2,11,Laborer,3.0,Unknown,11,2 5 11,2 5 11,2 5 11
avgk,258,112,20,20,Tennis Player,0.0,Younger,20,20,20,20
avgk,258,587,19,19,Speaker,2.0,Older,12,3 6 10 11 12 16 17 19 20,6 11 12 16,6 11 12 16 19
avgk,258,943,10,10,Horse Rider,1.0,Middle,10,10,10,8 10
avgk,258,208,4,15,Repairman,3.0,Unknown,3,3,3 19,3
avgk,258,418,16,16,Salesperson,1.0,Middle,16,1 16,1 11 16,1 11 15 16
avgk,258,186,4,4,Craftsman,2.0,Older,11,3 4 9 11 15 16,3 11 15 16,3 4 11 15 16
avgk,258,944,4,4,Craftsman,1.0,Middle,11,4 5 9 11 16,5 9 11 16,5 9 11 16
avgk,258,1354,3,3,Computer User,3.0,Unknown,3,3 10 12 16,3 10 12 16,3 10 12 16
avgk,258,521,13,13,Motorcyclist,1.0,Middle,13,13,13,13
avgk,258,389,13,1,Backpacker,2.0,Older,13,13,13,1 2 13 16
avgk,258,982,2,2,Boatman,1.0,Middle,2,2,2,1 2
avgk,258,1147,6,6,Guard,0.0,Younger,6,6,6,6
avgk,258,611,1,7,Guitarist,3.0,Unknown,16,1 15 16,1 4 15 16,1 4 15 16
avgk,258,139,5,9,Hairdresser,1.0,Middle,11,5 9 11,4 5 9 11,4 5 9 11
avgk,258,386,17,7,Guitarist,3.0,Unknown,17,17,17,17
avgk,258,1325,12,12,Officer,1.0,Middle,6,6 12 13,6 12 13 19,6 12 13 19
avgk,258,846,6,10,Horse Rider,3.0,Unknown,6,6,6,6
avgk,258,1060,6,6,Guard,0.0,Younger,6,6,6,6
avgk,258,966,14,14,Painter,2.0,Older,14,5 11 14,4 5 11 14,4 5 11 12 14
avgk,258,1203,6,12,Officer,1.0,Middle,6,6 11,2 6 11 12,2 6 11 12
avgk,259,646,17,7,Guitarist,1.0,Middle,17,7 11 17,6 7 11 17,6 7 11 17
avgk,259,1356,5,11,Laborer,3.0,Unknown,11,5 11,5 11 16,5 11 16
avgk,259,1032,12,12,Officer,3.0,Unknown,6,6 12,6 12 13,6 12
avgk,259,71,10,6,Guard,1.0,Middle,6,6 10 14,6 9 10 14,6 9 10 14
avgk,259,991,20,20,Tennis Player,1.0,Middle,20,20,20,20
avgk,259,1048,16,16,Salesperson,1.0,Middle,16,5 11 16,5 11 16,1 5 11 16
avgk,259,107,17,1,Backpacker,1.0,Middle,16,6 11 16 17,6 11 16 17,6 11 16 17
avgk,259,159,17,17,Singer,1.0,Middle,17,7 17,7 17,7 10 17 19
avgk,259,79,15,3,Computer User,0.0,Younger,3,3 11 15,3 11 15,3
avgk,259,133,5,5,Farmer,3.0,Unknown,11,5 11,5 11,5 11
avgk,259,316,8,8,Gymnast,1.0,Middle,8,8,8,8
avgk,259,849,7,7,Guitarist,1.0,Middle,7,7 17,7 17,7 17
avgk,259,63,12,11,Laborer,1.0,Middle,6,6 13,6 12 13 16,6 12 13 16
avgk,259,28,9,9,Hairdresser,1.0,Middle,9,9,9,6 9
avgk,259,1070,6,12,Officer,3.0,Unknown,6,6 12,3 6 12 16,6 12 16
avgk,259,1105,7,17,Singer,1.0,Middle,16,2 7 11 16 17,2 7 16 17,2 7 16 17
avgk,259,273,15,15,Repairman,1.0,Middle,15,11 15,11 15 16,11 15 16
avgk,259,1049,3,3,Computer User,3.0,Unknown,2,2 3 16,2 3 11 16,2 3 16
avgk,259,470,9,9,Hairdresser,3.0,Unknown,9,9,9,9
avgk,259,70,15,15,Repairman,2.0,Older,15,4 11 15,4 11 15,4 9 11 15
avgk,259,86,5,5,Farmer,3.0,Unknown,5,2 5 11,2 5 11,2 5 11
avgk,259,854,3,3,Computer User,1.0,Middle,3,3,3 4 15 19,3 4 15 19
avgk,259,1188,9,9,Hairdresser,3.0,Unknown,9,9 11,9 11,9
avgk,259,1379,13,13,Motorcyclist,2.0,Older,13,13,12 13,4 10 12 13 15
avgk,259,1318,18,18,Skateboarder,3.0,Unknown,18,18,18,18
avgk,259,625,13,13,Motorcyclist,3.0,Unknown,13,13,13,13
avgk,259,602,2,2,Boatman,1.0,Middle,2,2 6 19,2 3 6 19,2 3 6 19
avgk,259,1280,4,4,Craftsman,1.0,Middle,4,2 4 11,2 4 11,2 4 11
avgk,259,19,20,20,Tennis Player,1.0,Middle,20,20,20,20
avgk,259,626,2,2,Boatman,1.0,Middle,2,2,2,2
avgk,259,1243,16,19,Speaker,0.0,Younger,16,1 2 15 16 17,2 15 16 17,2 15 16 17
avgk,259,463,16,16,Salesperson,0.0,Younger,16,16,16,16
avgk,259,570,14,14,Painter,2.0,Older,14,14 16,14 16,4 11 14 15 16
avgk,259,110,8,8,Gymnast,0.0,Younger,8,8,8,8
avgk,259,665,19,19,Speaker,3.0,Unknown,19,2 3 10 11 12 13 16 17 19,2 10 12 19,2 10 12 19
avgk,259,1096,20,20,Tennis Player,1.0,Middle,20,20,20,20
avgk,259,589,10,10,Horse Rider,3.0,Unknown,10,10,10,10
avgk,259,309,12,12,Officer,1.0,Middle,6,6 13,6 12 13 16,6 12 13 16
avgk,259,843,4,14,Painter,2.0,Older,16,4 11 16,4 11 15 16,4 11 14 15 16
avgk,259,1060,12,6,Guard,0.0,Younger,6,6,6,6
avgk,259,579,4,4,Craftsman,1.0,Middle,4,4 11,4 11 15,4 11 15 16
avgk,259,807,11,11,Laborer,1.0,Middle,11,11 15,11 15,11 15
avgk,259,390,10,10,Horse Rider,1.0,Middle,10,6 10 12,6 10 12,6 10 12
avgk,259,803,18,18,Skateboarder,3.0,Unknown,18,18,18,18
avgk,259,662,1,1,Backpacker,0.0,Younger,1,1,1,1
avgk,259,351,1,1,Backpacker,0.0,Younger,1,1,1,1
avgk,259,95,10,10,Horse Rider,0.0,Younger,10,10,5 8 10,10
avgk,259,1061,4,4,Craftsman,2.0,Older,4,4 11,2 4 11,2 4 5 11 15
avgk,259,781,16,19,Speaker,1.0,Middle,16,9 11 16,4 9 11 16,4 9 11 16
avgk,259,578,16,16,Salesperson,1.0,Middle,16,11 16,11 16,11 16
avgk,260,627,1,1,Backpacker,1.0,Middle,3,1 3 4 5 14 16,1 3 5 16,1 3 5 16
avgk,260,1122,3,3,Computer User,1.0,Middle,3,3 16 17 19,3 16 17 19,3 16 17 19
avgk,260,559,7,7,Guitarist,1.0,Middle,7,7 16 17,7 11 16 17,7 11 16 17
avgk,260,985,19,19,Speaker,2.0,Older,10,3 5 6 10 11 12 19,3 10 11 19,3 6 10 11 19
avgk,260,958,17,17,Singer,1.0,Middle,17,17,17,10 17 19
avgk,260,844,5,11,Laborer,1.0,Middle,5,5 11,5 11,5 11
avgk,260,178,15,6,Guard,2.0,Older,15,6 13 15,4 6 13 15,4 6 13 15 16
avgk,260,806,15,15,Repairman,3.0,Unknown,15,4 11 15,3 4 11 15,4 11 15
avgk,260,697,5,5,Farmer,3.0,Unknown,5,5 11,5 11 12,5 11
avgk,260,1036,18,18,Skateboarder,3.0,Unknown,18,6 12 18,6 10 12 18,6 10 12 18
avgk,260,436,4,4,Craftsman,2.0,Older,4,4 11 15 16,4 11 15 16,4 9 11 15 16
avgk,260,951,16,16,Salesperson,1.0,Middle,16,5 11 16,5 11 16,4 5 11 16
avgk,260,373,14,14,Painter,1.0,Middle,14,14,14,14
avgk,260,1254,13,13,Motorcyclist,3.0,Unknown,16,2 13 16,2 11 13 16,2 11 13 16
avgk,260,855,15,14,Painter,1.0,Middle,15,11 15,11 14 15,11 14 15
avgk,260,367,16,16,Salesperson,1.0,Middle,16,11 16,5 11 16,5 6 11 16
avgk,260,402,1,1,Backpacker,0.0,Younger,1,1,1,1
avgk,260,206,5,11,Laborer,1.0,Middle,5,5 11,5 11 16,5 11 16
avgk,260,943,10,10,Horse Rider,1.0,Middle,10,10,10,8 10
avgk,260,448,12,12,Officer,1.0,Middle,12,6 12,3 6 12 13,3 6 12 13
avgk,260,788,6,6,Guard,1.0,Middle,6,6,6,6
avgk,260,152,4,16,Salesperson,2.0,Older,16,16,16,3 11 15 16
avgk,260,1332,7,17,Singer,1.0,Middle,17,7 17,7 10 14 17,7 10 14 17
avgk,260,102,18,18,Skateboarder,1.0,Middle,18,18,18,18
avgk,260,73,4,15,Repairman,2.0,Older,4,4 11,4 11 16,4 5 11 15 16
avgk,260,1042,19,19,Speaker,2.0,Older,10,5 6 8 9 10 12 16 17 19,6 10 12 16,6 10 12 16 17
avgk,260,297,7,7,Guitarist,1.0,Middle,7,7,7,7 13
avgk,260,1328,5,5,Farmer,0.0,Younger,11,5 11,5 11,5 11
avgk,260,609,10,10,Horse Rider,1.0,Middle,10,8 10,5 8 10 20,5 8 10 20
avgk,260,473,1,2,Boatman,1.0,Middle,2,2,2 11,2 11
avgk,260,1182,3,3,Computer User,3.0,Unknown,3,3,3,3
avgk,260,432,18,18,Skateboarder,0.0,Younger,18,18,18,18
avgk,260,1371,8,8,Gymnast,1.0,Middle,8,8,8,8
avgk,260,1354,3,3,Computer User,3.0,Unknown,3,3 10 12 16,3 10 12 16,3 10 12 16
avgk,260,85,19,19,Speaker,0.0,Younger,16,1 4 6 10 11 13 16,1 10 11 16,1 10 11 16
avgk,260,319,5,5,Farmer,1.0,Middle,5,5 11,5 11 16,5 11 16
avgk,260,193,6,2,Boatman,3.0,Unknown,2,2 6,2 6 11 12,2 6 12
avgk,260,291,6,12,Officer,3.0,Unknown,6,6,6,6
avgk,260,1389,13,13,Motorcyclist,3.0,Unknown,13,13,13,13
avgk,260,1202,7,7,Guitarist,2.0,Older,7,3 7,3 7 11 17,3 7 11 16 17
avgk,260,275,6,6,Guard,1.0,Middle,6,6,6,6
avgk,260,842,14,14,Painter,3.0,Unknown,16,11 14 16,11 14 16,11 14 16
avgk,260,964,12,10,Horse Rider,1.0,Middle,10,10 12,2 6 10 12,2 6 10 12
avgk,260,19,20,20,Tennis Player,1.0,Middle,20,20,20,20
avgk,260,1050,8,8,Gymnast,0.0,Younger,8,8,8,8
avgk,260,187,9,9,Hairdresser,3.0,Unknown,9,9,9,9
avgk,260,875,20,20,Tennis Player,1.0,Middle,20,20,20,20
avgk,260,749,12,12,Officer,2.0,Older,12,6 11 12 13 15,6 11 12 15,6 11 12 13 15
avgk,260,553,2,13,Motorcyclist,0.0,Younger,2,2,2 16,2
avgk,260,1198,9,9,Hairdresser,1.0,Middle,9,4 9 14 16,4 9 14 16,4 9 14 16
avgk,261,976,10,10,Horse Rider,3.0,Unknown,10,10,1 2 5 10,2 5 10
avgk,261,441,13,13,Motorcyclist,3.0,Unknown,13,13,13,13
avgk,261,56,12,6,Guard,1.0,Middle,2,2 6 12,2 6 12,2 6 12
avgk,261,736,5,5,Farmer,2.0,Older,5,5 11,5 11,1 4 5 11 16
avgk,261,1368,10,10,Horse Rider,1.0,Middle,10,10,8 10,8 10 12
avgk,261,756,3,3,Computer User,1.0,Middle,3,1 3 11 16,1 3 11 16,1 3 11 16
avgk,261,977,2,2,Boatman,1.0,Middle,2,2,2 16,2 11 16
avgk,261,671,8,8,Gymnast,0.0,Younger,8,8,8,8
avgk,261,140,15,15,Repairman,1.0,Middle,15,15,15,15
avgk,261,567,1,1,Backpacker,1.0,Middle,1,1 5,1 5 11 16,1 5 11 16
avgk,261,247,6,6,Guard,1.0,Middle,6,6,6,6
avgk,261,1112,20,20,Tennis Player,0.0,Younger,20,20,20,20
avgk,261,717,20,20,Tennis Player,1.0,Middle,20,20,20,20
avgk,261,352,17,17,Singer,1.0,Middle,17,17,17,17
avgk,261,855,11,14,Painter,1.0,Middle,15,11 15,11 14 15,11 14 15
avgk,261,12,19,19,Speaker,1.0,Middle,12,1 8 10 12,1 8 10 12,1 8 10 12
avgk,261,458,18,18,Skateboarder,0.0,Younger,18,18,18,18
avgk,261,1214,10,10,Horse Rider,1.0,Middle,6,6 10 12 13,6 10 12 13,6 10 12 13
avgk,261,918,11,11,Laborer,3.0,Unknown,11,11 15,4 11 14 15,11 14 15
avgk,261,128,20,19,Speaker,0.0,Younger,20,20,20,20
avgk,261,785,18,18,Skateboarder,1.0,Middle,18,18,18,18
avgk,261,1116,19,19,Speaker,1.0,Middle,9,3 8 9 16 17 19,3 9 17 19,3 9 17 19
avgk,261,1199,1,1,Backpacker,0.0,Younger,1,1 3 6 8 10 12 18,1 8 12 18,1 8 12 18
avgk,261,121,16,16,Salesperson,1.0,Middle,16,16,1 11 15 16,1 11 15 16
avgk,261,1262,4,4,Craftsman,3.0,Unknown,16,4 11 16,4 9 11 16,4 9 11 16
avgk,261,880,9,9,Hairdresser,1.0,Middle,9,9,9,9 11
avgk,261,1177,7,7,Guitarist,1.0,Middle,7,3 4 7 11 15 16 17 19,3 7 16 19,3 7 16 19
avgk,261,311,9,9,Hairdresser,0.0,Younger,9,9,2 9 11,9
avgk,261,649,13,13,Motorcyclist,1.0,Middle,13,13,13,13
avgk,261,1266,2,2,Boatman,0.0,Younger,2,2,2,2
avgk,261,308,6,6,Guard,2.0,Older,11,6 11 12,6 11 12 15,6 11 12 15 16
avgk,261,1067,3,3,Computer User,3.0,Unknown,3,3,3,3
avgk,261,605,18,18,Skateboarder,0.0,Younger,18,18,18,18
avgk,261,70,15,15,Repairman,2.0,Older,15,4 11 15,4 11 15,4 9 11 15
avgk,261,1034,17,17,Singer,0.0,Younger,17,17,17,17
avgk,261,1294,8,8,Gymnast,0.0,Younger,8,1 6 8 14,1 6 8 14,8
avgk,261,901,12,12,Officer,3.0,Unknown,6,6 11 12 13,6 11 12 13,6 11 12 13
avgk,261,626,2,2,Boatman,1.0,Middle,2,2,2,2
avgk,261,553,2,13,Motorcyclist,0.0,Younger,2,2,2 16,2
avgk,261,768,16,16,Salesperson,2.0,Older,16,2 16,2 16 18 20,2 4 16 18 20
avgk,261,291,6,12,Officer,3.0,Unknown,6,6,6,6
avgk,261,61,9,9,Hairdresser,1.0,Middle,9,9 15,9 15,4 9 11 15
avgk,261,338,16,16,Salesperson,1.0,Middle,16,11 16,11 16,11 16
avgk,261,410,6,11,Laborer,1.0,Middle,11,2 6 11 16,2 6 11 16,2 6 11 16
avgk,261,1230,4,4,Craftsman,3.0,Unknown,11,4 11 14 15,4 11 14 15,4 11 14 15
avgk,261,557,6,1,Backpacker,1.0,Middle,3,3 6 16 18 19 20,3 6 16 19,3 6 16 19
avgk,261,1267,17,17,Singer,1.0,Middle,16,11 16 17,11 15 16 17,11 15 16 17
avgk,261,288,14,14,Painter,1.0,Middle,14,11 14,11 14 15 18,11 14 15 18
avgk,261,971,14,5,Farmer,1.0,Middle,3,3 5 6 8 9 11 16 17,3 6 9 11,3 6 9 11
avgk,261,1278,3,3,Computer User,3.0,Unknown,11,3 6 11 14 15 16,3 6 11 14,3 6 11 14
avgk,262,455,10,11,Laborer,0.0,Younger,4,4 11 14,4 11 14,4 11
avgk,262,942,2,2,Boatman,3.0,Unknown,2,1 2,1 2,1 2
avgk,262,1208,12,5,Farmer,1.0,Middle,1,1 11,1 5 11 16,1 5 11 16
avgk,262,751,6,12,Officer,1.0,Middle,6,6 16,3 6 11 16,3 6 11 16
avgk,262,89,19,19,Speaker,1.0,Middle,16,3 16,3 10 16 20,3 10 16 20
avgk,262,1055,13,13,Motorcyclist,1.0,Middle,13,13,13,13
avgk,262,1083,5,5,Farmer,2.0,Older,5,5 11 16,4 5 11 16,4 5 9 11 16
avgk,262,606,3,3,Computer User,3.0,Unknown,3,3 6 8 16,3 6 8 16,3 6 8 16
avgk,262,1389,13,13,Motorcyclist,3.0,Unknown,13,13,13,13
avgk,262,167,17,17,Singer,0.0,Younger,17,17,11 17 19 20,17
avgk,262,408,2,2,Boatman,3.0,Unknown,2,2,2,2
avgk,262,1374,6,6,Guard,1.0,Middle,6,6,6 15,6 15 16
avgk,262,369,9,9,Hairdresser,1.0,Middle,9,9,9,9
avgk,262,407,5,5,Farmer,2.0,Older,5,4 5 11 15 16,5 11 15 16,4 5 11 15 16
avgk,262,654,15,4,Craftsman,3.0,Unknown,4,4 11,2 4 11 15,2 4 11 15
avgk,262,138,18,18,Skateboarder,3.0,Unknown,18,18,18,18
avgk,262,730,1,3,Computer User,3.0,Unknown,1,1 2 11 16 17,1 2 11 16,1 2 11 16
avgk,262,499,1,1,Backpacker,0.0,Younger,1,1 6 16,1 6 10 16,1
avgk,262,716,15,15,Repairman,0.0,Younger,15,15,15,15
avgk,262,105,15,15,Repairman,3.0,Unknown,15,4 11 15 16,4 11 15 16,4 11 15 16
avgk,262,643,10,10,Horse Rider,1.0,Middle,10,10,8 10,5 8 10 20
avgk,262,1342,20,20,Tennis Player,1.0,Middle,20,20,20,20
avgk,262,522,8,4,Craftsman,0.0,Younger,8,1 2 4 6 8 11 15 16 20,2 8 11 16,2 8 11 16
avgk,262,850,3,3,Computer User,3.0,Unknown,16,11 16,3 11 15 16,3 11 15 16
avgk,262,1334,17,17,Singer,1.0,Middle,17,17,17,11 17
avgk,262,517,14,14,Painter,0.0,Younger,14,11 14 15,11 14 15 16,11 14 15
avgk,262,389,13,1,Backpacker,2.0,Older,13,13,13,1 2 13 16
avgk,262,1121,18,18,Skateboarder,3.0,Unknown,2,2 16 18,1 2 16 18,1 2 16 18
avgk,262,260,2,2,Boatman,1.0,Middle,2,2 6,2 6,2 6
avgk,262,495,14,16,Salesperson,2.0,Older,2,2 14 16,2 14 16,2 4 11 14 16
avgk,262,349,20,20,Tennis Player,1.0,Middle,20,20,20,20
avgk,262,12,19,19,Speaker,1.0,Middle,12,1 8 10 12,1 8 10 12,1 8 10 12
avgk,262,843,4,14,Painter,2.0,Older,16,4 11 16,4 11 15 16,4 11 14 15 16
avgk,262,460,16,16,Salesperson,1.0,Middle,16,11 16,6 11 14 16,6 11 14 16
avgk,262,469,8,8,Gymnast,0.0,Younger,8,8,8,8
avgk,262,30,11,11,Laborer,1.0,Middle,11,4 11 15,4 11 15,4 5 11 15
avgk,262,983,20,20,Tennis Player,1.0,Middle,20,20,20,20
avgk,262,956,6,6,Guard,1.0,Middle,6,6,6,6 20
avgk,262,1263,8,8,Gymnast,1.0,Middle,8,8,8,8
avgk,262,1303,2,13,Motorcyclist,3.0,Unknown,1,1 2 11 13 16,1 2 11 13,1 2 11 13
avgk,262,1159,17,17,Singer,0.0,Younger,17,17,17,17
avgk,262,353,14,14,Painter,1.0,Middle,14,11 14,11 14,4 11 14
avgk,262,179,17,7,Guitarist,1.0,Middle,17,1 2 5 7 9 11 14 15 16 17,1 2 7 17,1 2 7 17
avgk,262,642,7,7,Guitarist,3.0,Unknown,7,7 17,7 17,7
avgk,262,96,16,1,Backpacker,1.0,Middle,16,16,11 16,11 14 15 16
avgk,262,744,18,18,Skateboarder,0.0,Younger,18,18,18,18
avgk,262,908,8,8,Gymnast,0.0,Younger,8,8,8,8
avgk,262,1348,16,16,Salesperson,1.0,Middle,9,6 9 12,3 6 9 12,3 6 9 12
avgk,262,371,11,6,Guard,1.0,Middle,6,6 11 12,6 11 12 18,6 11 12 18
avgk,262,923,6,12,Officer,3.0,Unknown,6,6 11 16,6 11 12 16,6 11 12 16
avgk,263,491,8,8,Gymnast,1.0,Middle,8,8,8,8
avgk,263,1377,8,8,Gymnast,0.0,Younger,8,8,8,8
avgk,263,387,20,20,Tennis Player,1.0,Middle,20,20,20,20
avgk,263,846,6,10,Horse Rider,3.0,Unknown,6,6,6,6
avgk,263,306,14,14,Painter,1.0,Middle,14,11 14 16,4 11 14 16,4 11 14 16
avgk,263,718,12,12,Officer,0.0,Younger,12,2 6 12 13,2 6 12 13,2 6 12 13
avgk,263,276,14,14,Painter,0.0,Younger,14,11 14 16,11 14 16,14 16
avgk,263,1298,6,18,Skateboarder,1.0,Middle,18,13 16 18,6 13 16 18,6 13 16 18
avgk,263,501,13,18,Skateboarder,0.0,Younger,13,2 6 11 13 16 18,11 13 16 18,11 13 16 18
avgk,263,6,3,3,Computer User,0.0,Younger,3,1 3 10 11 14 15 16 17 18 19,1 3 11 17,1 3 11 17
avgk,263,957,14,14,Painter,1.0,Middle,14,9 11 14 16,9 11 14 16,9 11 14 16
avgk,263,488,16,3,Computer User,1.0,Middle,16,3 6 16,2 3 6 16,2 3 6 16
avgk,263,230,1,1,Backpacker,3.0,Unknown,1,1 16,1 6 14 16,1 6 14 16
avgk,263,113,19,19,Speaker,2.0,Older,3,3 5 10 11 12 19,3 10 12 19,3 10 11 12 19
avgk,263,267,5,5,Farmer,3.0,Unknown,11,5 11,1 5 11,1 5 11
avgk,263,455,11,11,Laborer,0.0,Younger,4,4 11 14,4 11 14,4 11
avgk,263,305,17,17,Singer,1.0,Middle,17,17,17,17
avgk,263,544,5,11,Laborer,0.0,Younger,11,5 11 16,5 11 16,5 11 16
avgk,263,486,7,7,Guitarist,1.0,Middle,17,1 6 7 11 17,1 6 7 17,1 6 7 17
avgk,263,1190,3,3,Computer User,1.0,Middle,1,1 3 15 16,1 3 15 16,1 3 15 16
avgk,263,1276,9,9,Hairdresser,1.0,Middle,9,9,9 15,5 9 11 15
avgk,263,340,15,15,Repairman,3.0,Unknown,15,3 6 9 11 15 16,3 9 11 15,3 9 11 15
avgk,263,419,17,19,Speaker,1.0,Middle,20,5 6 8 10 11 16 17 20,8 16 17 20,8 16 17 20
avgk,263,1060,6,6,Guard,0.0,Younger,6,6,6,6
avgk,263,811,6,12,Officer,1.0,Middle,6,6 10 11 15,6 10 11 15,6 10 11 15
avgk,263,1257,16,16,Salesperson,1.0,Middle,16,5 11 16,4 5 11 16,4 5 11 16
avgk,263,859,12,12,Officer,1.0,Middle,6,2 6 12,2 6 12 13,2 6 12 13
avgk,263,664,2,2,Boatman,1.0,Middle,2,2 16,2 11 16,2 11 15 16
avgk,263,184,13,13,Motorcyclist,1.0,Middle,13,13,13,11 13
avgk,263,82,7,7,Guitarist,1.0,Middle,7,7,7,7
avgk,263,1133,6,6,Guard,1.0,Middle,11,6 11,6 11 12 13,6 11 12 13
avgk,263,714,16,16,Salesperson,3.0,Unknown,16,11 16,11 13 16,11 16
avgk,263,1113,2,2,Boatman,1.0,Middle,2,2 14,2 11 14 17,2 11 14 17
avgk,263,297,7,7,Guitarist,1.0,Middle,7,7,7,7 13
avgk,263,1376,16,16,Salesperson,2.0,Older,16,16,11 16,3 4 6 11 16
avgk,263,158,4,4,Craftsman,1.0,Middle,11,4 5 11 16,4 5 11 16,4 5 11 16
avgk,263,998,17,17,Singer,0.0,Younger,17,17,11 17,17
avgk,263,459,2,2,Boatman,2.0,Older,2,2,2,2 6 14 15 16
avgk,263,312,9,9,Hairdresser,1.0,Middle,9,2 9 11 15,2 9 11 15,2 9 11 15
avgk,263,89,19,19,Speaker,1.0,Middle,16,3 16,3 10 16 20,3 10 16 20
avgk,263,809,10,10,Horse Rider,1.0,Middle,10,5 8 10 12,5 8 10 12,5 8 10 12
avgk,263,490,5,5,Farmer,0.0,Younger,5,5 11 16,5 11 16,5 11
avgk,263,1196,20,20,Tennis Player,3.0,Unknown,20,20,20,20
avgk,263,826,6,6,Guard,3.0,Unknown,6,6,6,6
avgk,263,1044,13,15,Repairman,0.0,Younger,11,3 4 6 10 11 14 15 16 17,6 11 15 16,6 11 15 16
avgk,263,1350,12,13,Motorcyclist,3.0,Unknown,12,6 12 13,3 6 12 13,3 6 12 13
avgk,263,708,5,5,Farmer,2.0,Older,11,5 11,4 5 11,2 4 5 11 16
avgk,263,403,8,8,Gymnast,0.0,Younger,8,8,8,8
avgk,263,712,15,15,Repairman,1.0,Middle,11,11 15,1 4 11 15,1 4 11 15
avgk,263,81,6,4,Craftsman,1.0,Middle,11,2 5 6 11 13 15,2 6 11 15,2 6 11 15
avgk,264,488,3,3,Computer User,1.0,Middle,16,3 6 16,2 3 6 16,2 3 6 16
avgk,264,708,5,5,Farmer,2.0,Older,11,5 11,4 5 11,2 4 5 11 16
avgk,264,1196,20,20,Tennis Player,3.0,Unknown,20,20,20,20
avgk,264,419,8,19,Speaker,1.0,Middle,20,5 6 8 10 11 16 17 20,8 16 17 20,8 16 17 20
avgk,264,826,6,6,Guard,3.0,Unknown,6,6,6,6
avgk,264,267,5,5,Farmer,3.0,Unknown,11,5 11,1 5 11,1 5 11
avgk,264,544,11,11,Laborer,0.0,Younger,11,5 11 16,5 11 16,5 11 16
avgk,264,81,2,4,Craftsman,1.0,Middle,11,2 5 6 11 13 15,2 6 11 15,2 6 11 15
avgk,264,998,17,17,Singer,0.0,Younger,17,17,11 17,17
avgk,264,1044,14,15,Repairman,0.0,Younger,11,3 4 6 10 11 14 15 16 17,6 11 15 16,6 11 15 16
avgk,264,459,2,2,Boatman,2.0,Older,2,2,2,2 6 14 15 16
avgk,264,89,16,19,Speaker,1.0,Middle,16,3 16,3 10 16 20,3 10 16 20
avgk,264,387,20,20,Tennis Player,1.0,Middle,20,20,20,20
avgk,264,403,8,8,Gymnast,0.0,Younger,8,8,8,8
avgk,264,276,14,14,Painter,0.0,Younger,14,11 14 16,11 14 16,14 16
avgk,264,490,5,5,Farmer,0.0,Younger,5,5 11 16,5 11 16,5 11
avgk,264,1257,16,16,Salesperson,1.0,Middle,16,5 11 16,4 5 11 16,4 5 11 16
avgk,264,1133,6,6,Guard,1.0,Middle,11,6 11,6 11 12 13,6 11 12 13
avgk,264,846,10,10,Horse Rider,3.0,Unknown,6,6,6,6
avgk,264,714,16,16,Salesperson,3.0,Unknown,16,11 16,11 13 16,11 16
avgk,264,113,19,19,Speaker,2.0,Older,3,3 5 10 11 12 19,3 10 12 19,3 10 11 12 19
avgk,264,230,1,1,Backpacker,3.0,Unknown,1,1 16,1 6 14 16,1 6 14 16
avgk,264,82,7,7,Guitarist,1.0,Middle,7,7,7,7
avgk,264,306,14,14,Painter,1.0,Middle,14,11 14 16,4 11 14 16,4 11 14 16
avgk,264,6,3,3,Computer User,0.0,Younger,3,1 3 10 11 14 15 16 17 18 19,1 3 11 17,1 3 11 17
avgk,264,158,11,4,Craftsman,1.0,Middle,11,4 5 11 16,4 5 11 16,4 5 11 16
avgk,264,957,14,14,Painter,1.0,Middle,14,9 11 14 16,9 11 14 16,9 11 14 16
avgk,264,305,18,17,Singer,1.0,Middle,17,17,17,17
avgk,264,1113,2,2,Boatman,1.0,Middle,2,2 14,2 11 14 17,2 11 14 17
avgk,264,184,13,13,Motorcyclist,1.0,Middle,13,13,13,11 13
avgk,264,859,12,12,Officer,1.0,Middle,6,2 6 12,2 6 12 13,2 6 12 13
avgk,264,1350,12,13,Motorcyclist,3.0,Unknown,12,6 12 13,3 6 12 13,3 6 12 13
avgk,264,1298,18,18,Skateboarder,1.0,Middle,18,13 16 18,6 13 16 18,6 13 16 18
avgk,264,1190,3,3,Computer User,1.0,Middle,1,1 3 15 16,1 3 15 16,1 3 15 16
avgk,264,718,6,12,Officer,0.0,Younger,12,2 6 12 13,2 6 12 13,2 6 12 13
avgk,264,811,15,12,Officer,1.0,Middle,6,6 10 11 15,6 10 11 15,6 10 11 15
avgk,264,491,8,8,Gymnast,1.0,Middle,8,8,8,8
avgk,264,297,7,7,Guitarist,1.0,Middle,7,7,7,7 13
avgk,264,1377,8,8,Gymnast,0.0,Younger,8,8,8,8
avgk,264,501,18,18,Skateboarder,0.0,Younger,13,2 6 11 13 16 18,11 13 16 18,11 13 16 18
avgk,264,340,15,15,Repairman,3.0,Unknown,15,3 6 9 11 15 16,3 9 11 15,3 9 11 15
avgk,264,712,15,15,Repairman,1.0,Middle,11,11 15,1 4 11 15,1 4 11 15
avgk,264,664,2,2,Boatman,1.0,Middle,2,2 16,2 11 16,2 11 15 16
avgk,264,486,7,7,Guitarist,1.0,Middle,17,1 6 7 11 17,1 6 7 17,1 6 7 17
avgk,264,455,11,11,Laborer,0.0,Younger,4,4 11 14,4 11 14,4 11
avgk,264,1060,6,6,Guard,0.0,Younger,6,6,6,6
avgk,264,1276,9,9,Hairdresser,1.0,Middle,9,9,9 15,5 9 11 15
avgk,264,1376,16,16,Salesperson,2.0,Older,16,16,11 16,3 4 6 11 16
avgk,264,312,9,9,Hairdresser,1.0,Middle,9,2 9 11 15,2 9 11 15,2 9 11 15
avgk,264,809,10,10,Horse Rider,1.0,Middle,10,5 8 10 12,5 8 10 12,5 8 10 12
avgk,265,843,4,14,Painter,2.0,Older,16,4 11 16,4 11 15 16,4 11 14 15 16
avgk,265,499,1,1,Backpacker,0.0,Younger,1,1 6 16,1 6 10 16,1
avgk,265,96,16,1,Backpacker,1.0,Middle,16,16,11 16,11 14 15 16
avgk,265,1159,17,17,Singer,0.0,Younger,17,17,17,17
avgk,265,469,8,8,Gymnast,0.0,Younger,8,8,8,8
avgk,265,371,6,6,Guard,1.0,Middle,6,6 11 12,6 11 12 18,6 11 12 18
avgk,265,716,15,15,Repairman,0.0,Younger,15,15,15,15
avgk,265,260,2,2,Boatman,1.0,Middle,2,2 6,2 6,2 6
avgk,265,12,19,19,Speaker,1.0,Middle,12,1 8 10 12,1 8 10 12,1 8 10 12
avgk,265,908,8,8,Gymnast,0.0,Younger,8,8,8,8
avgk,265,1083,11,5,Farmer,2.0,Older,5,5 11 16,4 5 11 16,4 5 9 11 16
avgk,265,369,9,9,Hairdresser,1.0,Middle,9,9,9,9
avgk,265,179,7,7,Guitarist,1.0,Middle,17,1 2 5 7 9 11 14 15 16 17,1 2 7 17,1 2 7 17
avgk,265,956,6,6,Guard,1.0,Middle,6,6,6,6 20
avgk,265,730,1,3,Computer User,3.0,Unknown,1,1 2 11 16 17,1 2 11 16,1 2 11 16
avgk,265,983,20,20,Tennis Player,1.0,Middle,20,20,20,20
avgk,265,353,14,14,Painter,1.0,Middle,14,11 14,11 14,4 11 14
avgk,265,1121,18,18,Skateboarder,3.0,Unknown,2,2 16 18,1 2 16 18,1 2 16 18
avgk,265,407,5,5,Farmer,2.0,Older,5,4 5 11 15 16,5 11 15 16,4 5 11 15 16
avgk,265,643,10,10,Horse Rider,1.0,Middle,10,10,8 10,5 8 10 20
avgk,265,1374,6,6,Guard,1.0,Middle,6,6,6 15,6 15 16
avgk,265,495,14,16,Salesperson,2.0,Older,2,2 14 16,2 14 16,2 4 11 14 16
avgk,265,349,20,20,Tennis Player,1.0,Middle,20,20,20,20
avgk,265,455,4,11,Laborer,0.0,Younger,4,4 11 14,4 11 14,4 11
avgk,265,606,3,3,Computer User,3.0,Unknown,3,3 6 8 16,3 6 8 16,3 6 8 16
avgk,265,1334,17,17,Singer,1.0,Middle,17,17,17,11 17
avgk,265,138,18,18,Skateboarder,3.0,Unknown,18,18,18,18
avgk,265,389,13,1,Backpacker,2.0,Older,13,13,13,1 2 13 16
avgk,265,460,16,16,Salesperson,1.0,Middle,16,11 16,6 11 14 16,6 11 14 16
avgk,265,1303,2,13,Motorcyclist,3.0,Unknown,1,1 2 11 13 16,1 2 11 13,1 2 11 13
avgk,265,408,2,2,Boatman,3.0,Unknown,2,2,2,2
avgk,265,642,7,7,Guitarist,3.0,Unknown,7,7 17,7 17,7
avgk,265,850,3,3,Computer User,3.0,Unknown,16,11 16,3 11 15 16,3 11 15 16
avgk,265,522,8,4,Craftsman,0.0,Younger,8,1 2 4 6 8 11 15 16 20,2 8 11 16,2 8 11 16
avgk,265,923,1,12,Officer,3.0,Unknown,6,6 11 16,6 11 12 16,6 11 12 16
avgk,265,744,18,18,Skateboarder,0.0,Younger,18,18,18,18
avgk,265,167,17,17,Singer,0.0,Younger,17,17,11 17 19 20,17
avgk,265,517,14,14,Painter,0.0,Younger,14,11 14 15,11 14 15 16,11 14 15
avgk,265,942,1,2,Boatman,3.0,Unknown,2,1 2,1 2,1 2
avgk,265,89,16,19,Speaker,1.0,Middle,16,3 16,3 10 16 20,3 10 16 20
avgk,265,1348,12,16,Salesperson,1.0,Middle,9,6 9 12,3 6 9 12,3 6 9 12
avgk,265,30,11,11,Laborer,1.0,Middle,11,4 11 15,4 11 15,4 5 11 15
avgk,265,1389,13,13,Motorcyclist,3.0,Unknown,13,13,13,13
avgk,265,751,6,12,Officer,1.0,Middle,6,6 16,3 6 11 16,3 6 11 16
avgk,265,1263,8,8,Gymnast,1.0,Middle,8,8,8,8
avgk,265,1055,13,13,Motorcyclist,1.0,Middle,13,13,13,13
avgk,265,1342,20,20,Tennis Player,1.0,Middle,20,20,20,20
avgk,265,105,15,15,Repairman,3.0,Unknown,15,4 11 15 16,4 11 15 16,4 11 15 16
avgk,265,1208,11,5,Farmer,1.0,Middle,1,1 11,1 5 11 16,1 5 11 16
avgk,265,654,4,4,Craftsman,3.0,Unknown,4,4 11,2 4 11 15,2 4 11 15
avgk,266,923,6,12,Officer,3.0,Unknown,6,6 11 16,6 11 12 16,6 11 12 16
avgk,266,983,20,20,Tennis Player,1.0,Middle,20,20,20,20
avgk,266,371,6,6,Guard,1.0,Middle,6,6 11 12,6 11 12 18,6 11 12 18
avgk,266,353,14,14,Painter,1.0,Middle,14,11 14,11 14,4 11 14
avgk,266,89,19,19,Speaker,1.0,Middle,16,3 16,3 10 16 20,3 10 16 20
avgk,266,1348,1,16,Salesperson,1.0,Middle,9,6 9 12,3 6 9 12,3 6 9 12
avgk,266,908,8,8,Gymnast,0.0,Younger,8,8,8,8
avgk,266,730,1,3,Computer User,3.0,Unknown,1,1 2 11 16 17,1 2 11 16,1 2 11 16
avgk,266,850,3,3,Computer User,3.0,Unknown,16,11 16,3 11 15 16,3 11 15 16
avgk,266,349,20,20,Tennis Player,1.0,Middle,20,20,20,20
avgk,266,460,4,16,Salesperson,1.0,Middle,16,11 16,6 11 14 16,6 11 14 16
avgk,266,455,4,11,Laborer,0.0,Younger,4,4 11 14,4 11 14,4 11
avgk,266,12,19,19,Speaker,1.0,Middle,12,1 8 10 12,1 8 10 12,1 8 10 12
avgk,266,654,11,4,Craftsman,3.0,Unknown,4,4 11,2 4 11 15,2 4 11 15
avgk,266,105,15,15,Repairman,3.0,Unknown,15,4 11 15 16,4 11 15 16,4 11 15 16
avgk,266,1055,13,13,Motorcyclist,1.0,Middle,13,13,13,13
avgk,266,517,14,14,Painter,0.0,Younger,14,11 14 15,11 14 15 16,11 14 15
avgk,266,369,9,9,Hairdresser,1.0,Middle,9,9,9,9
avgk,266,30,15,11,Laborer,1.0,Middle,11,4 11 15,4 11 15,4 5 11 15
avgk,266,1303,2,13,Motorcyclist,3.0,Unknown,1,1 2 11 13 16,1 2 11 13,1 2 11 13
avgk,266,1159,17,17,Singer,0.0,Younger,17,17,17,17
avgk,266,843,4,14,Painter,2.0,Older,16,4 11 16,4 11 15 16,4 11 14 15 16
avgk,266,96,16,1,Backpacker,1.0,Middle,16,16,11 16,11 14 15 16
avgk,266,495,16,16,Salesperson,2.0,Older,2,2 14 16,2 14 16,2 4 11 14 16
avgk,266,751,6,12,Officer,1.0,Middle,6,6 16,3 6 11 16,3 6 11 16
avgk,266,1334,17,17,Singer,1.0,Middle,17,17,17,11 17
avgk,266,167,17,17,Singer,0.0,Younger,17,17,11 17 19 20,17
avgk,266,179,7,7,Guitarist,1.0,Middle,17,1 2 5 7 9 11 14 15 16 17,1 2 7 17,1 2 7 17
avgk,266,956,1,6,Guard,1.0,Middle,6,6,6,6 20
avgk,266,522,8,4,Craftsman,0.0,Younger,8,1 2 4 6 8 11 15 16 20,2 8 11 16,2 8 11 16
avgk,266,1342,20,20,Tennis Player,1.0,Middle,20,20,20,20
avgk,266,744,18,18,Skateboarder,0.0,Younger,18,18,18,18
avgk,266,942,2,2,Boatman,3.0,Unknown,2,1 2,1 2,1 2
avgk,266,642,7,7,Guitarist,3.0,Unknown,7,7 17,7 17,7
avgk,266,138,18,18,Skateboarder,3.0,Unknown,18,18,18,18
avgk,266,408,2,2,Boatman,3.0,Unknown,2,2,2,2
avgk,266,1208,11,5,Farmer,1.0,Middle,1,1 11,1 5 11 16,1 5 11 16
avgk,266,716,15,15,Repairman,0.0,Younger,15,15,15,15
avgk,266,407,5,5,Farmer,2.0,Older,5,4 5 11 15 16,5 11 15 16,4 5 11 15 16
avgk,266,643,10,10,Horse Rider,1.0,Middle,10,10,8 10,5 8 10 20
avgk,266,1374,6,6,Guard,1.0,Middle,6,6,6 15,6 15 16
avgk,266,1263,8,8,Gymnast,1.0,Middle,8,8,8,8
avgk,266,1389,13,13,Motorcyclist,3.0,Unknown,13,13,13,13
avgk,266,260,2,2,Boatman,1.0,Middle,2,2 6,2 6,2 6
avgk,266,606,3,3,Computer User,3.0,Unknown,3,3 6 8 16,3 6 8 16,3 6 8 16
avgk,266,1121,18,18,Skateboarder,3.0,Unknown,2,2 16 18,1 2 16 18,1 2 16 18
avgk,266,469,8,8,Gymnast,0.0,Younger,8,8,8,8
avgk,266,389,13,1,Backpacker,2.0,Older,13,13,13,1 2 13 16
avgk,266,499,1,1,Backpacker,0.0,Younger,1,1 6 16,1 6 10 16,1
avgk,266,1083,5,5,Farmer,2.0,Older,5,5 11 16,4 5 11 16,4 5 9 11 16
avgk,267,510,20,20,Tennis Player,1.0,Middle,20,16 18 20,16 18 20,1 16 18 20
avgk,267,237,7,7,Guitarist,1.0,Middle,7,7,7,7 12 17
avgk,267,534,6,3,Computer User,1.0,Middle,11,2 3 6 11 15,2 3 11 15,2 3 11 15
avgk,267,1396,13,13,Motorcyclist,3.0,Unknown,13,1 11 13 16,1 11 13 16,1 11 13 16
avgk,267,371,6,6,Guard,1.0,Middle,6,6 11 12,6 11 12 18,6 11 12 18
avgk,267,1057,9,9,Hairdresser,0.0,Younger,9,9,9,9
avgk,267,118,15,15,Repairman,1.0,Middle,3,3 15 16 19,3 15 16 19,3 15 16 19
avgk,267,742,15,15,Repairman,1.0,Middle,15,11 13 15,4 11 13 15,4 11 13 15
avgk,267,685,13,13,Motorcyclist,1.0,Middle,16,13 16,6 13 15 16,6 13 15 16
avgk,267,227,9,9,Hairdresser,1.0,Middle,9,9 11 16,4 9 11 16,4 9 11 16
avgk,267,189,19,19,Speaker,1.0,Middle,20,1 20,1 20,1 20
avgk,267,789,6,11,Laborer,1.0,Middle,6,6 11 15,6 11 15 18,6 11 15 18
avgk,267,23,5,5,Farmer,1.0,Middle,5,5 11,5 11,5 11 15 16
avgk,267,233,16,16,Salesperson,1.0,Middle,11,5 11,5 11 16,2 5 11 16
avgk,267,22,2,2,Boatman,0.0,Younger,2,2,2,2
avgk,267,832,18,18,Skateboarder,1.0,Middle,18,18,18,18
avgk,267,1130,11,14,Painter,1.0,Middle,15,4 11 14 15,4 11 14 15,4 11 14 15
avgk,267,936,16,16,Salesperson,1.0,Middle,16,16,16,5 11 16
avgk,267,715,10,10,Horse Rider,1.0,Middle,10,8 10,6 8 10 12,6 8 10 12
avgk,267,660,11,11,Laborer,1.0,Middle,11,11,11,4 5 11
avgk,267,447,16,13,Motorcyclist,0.0,Younger,13,1 11 13 16,1 11 13 16,11 13 16
avgk,267,1076,6,11,Laborer,1.0,Middle,6,6 11 13 16,6 11 13 16,6 11 13 16
avgk,267,556,5,5,Farmer,1.0,Middle,5,5 11,5 11 16,5 11 16
avgk,267,1346,18,18,Skateboarder,1.0,Middle,18,18,18,18
avgk,267,786,17,17,Singer,3.0,Unknown,17,8 11 17 19,8 11 17 19,8 11 17 19
avgk,267,676,1,1,Backpacker,1.0,Middle,1,1 11 16,1 11 16,1 5 11 16
avgk,267,1330,1,1,Backpacker,1.0,Middle,1,1 4 6 7 11 12 15 17 18 19,1 6 7 15,1 6 7 15
avgk,267,914,8,8,Gymnast,1.0,Middle,8,8,8,8
avgk,267,1360,4,4,Craftsman,3.0,Unknown,16,11 14 15 16,11 14 15 16,11 14 15 16
avgk,267,1378,20,20,Tennis Player,0.0,Younger,20,20,20,20
avgk,267,299,16,4,Craftsman,1.0,Middle,16,1 11 16,1 11 15 16,1 11 15 16
avgk,267,609,10,10,Horse Rider,1.0,Middle,10,8 10,5 8 10 20,5 8 10 20
avgk,267,459,2,2,Boatman,2.0,Older,2,2,2,2 6 14 15 16
avgk,267,1156,20,20,Tennis Player,0.0,Younger,20,20,20,20
avgk,267,822,12,12,Officer,1.0,Middle,6,3 6 12 15,3 6 12 15,3 6 12 15
avgk,267,604,19,6,Guard,1.0,Middle,6,6 11 16,1 6 11 16,1 6 11 16
avgk,267,43,17,17,Singer,3.0,Unknown,17,17,10 17,17
avgk,267,610,19,19,Speaker,2.0,Older,19,5 10 11 16 19,5 11 16 19,5 10 11 16 19
avgk,267,874,5,5,Farmer,1.0,Middle,5,5,5,5 11
avgk,267,1102,2,2,Boatman,3.0,Unknown,2,2,2,2
avgk,267,1229,4,4,Craftsman,3.0,Unknown,4,4 15,4 15,4 15
avgk,267,1177,7,7,Guitarist,1.0,Middle,7,3 4 7 11 15 16 17 19,3 7 16 19,3 7 16 19
avgk,267,257,18,18,Skateboarder,0.0,Younger,18,18,18,18
avgk,267,530,17,17,Singer,1.0,Middle,17,17,7 17,7 17
avgk,267,1190,3,3,Computer User,1.0,Middle,1,1 3 15 16,1 3 15 16,1 3 15 16
avgk,267,381,1,1,Backpacker,0.0,Younger,16,1 3 6 11 15 16,1 6 11 16,1 6 11 16
avgk,267,854,3,3,Computer User,1.0,Middle,3,3,3 4 15 19,3 4 15 19
avgk,267,1013,11,16,Salesperson,1.0,Middle,16,11 16,11 16,11 16
avgk,267,178,6,6,Guard,2.0,Older,15,6 13 15,4 6 13 15,4 6 13 15 16
avgk,267,1099,10,10,Horse Rider,0.0,Younger,10,10,10,10
avgk,268,1084,20,20,Tennis Player,3.0,Unknown,20,20,20,20
avgk,268,1236,7,7,Guitarist,1.0,Middle,11,1 2 5 7 11 16 17 20,1 2 11 20,1 2 11 20
avgk,268,1286,7,7,Guitarist,3.0,Unknown,7,7,7,7
avgk,268,433,15,15,Repairman,1.0,Middle,15,11 13 15,11 13 15 17,11 13 15 17
avgk,268,255,17,17,Singer,1.0,Middle,17,17,17,17
avgk,268,103,9,9,Hairdresser,1.0,Middle,9,9,9 11,9 11 16
avgk,268,336,17,17,Singer,0.0,Younger,17,17,17,17
avgk,268,165,13,13,Motorcyclist,1.0,Middle,2,1 2 13,1 2 13 19,1 2 13 19
avgk,268,288,14,14,Painter,1.0,Middle,14,11 14,11 14 15 18,11 14 15 18
avgk,268,1072,4,4,Craftsman,0.0,Younger,11,4 6 11 15 16,4 11 15 16,4 11 15 16
avgk,268,1217,8,8,Gymnast,3.0,Unknown,8,8,8,8
avgk,268,915,15,15,Repairman,1.0,Middle,11,11 15,11 15,11 15
avgk,268,1316,14,16,Salesperson,1.0,Middle,2,1 2 11 14,1 2 11 14,1 2 11 14
avgk,268,1049,3,3,Computer User,3.0,Unknown,2,2 3 16,2 3 11 16,2 3 16
avgk,268,894,12,6,Guard,2.0,Older,15,6 15 16,4 6 15 16,4 6 11 15 16
avgk,268,859,12,12,Officer,1.0,Middle,6,2 6 12,2 6 12 13,2 6 12 13
avgk,268,206,5,11,Laborer,1.0,Middle,5,5 11,5 11 16,5 11 16
avgk,268,381,18,1,Backpacker,0.0,Younger,16,1 3 6 11 15 16,1 6 11 16,1 6 11 16
avgk,268,898,12,13,Motorcyclist,1.0,Middle,13,2 11 13 16,2 11 13 16,2 11 13 16
avgk,268,1221,9,9,Hairdresser,1.0,Middle,9,4 9 16,4 9 11 16,4 9 11 16
avgk,268,992,7,7,Guitarist,2.0,Older,7,7,7,7 11 16 17 18
avgk,268,478,11,5,Farmer,3.0,Unknown,5,2 5 11,2 5 11,2 5 11
avgk,268,498,2,2,Boatman,1.0,Middle,2,2,2,2 11 16
avgk,268,1115,19,19,Speaker,1.0,Middle,6,6 9 10 12 17 19,6 9 17 19,6 9 17 19
avgk,268,287,3,3,Computer User,3.0,Unknown,16,3 5 16,3 5 10 16,3 5 10 16
avgk,268,445,13,13,Motorcyclist,3.0,Unknown,11,11 16,11 16,11 16
avgk,268,39,9,9,Hairdresser,2.0,Older,9,4 9 15,4 9 15,4 6 9 15 16
avgk,268,350,18,18,Skateboarder,1.0,Middle,18,18,18,18
avgk,268,120,3,10,Horse Rider,0.0,Younger,10,10,5 10 12 16,10
avgk,268,1136,8,8,Gymnast,0.0,Younger,8,8,8,8
avgk,268,69,19,19,Speaker,1.0,Middle,17,9 16 17 20,9 16 17 20,9 16 17 20
avgk,268,348,12,12,Officer,0.0,Younger,16,6 11 12 13 16,6 11 12 16,6 11 12 16
avgk,268,824,14,14,Painter,3.0,Unknown,14,14,14,14
avgk,268,339,17,17,Singer,1.0,Middle,17,17,17,10 11 17 20
avgk,268,74,20,20,Tennis Player,1.0,Middle,20,20,20,20
avgk,268,272,16,16,Salesperson,2.0,Older,16,11 16,11 16,5 6 11 16
avgk,268,697,11,5,Farmer,3.0,Unknown,5,5 11,5 11 12,5 11
avgk,268,440,6,6,Guard,1.0,Middle,6,6 12,6 12,6 11 12 15
avgk,268,1094,20,20,Tennis Player,1.0,Middle,20,20,20,20
avgk,268,410,12,11,Laborer,1.0,Middle,11,2 6 11 16,2 6 11 16,2 6 11 16
avgk,268,1171,1,18,Skateboarder,0.0,Younger,1,1 16 18,1 16 18,1
avgk,268,683,12,12,Officer,3.0,Unknown,6,6 12 13 16,6 12 13 16,6 12 13 16
avgk,268,1367,4,4,Craftsman,1.0,Middle,11,11 16,5 11 16,2 5 11 16
avgk,268,215,11,14,Painter,1.0,Middle,11,11 14 15,4 11 14 15,4 11 14 15
avgk,268,753,3,3,Computer User,1.0,Middle,11,1 11 18,1 3 11 18,1 3 11 18
avgk,268,924,6,6,Guard,0.0,Younger,6,6 15,6 15,6
avgk,268,226,2,2,Boatman,0.0,Younger,2,2,2,2
avgk,268,459,2,2,Boatman,2.0,Older,2,2,2,2 6 14 15 16
avgk,268,147,1,1,Backpacker,1.0,Middle,1,1,1 11,1 3 11 16
avgk,268,661,8,8,Gymnast,0.0,Younger,8,8 18,8 18,8
avgk,269,120,12,10,Horse Rider,0.0,Younger,10,10,5 10 12 16,10
avgk,269,697,11,5,Farmer,3.0,Unknown,5,5 11,5 11 12,5 11
avgk,269,339,17,17,Singer,1.0,Middle,17,17,17,10 11 17 20
avgk,269,336,17,17,Singer,0.0,Younger,17,17,17,17
avgk,269,898,6,13,Motorcyclist,1.0,Middle,13,2 11 13 16,2 11 13 16,2 11 13 16
avgk,269,39,12,9,Hairdresser,2.0,Older,9,4 9 15,4 9 15,4 6 9 15 16
avgk,269,859,12,12,Officer,1.0,Middle,6,2 6 12,2 6 12 13,2 6 12 13
avgk,269,287,3,3,Computer User,3.0,Unknown,16,3 5 16,3 5 10 16,3 5 10 16
avgk,269,440,6,6,Guard,1.0,Middle,6,6 12,6 12,6 11 12 15
avgk,269,992,7,7,Guitarist,2.0,Older,7,7,7,7 11 16 17 18
avgk,269,824,14,14,Painter,3.0,Unknown,14,14,14,14
avgk,269,165,13,13,Motorcyclist,1.0,Middle,2,1 2 13,1 2 13 19,1 2 13 19
avgk,269,350,18,18,Skateboarder,1.0,Middle,18,18,18,18
avgk,269,924,6,6,Guard,0.0,Younger,6,6 15,6 15,6
avgk,269,894,6,6,Guard,2.0,Older,15,6 15 16,4 6 15 16,4 6 11 15 16
avgk,269,348,6,12,Officer,0.0,Younger,16,6 11 12 13 16,6 11 12 16,6 11 12 16
avgk,269,753,19,3,Computer User,1.0,Middle,11,1 11 18,1 3 11 18,1 3 11 18
avgk,269,215,11,14,Painter,1.0,Middle,11,11 14 15,4 11 14 15,4 11 14 15
avgk,269,661,8,8,Gymnast,0.0,Younger,8,8 18,8 18,8
avgk,269,478,5,5,Farmer,3.0,Unknown,5,2 5 11,2 5 11,2 5 11
avgk,269,74,20,20,Tennis Player,1.0,Middle,20,20,20,20
avgk,269,683,6,12,Officer,3.0,Unknown,6,6 12 13 16,6 12 13 16,6 12 13 16
avgk,269,1072,4,4,Craftsman,0.0,Younger,11,4 6 11 15 16,4 11 15 16,4 11 15 16
avgk,269,272,16,16,Salesperson,2.0,Older,16,11 16,11 16,5 6 11 16
avgk,269,1115,19,19,Speaker,1.0,Middle,6,6 9 10 12 17 19,6 9 17 19,6 9 17 19
avgk,269,1084,20,20,Tennis Player,3.0,Unknown,20,20,20,20
avgk,269,1367,11,4,Craftsman,1.0,Middle,11,11 16,5 11 16,2 5 11 16
avgk,269,69,19,19,Speaker,1.0,Middle,17,9 16 17 20,9 16 17 20,9 16 17 20
avgk,269,1094,20,20,Tennis Player,1.0,Middle,20,20,20,20
avgk,269,1171,1,18,Skateboarder,0.0,Younger,1,1 16 18,1 16 18,1
avgk,269,445,11,13,Motorcyclist,3.0,Unknown,11,11 16,11 16,11 16
avgk,269,1049,3,3,Computer User,3.0,Unknown,2,2 3 16,2 3 11 16,2 3 16
avgk,269,1316,2,16,Salesperson,1.0,Middle,2,1 2 11 14,1 2 11 14,1 2 11 14
avgk,269,255,17,17,Singer,1.0,Middle,17,17,17,17
avgk,269,1236,7,7,Guitarist,1.0,Middle,11,1 2 5 7 11 16 17 20,1 2 11 20,1 2 11 20
avgk,269,103,9,9,Hairdresser,1.0,Middle,9,9,9 11,9 11 16
avgk,269,1286,7,7,Guitarist,3.0,Unknown,7,7,7,7
avgk,269,498,2,2,Boatman,1.0,Middle,2,2,2,2 11 16
avgk,269,1136,8,8,Gymnast,0.0,Younger,8,8,8,8
avgk,269,226,2,2,Boatman,0.0,Younger,2,2,2,2
avgk,269,410,11,11,Laborer,1.0,Middle,11,2 6 11 16,2 6 11 16,2 6 11 16
avgk,269,433,15,15,Repairman,1.0,Middle,15,11 13 15,11 13 15 17,11 13 15 17
avgk,269,1221,9,9,Hairdresser,1.0,Middle,9,4 9 16,4 9 11 16,4 9 11 16
avgk,269,1217,8,8,Gymnast,3.0,Unknown,8,8,8,8
avgk,269,288,14,14,Painter,1.0,Middle,14,11 14,11 14 15 18,11 14 15 18
avgk,269,147,1,1,Backpacker,1.0,Middle,1,1,1 11,1 3 11 16
avgk,269,381,1,1,Backpacker,0.0,Younger,16,1 3 6 11 15 16,1 6 11 16,1 6 11 16
avgk,269,206,5,11,Laborer,1.0,Middle,5,5 11,5 11 16,5 11 16
avgk,269,459,2,2,Boatman,2.0,Older,2,2,2,2 6 14 15 16
avgk,269,915,15,15,Repairman,1.0,Middle,11,11 15,11 15,11 15
avgk,270,558,17,7,Guitarist,1.0,Middle,17,7 17,7 10 15 17,7 10 15 17
avgk,270,1203,6,12,Officer,1.0,Middle,6,6 11,2 6 11 12,2 6 11 12
avgk,270,1263,8,8,Gymnast,1.0,Middle,8,8,8,8
avgk,270,1354,3,3,Computer User,3.0,Unknown,3,3 10 12 16,3 10 12 16,3 10 12 16
avgk,270,58,14,11,Laborer,3.0,Unknown,11,6 11 14,6 11 14 18,6 11 14 18
avgk,270,675,11,16,Salesperson,1.0,Middle,16,11 15 16,2 11 15 16,2 11 15 16
avgk,270,966,11,14,Painter,2.0,Older,14,5 11 14,4 5 11 14,4 5 11 12 14
avgk,270,521,13,13,Motorcyclist,1.0,Middle,13,13,13,13
avgk,270,587,19,19,Speaker,2.0,Older,12,3 6 10 11 12 16 17 19 20,6 11 12 16,6 11 12 16 19
avgk,270,846,10,10,Horse Rider,3.0,Unknown,6,6,6,6
avgk,270,418,11,16,Salesperson,1.0,Middle,16,1 16,1 11 16,1 11 15 16
avgk,270,944,4,4,Craftsman,1.0,Middle,11,4 5 9 11 16,5 9 11 16,5 9 11 16
avgk,270,982,2,2,Boatman,1.0,Middle,2,2,2,1 2
avgk,270,366,15,15,Repairman,1.0,Middle,15,11 15,11 15,4 11 15
avgk,270,615,5,11,Laborer,1.0,Middle,5,5 11,5 11,1 5 11
avgk,270,716,11,15,Repairman,0.0,Younger,15,15,15,15
avgk,270,530,17,17,Singer,1.0,Middle,17,17,7 17,7 17
avgk,270,1390,4,4,Craftsman,1.0,Middle,11,4 11 15 16,4 11 15 16,4 11 15 16
avgk,270,725,8,8,Gymnast,0.0,Younger,8,8,8,8
avgk,270,139,5,9,Hairdresser,1.0,Middle,11,5 9 11,4 5 9 11,4 5 9 11
avgk,270,870,8,8,Gymnast,0.0,Younger,8,8,8,8
avgk,270,386,17,7,Guitarist,3.0,Unknown,17,17,17,17
avgk,270,650,18,18,Skateboarder,3.0,Unknown,18,18,8 18,18
avgk,270,389,13,1,Backpacker,2.0,Older,13,13,13,1 2 13 16
avgk,270,1325,18,12,Officer,1.0,Middle,6,6 12 13,6 12 13 19,6 12 13 19
avgk,270,205,13,13,Motorcyclist,1.0,Middle,13,13,12 13,12 13
avgk,270,921,18,18,Skateboarder,3.0,Unknown,18,18,18,18
avgk,270,1147,6,6,Guard,0.0,Younger,6,6,6,6
avgk,270,107,17,1,Backpacker,1.0,Middle,16,6 11 16 17,6 11 16 17,6 11 16 17
avgk,270,135,14,19,Speaker,3.0,Unknown,16,6 10 12 16 17 19 20,6 16 17 19,6 16 17 19
avgk,270,1116,19,19,Speaker,1.0,Middle,9,3 8 9 16 17 19,3 9 17 19,3 9 17 19
avgk,270,176,18,11,Laborer,3.0,Unknown,11,2 5 11,2 5 11,2 5 11
avgk,270,551,11,5,Farmer,1.0,Middle,5,5 11,5 11,5 11
avgk,270,1334,17,17,Singer,1.0,Middle,17,17,17,11 17
avgk,270,1060,6,6,Guard,0.0,Younger,6,6,6,6
avgk,270,788,12,6,Guard,1.0,Middle,6,6,6,6
avgk,270,560,10,10,Horse Rider,0.0,Younger,10,8 10,8 10 20,10
avgk,270,679,5,5,Farmer,2.0,Older,5,5 11,5 11,2 4 5 11
avgk,270,112,20,20,Tennis Player,0.0,Younger,20,20,20,20
avgk,270,186,3,4,Craftsman,2.0,Older,11,3 4 9 11 15 16,3 11 15 16,3 4 11 15 16
avgk,270,611,1,7,Guitarist,3.0,Unknown,16,1 15 16,1 4 15 16,1 4 15 16
avgk,270,850,3,3,Computer User,3.0,Unknown,16,11 16,3 11 15 16,3 11 15 16
avgk,270,943,10,10,Horse Rider,1.0,Middle,10,10,10,8 10
avgk,270,935,13,13,Motorcyclist,3.0,Unknown,13,13,13,13
avgk,270,936,11,16,Salesperson,1.0,Middle,16,16,16,5 11 16
avgk,270,400,18,18,Skateboarder,3.0,Unknown,18,18,18,18
avgk,270,597,3,3,Computer User,1.0,Middle,19,3 11 15 17 19,3 11 17 19,3 11 17 19
avgk,270,557,18,1,Backpacker,1.0,Middle,3,3 6 16 18 19 20,3 6 16 19,3 6 16 19
avgk,270,208,15,15,Repairman,3.0,Unknown,3,3,3 19,3
avgk,270,946,14,14,Painter,3.0,Unknown,14,14,2 14,14
avgk,271,718,6,12,Officer,0.0,Younger,12,2 6 12 13,2 6 12 13,2 6 12 13
avgk,271,297,7,7,Guitarist,1.0,Middle,7,7,7,7 13
avgk,271,811,12,12,Officer,1.0,Middle,6,6 10 11 15,6 10 11 15,6 10 11 15
avgk,271,419,19,19,Speaker,1.0,Middle,20,5 6 8 10 11 16 17 20,8 16 17 20,8 16 17 20
avgk,271,305,17,17,Singer,1.0,Middle,17,17,17,17
avgk,271,1377,8,8,Gymnast,0.0,Younger,8,8,8,8
avgk,271,6,3,3,Computer User,0.0,Younger,3,1 3 10 11 14 15 16 17 18 19,1 3 11 17,1 3 11 17
avgk,271,455,5,11,Laborer,0.0,Younger,4,4 11 14,4 11 14,4 11
avgk,271,664,2,2,Boatman,1.0,Middle,2,2 16,2 11 16,2 11 15 16
avgk,271,113,16,19,Speaker,2.0,Older,3,3 5 10 11 12 19,3 10 12 19,3 10 11 12 19
avgk,271,306,14,14,Painter,1.0,Middle,14,11 14 16,4 11 14 16,4 11 14 16
avgk,271,158,4,4,Craftsman,1.0,Middle,11,4 5 11 16,4 5 11 16,4 5 11 16
avgk,271,859,12,12,Officer,1.0,Middle,6,2 6 12,2 6 12 13,2 6 12 13
avgk,271,387,20,20,Tennis Player,1.0,Middle,20,20,20,20
avgk,271,544,1,11,Laborer,0.0,Younger,11,5 11 16,5 11 16,5 11 16
avgk,271,1276,5,9,Hairdresser,1.0,Middle,9,9,9 15,5 9 11 15
avgk,271,708,5,5,Farmer,2.0,Older,11,5 11,4 5 11,2 4 5 11 16
avgk,271,82,7,7,Guitarist,1.0,Middle,7,7,7,7
avgk,271,714,16,16,Salesperson,3.0,Unknown,16,11 16,11 13 16,11 16
avgk,271,809,10,10,Horse Rider,1.0,Middle,10,5 8 10 12,5 8 10 12,5 8 10 12
avgk,271,1190,3,3,Computer User,1.0,Middle,1,1 3 15 16,1 3 15 16,1 3 15 16
avgk,271,488,19,3,Computer User,1.0,Middle,16,3 6 16,2 3 6 16,2 3 6 16
avgk,271,184,13,13,Motorcyclist,1.0,Middle,13,13,13,11 13
avgk,271,490,5,5,Farmer,0.0,Younger,5,5 11 16,5 11 16,5 11
avgk,271,826,6,6,Guard,3.0,Unknown,6,6,6,6
avgk,271,1133,12,6,Guard,1.0,Middle,11,6 11,6 11 12 13,6 11 12 13
avgk,271,846,10,10,Horse Rider,3.0,Unknown,6,6,6,6
avgk,271,1257,16,16,Salesperson,1.0,Middle,16,5 11 16,4 5 11 16,4 5 11 16
avgk,271,403,8,8,Gymnast,0.0,Younger,8,8,8,8
avgk,271,501,18,18,Skateboarder,0.0,Younger,13,2 6 11 13 16 18,11 13 16 18,11 13 16 18
avgk,271,340,15,15,Repairman,3.0,Unknown,15,3 6 9 11 15 16,3 9 11 15,3 9 11 15
avgk,271,491,8,8,Gymnast,1.0,Middle,8,8,8,8
avgk,271,486,7,7,Guitarist,1.0,Middle,17,1 6 7 11 17,1 6 7 17,1 6 7 17
avgk,271,1350,12,13,Motorcyclist,3.0,Unknown,12,6 12 13,3 6 12 13,3 6 12 13
avgk,271,1060,6,6,Guard,0.0,Younger,6,6,6,6
avgk,271,312,9,9,Hairdresser,1.0,Middle,9,2 9 11 15,2 9 11 15,2 9 11 15
avgk,271,1298,13,18,Skateboarder,1.0,Middle,18,13 16 18,6 13 16 18,6 13 16 18
avgk,271,230,1,1,Backpacker,3.0,Unknown,1,1 16,1 6 14 16,1 6 14 16
avgk,271,459,2,2,Boatman,2.0,Older,2,2,2,2 6 14 15 16
avgk,271,1044,6,15,Repairman,0.0,Younger,11,3 4 6 10 11 14 15 16 17,6 11 15 16,6 11 15 16
avgk,271,1113,2,2,Boatman,1.0,Middle,2,2 14,2 11 14 17,2 11 14 17
avgk,271,1196,20,20,Tennis Player,3.0,Unknown,20,20,20,20
avgk,271,998,17,17,Singer,0.0,Younger,17,17,11 17,17
avgk,271,89,16,19,Speaker,1.0,Middle,16,3 16,3 10 16 20,3 10 16 20
avgk,271,81,11,4,Craftsman,1.0,Middle,11,2 5 6 11 13 15,2 6 11 15,2 6 11 15
avgk,271,267,5,5,Farmer,3.0,Unknown,11,5 11,1 5 11,1 5 11
avgk,271,957,14,14,Painter,1.0,Middle,14,9 11 14 16,9 11 14 16,9 11 14 16
avgk,271,276,14,14,Painter,0.0,Younger,14,11 14 16,11 14 16,14 16
avgk,271,712,15,15,Repairman,1.0,Middle,11,11 15,1 4 11 15,1 4 11 15
avgk,271,1376,16,16,Salesperson,2.0,Older,16,16,11 16,3 4 6 11 16
avgk,272,1121,18,18,Skateboarder,3.0,Unknown,2,2 16 18,1 2 16 18,1 2 16 18
avgk,272,455,11,11,Laborer,0.0,Younger,4,4 11 14,4 11 14,4 11
avgk,272,908,8,8,Gymnast,0.0,Younger,8,8,8,8
avgk,272,1263,8,8,Gymnast,1.0,Middle,8,8,8,8
avgk,272,522,1,4,Craftsman,0.0,Younger,8,1 2 4 6 8 11 15 16 20,2 8 11 16,2 8 11 16
avgk,272,469,8,8,Gymnast,0.0,Younger,8,8,8,8
avgk,272,167,17,17,Singer,0.0,Younger,17,17,11 17 19 20,17
avgk,272,1342,20,20,Tennis Player,1.0,Middle,20,20,20,20
avgk,272,407,5,5,Farmer,2.0,Older,5,4 5 11 15 16,5 11 15 16,4 5 11 15 16
avgk,272,105,15,15,Repairman,3.0,Unknown,15,4 11 15 16,4 11 15 16,4 11 15 16
avgk,272,751,6,12,Officer,1.0,Middle,6,6 16,3 6 11 16,3 6 11 16
avgk,272,1083,5,5,Farmer,2.0,Older,5,5 11 16,4 5 11 16,4 5 9 11 16
avgk,272,260,2,2,Boatman,1.0,Middle,2,2 6,2 6,2 6
avgk,272,517,14,14,Painter,0.0,Younger,14,11 14 15,11 14 15 16,11 14 15
avgk,272,850,3,3,Computer User,3.0,Unknown,16,11 16,3 11 15 16,3 11 15 16
avgk,272,349,20,20,Tennis Player,1.0,Middle,20,20,20,20
avgk,272,654,4,4,Craftsman,3.0,Unknown,4,4 11,2 4 11 15,2 4 11 15
avgk,272,1348,1,16,Salesperson,1.0,Middle,9,6 9 12,3 6 9 12,3 6 9 12
avgk,272,371,6,6,Guard,1.0,Middle,6,6 11 12,6 11 12 18,6 11 12 18
avgk,272,923,6,12,Officer,3.0,Unknown,6,6 11 16,6 11 12 16,6 11 12 16
avgk,272,353,14,14,Painter,1.0,Middle,14,11 14,11 14,4 11 14
avgk,272,983,20,20,Tennis Player,1.0,Middle,20,20,20,20
avgk,272,495,14,16,Salesperson,2.0,Older,2,2 14 16,2 14 16,2 4 11 14 16
avgk,272,643,10,10,Horse Rider,1.0,Middle,10,10,8 10,5 8 10 20
avgk,272,89,19,19,Speaker,1.0,Middle,16,3 16,3 10 16 20,3 10 16 20
avgk,272,138,18,18,Skateboarder,3.0,Unknown,18,18,18,18
avgk,272,1055,13,13,Motorcyclist,1.0,Middle,13,13,13,13
avgk,272,1334,17,17,Singer,1.0,Middle,17,17,17,11 17
avgk,272,1159,17,17,Singer,0.0,Younger,17,17,17,17
avgk,272,942,2,2,Boatman,3.0,Unknown,2,1 2,1 2,1 2
avgk,272,1303,13,13,Motorcyclist,3.0,Unknown,1,1 2 11 13 16,1 2 11 13,1 2 11 13
avgk,272,389,13,1,Backpacker,2.0,Older,13,13,13,1 2 13 16
avgk,272,179,7,7,Guitarist,1.0,Middle,17,1 2 5 7 9 11 14 15 16 17,1 2 7 17,1 2 7 17
avgk,272,744,18,18,Skateboarder,0.0,Younger,18,18,18,18
avgk,272,606,3,3,Computer User,3.0,Unknown,3,3 6 8 16,3 6 8 16,3 6 8 16
avgk,272,730,1,3,Computer User,3.0,Unknown,1,1 2 11 16 17,1 2 11 16,1 2 11 16
avgk,272,1389,13,13,Motorcyclist,3.0,Unknown,13,13,13,13
avgk,272,956,6,6,Guard,1.0,Middle,6,6,6,6 20
avgk,272,843,4,14,Painter,2.0,Older,16,4 11 16,4 11 15 16,4 11 14 15 16
avgk,272,408,2,2,Boatman,3.0,Unknown,2,2,2,2
avgk,272,30,11,11,Laborer,1.0,Middle,11,4 11 15,4 11 15,4 5 11 15
avgk,272,12,19,19,Speaker,1.0,Middle,12,1 8 10 12,1 8 10 12,1 8 10 12
avgk,272,460,16,16,Salesperson,1.0,Middle,16,11 16,6 11 14 16,6 11 14 16
avgk,272,1208,11,5,Farmer,1.0,Middle,1,1 11,1 5 11 16,1 5 11 16
avgk,272,642,7,7,Guitarist,3.0,Unknown,7,7 17,7 17,7
avgk,272,716,15,15,Repairman,0.0,Younger,15,15,15,15
avgk,272,1374,6,6,Guard,1.0,Middle,6,6,6 15,6 15 16
avgk,272,96,16,1,Backpacker,1.0,Middle,16,16,11 16,11 14 15 16
avgk,272,369,9,9,Hairdresser,1.0,Middle,9,9,9,9
avgk,272,499,1,1,Backpacker,0.0,Younger,1,1 6 16,1 6 10 16,1
avgk,273,1074,1,1,Backpacker,3.0,Unknown,1,1,1 10 12,1 10
avgk,273,751,6,12,Officer,1.0,Middle,6,6 16,3 6 11 16,3 6 11 16
avgk,273,239,16,16,Salesperson,1.0,Middle,16,2 3 9 11 15 16,3 11 15 16,3 11 15 16
avgk,273,1254,13,13,Motorcyclist,3.0,Unknown,16,2 13 16,2 11 13 16,2 11 13 16
avgk,273,429,9,9,Hairdresser,3.0,Unknown,9,1 3 9 14,1 3 9 14,1 3 9 14
avgk,273,1358,13,13,Motorcyclist,3.0,Unknown,13,13,13,13
avgk,273,789,12,11,Laborer,1.0,Middle,6,6 11 15,6 11 15 18,6 11 15 18
avgk,273,215,11,14,Painter,1.0,Middle,11,11 14 15,4 11 14 15,4 11 14 15
avgk,273,943,10,10,Horse Rider,1.0,Middle,10,10,10,8 10
avgk,273,656,8,8,Gymnast,0.0,Younger,8,6 8,6 8 13 18,6 8
avgk,273,1186,12,6,Guard,1.0,Middle,12,6 12 13,1 6 12 13,1 6 12 13
avgk,273,1158,19,19,Speaker,1.0,Middle,6,6 12 19,6 12 19,6 10 12 19
avgk,273,460,16,16,Salesperson,1.0,Middle,16,11 16,6 11 14 16,6 11 14 16
avgk,273,100,3,3,Computer User,3.0,Unknown,3,2 3 8 11 15 16 19,3 11 15 16,3 11 15 16
avgk,273,1131,17,17,Singer,0.0,Younger,17,11 17,11 12 15 17,17
avgk,273,38,9,9,Hairdresser,2.0,Older,9,9,9,4 9 11 15
avgk,273,928,2,2,Boatman,2.0,Older,2,2,2,2 6 10 12
avgk,273,390,6,10,Horse Rider,1.0,Middle,10,6 10 12,6 10 12,6 10 12
avgk,273,363,18,18,Skateboarder,0.0,Younger,18,18,18,18
avgk,273,435,20,20,Tennis Player,1.0,Middle,20,20,20,20
avgk,273,1136,8,8,Gymnast,0.0,Younger,8,8,8,8
avgk,273,858,19,19,Speaker,1.0,Middle,19,3 6 10 11 12 17 19,6 11 17 19,6 11 17 19
avgk,273,1122,3,3,Computer User,1.0,Middle,3,3 16 17 19,3 16 17 19,3 16 17 19
avgk,273,1077,13,13,Motorcyclist,1.0,Middle,13,13,13,13
avgk,273,181,15,15,Repairman,1.0,Middle,11,4 11 15,4 11 15,4 11 15
avgk,273,865,14,14,Painter,1.0,Middle,14,11 14 16,2 11 14 16,2 11 14 16
avgk,273,718,6,12,Officer,0.0,Younger,12,2 6 12 13,2 6 12 13,2 6 12 13
avgk,273,22,2,2,Boatman,0.0,Younger,2,2,2,2
avgk,273,1384,20,20,Tennis Player,1.0,Middle,20,20,20,20
avgk,273,348,12,12,Officer,0.0,Younger,16,6 11 12 13 16,6 11 12 16,6 11 12 16
avgk,273,413,20,20,Tennis Player,1.0,Middle,20,20,20,6 20
avgk,273,366,15,15,Repairman,1.0,Middle,15,11 15,11 15,4 11 15
avgk,273,624,6,15,Repairman,1.0,Middle,15,3 6 11 15,3 6 11 15,3 6 11 15
avgk,273,371,6,6,Guard,1.0,Middle,6,6 11 12,6 11 12 18,6 11 12 18
avgk,273,988,11,11,Laborer,2.0,Older,11,11 15 16,11 14 15 16,2 11 14 15 16
avgk,273,1193,5,5,Farmer,3.0,Unknown,11,5 11,5 11,5 11
avgk,273,511,17,7,Guitarist,1.0,Middle,17,7 17,1 7 10 17,1 7 10 17
avgk,273,1134,3,3,Computer User,3.0,Unknown,3,1 3 16,1 3 11 16,1 3 11 16
avgk,273,336,17,17,Singer,0.0,Younger,17,17,17,17
avgk,273,1333,17,17,Singer,1.0,Middle,17,17,11 17,6 11 17
avgk,273,407,5,5,Farmer,2.0,Older,5,4 5 11 15 16,5 11 15 16,4 5 11 15 16
avgk,273,452,4,4,Craftsman,1.0,Middle,11,4 11 14 16,4 11 14 16,4 11 14 16
avgk,273,1324,10,10,Horse Rider,3.0,Unknown,10,10,10,10
avgk,273,93,16,16,Salesperson,3.0,Unknown,16,16,1 16,16
avgk,273,457,18,18,Skateboarder,0.0,Younger,18,18,18,18
avgk,273,565,2,11,Laborer,2.0,Older,14,1 2 11 14 15,1 2 11 14,1 2 11 14 15
avgk,273,738,4,4,Craftsman,1.0,Middle,11,4 11 16,4 11 16,4 11 16
avgk,273,476,1,1,Backpacker,0.0,Younger,1,1,1,1
avgk,273,616,5,5,Farmer,3.0,Unknown,5,5 11,5 11,5 11
avgk,273,48,1,1,Backpacker,3.0,Unknown,1,1,1 2 11,1 2
avgk,274,166,14,14,Painter,0.0,Younger,14,11 14 16,1 11 14 16,14 16
avgk,274,506,8,8,Gymnast,1.0,Middle,8,8,8,8
avgk,274,505,20,20,Tennis Player,0.0,Younger,20,20,20,20
avgk,274,315,2,2,Boatman,3.0,Unknown,2,2,1 2,2
avgk,274,515,7,7,Guitarist,1.0,Middle,7,7,7,7
avgk,274,801,8,8,Gymnast,1.0,Middle,8,8,8,8
avgk,274,1226,9,9,Hairdresser,1.0,Middle,9,9,9,9
avgk,274,1113,2,2,Boatman,1.0,Middle,2,2 14,2 11 14 17,2 11 14 17
avgk,274,325,5,5,Farmer,2.0,Older,11,5 11,5 11 16,4 5 11 16
avgk,274,135,19,19,Speaker,3.0,Unknown,16,6 10 12 16 17 19 20,6 16 17 19,6 16 17 19
avgk,274,963,17,13,Motorcyclist,0.0,Younger,13,13 15,9 13 15 16,13
avgk,274,920,12,12,Officer,1.0,Middle,6,6 12 13 16,6 12 13 16,6 12 13 16
avgk,274,710,6,6,Guard,1.0,Middle,6,6,6,6
avgk,274,1168,7,7,Guitarist,3.0,Unknown,7,7,7,7
avgk,274,681,4,15,Repairman,1.0,Middle,15,11 15,11 15,11 15
avgk,274,426,5,5,Farmer,2.0,Older,5,5 11,5 11,1 2 5 11 16
avgk,274,591,11,11,Laborer,1.0,Middle,16,6 11 13 15 16 17,6 13 15 16,6 13 15 16
avgk,274,621,20,8,Gymnast,0.0,Younger,8,8,8,8
avgk,274,1324,10,10,Horse Rider,3.0,Unknown,10,10,10,10
avgk,274,848,16,16,Salesperson,1.0,Middle,16,16,11 16,11 16
avgk,274,1256,9,9,Hairdresser,1.0,Middle,9,9 15,4 9 15,4 9 11 15
avgk,274,1353,17,17,Singer,0.0,Younger,17,17,17,17
avgk,274,37,13,13,Motorcyclist,1.0,Middle,13,13,13,13
avgk,274,1348,3,16,Salesperson,1.0,Middle,9,6 9 12,3 6 9 12,3 6 9 12
avgk,274,30,1,11,Laborer,1.0,Middle,11,4 11 15,4 11 15,4 5 11 15
avgk,274,359,16,16,Salesperson,3.0,Unknown,16,3 6 11 16,3 6 11 16,3 6 11 16
avgk,274,331,12,6,Guard,0.0,Younger,6,6 15,6 15,6
avgk,274,1331,1,1,Backpacker,1.0,Middle,1,1 5 11 16,1 5 11 16,1 5 11 16
avgk,274,1293,18,18,Skateboarder,3.0,Unknown,18,18,18,18
avgk,274,585,14,14,Painter,0.0,Younger,16,11 14 16,2 11 14 16,11 14 16
avgk,274,431,12,12,Officer,1.0,Middle,6,6 10 11 13 15 16,6 11 15 16,6 11 15 16
avgk,274,700,2,1,Backpacker,3.0,Unknown,1,1 2 6 14,1 2 6 14,1 2 6 14
avgk,274,1046,20,20,Tennis Player,0.0,Younger,20,20,20,20
avgk,274,1295,3,3,Computer User,3.0,Unknown,3,3 16 19,3 15 16 19,3 16 19
avgk,274,464,7,7,Guitarist,1.0,Middle,7,7 11 17,2 7 11 17,2 7 11 17
avgk,274,32,17,17,Singer,0.0,Younger,17,17,17,17
avgk,274,956,6,6,Guard,1.0,Middle,6,6,6,6 20
avgk,274,1183,9,9,Hairdresser,2.0,Older,9,9,9,4 9 11 15 16
avgk,274,680,20,18,Skateboarder,0.0,Younger,18,6 8 18 20,6 8 18 20,6 8 18 20
avgk,274,1397,1,1,Backpacker,0.0,Younger,16,1 16,1 9 11 16,1 16
avgk,274,432,18,18,Skateboarder,0.0,Younger,18,18,18,18
avgk,274,105,15,15,Repairman,3.0,Unknown,15,4 11 15 16,4 11 15 16,4 11 15 16
avgk,274,145,2,2,Boatman,1.0,Middle,2,2,2,2
avgk,274,1153,19,19,Speaker,1.0,Middle,10,3 5 6 10 11 12 13 16 17 19,5 6 10 12,5 6 10 12
avgk,274,712,15,15,Repairman,1.0,Middle,11,11 15,1 4 11 15,1 4 11 15
avgk,274,225,6,10,Horse Rider,0.0,Younger,6,6,6 10,6
avgk,274,299,16,4,Craftsman,1.0,Middle,16,1 11 16,1 11 15 16,1 11 15 16
avgk,274,455,11,11,Laborer,0.0,Younger,4,4 11 14,4 11 14,4 11
avgk,274,570,14,14,Painter,2.0,Older,14,14 16,14 16,4 11 14 15 16
avgk,274,1025,13,12,Officer,3.0,Unknown,18,6 12 13 18,6 12 13 18,6 12 13 18
avgk,275,1147,6,6,Guard,0.0,Younger,6,6,6,6
avgk,275,176,11,11,Laborer,3.0,Unknown,11,2 5 11,2 5 11,2 5 11
avgk,275,1263,8,8,Gymnast,1.0,Middle,8,8,8,8
avgk,275,386,19,7,Guitarist,3.0,Unknown,17,17,17,17
avgk,275,679,5,5,Farmer,2.0,Older,5,5 11,5 11,2 4 5 11
avgk,275,186,4,4,Craftsman,2.0,Older,11,3 4 9 11 15 16,3 11 15 16,3 4 11 15 16
avgk,275,418,16,16,Salesperson,1.0,Middle,16,1 16,1 11 16,1 11 15 16
avgk,275,400,18,18,Skateboarder,3.0,Unknown,18,18,18,18
avgk,275,521,13,13,Motorcyclist,1.0,Middle,13,13,13,13
avgk,275,921,18,18,Skateboarder,3.0,Unknown,18,18,18,18
avgk,275,587,19,19,Speaker,2.0,Older,12,3 6 10 11 12 16 17 19 20,6 11 12 16,6 11 12 16 19
avgk,275,558,17,7,Guitarist,1.0,Middle,17,7 17,7 10 15 17,7 10 15 17
avgk,275,1116,19,19,Speaker,1.0,Middle,9,3 8 9 16 17 19,3 9 17 19,3 9 17 19
avgk,275,107,17,1,Backpacker,1.0,Middle,16,6 11 16 17,6 11 16 17,6 11 16 17
avgk,275,58,11,11,Laborer,3.0,Unknown,11,6 11 14,6 11 14 18,6 11 14 18
avgk,275,788,6,6,Guard,1.0,Middle,6,6,6,6
avgk,275,1203,6,12,Officer,1.0,Middle,6,6 11,2 6 11 12,2 6 11 12
avgk,275,944,4,4,Craftsman,1.0,Middle,11,4 5 9 11 16,5 9 11 16,5 9 11 16
avgk,275,846,6,10,Horse Rider,3.0,Unknown,6,6,6,6
avgk,275,935,13,13,Motorcyclist,3.0,Unknown,13,13,13,13
avgk,275,675,15,16,Salesperson,1.0,Middle,16,11 15 16,2 11 15 16,2 11 15 16
avgk,275,650,18,18,Skateboarder,3.0,Unknown,18,18,8 18,18
avgk,275,870,8,8,Gymnast,0.0,Younger,8,8,8,8
avgk,275,946,14,14,Painter,3.0,Unknown,14,14,2 14,14
avgk,275,850,3,3,Computer User,3.0,Unknown,16,11 16,3 11 15 16,3 11 15 16
avgk,275,1325,12,12,Officer,1.0,Middle,6,6 12 13,6 12 13 19,6 12 13 19
avgk,275,1060,6,6,Guard,0.0,Younger,6,6,6,6
avgk,275,560,10,10,Horse Rider,0.0,Younger,10,8 10,8 10 20,10
avgk,275,551,5,5,Farmer,1.0,Middle,5,5 11,5 11,5 11
avgk,275,389,13,1,Backpacker,2.0,Older,13,13,13,1 2 13 16
avgk,275,943,10,10,Horse Rider,1.0,Middle,10,10,10,8 10
avgk,275,135,19,19,Speaker,3.0,Unknown,16,6 10 12 16 17 19 20,6 16 17 19,6 16 17 19
avgk,275,725,8,8,Gymnast,0.0,Younger,8,8,8,8
avgk,275,611,1,7,Guitarist,3.0,Unknown,16,1 15 16,1 4 15 16,1 4 15 16
avgk,275,597,3,3,Computer User,1.0,Middle,19,3 11 15 17 19,3 11 17 19,3 11 17 19
avgk,275,966,14,14,Painter,2.0,Older,14,5 11 14,4 5 11 14,4 5 11 12 14
avgk,275,1390,4,4,Craftsman,1.0,Middle,11,4 11 15 16,4 11 15 16,4 11 15 16
avgk,275,716,15,15,Repairman,0.0,Younger,15,15,15,15
avgk,275,366,15,15,Repairman,1.0,Middle,15,11 15,11 15,4 11 15
avgk,275,557,1,1,Backpacker,1.0,Middle,3,3 6 16 18 19 20,3 6 16 19,3 6 16 19
avgk,275,1334,17,17,Singer,1.0,Middle,17,17,17,11 17
avgk,275,208,15,15,Repairman,3.0,Unknown,3,3,3 19,3
avgk,275,530,17,17,Singer,1.0,Middle,17,17,7 17,7 17
avgk,275,205,13,13,Motorcyclist,1.0,Middle,13,13,12 13,12 13
avgk,275,1354,3,3,Computer User,3.0,Unknown,3,3 10 12 16,3 10 12 16,3 10 12 16
avgk,275,139,5,9,Hairdresser,1.0,Middle,11,5 9 11,4 5 9 11,4 5 9 11
avgk,275,112,20,20,Tennis Player,0.0,Younger,20,20,20,20
avgk,275,615,5,11,Laborer,1.0,Middle,5,5 11,5 11,1 5 11
avgk,275,936,16,16,Salesperson,1.0,Middle,16,16,16,5 11 16
avgk,275,982,2,2,Boatman,1.0,Middle,2,2,2,1 2
avgk,276,665,19,19,Speaker,3.0,Unknown,19,2 3 10 11 12 13 16 17 19,2 10 12 19,2 10 12 19
avgk,276,133,5,5,Farmer,3.0,Unknown,11,5 11,5 11,5 11
avgk,276,1105,7,17,Singer,1.0,Middle,16,2 7 11 16 17,2 7 16 17,2 7 16 17
avgk,276,1060,6,6,Guard,0.0,Younger,6,6,6,6
avgk,276,28,9,9,Hairdresser,1.0,Middle,9,9,9,6 9
avgk,276,70,15,15,Repairman,2.0,Older,15,4 11 15,4 11 15,4 9 11 15
avgk,276,1070,12,12,Officer,3.0,Unknown,6,6 12,3 6 12 16,6 12 16
avgk,276,1032,12,12,Officer,3.0,Unknown,6,6 12,6 12 13,6 12
avgk,276,1356,5,11,Laborer,3.0,Unknown,11,5 11,5 11 16,5 11 16
avgk,276,1048,16,16,Salesperson,1.0,Middle,16,5 11 16,5 11 16,1 5 11 16
avgk,276,803,18,18,Skateboarder,3.0,Unknown,18,18,18,18
avgk,276,807,15,11,Laborer,1.0,Middle,11,11 15,11 15,11 15
avgk,276,1188,9,9,Hairdresser,3.0,Unknown,9,9 11,9 11,9
avgk,276,1096,20,20,Tennis Player,1.0,Middle,20,20,20,20
avgk,276,390,10,10,Horse Rider,1.0,Middle,10,6 10 12,6 10 12,6 10 12
avgk,276,71,6,6,Guard,1.0,Middle,6,6 10 14,6 9 10 14,6 9 10 14
avgk,276,579,4,4,Craftsman,1.0,Middle,4,4 11,4 11 15,4 11 15 16
avgk,276,63,6,11,Laborer,1.0,Middle,6,6 13,6 12 13 16,6 12 13 16
avgk,276,1061,4,4,Craftsman,2.0,Older,4,4 11,2 4 11,2 4 5 11 15
avgk,276,991,20,20,Tennis Player,1.0,Middle,20,20,20,20
avgk,276,849,7,7,Guitarist,1.0,Middle,7,7 17,7 17,7 17
avgk,276,95,10,10,Horse Rider,0.0,Younger,10,10,5 8 10,10
avgk,276,463,16,16,Salesperson,0.0,Younger,16,16,16,16
avgk,276,1243,19,19,Speaker,0.0,Younger,16,1 2 15 16 17,2 15 16 17,2 15 16 17
avgk,276,1318,18,18,Skateboarder,3.0,Unknown,18,18,18,18
avgk,276,110,8,8,Gymnast,0.0,Younger,8,8,8,8
avgk,276,107,17,1,Backpacker,1.0,Middle,16,6 11 16 17,6 11 16 17,6 11 16 17
avgk,276,781,4,19,Speaker,1.0,Middle,16,9 11 16,4 9 11 16,4 9 11 16
avgk,276,1280,4,4,Craftsman,1.0,Middle,4,2 4 11,2 4 11,2 4 11
avgk,276,309,12,12,Officer,1.0,Middle,6,6 13,6 12 13 16,6 12 13 16
avgk,276,79,3,3,Computer User,0.0,Younger,3,3 11 15,3 11 15,3
avgk,276,662,1,1,Backpacker,0.0,Younger,1,1,1,1
avgk,276,646,17,7,Guitarist,1.0,Middle,17,7 11 17,6 7 11 17,6 7 11 17
avgk,276,273,15,15,Repairman,1.0,Middle,15,11 15,11 15 16,11 15 16
avgk,276,589,10,10,Horse Rider,3.0,Unknown,10,10,10,10
avgk,276,578,16,16,Salesperson,1.0,Middle,16,11 16,11 16,11 16
avgk,276,625,13,13,Motorcyclist,3.0,Unknown,13,13,13,13
avgk,276,351,1,1,Backpacker,0.0,Younger,1,1,1,1
avgk,276,159,17,17,Singer,1.0,Middle,17,7 17,7 17,7 10 17 19
avgk,276,570,14,14,Painter,2.0,Older,14,14 16,14 16,4 11 14 15 16
avgk,276,1379,13,13,Motorcyclist,2.0,Older,13,13,12 13,4 10 12 13 15
avgk,276,316,8,8,Gymnast,1.0,Middle,8,8,8,8
avgk,276,602,2,2,Boatman,1.0,Middle,2,2 6 19,2 3 6 19,2 3 6 19
avgk,276,19,20,20,Tennis Player,1.0,Middle,20,20,20,20
avgk,276,470,9,9,Hairdresser,3.0,Unknown,9,9,9,9
avgk,276,843,4,14,Painter,2.0,Older,16,4 11 16,4 11 15 16,4 11 14 15 16
avgk,276,86,2,5,Farmer,3.0,Unknown,5,2 5 11,2 5 11,2 5 11
avgk,276,854,3,3,Computer User,1.0,Middle,3,3,3 4 15 19,3 4 15 19
avgk,276,626,2,2,Boatman,1.0,Middle,2,2,2,2
avgk,276,1049,3,3,Computer User,3.0,Unknown,2,2 3 16,2 3 11 16,2 3 16
avgk,277,74,20,20,Tennis Player,1.0,Middle,20,20,20,20
avgk,277,683,12,12,Officer,3.0,Unknown,6,6 12 13 16,6 12 13 16,6 12 13 16
avgk,277,1316,2,16,Salesperson,1.0,Middle,2,1 2 11 14,1 2 11 14,1 2 11 14
avgk,277,255,17,17,Singer,1.0,Middle,17,17,17,17
avgk,277,1221,9,9,Hairdresser,1.0,Middle,9,4 9 16,4 9 11 16,4 9 11 16
avgk,277,1286,7,7,Guitarist,3.0,Unknown,7,7,7,7
avgk,277,1094,20,20,Tennis Player,1.0,Middle,20,20,20,20
avgk,277,120,10,10,Horse Rider,0.0,Younger,10,10,5 10 12 16,10
avgk,277,1236,7,7,Guitarist,1.0,Middle,11,1 2 5 7 11 16 17 20,1 2 11 20,1 2 11 20
avgk,277,824,14,14,Painter,3.0,Unknown,14,14,14,14
avgk,277,661,8,8,Gymnast,0.0,Younger,8,8 18,8 18,8
avgk,277,1072,4,4,Craftsman,0.0,Younger,11,4 6 11 15 16,4 11 15 16,4 11 15 16
avgk,277,992,7,7,Guitarist,2.0,Older,7,7,7,7 11 16 17 18
avgk,277,894,12,6,Guard,2.0,Older,15,6 15 16,4 6 15 16,4 6 11 15 16
avgk,277,1367,4,4,Craftsman,1.0,Middle,11,11 16,5 11 16,2 5 11 16
avgk,277,697,5,5,Farmer,3.0,Unknown,5,5 11,5 11 12,5 11
avgk,277,410,11,11,Laborer,1.0,Middle,11,2 6 11 16,2 6 11 16,2 6 11 16
avgk,277,1171,1,18,Skateboarder,0.0,Younger,1,1 16 18,1 16 18,1
avgk,277,445,13,13,Motorcyclist,3.0,Unknown,11,11 16,11 16,11 16
avgk,277,350,18,18,Skateboarder,1.0,Middle,18,18,18,18
avgk,277,288,14,14,Painter,1.0,Middle,14,11 14,11 14 15 18,11 14 15 18
avgk,277,339,17,17,Singer,1.0,Middle,17,17,17,10 11 17 20
avgk,277,753,3,3,Computer User,1.0,Middle,11,1 11 18,1 3 11 18,1 3 11 18
avgk,277,336,17,17,Singer,0.0,Younger,17,17,17,17
avgk,277,147,1,1,Backpacker,1.0,Middle,1,1,1 11,1 3 11 16
avgk,277,39,9,9,Hairdresser,2.0,Older,9,4 9 15,4 9 15,4 6 9 15 16
avgk,277,459,2,2,Boatman,2.0,Older,2,2,2,2 6 14 15 16
avgk,277,1136,8,8,Gymnast,0.0,Younger,8,8,8,8
avgk,277,287,3,3,Computer User,3.0,Unknown,16,3 5 16,3 5 10 16,3 5 10 16
avgk,277,498,2,2,Boatman,1.0,Middle,2,2,2,2 11 16
avgk,277,226,2,2,Boatman,0.0,Younger,2,2,2,2
avgk,277,381,1,1,Backpacker,0.0,Younger,16,1 3 6 11 15 16,1 6 11 16,1 6 11 16
avgk,277,69,19,19,Speaker,1.0,Middle,17,9 16 17 20,9 16 17 20,9 16 17 20
avgk,277,348,12,12,Officer,0.0,Younger,16,6 11 12 13 16,6 11 12 16,6 11 12 16
avgk,277,478,5,5,Farmer,3.0,Unknown,5,2 5 11,2 5 11,2 5 11
avgk,277,1217,8,8,Gymnast,3.0,Unknown,8,8,8,8
avgk,277,165,13,13,Motorcyclist,1.0,Middle,2,1 2 13,1 2 13 19,1 2 13 19
avgk,277,433,15,15,Repairman,1.0,Middle,15,11 13 15,11 13 15 17,11 13 15 17
avgk,277,1049,3,3,Computer User,3.0,Unknown,2,2 3 16,2 3 11 16,2 3 16
avgk,277,898,13,13,Motorcyclist,1.0,Middle,13,2 11 13 16,2 11 13 16,2 11 13 16
avgk,277,272,16,16,Salesperson,2.0,Older,16,11 16,11 16,5 6 11 16
avgk,277,924,6,6,Guard,0.0,Younger,6,6 15,6 15,6
avgk,277,206,5,11,Laborer,1.0,Middle,5,5 11,5 11 16,5 11 16
avgk,277,1115,19,19,Speaker,1.0,Middle,6,6 9 10 12 17 19,6 9 17 19,6 9 17 19
avgk,277,915,15,15,Repairman,1.0,Middle,11,11 15,11 15,11 15
avgk,277,215,11,14,Painter,1.0,Middle,11,11 14 15,4 11 14 15,4 11 14 15
avgk,277,859,12,12,Officer,1.0,Middle,6,2 6 12,2 6 12 13,2 6 12 13
avgk,277,440,12,6,Guard,1.0,Middle,6,6 12,6 12,6 11 12 15
avgk,277,103,9,9,Hairdresser,1.0,Middle,9,9,9 11,9 11 16
avgk,277,1084,20,20,Tennis Player,3.0,Unknown,20,20,20,20
avgk,278,1048,5,16,Salesperson,1.0,Middle,16,5 11 16,5 11 16,1 5 11 16
avgk,278,107,17,1,Backpacker,1.0,Middle,16,6 11 16 17,6 11 16 17,6 11 16 17
avgk,278,854,3,3,Computer User,1.0,Middle,3,3,3 4 15 19,3 4 15 19
avgk,278,579,4,4,Craftsman,1.0,Middle,4,4 11,4 11 15,4 11 15 16
avgk,278,1060,6,6,Guard,0.0,Younger,6,6,6,6
avgk,278,578,16,16,Salesperson,1.0,Middle,16,11 16,11 16,11 16
avgk,278,626,2,2,Boatman,1.0,Middle,2,2,2,2
avgk,278,71,6,6,Guard,1.0,Middle,6,6 10 14,6 9 10 14,6 9 10 14
avgk,278,646,7,7,Guitarist,1.0,Middle,17,7 11 17,6 7 11 17,6 7 11 17
avgk,278,602,2,2,Boatman,1.0,Middle,2,2 6 19,2 3 6 19,2 3 6 19
avgk,278,470,9,9,Hairdresser,3.0,Unknown,9,9,9,9
avgk,278,570,14,14,Painter,2.0,Older,14,14 16,14 16,4 11 14 15 16
avgk,278,86,2,5,Farmer,3.0,Unknown,5,2 5 11,2 5 11,2 5 11
avgk,278,351,1,1,Backpacker,0.0,Younger,1,1,1,1
avgk,278,273,15,15,Repairman,1.0,Middle,15,11 15,11 15 16,11 15 16
avgk,278,1280,11,4,Craftsman,1.0,Middle,4,2 4 11,2 4 11,2 4 11
avgk,278,991,20,20,Tennis Player,1.0,Middle,20,20,20,20
avgk,278,1032,12,12,Officer,3.0,Unknown,6,6 12,6 12 13,6 12
avgk,278,1096,20,20,Tennis Player,1.0,Middle,20,20,20,20
avgk,278,1318,18,18,Skateboarder,3.0,Unknown,18,18,18,18
avgk,278,159,17,17,Singer,1.0,Middle,17,7 17,7 17,7 10 17 19
avgk,278,1049,3,3,Computer User,3.0,Unknown,2,2 3 16,2 3 11 16,2 3 16
avgk,278,110,8,8,Gymnast,0.0,Younger,8,8,8,8
avgk,278,843,4,14,Painter,2.0,Older,16,4 11 16,4 11 15 16,4 11 14 15 16
avgk,278,803,18,18,Skateboarder,3.0,Unknown,18,18,18,18
avgk,278,1243,19,19,Speaker,0.0,Younger,16,1 2 15 16 17,2 15 16 17,2 15 16 17
avgk,278,1188,8,9,Hairdresser,3.0,Unknown,9,9 11,9 11,9
avgk,278,463,16,16,Salesperson,0.0,Younger,16,16,16,16
avgk,278,28,9,9,Hairdresser,1.0,Middle,9,9,9,6 9
avgk,278,1070,12,12,Officer,3.0,Unknown,6,6 12,3 6 12 16,6 12 16
avgk,278,1061,4,4,Craftsman,2.0,Older,4,4 11,2 4 11,2 4 5 11 15
avgk,278,589,10,10,Horse Rider,3.0,Unknown,10,10,10,10
avgk,278,849,7,7,Guitarist,1.0,Middle,7,7 17,7 17,7 17
avgk,278,95,10,10,Horse Rider,0.0,Younger,10,10,5 8 10,10
avgk,278,309,12,12,Officer,1.0,Middle,6,6 13,6 12 13 16,6 12 13 16
avgk,278,662,1,1,Backpacker,0.0,Younger,1,1,1,1
avgk,278,316,8,8,Gymnast,1.0,Middle,8,8,8,8
avgk,278,79,3,3,Computer User,0.0,Younger,3,3 11 15,3 11 15,3
avgk,278,133,5,5,Farmer,3.0,Unknown,11,5 11,5 11,5 11
avgk,278,665,19,19,Speaker,3.0,Unknown,19,2 3 10 11 12 13 16 17 19,2 10 12 19,2 10 12 19
avgk,278,1379,13,13,Motorcyclist,2.0,Older,13,13,12 13,4 10 12 13 15
avgk,278,807,11,11,Laborer,1.0,Middle,11,11 15,11 15,11 15
avgk,278,63,12,11,Laborer,1.0,Middle,6,6 13,6 12 13 16,6 12 13 16
avgk,278,625,13,13,Motorcyclist,3.0,Unknown,13,13,13,13
avgk,278,781,11,19,Speaker,1.0,Middle,16,9 11 16,4 9 11 16,4 9 11 16
avgk,278,70,15,15,Repairman,2.0,Older,15,4 11 15,4 11 15,4 9 11 15
avgk,278,19,20,20,Tennis Player,1.0,Middle,20,20,20,20
avgk,278,390,10,10,Horse Rider,1.0,Middle,10,6 10 12,6 10 12,6 10 12
avgk,278,1105,7,17,Singer,1.0,Middle,16,2 7 11 16 17,2 7 16 17,2 7 16 17
avgk,278,1356,5,11,Laborer,3.0,Unknown,11,5 11,5 11 16,5 11 16
avgk,279,366,15,15,Repairman,1.0,Middle,15,11 15,11 15,4 11 15
avgk,279,371,6,6,Guard,1.0,Middle,6,6 11 12,6 11 12 18,6 11 12 18
avgk,279,413,20,20,Tennis Player,1.0,Middle,20,20,20,6 20
avgk,279,988,11,11,Laborer,2.0,Older,11,11 15 16,11 14 15 16,2 11 14 15 16
avgk,279,1074,1,1,Backpacker,3.0,Unknown,1,1,1 10 12,1 10
avgk,279,616,5,5,Farmer,3.0,Unknown,5,5 11,5 11,5 11
avgk,279,1193,5,5,Farmer,3.0,Unknown,11,5 11,5 11,5 11
avgk,279,1186,6,6,Guard,1.0,Middle,12,6 12 13,1 6 12 13,1 6 12 13
avgk,279,1134,3,3,Computer User,3.0,Unknown,3,1 3 16,1 3 11 16,1 3 11 16
avgk,279,457,18,18,Skateboarder,0.0,Younger,18,18,18,18
avgk,279,511,17,7,Guitarist,1.0,Middle,17,7 17,1 7 10 17,1 7 10 17
avgk,279,100,3,3,Computer User,3.0,Unknown,3,2 3 8 11 15 16 19,3 11 15 16,3 11 15 16
avgk,279,435,20,20,Tennis Player,1.0,Middle,20,20,20,20
avgk,279,751,6,12,Officer,1.0,Middle,6,6 16,3 6 11 16,3 6 11 16
avgk,279,38,9,9,Hairdresser,2.0,Older,9,9,9,4 9 11 15
avgk,279,22,2,2,Boatman,0.0,Younger,2,2,2,2
avgk,279,476,1,1,Backpacker,0.0,Younger,1,1,1,1
avgk,279,452,4,4,Craftsman,1.0,Middle,11,4 11 14 16,4 11 14 16,4 11 14 16
avgk,279,1131,17,17,Singer,0.0,Younger,17,11 17,11 12 15 17,17
avgk,279,48,1,1,Backpacker,3.0,Unknown,1,1,1 2 11,1 2
avgk,279,738,4,4,Craftsman,1.0,Middle,11,4 11 16,4 11 16,4 11 16
avgk,279,865,14,14,Painter,1.0,Middle,14,11 14 16,2 11 14 16,2 11 14 16
avgk,279,407,5,5,Farmer,2.0,Older,5,4 5 11 15 16,5 11 15 16,4 5 11 15 16
avgk,279,336,17,17,Singer,0.0,Younger,17,17,17,17
avgk,279,565,14,11,Laborer,2.0,Older,14,1 2 11 14 15,1 2 11 14,1 2 11 14 15
avgk,279,1077,13,13,Motorcyclist,1.0,Middle,13,13,13,13
avgk,279,460,16,16,Salesperson,1.0,Middle,16,11 16,6 11 14 16,6 11 14 16
avgk,279,181,15,15,Repairman,1.0,Middle,11,4 11 15,4 11 15,4 11 15
avgk,279,928,2,2,Boatman,2.0,Older,2,2,2,2 6 10 12
avgk,279,1333,17,17,Singer,1.0,Middle,17,17,11 17,6 11 17
avgk,279,1122,3,3,Computer User,1.0,Middle,3,3 16 17 19,3 16 17 19,3 16 17 19
avgk,279,1384,20,20,Tennis Player,1.0,Middle,20,20,20,20
avgk,279,390,10,10,Horse Rider,1.0,Middle,10,6 10 12,6 10 12,6 10 12
avgk,279,789,6,11,Laborer,1.0,Middle,6,6 11 15,6 11 15 18,6 11 15 18
avgk,279,656,8,8,Gymnast,0.0,Younger,8,6 8,6 8 13 18,6 8
avgk,279,1136,8,8,Gymnast,0.0,Younger,8,8,8,8
avgk,279,718,6,12,Officer,0.0,Younger,12,2 6 12 13,2 6 12 13,2 6 12 13
avgk,279,348,12,12,Officer,0.0,Younger,16,6 11 12 13 16,6 11 12 16,6 11 12 16
avgk,279,1324,10,10,Horse Rider,3.0,Unknown,10,10,10,10
avgk,279,93,16,16,Salesperson,3.0,Unknown,16,16,1 16,16
avgk,279,858,19,19,Speaker,1.0,Middle,19,3 6 10 11 12 17 19,6 11 17 19,6 11 17 19
avgk,279,1158,19,19,Speaker,1.0,Middle,6,6 12 19,6 12 19,6 10 12 19
avgk,279,1254,13,13,Motorcyclist,3.0,Unknown,16,2 13 16,2 11 13 16,2 11 13 16
avgk,279,943,10,10,Horse Rider,1.0,Middle,10,10,10,8 10
avgk,279,1358,13,13,Motorcyclist,3.0,Unknown,13,13,13,13
avgk,279,363,18,18,Skateboarder,0.0,Younger,18,18,18,18
avgk,279,215,11,14,Painter,1.0,Middle,11,11 14 15,4 11 14 15,4 11 14 15
avgk,279,429,9,9,Hairdresser,3.0,Unknown,9,1 3 9 14,1 3 9 14,1 3 9 14
avgk,279,239,16,16,Salesperson,1.0,Middle,16,2 3 9 11 15 16,3 11 15 16,3 11 15 16
avgk,279,624,6,15,Repairman,1.0,Middle,15,3 6 11 15,3 6 11 15,3 6 11 15
avgk,280,498,2,2,Boatman,1.0,Middle,2,2,2,2 11 16
avgk,280,1316,11,16,Salesperson,1.0,Middle,2,1 2 11 14,1 2 11 14,1 2 11 14
avgk,280,915,15,15,Repairman,1.0,Middle,11,11 15,11 15,11 15
avgk,280,74,20,20,Tennis Player,1.0,Middle,20,20,20,20
avgk,280,410,11,11,Laborer,1.0,Middle,11,2 6 11 16,2 6 11 16,2 6 11 16
avgk,280,147,1,1,Backpacker,1.0,Middle,1,1,1 11,1 3 11 16
avgk,280,287,3,3,Computer User,3.0,Unknown,16,3 5 16,3 5 10 16,3 5 10 16
avgk,280,1049,3,3,Computer User,3.0,Unknown,2,2 3 16,2 3 11 16,2 3 16
avgk,280,661,8,8,Gymnast,0.0,Younger,8,8 18,8 18,8
avgk,280,339,17,17,Singer,1.0,Middle,17,17,17,10 11 17 20
avgk,280,1171,1,18,Skateboarder,0.0,Younger,1,1 16 18,1 16 18,1
avgk,280,288,14,14,Painter,1.0,Middle,14,11 14,11 14 15 18,11 14 15 18
avgk,280,433,15,15,Repairman,1.0,Middle,15,11 13 15,11 13 15 17,11 13 15 17
avgk,280,697,11,5,Farmer,3.0,Unknown,5,5 11,5 11 12,5 11
avgk,280,103,9,9,Hairdresser,1.0,Middle,9,9,9 11,9 11 16
avgk,280,1136,8,8,Gymnast,0.0,Younger,8,8,8,8
avgk,280,824,14,14,Painter,3.0,Unknown,14,14,14,14
avgk,280,165,13,13,Motorcyclist,1.0,Middle,2,1 2 13,1 2 13 19,1 2 13 19
avgk,280,683,6,12,Officer,3.0,Unknown,6,6 12 13 16,6 12 13 16,6 12 13 16
avgk,280,478,5,5,Farmer,3.0,Unknown,5,2 5 11,2 5 11,2 5 11
avgk,280,255,17,17,Singer,1.0,Middle,17,17,17,17
avgk,280,381,1,1,Backpacker,0.0,Younger,16,1 3 6 11 15 16,1 6 11 16,1 6 11 16
avgk,280,992,7,7,Guitarist,2.0,Older,7,7,7,7 11 16 17 18
avgk,280,898,13,13,Motorcyclist,1.0,Middle,13,2 11 13 16,2 11 13 16,2 11 13 16
avgk,280,1094,20,20,Tennis Player,1.0,Middle,20,20,20,20
avgk,280,39,9,9,Hairdresser,2.0,Older,9,4 9 15,4 9 15,4 6 9 15 16
avgk,280,348,12,12,Officer,0.0,Younger,16,6 11 12 13 16,6 11 12 16,6 11 12 16
avgk,280,1115,19,19,Speaker,1.0,Middle,6,6 9 10 12 17 19,6 9 17 19,6 9 17 19
avgk,280,336,17,17,Singer,0.0,Younger,17,17,17,17
avgk,280,924,6,6,Guard,0.0,Younger,6,6 15,6 15,6
avgk,280,859,12,12,Officer,1.0,Middle,6,2 6 12,2 6 12 13,2 6 12 13
avgk,280,206,5,11,Laborer,1.0,Middle,5,5 11,5 11 16,5 11 16
avgk,280,350,18,18,Skateboarder,1.0,Middle,18,18,18,18
avgk,280,215,15,14,Painter,1.0,Middle,11,11 14 15,4 11 14 15,4 11 14 15
avgk,280,1084,20,20,Tennis Player,3.0,Unknown,20,20,20,20
avgk,280,1072,4,4,Craftsman,0.0,Younger,11,4 6 11 15 16,4 11 15 16,4 11 15 16
avgk,280,894,6,6,Guard,2.0,Older,15,6 15 16,4 6 15 16,4 6 11 15 16
avgk,280,1367,11,4,Craftsman,1.0,Middle,11,11 16,5 11 16,2 5 11 16
avgk,280,753,3,3,Computer User,1.0,Middle,11,1 11 18,1 3 11 18,1 3 11 18
avgk,280,1217,8,8,Gymnast,3.0,Unknown,8,8,8,8
avgk,280,445,11,13,Motorcyclist,3.0,Unknown,11,11 16,11 16,11 16
avgk,280,1286,7,7,Guitarist,3.0,Unknown,7,7,7,7
avgk,280,272,16,16,Salesperson,2.0,Older,16,11 16,11 16,5 6 11 16
avgk,280,1221,9,9,Hairdresser,1.0,Middle,9,4 9 16,4 9 11 16,4 9 11 16
avgk,280,440,6,6,Guard,1.0,Middle,6,6 12,6 12,6 11 12 15
avgk,280,120,10,10,Horse Rider,0.0,Younger,10,10,5 10 12 16,10
avgk,280,459,2,2,Boatman,2.0,Older,2,2,2,2 6 14 15 16
avgk,280,226,2,2,Boatman,0.0,Younger,2,2,2,2
avgk,280,1236,7,7,Guitarist,1.0,Middle,11,1 2 5 7 11 16 17 20,1 2 11 20,1 2 11 20
avgk,280,69,17,19,Speaker,1.0,Middle,17,9 16 17 20,9 16 17 20,9 16 17 20
avgk,281,789,15,11,Laborer,1.0,Middle,6,6 11 15,6 11 15 18,6 11 15 18
avgk,281,624,15,15,Repairman,1.0,Middle,15,3 6 11 15,3 6 11 15,3 6 11 15
avgk,281,100,3,3,Computer User,3.0,Unknown,3,2 3 8 11 15 16 19,3 11 15 16,3 11 15 16
avgk,281,511,17,7,Guitarist,1.0,Middle,17,7 17,1 7 10 17,1 7 10 17
avgk,281,738,4,4,Craftsman,1.0,Middle,11,4 11 16,4 11 16,4 11 16
avgk,281,457,18,18,Skateboarder,0.0,Younger,18,18,18,18
avgk,281,656,8,8,Gymnast,0.0,Younger,8,6 8,6 8 13 18,6 8
avgk,281,366,15,15,Repairman,1.0,Middle,15,11 15,11 15,4 11 15
avgk,281,429,9,9,Hairdresser,3.0,Unknown,9,1 3 9 14,1 3 9 14,1 3 9 14
avgk,281,1077,13,13,Motorcyclist,1.0,Middle,13,13,13,13
avgk,281,336,17,17,Singer,0.0,Younger,17,17,17,17
avgk,281,1131,17,17,Singer,0.0,Younger,17,11 17,11 12 15 17,17
avgk,281,1358,13,13,Motorcyclist,3.0,Unknown,13,13,13,13
avgk,281,460,16,16,Salesperson,1.0,Middle,16,11 16,6 11 14 16,6 11 14 16
avgk,281,476,1,1,Backpacker,0.0,Younger,1,1,1,1
avgk,281,371,6,6,Guard,1.0,Middle,6,6 11 12,6 11 12 18,6 11 12 18
avgk,281,858,19,19,Speaker,1.0,Middle,19,3 6 10 11 12 17 19,6 11 17 19,6 11 17 19
avgk,281,1074,1,1,Backpacker,3.0,Unknown,1,1,1 10 12,1 10
avgk,281,93,16,16,Salesperson,3.0,Unknown,16,16,1 16,16
avgk,281,718,13,12,Officer,0.0,Younger,12,2 6 12 13,2 6 12 13,2 6 12 13
avgk,281,390,10,10,Horse Rider,1.0,Middle,10,6 10 12,6 10 12,6 10 12
avgk,281,435,20,20,Tennis Player,1.0,Middle,20,20,20,20
avgk,281,1122,3,3,Computer User,1.0,Middle,3,3 16 17 19,3 16 17 19,3 16 17 19
avgk,281,565,1,11,Laborer,2.0,Older,14,1 2 11 14 15,1 2 11 14,1 2 11 14 15
avgk,281,38,9,9,Hairdresser,2.0,Older,9,9,9,4 9 11 15
avgk,281,407,5,5,Farmer,2.0,Older,5,4 5 11 15 16,5 11 15 16,4 5 11 15 16
avgk,281,1384,20,20,Tennis Player,1.0,Middle,20,20,20,20
avgk,281,413,20,20,Tennis Player,1.0,Middle,20,20,20,6 20
avgk,281,1324,10,10,Horse Rider,3.0,Unknown,10,10,10,10
avgk,281,22,2,2,Boatman,0.0,Younger,2,2,2,2
avgk,281,943,10,10,Horse Rider,1.0,Middle,10,10,10,8 10
avgk,281,215,11,14,Painter,1.0,Middle,11,11 14 15,4 11 14 15,4 11 14 15
avgk,281,1254,13,13,Motorcyclist,3.0,Unknown,16,2 13 16,2 11 13 16,2 11 13 16
avgk,281,928,2,2,Boatman,2.0,Older,2,2,2,2 6 10 12
avgk,281,452,4,4,Craftsman,1.0,Middle,11,4 11 14 16,4 11 14 16,4 11 14 16
avgk,281,1193,5,5,Farmer,3.0,Unknown,11,5 11,5 11,5 11
avgk,281,616,5,5,Farmer,3.0,Unknown,5,5 11,5 11,5 11
avgk,281,239,16,16,Salesperson,1.0,Middle,16,2 3 9 11 15 16,3 11 15 16,3 11 15 16
avgk,281,1186,12,6,Guard,1.0,Middle,12,6 12 13,1 6 12 13,1 6 12 13
avgk,281,1136,8,8,Gymnast,0.0,Younger,8,8,8,8
avgk,281,348,12,12,Officer,0.0,Younger,16,6 11 12 13 16,6 11 12 16,6 11 12 16
avgk,281,181,15,15,Repairman,1.0,Middle,11,4 11 15,4 11 15,4 11 15
avgk,281,865,14,14,Painter,1.0,Middle,14,11 14 16,2 11 14 16,2 11 14 16
avgk,281,48,1,1,Backpacker,3.0,Unknown,1,1,1 2 11,1 2
avgk,281,1333,17,17,Singer,1.0,Middle,17,17,11 17,6 11 17
avgk,281,1158,6,19,Speaker,1.0,Middle,6,6 12 19,6 12 19,6 10 12 19
avgk,281,751,6,12,Officer,1.0,Middle,6,6 16,3 6 11 16,3 6 11 16
avgk,281,1134,3,3,Computer User,3.0,Unknown,3,1 3 16,1 3 11 16,1 3 11 16
avgk,281,363,18,18,Skateboarder,0.0,Younger,18,18,18,18
avgk,281,988,11,11,Laborer,2.0,Older,11,11 15 16,11 14 15 16,2 11 14 15 16
avgk,282,1168,7,7,Guitarist,3.0,Unknown,7,7,7,7
avgk,282,145,2,2,Boatman,1.0,Middle,2,2,2,2
avgk,282,359,16,16,Salesperson,3.0,Unknown,16,3 6 11 16,3 6 11 16,3 6 11 16
avgk,282,325,5,5,Farmer,2.0,Older,11,5 11,5 11 16,4 5 11 16
avgk,282,37,13,13,Motorcyclist,1.0,Middle,13,13,13,13
avgk,282,956,6,6,Guard,1.0,Middle,6,6,6,6 20
avgk,282,621,8,8,Gymnast,0.0,Younger,8,8,8,8
avgk,282,1331,1,1,Backpacker,1.0,Middle,1,1 5 11 16,1 5 11 16,1 5 11 16
avgk,282,1324,10,10,Horse Rider,3.0,Unknown,10,10,10,10
avgk,282,331,6,6,Guard,0.0,Younger,6,6 15,6 15,6
avgk,282,681,11,15,Repairman,1.0,Middle,15,11 15,11 15,11 15
avgk,282,506,8,8,Gymnast,1.0,Middle,8,8,8,8
avgk,282,1256,9,9,Hairdresser,1.0,Middle,9,9 15,4 9 15,4 9 11 15
avgk,282,455,4,11,Laborer,0.0,Younger,4,4 11 14,4 11 14,4 11
avgk,282,426,5,5,Farmer,2.0,Older,5,5 11,5 11,1 2 5 11 16
avgk,282,505,20,20,Tennis Player,0.0,Younger,20,20,20,20
avgk,282,1295,3,3,Computer User,3.0,Unknown,3,3 16 19,3 15 16 19,3 16 19
avgk,282,1397,16,1,Backpacker,0.0,Younger,16,1 16,1 9 11 16,1 16
avgk,282,570,14,14,Painter,2.0,Older,14,14 16,14 16,4 11 14 15 16
avgk,282,1025,13,12,Officer,3.0,Unknown,18,6 12 13 18,6 12 13 18,6 12 13 18
avgk,282,135,19,19,Speaker,3.0,Unknown,16,6 10 12 16 17 19 20,6 16 17 19,6 16 17 19
avgk,282,32,17,17,Singer,0.0,Younger,17,17,17,17
avgk,282,963,13,13,Motorcyclist,0.0,Younger,13,13 15,9 13 15 16,13
avgk,282,225,6,10,Horse Rider,0.0,Younger,6,6,6 10,6
avgk,282,431,11,12,Officer,1.0,Middle,6,6 10 11 13 15 16,6 11 15 16,6 11 15 16
avgk,282,1226,9,9,Hairdresser,1.0,Middle,9,9,9,9
avgk,282,1183,9,9,Hairdresser,2.0,Older,9,9,9,4 9 11 15 16
avgk,282,1153,19,19,Speaker,1.0,Middle,10,3 5 6 10 11 12 13 16 17 19,5 6 10 12,5 6 10 12
avgk,282,166,14,14,Painter,0.0,Younger,14,11 14 16,1 11 14 16,14 16
avgk,282,1293,18,18,Skateboarder,3.0,Unknown,18,18,18,18
avgk,282,801,8,8,Gymnast,1.0,Middle,8,8,8,8
avgk,282,1348,12,16,Salesperson,1.0,Middle,9,6 9 12,3 6 9 12,3 6 9 12
avgk,282,515,7,7,Guitarist,1.0,Middle,7,7,7,7
avgk,282,299,11,4,Craftsman,1.0,Middle,16,1 11 16,1 11 15 16,1 11 15 16
avgk,282,591,11,11,Laborer,1.0,Middle,16,6 11 13 15 16 17,6 13 15 16,6 13 15 16
avgk,282,432,18,18,Skateboarder,0.0,Younger,18,18,18,18
avgk,282,700,1,1,Backpacker,3.0,Unknown,1,1 2 6 14,1 2 6 14,1 2 6 14
avgk,282,1113,2,2,Boatman,1.0,Middle,2,2 14,2 11 14 17,2 11 14 17
avgk,282,1046,20,20,Tennis Player,0.0,Younger,20,20,20,20
avgk,282,920,12,12,Officer,1.0,Middle,6,6 12 13 16,6 12 13 16,6 12 13 16
avgk,282,1353,17,17,Singer,0.0,Younger,17,17,17,17
avgk,282,315,2,2,Boatman,3.0,Unknown,2,2,1 2,2
avgk,282,464,7,7,Guitarist,1.0,Middle,7,7 11 17,2 7 11 17,2 7 11 17
avgk,282,30,11,11,Laborer,1.0,Middle,11,4 11 15,4 11 15,4 5 11 15
avgk,282,710,6,6,Guard,1.0,Middle,6,6,6,6
avgk,282,848,16,16,Salesperson,1.0,Middle,16,16,11 16,11 16
avgk,282,585,14,14,Painter,0.0,Younger,16,11 14 16,2 11 14 16,11 14 16
avgk,282,712,15,15,Repairman,1.0,Middle,11,11 15,1 4 11 15,1 4 11 15
avgk,282,105,15,15,Repairman,3.0,Unknown,15,4 11 15 16,4 11 15 16,4 11 15 16
avgk,282,680,18,18,Skateboarder,0.0,Younger,18,6 8 18 20,6 8 18 20,6 8 18 20
avgk,283,139,11,9,Hairdresser,1.0,Middle,11,5 9 11,4 5 9 11,4 5 9 11
avgk,283,982,2,2,Boatman,1.0,Middle,2,2,2,1 2
avgk,283,557,6,1,Backpacker,1.0,Middle,3,3 6 16 18 19 20,3 6 16 19,3 6 16 19
avgk,283,112,20,20,Tennis Player,0.0,Younger,20,20,20,20
avgk,283,615,5,11,Laborer,1.0,Middle,5,5 11,5 11,1 5 11
avgk,283,530,17,17,Singer,1.0,Middle,17,17,7 17,7 17
avgk,283,650,18,18,Skateboarder,3.0,Unknown,18,18,8 18,18
avgk,283,389,13,1,Backpacker,2.0,Older,13,13,13,1 2 13 16
avgk,283,870,8,8,Gymnast,0.0,Younger,8,8,8,8
avgk,283,366,15,15,Repairman,1.0,Middle,15,11 15,11 15,4 11 15
avgk,283,587,19,19,Speaker,2.0,Older,12,3 6 10 11 12 16 17 19 20,6 11 12 16,6 11 12 16 19
avgk,283,943,10,10,Horse Rider,1.0,Middle,10,10,10,8 10
avgk,283,1325,12,12,Officer,1.0,Middle,6,6 12 13,6 12 13 19,6 12 13 19
avgk,283,205,12,13,Motorcyclist,1.0,Middle,13,13,12 13,12 13
avgk,283,58,11,11,Laborer,3.0,Unknown,11,6 11 14,6 11 14 18,6 11 14 18
avgk,283,107,17,1,Backpacker,1.0,Middle,16,6 11 16 17,6 11 16 17,6 11 16 17
avgk,283,935,13,13,Motorcyclist,3.0,Unknown,13,13,13,13
avgk,283,521,13,13,Motorcyclist,1.0,Middle,13,13,13,13
avgk,283,966,14,14,Painter,2.0,Older,14,5 11 14,4 5 11 14,4 5 11 12 14
avgk,283,208,17,15,Repairman,3.0,Unknown,3,3,3 19,3
avgk,283,1263,8,8,Gymnast,1.0,Middle,8,8,8,8
avgk,283,418,16,16,Salesperson,1.0,Middle,16,1 16,1 11 16,1 11 15 16
avgk,283,1354,3,3,Computer User,3.0,Unknown,3,3 10 12 16,3 10 12 16,3 10 12 16
avgk,283,597,3,3,Computer User,1.0,Middle,19,3 11 15 17 19,3 11 17 19,3 11 17 19
avgk,283,675,16,16,Salesperson,1.0,Middle,16,11 15 16,2 11 15 16,2 11 15 16
avgk,283,611,1,7,Guitarist,3.0,Unknown,16,1 15 16,1 4 15 16,1 4 15 16
avgk,283,558,17,7,Guitarist,1.0,Middle,17,7 17,7 10 15 17,7 10 15 17
avgk,283,1390,4,4,Craftsman,1.0,Middle,11,4 11 15 16,4 11 15 16,4 11 15 16
avgk,283,1334,17,17,Singer,1.0,Middle,17,17,17,11 17
avgk,283,186,11,4,Craftsman,2.0,Older,11,3 4 9 11 15 16,3 11 15 16,3 4 11 15 16
avgk,283,788,6,6,Guard,1.0,Middle,6,6,6,6
avgk,283,850,3,3,Computer User,3.0,Unknown,16,11 16,3 11 15 16,3 11 15 16
avgk,283,176,11,11,Laborer,3.0,Unknown,11,2 5 11,2 5 11,2 5 11
avgk,283,946,14,14,Painter,3.0,Unknown,14,14,2 14,14
avgk,283,846,6,10,Horse Rider,3.0,Unknown,6,6,6,6
avgk,283,1060,6,6,Guard,0.0,Younger,6,6,6,6
avgk,283,1147,6,6,Guard,0.0,Younger,6,6,6,6
avgk,283,551,5,5,Farmer,1.0,Middle,5,5 11,5 11,5 11
avgk,283,936,16,16,Salesperson,1.0,Middle,16,16,16,5 11 16
avgk,283,921,18,18,Skateboarder,3.0,Unknown,18,18,18,18
avgk,283,135,19,19,Speaker,3.0,Unknown,16,6 10 12 16 17 19 20,6 16 17 19,6 16 17 19
avgk,283,944,4,4,Craftsman,1.0,Middle,11,4 5 9 11 16,5 9 11 16,5 9 11 16
avgk,283,725,8,8,Gymnast,0.0,Younger,8,8,8,8
avgk,283,560,10,10,Horse Rider,0.0,Younger,10,8 10,8 10 20,10
avgk,283,1116,19,19,Speaker,1.0,Middle,9,3 8 9 16 17 19,3 9 17 19,3 9 17 19
avgk,283,386,17,7,Guitarist,3.0,Unknown,17,17,17,17
avgk,283,716,15,15,Repairman,0.0,Younger,15,15,15,15
avgk,283,1203,6,12,Officer,1.0,Middle,6,6 11,2 6 11 12,2 6 11 12
avgk,283,679,5,5,Farmer,2.0,Older,5,5 11,5 11,2 4 5 11
avgk,283,400,18,18,Skateboarder,3.0,Unknown,18,18,18,18
avgk,284,1183,9,9,Hairdresser,2.0,Older,9,9,9,4 9 11 15 16
avgk,284,1397,1,1,Backpacker,0.0,Younger,16,1 16,1 9 11 16,1 16
avgk,284,1331,1,1,Backpacker,1.0,Middle,1,1 5 11 16,1 5 11 16,1 5 11 16
avgk,284,801,8,8,Gymnast,1.0,Middle,8,8,8,8
avgk,284,680,8,18,Skateboarder,0.0,Younger,18,6 8 18 20,6 8 18 20,6 8 18 20
avgk,284,1324,10,10,Horse Rider,3.0,Unknown,10,10,10,10
avgk,284,1353,17,17,Singer,0.0,Younger,17,17,17,17
avgk,284,37,13,13,Motorcyclist,1.0,Middle,13,13,13,13
avgk,284,135,19,19,Speaker,3.0,Unknown,16,6 10 12 16 17 19 20,6 16 17 19,6 16 17 19
avgk,284,145,2,2,Boatman,1.0,Middle,2,2,2,2
avgk,284,299,1,4,Craftsman,1.0,Middle,16,1 11 16,1 11 15 16,1 11 15 16
avgk,284,464,7,7,Guitarist,1.0,Middle,7,7 11 17,2 7 11 17,2 7 11 17
avgk,284,1113,1,2,Boatman,1.0,Middle,2,2 14,2 11 14 17,2 11 14 17
avgk,284,1348,6,16,Salesperson,1.0,Middle,9,6 9 12,3 6 9 12,3 6 9 12
avgk,284,426,5,5,Farmer,2.0,Older,5,5 11,5 11,1 2 5 11 16
avgk,284,105,15,15,Repairman,3.0,Unknown,15,4 11 15 16,4 11 15 16,4 11 15 16
avgk,284,700,1,1,Backpacker,3.0,Unknown,1,1 2 6 14,1 2 6 14,1 2 6 14
avgk,284,920,6,12,Officer,1.0,Middle,6,6 12 13 16,6 12 13 16,6 12 13 16
avgk,284,359,16,16,Salesperson,3.0,Unknown,16,3 6 11 16,3 6 11 16,3 6 11 16
avgk,284,506,8,8,Gymnast,1.0,Middle,8,8,8,8
avgk,284,331,6,6,Guard,0.0,Younger,6,6 15,6 15,6
avgk,284,1153,19,19,Speaker,1.0,Middle,10,3 5 6 10 11 12 13 16 17 19,5 6 10 12,5 6 10 12
avgk,284,591,16,11,Laborer,1.0,Middle,16,6 11 13 15 16 17,6 13 15 16,6 13 15 16
avgk,284,963,12,13,Motorcyclist,0.0,Younger,13,13 15,9 13 15 16,13
avgk,284,585,14,14,Painter,0.0,Younger,16,11 14 16,2 11 14 16,11 14 16
avgk,284,956,6,6,Guard,1.0,Middle,6,6,6,6 20
avgk,284,505,20,20,Tennis Player,0.0,Younger,20,20,20,20
avgk,284,32,17,17,Singer,0.0,Younger,17,17,17,17
avgk,284,30,11,11,Laborer,1.0,Middle,11,4 11 15,4 11 15,4 5 11 15
avgk,284,455,4,11,Laborer,0.0,Younger,4,4 11 14,4 11 14,4 11
avgk,284,1256,9,9,Hairdresser,1.0,Middle,9,9 15,4 9 15,4 9 11 15
avgk,284,710,6,6,Guard,1.0,Middle,6,6,6,6
avgk,284,166,14,14,Painter,0.0,Younger,14,11 14 16,1 11 14 16,14 16
avgk,284,225,6,10,Horse Rider,0.0,Younger,6,6,6 10,6
avgk,284,681,11,15,Repairman,1.0,Middle,15,11 15,11 15,11 15
avgk,284,325,5,5,Farmer,2.0,Older,11,5 11,5 11 16,4 5 11 16
avgk,284,712,15,15,Repairman,1.0,Middle,11,11 15,1 4 11 15,1 4 11 15
avgk,284,1046,20,20,Tennis Player,0.0,Younger,20,20,20,20
avgk,284,1226,9,9,Hairdresser,1.0,Middle,9,9,9,9
avgk,284,1168,7,7,Guitarist,3.0,Unknown,7,7,7,7
avgk,284,570,14,14,Painter,2.0,Older,14,14 16,14 16,4 11 14 15 16
avgk,284,1295,3,3,Computer User,3.0,Unknown,3,3 16 19,3 15 16 19,3 16 19
avgk,284,848,16,16,Salesperson,1.0,Middle,16,16,11 16,11 16
avgk,284,621,8,8,Gymnast,0.0,Younger,8,8,8,8
avgk,284,515,7,7,Guitarist,1.0,Middle,7,7,7,7
avgk,284,431,12,12,Officer,1.0,Middle,6,6 10 11 13 15 16,6 11 15 16,6 11 15 16
avgk,284,432,18,18,Skateboarder,0.0,Younger,18,18,18,18
avgk,284,1025,13,12,Officer,3.0,Unknown,18,6 12 13 18,6 12 13 18,6 12 13 18
avgk,284,1293,18,18,Skateboarder,3.0,Unknown,18,18,18,18
avgk,284,315,2,2,Boatman,3.0,Unknown,2,2,1 2,2
avgk,285,626,2,2,Boatman,1.0,Middle,2,2,2,2
avgk,285,976,10,10,Horse Rider,3.0,Unknown,10,10,1 2 5 10,2 5 10
avgk,285,56,2,6,Guard,1.0,Middle,2,2 6 12,2 6 12,2 6 12
avgk,285,458,18,18,Skateboarder,0.0,Younger,18,18,18,18
avgk,285,567,14,1,Backpacker,1.0,Middle,1,1 5,1 5 11 16,1 5 11 16
avgk,285,1267,17,17,Singer,1.0,Middle,16,11 16 17,11 15 16 17,11 15 16 17
avgk,285,1214,10,10,Horse Rider,1.0,Middle,6,6 10 12 13,6 10 12 13,6 10 12 13
avgk,285,308,12,6,Guard,2.0,Older,11,6 11 12,6 11 12 15,6 11 12 15 16
avgk,285,1262,4,4,Craftsman,3.0,Unknown,16,4 11 16,4 9 11 16,4 9 11 16
avgk,285,1199,1,1,Backpacker,0.0,Younger,1,1 3 6 8 10 12 18,1 8 12 18,1 8 12 18
avgk,285,1177,7,7,Guitarist,1.0,Middle,7,3 4 7 11 15 16 17 19,3 7 16 19,3 7 16 19
avgk,285,855,11,14,Painter,1.0,Middle,15,11 15,11 14 15,11 14 15
avgk,285,736,5,5,Farmer,2.0,Older,5,5 11,5 11,1 4 5 11 16
avgk,285,338,16,16,Salesperson,1.0,Middle,16,11 16,11 16,11 16
avgk,285,671,8,8,Gymnast,0.0,Younger,8,8,8,8
avgk,285,557,1,1,Backpacker,1.0,Middle,3,3 6 16 18 19 20,3 6 16 19,3 6 16 19
avgk,285,971,19,5,Farmer,1.0,Middle,3,3 5 6 8 9 11 16 17,3 6 9 11,3 6 9 11
avgk,285,61,9,9,Hairdresser,1.0,Middle,9,9 15,9 15,4 9 11 15
avgk,285,977,2,2,Boatman,1.0,Middle,2,2,2 16,2 11 16
avgk,285,605,18,18,Skateboarder,0.0,Younger,18,18,18,18
avgk,285,12,19,19,Speaker,1.0,Middle,12,1 8 10 12,1 8 10 12,1 8 10 12
avgk,285,121,16,16,Salesperson,1.0,Middle,16,16,1 11 15 16,1 11 15 16
avgk,285,140,15,15,Repairman,1.0,Middle,15,15,15,15
avgk,285,1266,8,2,Boatman,0.0,Younger,2,2,2,2
avgk,285,785,18,18,Skateboarder,1.0,Middle,18,18,18,18
avgk,285,441,13,13,Motorcyclist,3.0,Unknown,13,13,13,13
avgk,285,1278,3,3,Computer User,3.0,Unknown,11,3 6 11 14 15 16,3 6 11 14,3 6 11 14
avgk,285,288,14,14,Painter,1.0,Middle,14,11 14,11 14 15 18,11 14 15 18
avgk,285,247,12,6,Guard,1.0,Middle,6,6,6,6
avgk,285,1116,19,19,Speaker,1.0,Middle,9,3 8 9 16 17 19,3 9 17 19,3 9 17 19
avgk,285,901,12,12,Officer,3.0,Unknown,6,6 11 12 13,6 11 12 13,6 11 12 13
avgk,285,1034,2,17,Singer,0.0,Younger,17,17,17,17
avgk,285,1368,10,10,Horse Rider,1.0,Middle,10,10,8 10,8 10 12
avgk,285,352,17,17,Singer,1.0,Middle,17,17,17,17
avgk,285,1067,3,3,Computer User,3.0,Unknown,3,3,3,3
avgk,285,1230,4,4,Craftsman,3.0,Unknown,11,4 11 14 15,4 11 14 15,4 11 14 15
avgk,285,128,19,19,Speaker,0.0,Younger,20,20,20,20
avgk,285,717,20,20,Tennis Player,1.0,Middle,20,20,20,20
avgk,285,880,9,9,Hairdresser,1.0,Middle,9,9,9,9 11
avgk,285,553,2,13,Motorcyclist,0.0,Younger,2,2,2 16,2
avgk,285,768,16,16,Salesperson,2.0,Older,16,2 16,2 16 18 20,2 4 16 18 20
avgk,285,311,9,9,Hairdresser,0.0,Younger,9,9,2 9 11,9
avgk,285,918,11,11,Laborer,3.0,Unknown,11,11 15,4 11 14 15,11 14 15
avgk,285,70,15,15,Repairman,2.0,Older,15,4 11 15,4 11 15,4 9 11 15
avgk,285,1294,8,8,Gymnast,0.0,Younger,8,1 6 8 14,1 6 8 14,8
avgk,285,410,6,11,Laborer,1.0,Middle,11,2 6 11 16,2 6 11 16,2 6 11 16
avgk,285,1112,20,20,Tennis Player,0.0,Younger,20,20,20,20
avgk,285,649,13,13,Motorcyclist,1.0,Middle,13,13,13,13
avgk,285,756,3,3,Computer User,1.0,Middle,3,1 3 11 16,1 3 11 16,1 3 11 16
avgk,285,291,2,12,Officer,3.0,Unknown,6,6,6,6
avgk,286,626,2,2,Boatman,1.0,Middle,2,2,2,2
avgk,286,625,13,13,Motorcyclist,3.0,Unknown,13,13,13,13
avgk,286,351,1,1,Backpacker,0.0,Younger,1,1,1,1
avgk,286,579,4,4,Craftsman,1.0,Middle,4,4 11,4 11 15,4 11 15 16
avgk,286,807,15,11,Laborer,1.0,Middle,11,11 15,11 15,11 15
avgk,286,1356,5,11,Laborer,3.0,Unknown,11,5 11,5 11 16,5 11 16
avgk,286,1070,12,12,Officer,3.0,Unknown,6,6 12,3 6 12 16,6 12 16
avgk,286,107,17,1,Backpacker,1.0,Middle,16,6 11 16 17,6 11 16 17,6 11 16 17
avgk,286,854,3,3,Computer User,1.0,Middle,3,3,3 4 15 19,3 4 15 19
avgk,286,316,8,8,Gymnast,1.0,Middle,8,8,8,8
avgk,286,578,16,16,Salesperson,1.0,Middle,16,11 16,11 16,11 16
avgk,286,309,6,12,Officer,1.0,Middle,6,6 13,6 12 13 16,6 12 13 16
avgk,286,110,8,8,Gymnast,0.0,Younger,8,8,8,8
avgk,286,159,17,17,Singer,1.0,Middle,17,7 17,7 17,7 10 17 19
avgk,286,1032,12,12,Officer,3.0,Unknown,6,6 12,6 12 13,6 12
avgk,286,665,19,19,Speaker,3.0,Unknown,19,2 3 10 11 12 13 16 17 19,2 10 12 19,2 10 12 19
avgk,286,570,16,14,Painter,2.0,Older,14,14 16,14 16,4 11 14 15 16
avgk,286,1379,13,13,Motorcyclist,2.0,Older,13,13,12 13,4 10 12 13 15
avgk,286,133,11,5,Farmer,3.0,Unknown,11,5 11,5 11,5 11
avgk,286,1280,4,4,Craftsman,1.0,Middle,4,2 4 11,2 4 11,2 4 11
avgk,286,589,10,10,Horse Rider,3.0,Unknown,10,10,10,10
avgk,286,1061,4,4,Craftsman,2.0,Older,4,4 11,2 4 11,2 4 5 11 15
avgk,286,95,10,10,Horse Rider,0.0,Younger,10,10,5 8 10,10
avgk,286,86,2,5,Farmer,3.0,Unknown,5,2 5 11,2 5 11,2 5 11
avgk,286,70,15,15,Repairman,2.0,Older,15,4 11 15,4 11 15,4 9 11 15
avgk,286,803,18,18,Skateboarder,3.0,Unknown,18,18,18,18
avgk,286,79,3,3,Computer User,0.0,Younger,3,3 11 15,3 11 15,3
avgk,286,843,4,14,Painter,2.0,Older,16,4 11 16,4 11 15 16,4 11 14 15 16
avgk,286,1049,3,3,Computer User,3.0,Unknown,2,2 3 16,2 3 11 16,2 3 16
avgk,286,1096,20,20,Tennis Player,1.0,Middle,20,20,20,20
avgk,286,991,20,20,Tennis Player,1.0,Middle,20,20,20,20
avgk,286,463,16,16,Salesperson,0.0,Younger,16,16,16,16
avgk,286,1188,9,9,Hairdresser,3.0,Unknown,9,9 11,9 11,9
avgk,286,390,10,10,Horse Rider,1.0,Middle,10,6 10 12,6 10 12,6 10 12
avgk,286,849,7,7,Guitarist,1.0,Middle,7,7 17,7 17,7 17
avgk,286,1060,6,6,Guard,0.0,Younger,6,6,6,6
avgk,286,71,12,6,Guard,1.0,Middle,6,6 10 14,6 9 10 14,6 9 10 14
avgk,286,273,15,15,Repairman,1.0,Middle,15,11 15,11 15 16,11 15 16
avgk,286,19,20,20,Tennis Player,1.0,Middle,20,20,20,20
avgk,286,470,9,9,Hairdresser,3.0,Unknown,9,9,9,9
avgk,286,1105,7,17,Singer,1.0,Middle,16,2 7 11 16 17,2 7 16 17,2 7 16 17
avgk,286,28,9,9,Hairdresser,1.0,Middle,9,9,9,6 9
avgk,286,1243,19,19,Speaker,0.0,Younger,16,1 2 15 16 17,2 15 16 17,2 15 16 17
avgk,286,662,1,1,Backpacker,0.0,Younger,1,1,1,1
avgk,286,1318,18,18,Skateboarder,3.0,Unknown,18,18,18,18
avgk,286,781,16,19,Speaker,1.0,Middle,16,9 11 16,4 9 11 16,4 9 11 16
avgk,286,63,6,11,Laborer,1.0,Middle,6,6 13,6 12 13 16,6 12 13 16
avgk,286,602,2,2,Boatman,1.0,Middle,2,2 6 19,2 3 6 19,2 3 6 19
avgk,286,646,7,7,Guitarist,1.0,Middle,17,7 11 17,6 7 11 17,6 7 11 17
avgk,286,1048,16,16,Salesperson,1.0,Middle,16,5 11 16,5 11 16,1 5 11 16
avgk,287,676,1,1,Backpacker,1.0,Middle,1,1 11 16,1 11 16,1 5 11 16
avgk,287,1102,2,2,Boatman,3.0,Unknown,2,2,2,2
avgk,287,43,17,17,Singer,3.0,Unknown,17,17,10 17,17
avgk,287,789,6,11,Laborer,1.0,Middle,6,6 11 15,6 11 15 18,6 11 15 18
avgk,287,178,6,6,Guard,2.0,Older,15,6 13 15,4 6 13 15,4 6 13 15 16
avgk,287,1130,11,14,Painter,1.0,Middle,15,4 11 14 15,4 11 14 15,4 11 14 15
avgk,287,118,15,15,Repairman,1.0,Middle,3,3 15 16 19,3 15 16 19,3 15 16 19
avgk,287,459,2,2,Boatman,2.0,Older,2,2,2,2 6 14 15 16
avgk,287,371,6,6,Guard,1.0,Middle,6,6 11 12,6 11 12 18,6 11 12 18
avgk,287,381,11,1,Backpacker,0.0,Younger,16,1 3 6 11 15 16,1 6 11 16,1 6 11 16
avgk,287,23,5,5,Farmer,1.0,Middle,5,5 11,5 11,5 11 15 16
avgk,287,1360,14,4,Craftsman,3.0,Unknown,16,11 14 15 16,11 14 15 16,11 14 15 16
avgk,287,534,2,3,Computer User,1.0,Middle,11,2 3 6 11 15,2 3 11 15,2 3 11 15
avgk,287,1190,3,3,Computer User,1.0,Middle,1,1 3 15 16,1 3 15 16,1 3 15 16
avgk,287,530,17,17,Singer,1.0,Middle,17,17,7 17,7 17
avgk,287,822,12,12,Officer,1.0,Middle,6,3 6 12 15,3 6 12 15,3 6 12 15
avgk,287,1013,16,16,Salesperson,1.0,Middle,16,11 16,11 16,11 16
avgk,287,1330,11,1,Backpacker,1.0,Middle,1,1 4 6 7 11 12 15 17 18 19,1 6 7 15,1 6 7 15
avgk,287,1378,20,20,Tennis Player,0.0,Younger,20,20,20,20
avgk,287,1099,10,10,Horse Rider,0.0,Younger,10,10,10,10
avgk,287,237,7,7,Guitarist,1.0,Middle,7,7,7,7 12 17
avgk,287,685,13,13,Motorcyclist,1.0,Middle,16,13 16,6 13 15 16,6 13 15 16
avgk,287,914,8,8,Gymnast,1.0,Middle,8,8,8,8
avgk,287,233,5,16,Salesperson,1.0,Middle,11,5 11,5 11 16,2 5 11 16
avgk,287,742,15,15,Repairman,1.0,Middle,15,11 13 15,4 11 13 15,4 11 13 15
avgk,287,1177,7,7,Guitarist,1.0,Middle,7,3 4 7 11 15 16 17 19,3 7 16 19,3 7 16 19
avgk,287,1076,11,11,Laborer,1.0,Middle,6,6 11 13 16,6 11 13 16,6 11 13 16
avgk,287,874,5,5,Farmer,1.0,Middle,5,5,5,5 11
avgk,287,609,10,10,Horse Rider,1.0,Middle,10,8 10,5 8 10 20,5 8 10 20
avgk,287,1346,18,18,Skateboarder,1.0,Middle,18,18,18,18
avgk,287,660,11,11,Laborer,1.0,Middle,11,11,11,4 5 11
avgk,287,227,9,9,Hairdresser,1.0,Middle,9,9 11 16,4 9 11 16,4 9 11 16
avgk,287,189,19,19,Speaker,1.0,Middle,20,1 20,1 20,1 20
avgk,287,447,13,13,Motorcyclist,0.0,Younger,13,1 11 13 16,1 11 13 16,11 13 16
avgk,287,1396,13,13,Motorcyclist,3.0,Unknown,13,1 11 13 16,1 11 13 16,1 11 13 16
avgk,287,1229,4,4,Craftsman,3.0,Unknown,4,4 15,4 15,4 15
avgk,287,1057,14,9,Hairdresser,0.0,Younger,9,9,9,9
avgk,287,1156,20,20,Tennis Player,0.0,Younger,20,20,20,20
avgk,287,22,2,2,Boatman,0.0,Younger,2,2,2,2
avgk,287,556,5,5,Farmer,1.0,Middle,5,5 11,5 11 16,5 11 16
avgk,287,786,17,17,Singer,3.0,Unknown,17,8 11 17 19,8 11 17 19,8 11 17 19
avgk,287,715,10,10,Horse Rider,1.0,Middle,10,8 10,6 8 10 12,6 8 10 12
avgk,287,257,18,18,Skateboarder,0.0,Younger,18,18,18,18
avgk,287,832,18,18,Skateboarder,1.0,Middle,18,18,18,18
avgk,287,510,20,20,Tennis Player,1.0,Middle,20,16 18 20,16 18 20,1 16 18 20
avgk,287,854,3,3,Computer User,1.0,Middle,3,3,3 4 15 19,3 4 15 19
avgk,287,610,19,19,Speaker,2.0,Older,19,5 10 11 16 19,5 11 16 19,5 10 11 16 19
avgk,287,936,16,16,Salesperson,1.0,Middle,16,16,16,5 11 16
avgk,287,604,6,6,Guard,1.0,Middle,6,6 11 16,1 6 11 16,1 6 11 16
avgk,287,299,11,4,Craftsman,1.0,Middle,16,1 11 16,1 11 15 16,1 11 15 16
avgk,288,12,19,19,Speaker,1.0,Middle,12,1 8 10 12,1 8 10 12,1 8 10 12
avgk,288,626,2,2,Boatman,1.0,Middle,2,2,2,2
avgk,288,338,16,16,Salesperson,1.0,Middle,16,11 16,11 16,11 16
avgk,288,976,10,10,Horse Rider,3.0,Unknown,10,10,1 2 5 10,2 5 10
avgk,288,1267,17,17,Singer,1.0,Middle,16,11 16 17,11 15 16 17,11 15 16 17
avgk,288,1278,3,3,Computer User,3.0,Unknown,11,3 6 11 14 15 16,3 6 11 14,3 6 11 14
avgk,288,1112,20,20,Tennis Player,0.0,Younger,20,20,20,20
avgk,288,567,1,1,Backpacker,1.0,Middle,1,1 5,1 5 11 16,1 5 11 16
avgk,288,977,2,2,Boatman,1.0,Middle,2,2,2 16,2 11 16
avgk,288,121,16,16,Salesperson,1.0,Middle,16,16,1 11 15 16,1 11 15 16
avgk,288,918,11,11,Laborer,3.0,Unknown,11,11 15,4 11 14 15,11 14 15
avgk,288,605,18,18,Skateboarder,0.0,Younger,18,18,18,18
avgk,288,1199,1,1,Backpacker,0.0,Younger,1,1 3 6 8 10 12 18,1 8 12 18,1 8 12 18
avgk,288,649,13,13,Motorcyclist,1.0,Middle,13,13,13,13
avgk,288,1116,19,19,Speaker,1.0,Middle,9,3 8 9 16 17 19,3 9 17 19,3 9 17 19
avgk,288,756,3,3,Computer User,1.0,Middle,3,1 3 11 16,1 3 11 16,1 3 11 16
avgk,288,736,5,5,Farmer,2.0,Older,5,5 11,5 11,1 4 5 11 16
avgk,288,785,18,18,Skateboarder,1.0,Middle,18,18,18,18
avgk,288,1214,10,10,Horse Rider,1.0,Middle,6,6 10 12 13,6 10 12 13,6 10 12 13
avgk,288,441,13,13,Motorcyclist,3.0,Unknown,13,13,13,13
avgk,288,1034,17,17,Singer,0.0,Younger,17,17,17,17
avgk,288,1368,10,10,Horse Rider,1.0,Middle,10,10,8 10,8 10 12
avgk,288,458,18,18,Skateboarder,0.0,Younger,18,18,18,18
avgk,288,855,11,14,Painter,1.0,Middle,15,11 15,11 14 15,11 14 15
avgk,288,901,12,12,Officer,3.0,Unknown,6,6 11 12 13,6 11 12 13,6 11 12 13
avgk,288,971,16,5,Farmer,1.0,Middle,3,3 5 6 8 9 11 16 17,3 6 9 11,3 6 9 11
avgk,288,247,6,6,Guard,1.0,Middle,6,6,6,6
avgk,288,768,16,16,Salesperson,2.0,Older,16,2 16,2 16 18 20,2 4 16 18 20
avgk,288,880,9,9,Hairdresser,1.0,Middle,9,9,9,9 11
avgk,288,61,9,9,Hairdresser,1.0,Middle,9,9 15,9 15,4 9 11 15
avgk,288,140,15,15,Repairman,1.0,Middle,15,15,15,15
avgk,288,1294,8,8,Gymnast,0.0,Younger,8,1 6 8 14,1 6 8 14,8
avgk,288,1230,4,4,Craftsman,3.0,Unknown,11,4 11 14 15,4 11 14 15,4 11 14 15
avgk,288,1067,3,3,Computer User,3.0,Unknown,3,3,3,3
avgk,288,1266,2,2,Boatman,0.0,Younger,2,2,2,2
avgk,288,311,9,9,Hairdresser,0.0,Younger,9,9,2 9 11,9
avgk,288,1177,7,7,Guitarist,1.0,Middle,7,3 4 7 11 15 16 17 19,3 7 16 19,3 7 16 19
avgk,288,308,6,6,Guard,2.0,Older,11,6 11 12,6 11 12 15,6 11 12 15 16
avgk,288,128,19,19,Speaker,0.0,Younger,20,20,20,20
avgk,288,717,20,20,Tennis Player,1.0,Middle,20,20,20,20
avgk,288,1262,4,4,Craftsman,3.0,Unknown,16,4 11 16,4 9 11 16,4 9 11 16
avgk,288,557,16,1,Backpacker,1.0,Middle,3,3 6 16 18 19 20,3 6 16 19,3 6 16 19
avgk,288,410,11,11,Laborer,1.0,Middle,11,2 6 11 16,2 6 11 16,2 6 11 16
avgk,288,56,2,6,Guard,1.0,Middle,2,2 6 12,2 6 12,2 6 12
avgk,288,671,8,8,Gymnast,0.0,Younger,8,8,8,8
avgk,288,291,6,12,Officer,3.0,Unknown,6,6,6,6
avgk,288,70,15,15,Repairman,2.0,Older,15,4 11 15,4 11 15,4 9 11 15
avgk,288,553,2,13,Motorcyclist,0.0,Younger,2,2,2 16,2
avgk,288,288,14,14,Painter,1.0,Middle,14,11 14,11 14 15 18,11 14 15 18
avgk,288,352,17,17,Singer,1.0,Middle,17,17,17,17
avgk,289,738,4,4,Craftsman,1.0,Middle,11,4 11 16,4 11 16,4 11 16
avgk,289,1136,8,8,Gymnast,0.0,Younger,8,8,8,8
avgk,289,1358,13,13,Motorcyclist,3.0,Unknown,13,13,13,13
avgk,289,1158,19,19,Speaker,1.0,Middle,6,6 12 19,6 12 19,6 10 12 19
avgk,289,460,16,16,Salesperson,1.0,Middle,16,11 16,6 11 14 16,6 11 14 16
avgk,289,1324,10,10,Horse Rider,3.0,Unknown,10,10,10,10
avgk,289,1193,11,5,Farmer,3.0,Unknown,11,5 11,5 11,5 11
avgk,289,858,19,19,Speaker,1.0,Middle,19,3 6 10 11 12 17 19,6 11 17 19,6 11 17 19
avgk,289,181,15,15,Repairman,1.0,Middle,11,4 11 15,4 11 15,4 11 15
avgk,289,511,7,7,Guitarist,1.0,Middle,17,7 17,1 7 10 17,1 7 10 17
avgk,289,390,10,10,Horse Rider,1.0,Middle,10,6 10 12,6 10 12,6 10 12
avgk,289,363,18,18,Skateboarder,0.0,Younger,18,18,18,18
avgk,289,366,15,15,Repairman,1.0,Middle,15,11 15,11 15,4 11 15
avgk,289,928,2,2,Boatman,2.0,Older,2,2,2,2 6 10 12
avgk,289,865,14,14,Painter,1.0,Middle,14,11 14 16,2 11 14 16,2 11 14 16
avgk,289,565,1,11,Laborer,2.0,Older,14,1 2 11 14 15,1 2 11 14,1 2 11 14 15
avgk,289,22,2,2,Boatman,0.0,Younger,2,2,2,2
avgk,289,1384,20,20,Tennis Player,1.0,Middle,20,20,20,20
avgk,289,1134,3,3,Computer User,3.0,Unknown,3,1 3 16,1 3 11 16,1 3 11 16
avgk,289,413,20,20,Tennis Player,1.0,Middle,20,20,20,6 20
avgk,289,429,9,9,Hairdresser,3.0,Unknown,9,1 3 9 14,1 3 9 14,1 3 9 14
avgk,289,1186,12,6,Guard,1.0,Middle,12,6 12 13,1 6 12 13,1 6 12 13
avgk,289,452,4,4,Craftsman,1.0,Middle,11,4 11 14 16,4 11 14 16,4 11 14 16
avgk,289,457,18,18,Skateboarder,0.0,Younger,18,18,18,18
avgk,289,435,20,20,Tennis Player,1.0,Middle,20,20,20,20
avgk,289,1074,1,1,Backpacker,3.0,Unknown,1,1,1 10 12,1 10
avgk,289,943,10,10,Horse Rider,1.0,Middle,10,10,10,8 10
avgk,289,371,6,6,Guard,1.0,Middle,6,6 11 12,6 11 12 18,6 11 12 18
avgk,289,656,8,8,Gymnast,0.0,Younger,8,6 8,6 8 13 18,6 8
avgk,289,1122,16,3,Computer User,1.0,Middle,3,3 16 17 19,3 16 17 19,3 16 17 19
avgk,289,93,1,16,Salesperson,3.0,Unknown,16,16,1 16,16
avgk,289,1131,17,17,Singer,0.0,Younger,17,11 17,11 12 15 17,17
avgk,289,1077,13,13,Motorcyclist,1.0,Middle,13,13,13,13
avgk,289,48,1,1,Backpacker,3.0,Unknown,1,1,1 2 11,1 2
avgk,289,1254,13,13,Motorcyclist,3.0,Unknown,16,2 13 16,2 11 13 16,2 11 13 16
avgk,289,476,1,1,Backpacker,0.0,Younger,1,1,1,1
avgk,289,100,3,3,Computer User,3.0,Unknown,3,2 3 8 11 15 16 19,3 11 15 16,3 11 15 16
avgk,289,407,5,5,Farmer,2.0,Older,5,4 5 11 15 16,5 11 15 16,4 5 11 15 16
avgk,289,348,12,12,Officer,0.0,Younger,16,6 11 12 13 16,6 11 12 16,6 11 12 16
avgk,289,616,5,5,Farmer,3.0,Unknown,5,5 11,5 11,5 11
avgk,289,336,19,17,Singer,0.0,Younger,17,17,17,17
avgk,289,789,6,11,Laborer,1.0,Middle,6,6 11 15,6 11 15 18,6 11 15 18
avgk,289,38,16,9,Hairdresser,2.0,Older,9,9,9,4 9 11 15
avgk,289,215,11,14,Painter,1.0,Middle,11,11 14 15,4 11 14 15,4 11 14 15
avgk,289,1333,17,17,Singer,1.0,Middle,17,17,11 17,6 11 17
avgk,289,988,14,11,Laborer,2.0,Older,11,11 15 16,11 14 15 16,2 11 14 15 16
avgk,289,239,16,16,Salesperson,1.0,Middle,16,2 3 9 11 15 16,3 11 15 16,3 11 15 16
avgk,289,751,6,12,Officer,1.0,Middle,6,6 16,3 6 11 16,3 6 11 16
avgk,289,624,16,15,Repairman,1.0,Middle,15,3 6 11 15,3 6 11 15,3 6 11 15
avgk,289,718,8,12,Officer,0.0,Younger,12,2 6 12 13,2 6 12 13,2 6 12 13
avgk,290,447,13,13,Motorcyclist,0.0,Younger,13,1 11 13 16,1 11 13 16,11 13 16
avgk,290,936,16,16,Salesperson,1.0,Middle,16,16,16,5 11 16
avgk,290,371,6,6,Guard,1.0,Middle,6,6 11 12,6 11 12 18,6 11 12 18
avgk,290,189,19,19,Speaker,1.0,Middle,20,1 20,1 20,1 20
avgk,290,178,15,6,Guard,2.0,Older,15,6 13 15,4 6 13 15,4 6 13 15 16
avgk,290,789,6,11,Laborer,1.0,Middle,6,6 11 15,6 11 15 18,6 11 15 18
avgk,290,1330,18,1,Backpacker,1.0,Middle,1,1 4 6 7 11 12 15 17 18 19,1 6 7 15,1 6 7 15
avgk,290,237,7,7,Guitarist,1.0,Middle,7,7,7,7 12 17
avgk,290,530,17,17,Singer,1.0,Middle,17,17,7 17,7 17
avgk,290,660,11,11,Laborer,1.0,Middle,11,11,11,4 5 11
avgk,290,742,15,15,Repairman,1.0,Middle,15,11 13 15,4 11 13 15,4 11 13 15
avgk,290,609,10,10,Horse Rider,1.0,Middle,10,8 10,5 8 10 20,5 8 10 20
avgk,290,23,5,5,Farmer,1.0,Middle,5,5 11,5 11,5 11 15 16
avgk,290,786,8,17,Singer,3.0,Unknown,17,8 11 17 19,8 11 17 19,8 11 17 19
avgk,290,1190,3,3,Computer User,1.0,Middle,1,1 3 15 16,1 3 15 16,1 3 15 16
avgk,290,1013,11,16,Salesperson,1.0,Middle,16,11 16,11 16,11 16
avgk,290,854,3,3,Computer User,1.0,Middle,3,3,3 4 15 19,3 4 15 19
avgk,290,381,16,1,Backpacker,0.0,Younger,16,1 3 6 11 15 16,1 6 11 16,1 6 11 16
avgk,290,914,8,8,Gymnast,1.0,Middle,8,8,8,8
avgk,290,233,5,16,Salesperson,1.0,Middle,11,5 11,5 11 16,2 5 11 16
avgk,290,299,16,4,Craftsman,1.0,Middle,16,1 11 16,1 11 15 16,1 11 15 16
avgk,290,1076,11,11,Laborer,1.0,Middle,6,6 11 13 16,6 11 13 16,6 11 13 16
avgk,290,1346,18,18,Skateboarder,1.0,Middle,18,18,18,18
avgk,290,676,1,1,Backpacker,1.0,Middle,1,1 11 16,1 11 16,1 5 11 16
avgk,290,685,13,13,Motorcyclist,1.0,Middle,16,13 16,6 13 15 16,6 13 15 16
avgk,290,1378,20,20,Tennis Player,0.0,Younger,20,20,20,20
avgk,290,610,19,19,Speaker,2.0,Older,19,5 10 11 16 19,5 11 16 19,5 10 11 16 19
avgk,290,459,2,2,Boatman,2.0,Older,2,2,2,2 6 14 15 16
avgk,290,534,2,3,Computer User,1.0,Middle,11,2 3 6 11 15,2 3 11 15,2 3 11 15
avgk,290,22,2,2,Boatman,0.0,Younger,2,2,2,2
avgk,290,715,10,10,Horse Rider,1.0,Middle,10,8 10,6 8 10 12,6 8 10 12
avgk,290,556,5,5,Farmer,1.0,Middle,5,5 11,5 11 16,5 11 16
avgk,290,1102,2,2,Boatman,3.0,Unknown,2,2,2,2
avgk,290,227,9,9,Hairdresser,1.0,Middle,9,9 11 16,4 9 11 16,4 9 11 16
avgk,290,832,18,18,Skateboarder,1.0,Middle,18,18,18,18
avgk,290,510,20,20,Tennis Player,1.0,Middle,20,16 18 20,16 18 20,1 16 18 20
avgk,290,43,19,17,Singer,3.0,Unknown,17,17,10 17,17
avgk,290,257,18,18,Skateboarder,0.0,Younger,18,18,18,18
avgk,290,118,15,15,Repairman,1.0,Middle,3,3 15 16 19,3 15 16 19,3 15 16 19
avgk,290,1057,9,9,Hairdresser,0.0,Younger,9,9,9,9
avgk,290,1177,7,7,Guitarist,1.0,Middle,7,3 4 7 11 15 16 17 19,3 7 16 19,3 7 16 19
avgk,290,1396,13,13,Motorcyclist,3.0,Unknown,13,1 11 13 16,1 11 13 16,1 11 13 16
avgk,290,1130,14,14,Painter,1.0,Middle,15,4 11 14 15,4 11 14 15,4 11 14 15
avgk,290,1360,14,4,Craftsman,3.0,Unknown,16,11 14 15 16,11 14 15 16,11 14 15 16
avgk,290,1156,20,20,Tennis Player,0.0,Younger,20,20,20,20
avgk,290,604,11,6,Guard,1.0,Middle,6,6 11 16,1 6 11 16,1 6 11 16
avgk,290,874,5,5,Farmer,1.0,Middle,5,5,5,5 11
avgk,290,1099,10,10,Horse Rider,0.0,Younger,10,10,10,10
avgk,290,1229,15,4,Craftsman,3.0,Unknown,4,4 15,4 15,4 15
avgk,290,822,6,12,Officer,1.0,Middle,6,3 6 12 15,3 6 12 15,3 6 12 15
avgk,291,176,11,11,Laborer,3.0,Unknown,11,2 5 11,2 5 11,2 5 11
avgk,291,389,13,1,Backpacker,2.0,Older,13,13,13,1 2 13 16
avgk,291,135,6,19,Speaker,3.0,Unknown,16,6 10 12 16 17 19 20,6 16 17 19,6 16 17 19
avgk,291,966,14,14,Painter,2.0,Older,14,5 11 14,4 5 11 14,4 5 11 12 14
avgk,291,208,3,15,Repairman,3.0,Unknown,3,3,3 19,3
avgk,291,1060,6,6,Guard,0.0,Younger,6,6,6,6
avgk,291,1203,12,12,Officer,1.0,Middle,6,6 11,2 6 11 12,2 6 11 12
avgk,291,366,15,15,Repairman,1.0,Middle,15,11 15,11 15,4 11 15
avgk,291,530,17,17,Singer,1.0,Middle,17,17,7 17,7 17
avgk,291,386,19,7,Guitarist,3.0,Unknown,17,17,17,17
avgk,291,1147,6,6,Guard,0.0,Younger,6,6,6,6
avgk,291,1334,17,17,Singer,1.0,Middle,17,17,17,11 17
avgk,291,870,8,8,Gymnast,0.0,Younger,8,8,8,8
avgk,291,400,18,18,Skateboarder,3.0,Unknown,18,18,18,18
avgk,291,615,5,11,Laborer,1.0,Middle,5,5 11,5 11,1 5 11
avgk,291,716,15,15,Repairman,0.0,Younger,15,15,15,15
avgk,291,982,2,2,Boatman,1.0,Middle,2,2,2,1 2
avgk,291,725,8,8,Gymnast,0.0,Younger,8,8,8,8
avgk,291,521,13,13,Motorcyclist,1.0,Middle,13,13,13,13
avgk,291,921,18,18,Skateboarder,3.0,Unknown,18,18,18,18
avgk,291,1390,11,4,Craftsman,1.0,Middle,11,4 11 15 16,4 11 15 16,4 11 15 16
avgk,291,597,3,3,Computer User,1.0,Middle,19,3 11 15 17 19,3 11 17 19,3 11 17 19
avgk,291,946,14,14,Painter,3.0,Unknown,14,14,2 14,14
avgk,291,935,13,13,Motorcyclist,3.0,Unknown,13,13,13,13
avgk,291,107,17,1,Backpacker,1.0,Middle,16,6 11 16 17,6 11 16 17,6 11 16 17
avgk,291,675,16,16,Salesperson,1.0,Middle,16,11 15 16,2 11 15 16,2 11 15 16
avgk,291,1325,12,12,Officer,1.0,Middle,6,6 12 13,6 12 13 19,6 12 13 19
avgk,291,58,11,11,Laborer,3.0,Unknown,11,6 11 14,6 11 14 18,6 11 14 18
avgk,291,679,5,5,Farmer,2.0,Older,5,5 11,5 11,2 4 5 11
avgk,291,1263,8,8,Gymnast,1.0,Middle,8,8,8,8
avgk,291,560,10,10,Horse Rider,0.0,Younger,10,8 10,8 10 20,10
avgk,291,850,3,3,Computer User,3.0,Unknown,16,11 16,3 11 15 16,3 11 15 16
avgk,291,205,13,13,Motorcyclist,1.0,Middle,13,13,12 13,12 13
avgk,291,611,1,7,Guitarist,3.0,Unknown,16,1 15 16,1 4 15 16,1 4 15 16
avgk,291,186,4,4,Craftsman,2.0,Older,11,3 4 9 11 15 16,3 11 15 16,3 4 11 15 16
avgk,291,650,18,18,Skateboarder,3.0,Unknown,18,18,8 18,18
avgk,291,944,4,4,Craftsman,1.0,Middle,11,4 5 9 11 16,5 9 11 16,5 9 11 16
avgk,291,112,20,20,Tennis Player,0.0,Younger,20,20,20,20
avgk,291,418,1,16,Salesperson,1.0,Middle,16,1 16,1 11 16,1 11 15 16
avgk,291,1354,3,3,Computer User,3.0,Unknown,3,3 10 12 16,3 10 12 16,3 10 12 16
avgk,291,943,10,10,Horse Rider,1.0,Middle,10,10,10,8 10
avgk,291,788,12,6,Guard,1.0,Middle,6,6,6,6
avgk,291,936,1,16,Salesperson,1.0,Middle,16,16,16,5 11 16
avgk,291,846,6,10,Horse Rider,3.0,Unknown,6,6,6,6
avgk,291,139,5,9,Hairdresser,1.0,Middle,11,5 9 11,4 5 9 11,4 5 9 11
avgk,291,557,16,1,Backpacker,1.0,Middle,3,3 6 16 18 19 20,3 6 16 19,3 6 16 19
avgk,291,587,19,19,Speaker,2.0,Older,12,3 6 10 11 12 16 17 19 20,6 11 12 16,6 11 12 16 19
avgk,291,558,7,7,Guitarist,1.0,Middle,17,7 17,7 10 15 17,7 10 15 17
avgk,291,551,5,5,Farmer,1.0,Middle,5,5 11,5 11,5 11
avgk,291,1116,19,19,Speaker,1.0,Middle,9,3 8 9 16 17 19,3 9 17 19,3 9 17 19
avgk,292,138,18,18,Skateboarder,3.0,Unknown,18,18,18,18
avgk,292,1348,6,16,Salesperson,1.0,Middle,9,6 9 12,3 6 9 12,3 6 9 12
avgk,292,1159,17,17,Singer,0.0,Younger,17,17,17,17
avgk,292,389,13,1,Backpacker,2.0,Older,13,13,13,1 2 13 16
avgk,292,353,14,14,Painter,1.0,Middle,14,11 14,11 14,4 11 14
avgk,292,643,10,10,Horse Rider,1.0,Middle,10,10,8 10,5 8 10 20
avgk,292,179,7,7,Guitarist,1.0,Middle,17,1 2 5 7 9 11 14 15 16 17,1 2 7 17,1 2 7 17
avgk,292,260,2,2,Boatman,1.0,Middle,2,2 6,2 6,2 6
avgk,292,371,6,6,Guard,1.0,Middle,6,6 11 12,6 11 12 18,6 11 12 18
avgk,292,983,20,20,Tennis Player,1.0,Middle,20,20,20,20
avgk,292,908,8,8,Gymnast,0.0,Younger,8,8,8,8
avgk,292,30,4,11,Laborer,1.0,Middle,11,4 11 15,4 11 15,4 5 11 15
avgk,292,455,4,11,Laborer,0.0,Younger,4,4 11 14,4 11 14,4 11
avgk,292,956,6,6,Guard,1.0,Middle,6,6,6,6 20
avgk,292,1055,13,13,Motorcyclist,1.0,Middle,13,13,13,13
avgk,292,744,18,18,Skateboarder,0.0,Younger,18,18,18,18
avgk,292,751,6,12,Officer,1.0,Middle,6,6 16,3 6 11 16,3 6 11 16
avgk,292,1208,1,5,Farmer,1.0,Middle,1,1 11,1 5 11 16,1 5 11 16
avgk,292,923,12,12,Officer,3.0,Unknown,6,6 11 16,6 11 12 16,6 11 12 16
avgk,292,460,5,16,Salesperson,1.0,Middle,16,11 16,6 11 14 16,6 11 14 16
avgk,292,606,3,3,Computer User,3.0,Unknown,3,3 6 8 16,3 6 8 16,3 6 8 16
avgk,292,843,4,14,Painter,2.0,Older,16,4 11 16,4 11 15 16,4 11 14 15 16
avgk,292,730,1,3,Computer User,3.0,Unknown,1,1 2 11 16 17,1 2 11 16,1 2 11 16
avgk,292,349,20,20,Tennis Player,1.0,Middle,20,20,20,20
avgk,292,1083,5,5,Farmer,2.0,Older,5,5 11 16,4 5 11 16,4 5 9 11 16
avgk,292,1263,8,8,Gymnast,1.0,Middle,8,8,8,8
avgk,292,642,7,7,Guitarist,3.0,Unknown,7,7 17,7 17,7
avgk,292,1342,20,20,Tennis Player,1.0,Middle,20,20,20,20
avgk,292,522,11,4,Craftsman,0.0,Younger,8,1 2 4 6 8 11 15 16 20,2 8 11 16,2 8 11 16
avgk,292,654,4,4,Craftsman,3.0,Unknown,4,4 11,2 4 11 15,2 4 11 15
avgk,292,167,17,17,Singer,0.0,Younger,17,17,11 17 19 20,17
avgk,292,1374,6,6,Guard,1.0,Middle,6,6,6 15,6 15 16
avgk,292,105,4,15,Repairman,3.0,Unknown,15,4 11 15 16,4 11 15 16,4 11 15 16
avgk,292,499,16,1,Backpacker,0.0,Younger,1,1 6 16,1 6 10 16,1
avgk,292,1334,19,17,Singer,1.0,Middle,17,17,17,11 17
avgk,292,495,14,16,Salesperson,2.0,Older,2,2 14 16,2 14 16,2 4 11 14 16
avgk,292,716,15,15,Repairman,0.0,Younger,15,15,15,15
avgk,292,407,4,5,Farmer,2.0,Older,5,4 5 11 15 16,5 11 15 16,4 5 11 15 16
avgk,292,1121,2,18,Skateboarder,3.0,Unknown,2,2 16 18,1 2 16 18,1 2 16 18
avgk,292,96,16,1,Backpacker,1.0,Middle,16,16,11 16,11 14 15 16
avgk,292,369,9,9,Hairdresser,1.0,Middle,9,9,9,9
avgk,292,1389,13,13,Motorcyclist,3.0,Unknown,13,13,13,13
avgk,292,89,19,19,Speaker,1.0,Middle,16,3 16,3 10 16 20,3 10 16 20
avgk,292,942,1,2,Boatman,3.0,Unknown,2,1 2,1 2,1 2
avgk,292,12,19,19,Speaker,1.0,Middle,12,1 8 10 12,1 8 10 12,1 8 10 12
avgk,292,517,11,14,Painter,0.0,Younger,14,11 14 15,11 14 15 16,11 14 15
avgk,292,408,2,2,Boatman,3.0,Unknown,2,2,2,2
avgk,292,850,3,3,Computer User,3.0,Unknown,16,11 16,3 11 15 16,3 11 15 16
avgk,292,469,8,8,Gymnast,0.0,Younger,8,8,8,8
avgk,292,1303,1,13,Motorcyclist,3.0,Unknown,1,1 2 11 13 16,1 2 11 13,1 2 11 13
avgk,293,788,12,6,Guard,1.0,Middle,6,6,6,6
avgk,293,855,14,14,Painter,1.0,Middle,15,11 15,11 14 15,11 14 15
avgk,293,1198,9,9,Hairdresser,1.0,Middle,9,4 9 14 16,4 9 14 16,4 9 14 16
avgk,293,19,20,20,Tennis Player,1.0,Middle,20,20,20,20
avgk,293,875,20,20,Tennis Player,1.0,Middle,20,20,20,20
avgk,293,1354,3,3,Computer User,3.0,Unknown,3,3 10 12 16,3 10 12 16,3 10 12 16
avgk,293,1332,17,17,Singer,1.0,Middle,17,7 17,7 10 14 17,7 10 14 17
avgk,293,402,1,1,Backpacker,0.0,Younger,1,1,1,1
avgk,293,275,6,6,Guard,1.0,Middle,6,6,6,6
avgk,293,806,15,15,Repairman,3.0,Unknown,15,4 11 15,3 4 11 15,4 11 15
avgk,293,1371,8,8,Gymnast,1.0,Middle,8,8,8,8
avgk,293,627,1,1,Backpacker,1.0,Middle,3,1 3 4 5 14 16,1 3 5 16,1 3 5 16
avgk,293,958,19,17,Singer,1.0,Middle,17,17,17,10 17 19
avgk,293,1050,8,8,Gymnast,0.0,Younger,8,8,8,8
avgk,293,1042,19,19,Speaker,2.0,Older,10,5 6 8 9 10 12 16 17 19,6 10 12 16,6 10 12 16 17
avgk,293,206,5,11,Laborer,1.0,Middle,5,5 11,5 11 16,5 11 16
avgk,293,749,12,12,Officer,2.0,Older,12,6 11 12 13 15,6 11 12 15,6 11 12 13 15
avgk,293,448,12,12,Officer,1.0,Middle,12,6 12,3 6 12 13,3 6 12 13
avgk,293,844,5,11,Laborer,1.0,Middle,5,5 11,5 11,5 11
avgk,293,319,5,5,Farmer,1.0,Middle,5,5 11,5 11 16,5 11 16
avgk,293,297,7,7,Guitarist,1.0,Middle,7,7,7,7 13
avgk,293,943,10,10,Horse Rider,1.0,Middle,10,10,10,8 10
avgk,293,964,10,10,Horse Rider,1.0,Middle,10,10 12,2 6 10 12,2 6 10 12
avgk,293,187,9,9,Hairdresser,3.0,Unknown,9,9,9,9
avgk,293,432,18,18,Skateboarder,0.0,Younger,18,18,18,18
avgk,293,553,2,13,Motorcyclist,0.0,Younger,2,2,2 16,2
avgk,293,842,14,14,Painter,3.0,Unknown,16,11 14 16,11 14 16,11 14 16
avgk,293,985,19,19,Speaker,2.0,Older,10,3 5 6 10 11 12 19,3 10 11 19,3 6 10 11 19
avgk,293,559,7,7,Guitarist,1.0,Middle,7,7 16 17,7 11 16 17,7 11 16 17
avgk,293,1182,3,3,Computer User,3.0,Unknown,3,3,3,3
avgk,293,1202,7,7,Guitarist,2.0,Older,7,3 7,3 7 11 17,3 7 11 16 17
avgk,293,697,11,5,Farmer,3.0,Unknown,5,5 11,5 11 12,5 11
avgk,293,85,19,19,Speaker,0.0,Younger,16,1 4 6 10 11 13 16,1 10 11 16,1 10 11 16
avgk,293,373,14,14,Painter,1.0,Middle,14,14,14,14
avgk,293,473,2,2,Boatman,1.0,Middle,2,2,2 11,2 11
avgk,293,1122,3,3,Computer User,1.0,Middle,3,3 16 17 19,3 16 17 19,3 16 17 19
avgk,293,193,2,2,Boatman,3.0,Unknown,2,2 6,2 6 11 12,2 6 12
avgk,293,178,11,6,Guard,2.0,Older,15,6 13 15,4 6 13 15,4 6 13 15 16
avgk,293,152,16,16,Salesperson,2.0,Older,16,16,16,3 11 15 16
avgk,293,73,15,15,Repairman,2.0,Older,4,4 11,4 11 16,4 5 11 15 16
avgk,293,1389,13,13,Motorcyclist,3.0,Unknown,13,13,13,13
avgk,293,436,15,4,Craftsman,2.0,Older,4,4 11 15 16,4 11 15 16,4 9 11 15 16
avgk,293,1254,13,13,Motorcyclist,3.0,Unknown,16,2 13 16,2 11 13 16,2 11 13 16
avgk,293,609,10,10,Horse Rider,1.0,Middle,10,8 10,5 8 10 20,5 8 10 20
avgk,293,291,6,12,Officer,3.0,Unknown,6,6,6,6
avgk,293,367,16,16,Salesperson,1.0,Middle,16,11 16,5 11 16,5 6 11 16
avgk,293,1036,18,18,Skateboarder,3.0,Unknown,18,6 12 18,6 10 12 18,6 10 12 18
avgk,293,1328,11,5,Farmer,0.0,Younger,11,5 11,5 11,5 11
avgk,293,951,16,16,Salesperson,1.0,Middle,16,5 11 16,5 11 16,4 5 11 16
avgk,293,102,18,18,Skateboarder,1.0,Middle,18,18,18,18
avgk,294,1122,3,3,Computer User,1.0,Middle,3,3 16 17 19,3 16 17 19,3 16 17 19
avgk,294,609,10,10,Horse Rider,1.0,Middle,10,8 10,5 8 10 20,5 8 10 20
avgk,294,1354,3,3,Computer User,3.0,Unknown,3,3 10 12 16,3 10 12 16,3 10 12 16
avgk,294,1328,5,5,Farmer,0.0,Younger,11,5 11,5 11,5 11
avgk,294,473,2,2,Boatman,1.0,Middle,2,2,2 11,2 11
avgk,294,855,15,14,Painter,1.0,Middle,15,11 15,11 14 15,11 14 15
avgk,294,1389,13,13,Motorcyclist,3.0,Unknown,13,13,13,13
avgk,294,291,6,12,Officer,3.0,Unknown,6,6,6,6
avgk,294,875,20,20,Tennis Player,1.0,Middle,20,20,20,20
avgk,294,806,15,15,Repairman,3.0,Unknown,15,4 11 15,3 4 11 15,4 11 15
avgk,294,193,2,2,Boatman,3.0,Unknown,2,2 6,2 6 11 12,2 6 12
avgk,294,788,12,6,Guard,1.0,Middle,6,6,6,6
avgk,294,436,15,4,Craftsman,2.0,Older,4,4 11 15 16,4 11 15 16,4 9 11 15 16
avgk,294,448,12,12,Officer,1.0,Middle,12,6 12,3 6 12 13,3 6 12 13
avgk,294,951,5,16,Salesperson,1.0,Middle,16,5 11 16,5 11 16,4 5 11 16
avgk,294,553,2,13,Motorcyclist,0.0,Younger,2,2,2 16,2
avgk,294,1182,3,3,Computer User,3.0,Unknown,3,3,3,3
avgk,294,697,5,5,Farmer,3.0,Unknown,5,5 11,5 11 12,5 11
avgk,294,19,20,20,Tennis Player,1.0,Middle,20,20,20,20
avgk,294,1202,7,7,Guitarist,2.0,Older,7,3 7,3 7 11 17,3 7 11 16 17
avgk,294,964,10,10,Horse Rider,1.0,Middle,10,10 12,2 6 10 12,2 6 10 12
avgk,294,985,19,19,Speaker,2.0,Older,10,3 5 6 10 11 12 19,3 10 11 19,3 6 10 11 19
avgk,294,206,5,11,Laborer,1.0,Middle,5,5 11,5 11 16,5 11 16
avgk,294,187,9,9,Hairdresser,3.0,Unknown,9,9,9,9
avgk,294,73,4,15,Repairman,2.0,Older,4,4 11,4 11 16,4 5 11 15 16
avgk,294,367,16,16,Salesperson,1.0,Middle,16,11 16,5 11 16,5 6 11 16
avgk,294,102,18,18,Skateboarder,1.0,Middle,18,18,18,18
avgk,294,432,18,18,Skateboarder,0.0,Younger,18,18,18,18
avgk,294,319,5,5,Farmer,1.0,Middle,5,5 11,5 11 16,5 11 16
avgk,294,152,16,16,Salesperson,2.0,Older,16,16,16,3 11 15 16
avgk,294,1042,19,19,Speaker,2.0,Older,10,5 6 8 9 10 12 16 17 19,6 10 12 16,6 10 12 16 17
avgk,294,1036,18,18,Skateboarder,3.0,Unknown,18,6 12 18,6 10 12 18,6 10 12 18
avgk,294,958,17,17,Singer,1.0,Middle,17,17,17,10 17 19
avgk,294,844,5,11,Laborer,1.0,Middle,5,5 11,5 11,5 11
avgk,294,373,14,14,Painter,1.0,Middle,14,14,14,14
avgk,294,178,6,6,Guard,2.0,Older,15,6 13 15,4 6 13 15,4 6 13 15 16
avgk,294,1050,8,8,Gymnast,0.0,Younger,8,8,8,8
avgk,294,1332,17,17,Singer,1.0,Middle,17,7 17,7 10 14 17,7 10 14 17
avgk,294,85,19,19,Speaker,0.0,Younger,16,1 4 6 10 11 13 16,1 10 11 16,1 10 11 16
avgk,294,1254,13,13,Motorcyclist,3.0,Unknown,16,2 13 16,2 11 13 16,2 11 13 16
avgk,294,943,10,10,Horse Rider,1.0,Middle,10,10,10,8 10
avgk,294,627,1,1,Backpacker,1.0,Middle,3,1 3 4 5 14 16,1 3 5 16,1 3 5 16
avgk,294,297,7,7,Guitarist,1.0,Middle,7,7,7,7 13
avgk,294,402,1,1,Backpacker,0.0,Younger,1,1,1,1
avgk,294,275,6,6,Guard,1.0,Middle,6,6,6,6
avgk,294,559,7,7,Guitarist,1.0,Middle,7,7 16 17,7 11 16 17,7 11 16 17
avgk,294,1198,9,9,Hairdresser,1.0,Middle,9,4 9 14 16,4 9 14 16,4 9 14 16
avgk,294,749,12,12,Officer,2.0,Older,12,6 11 12 13 15,6 11 12 15,6 11 12 13 15
avgk,294,842,14,14,Painter,3.0,Unknown,16,11 14 16,11 14 16,11 14 16
avgk,294,1371,8,8,Gymnast,1.0,Middle,8,8,8,8
avgk,295,1042,19,19,Speaker,2.0,Older,10,5 6 8 9 10 12 16 17 19,6 10 12 16,6 10 12 16 17
avgk,295,73,4,15,Repairman,2.0,Older,4,4 11,4 11 16,4 5 11 15 16
avgk,295,367,16,16,Salesperson,1.0,Middle,16,11 16,5 11 16,5 6 11 16
avgk,295,1354,3,3,Computer User,3.0,Unknown,3,3 10 12 16,3 10 12 16,3 10 12 16
avgk,295,964,10,10,Horse Rider,1.0,Middle,10,10 12,2 6 10 12,2 6 10 12
avgk,295,1371,8,8,Gymnast,1.0,Middle,8,8,8,8
avgk,295,609,10,10,Horse Rider,1.0,Middle,10,8 10,5 8 10 20,5 8 10 20
avgk,295,473,2,2,Boatman,1.0,Middle,2,2,2 11,2 11
avgk,295,958,17,17,Singer,1.0,Middle,17,17,17,10 17 19
avgk,295,943,10,10,Horse Rider,1.0,Middle,10,10,10,8 10
avgk,295,178,15,6,Guard,2.0,Older,15,6 13 15,4 6 13 15,4 6 13 15 16
avgk,295,1332,17,17,Singer,1.0,Middle,17,7 17,7 10 14 17,7 10 14 17
avgk,295,436,15,4,Craftsman,2.0,Older,4,4 11 15 16,4 11 15 16,4 9 11 15 16
avgk,295,844,5,11,Laborer,1.0,Middle,5,5 11,5 11,5 11
avgk,295,193,2,2,Boatman,3.0,Unknown,2,2 6,2 6 11 12,2 6 12
avgk,295,402,1,1,Backpacker,0.0,Younger,1,1,1,1
avgk,295,875,20,20,Tennis Player,1.0,Middle,20,20,20,20
avgk,295,1198,9,9,Hairdresser,1.0,Middle,9,4 9 14 16,4 9 14 16,4 9 14 16
avgk,295,806,15,15,Repairman,3.0,Unknown,15,4 11 15,3 4 11 15,4 11 15
avgk,295,432,18,18,Skateboarder,0.0,Younger,18,18,18,18
avgk,295,152,16,16,Salesperson,2.0,Older,16,16,16,3 11 15 16
avgk,295,1182,3,3,Computer User,3.0,Unknown,3,3,3,3
avgk,295,788,6,6,Guard,1.0,Middle,6,6,6,6
avgk,295,627,1,1,Backpacker,1.0,Middle,3,1 3 4 5 14 16,1 3 5 16,1 3 5 16
avgk,295,1389,13,13,Motorcyclist,3.0,Unknown,13,13,13,13
avgk,295,559,7,7,Guitarist,1.0,Middle,7,7 16 17,7 11 16 17,7 11 16 17
avgk,295,985,19,19,Speaker,2.0,Older,10,3 5 6 10 11 12 19,3 10 11 19,3 6 10 11 19
avgk,295,951,16,16,Salesperson,1.0,Middle,16,5 11 16,5 11 16,4 5 11 16
avgk,295,1254,13,13,Motorcyclist,3.0,Unknown,16,2 13 16,2 11 13 16,2 11 13 16
avgk,295,749,6,12,Officer,2.0,Older,12,6 11 12 13 15,6 11 12 15,6 11 12 13 15
avgk,295,297,7,7,Guitarist,1.0,Middle,7,7,7,7 13
avgk,295,448,12,12,Officer,1.0,Middle,12,6 12,3 6 12 13,3 6 12 13
avgk,295,206,5,11,Laborer,1.0,Middle,5,5 11,5 11 16,5 11 16
avgk,295,319,11,5,Farmer,1.0,Middle,5,5 11,5 11 16,5 11 16
avgk,295,842,14,14,Painter,3.0,Unknown,16,11 14 16,11 14 16,11 14 16
avgk,295,19,20,20,Tennis Player,1.0,Middle,20,20,20,20
avgk,295,697,5,5,Farmer,3.0,Unknown,5,5 11,5 11 12,5 11
avgk,295,275,6,6,Guard,1.0,Middle,6,6,6,6
avgk,295,1202,7,7,Guitarist,2.0,Older,7,3 7,3 7 11 17,3 7 11 16 17
avgk,295,1050,8,8,Gymnast,0.0,Younger,8,8,8,8
avgk,295,373,14,14,Painter,1.0,Middle,14,14,14,14
avgk,295,187,9,9,Hairdresser,3.0,Unknown,9,9,9,9
avgk,295,102,18,18,Skateboarder,1.0,Middle,18,18,18,18
avgk,295,1122,3,3,Computer User,1.0,Middle,3,3 16 17 19,3 16 17 19,3 16 17 19
avgk,295,1328,5,5,Farmer,0.0,Younger,11,5 11,5 11,5 11
avgk,295,1036,18,18,Skateboarder,3.0,Unknown,18,6 12 18,6 10 12 18,6 10 12 18
avgk,295,85,16,19,Speaker,0.0,Younger,16,1 4 6 10 11 13 16,1 10 11 16,1 10 11 16
avgk,295,553,2,13,Motorcyclist,0.0,Younger,2,2,2 16,2
avgk,295,291,6,12,Officer,3.0,Unknown,6,6,6,6
avgk,295,855,15,14,Painter,1.0,Middle,15,11 15,11 14 15,11 14 15
avgk,296,786,17,17,Singer,3.0,Unknown,17,8 11 17 19,8 11 17 19,8 11 17 19
avgk,296,1190,3,3,Computer User,1.0,Middle,1,1 3 15 16,1 3 15 16,1 3 15 16
avgk,296,914,8,8,Gymnast,1.0,Middle,8,8,8,8
avgk,296,604,6,6,Guard,1.0,Middle,6,6 11 16,1 6 11 16,1 6 11 16
avgk,296,1057,9,9,Hairdresser,0.0,Younger,9,9,9,9
avgk,296,257,18,18,Skateboarder,0.0,Younger,18,18,18,18
avgk,296,22,2,2,Boatman,0.0,Younger,2,2,2,2
avgk,296,43,17,17,Singer,3.0,Unknown,17,17,10 17,17
avgk,296,530,17,17,Singer,1.0,Middle,17,17,7 17,7 17
avgk,296,510,20,20,Tennis Player,1.0,Middle,20,16 18 20,16 18 20,1 16 18 20
avgk,296,227,9,9,Hairdresser,1.0,Middle,9,9 11 16,4 9 11 16,4 9 11 16
avgk,296,189,19,19,Speaker,1.0,Middle,20,1 20,1 20,1 20
avgk,296,118,3,15,Repairman,1.0,Middle,3,3 15 16 19,3 15 16 19,3 15 16 19
avgk,296,685,13,13,Motorcyclist,1.0,Middle,16,13 16,6 13 15 16,6 13 15 16
avgk,296,1346,18,18,Skateboarder,1.0,Middle,18,18,18,18
avgk,296,742,15,15,Repairman,1.0,Middle,15,11 13 15,4 11 13 15,4 11 13 15
avgk,296,447,13,13,Motorcyclist,0.0,Younger,13,1 11 13 16,1 11 13 16,11 13 16
avgk,296,676,1,1,Backpacker,1.0,Middle,1,1 11 16,1 11 16,1 5 11 16
avgk,296,609,10,10,Horse Rider,1.0,Middle,10,8 10,5 8 10 20,5 8 10 20
avgk,296,459,2,2,Boatman,2.0,Older,2,2,2,2 6 14 15 16
avgk,296,1378,20,20,Tennis Player,0.0,Younger,20,20,20,20
avgk,296,534,11,3,Computer User,1.0,Middle,11,2 3 6 11 15,2 3 11 15,2 3 11 15
avgk,296,1013,4,16,Salesperson,1.0,Middle,16,11 16,11 16,11 16
avgk,296,233,5,16,Salesperson,1.0,Middle,11,5 11,5 11 16,2 5 11 16
avgk,296,371,6,6,Guard,1.0,Middle,6,6 11 12,6 11 12 18,6 11 12 18
avgk,296,1330,1,1,Backpacker,1.0,Middle,1,1 4 6 7 11 12 15 17 18 19,1 6 7 15,1 6 7 15
avgk,296,1177,7,7,Guitarist,1.0,Middle,7,3 4 7 11 15 16 17 19,3 7 16 19,3 7 16 19
avgk,296,237,7,7,Guitarist,1.0,Middle,7,7,7,7 12 17
avgk,296,715,10,10,Horse Rider,1.0,Middle,10,8 10,6 8 10 12,6 8 10 12
avgk,296,1156,20,20,Tennis Player,0.0,Younger,20,20,20,20
avgk,296,1099,10,10,Horse Rider,0.0,Younger,10,10,10,10
avgk,296,874,5,5,Farmer,1.0,Middle,5,5,5,5 11
avgk,296,1130,14,14,Painter,1.0,Middle,15,4 11 14 15,4 11 14 15,4 11 14 15
avgk,296,556,5,5,Farmer,1.0,Middle,5,5 11,5 11 16,5 11 16
avgk,296,789,6,11,Laborer,1.0,Middle,6,6 11 15,6 11 15 18,6 11 15 18
avgk,296,1076,6,11,Laborer,1.0,Middle,6,6 11 13 16,6 11 13 16,6 11 13 16
avgk,296,854,3,3,Computer User,1.0,Middle,3,3,3 4 15 19,3 4 15 19
avgk,296,822,12,12,Officer,1.0,Middle,6,3 6 12 15,3 6 12 15,3 6 12 15
avgk,296,610,19,19,Speaker,2.0,Older,19,5 10 11 16 19,5 11 16 19,5 10 11 16 19
avgk,296,1396,13,13,Motorcyclist,3.0,Unknown,13,1 11 13 16,1 11 13 16,1 11 13 16
avgk,296,936,16,16,Salesperson,1.0,Middle,16,16,16,5 11 16
avgk,296,299,11,4,Craftsman,1.0,Middle,16,1 11 16,1 11 15 16,1 11 15 16
avgk,296,1229,4,4,Craftsman,3.0,Unknown,4,4 15,4 15,4 15
avgk,296,381,1,1,Backpacker,0.0,Younger,16,1 3 6 11 15 16,1 6 11 16,1 6 11 16
avgk,296,1360,14,4,Craftsman,3.0,Unknown,16,11 14 15 16,11 14 15 16,11 14 15 16
avgk,296,178,6,6,Guard,2.0,Older,15,6 13 15,4 6 13 15,4 6 13 15 16
avgk,296,832,18,18,Skateboarder,1.0,Middle,18,18,18,18
avgk,296,660,11,11,Laborer,1.0,Middle,11,11,11,4 5 11
avgk,296,23,5,5,Farmer,1.0,Middle,5,5 11,5 11,5 11 15 16
avgk,296,1102,2,2,Boatman,3.0,Unknown,2,2,2,2
avgk,297,1067,3,3,Computer User,3.0,Unknown,3,3,3,3
avgk,297,977,5,2,Boatman,1.0,Middle,2,2,2 16,2 11 16
avgk,297,918,11,11,Laborer,3.0,Unknown,11,11 15,4 11 14 15,11 14 15
avgk,297,12,19,19,Speaker,1.0,Middle,12,1 8 10 12,1 8 10 12,1 8 10 12
avgk,297,61,9,9,Hairdresser,1.0,Middle,9,9 15,9 15,4 9 11 15
avgk,297,649,13,13,Motorcyclist,1.0,Middle,13,13,13,13
avgk,297,311,9,9,Hairdresser,0.0,Younger,9,9,2 9 11,9
avgk,297,56,2,6,Guard,1.0,Middle,2,2 6 12,2 6 12,2 6 12
avgk,297,626,2,2,Boatman,1.0,Middle,2,2,2,2
avgk,297,971,19,5,Farmer,1.0,Middle,3,3 5 6 8 9 11 16 17,3 6 9 11,3 6 9 11
avgk,297,441,13,13,Motorcyclist,3.0,Unknown,13,13,13,13
avgk,297,1262,4,4,Craftsman,3.0,Unknown,16,4 11 16,4 9 11 16,4 9 11 16
avgk,297,736,5,5,Farmer,2.0,Older,5,5 11,5 11,1 4 5 11 16
avgk,297,557,16,1,Backpacker,1.0,Middle,3,3 6 16 18 19 20,3 6 16 19,3 6 16 19
avgk,297,901,12,12,Officer,3.0,Unknown,6,6 11 12 13,6 11 12 13,6 11 12 13
avgk,297,768,16,16,Salesperson,2.0,Older,16,2 16,2 16 18 20,2 4 16 18 20
avgk,297,756,3,3,Computer User,1.0,Middle,3,1 3 11 16,1 3 11 16,1 3 11 16
avgk,297,1214,10,10,Horse Rider,1.0,Middle,6,6 10 12 13,6 10 12 13,6 10 12 13
avgk,297,410,6,11,Laborer,1.0,Middle,11,2 6 11 16,2 6 11 16,2 6 11 16
avgk,297,976,10,10,Horse Rider,3.0,Unknown,10,10,1 2 5 10,2 5 10
avgk,297,855,15,14,Painter,1.0,Middle,15,11 15,11 14 15,11 14 15
avgk,297,308,6,6,Guard,2.0,Older,11,6 11 12,6 11 12 15,6 11 12 15 16
avgk,297,1294,8,8,Gymnast,0.0,Younger,8,1 6 8 14,1 6 8 14,8
avgk,297,128,20,19,Speaker,0.0,Younger,20,20,20,20
avgk,297,70,15,15,Repairman,2.0,Older,15,4 11 15,4 11 15,4 9 11 15
avgk,297,1177,7,7,Guitarist,1.0,Middle,7,3 4 7 11 15 16 17 19,3 7 16 19,3 7 16 19
avgk,297,785,18,18,Skateboarder,1.0,Middle,18,18,18,18
avgk,297,458,18,18,Skateboarder,0.0,Younger,18,18,18,18
avgk,297,1266,2,2,Boatman,0.0,Younger,2,2,2,2
avgk,297,605,18,18,Skateboarder,0.0,Younger,18,18,18,18
avgk,297,1116,19,19,Speaker,1.0,Middle,9,3 8 9 16 17 19,3 9 17 19,3 9 17 19
avgk,297,1267,17,17,Singer,1.0,Middle,16,11 16 17,11 15 16 17,11 15 16 17
avgk,297,291,6,12,Officer,3.0,Unknown,6,6,6,6
avgk,297,1230,4,4,Craftsman,3.0,Unknown,11,4 11 14 15,4 11 14 15,4 11 14 15
avgk,297,121,16,16,Salesperson,1.0,Middle,16,16,1 11 15 16,1 11 15 16
avgk,297,567,1,1,Backpacker,1.0,Middle,1,1 5,1 5 11 16,1 5 11 16
avgk,297,717,20,20,Tennis Player,1.0,Middle,20,20,20,20
avgk,297,880,9,9,Hairdresser,1.0,Middle,9,9,9,9 11
avgk,297,1034,17,17,Singer,0.0,Younger,17,17,17,17
avgk,297,1199,1,1,Backpacker,0.0,Younger,1,1 3 6 8 10 12 18,1 8 12 18,1 8 12 18
avgk,297,288,14,14,Painter,1.0,Middle,14,11 14,11 14 15 18,11 14 15 18
avgk,297,1112,20,20,Tennis Player,0.0,Younger,20,20,20,20
avgk,297,1368,10,10,Horse Rider,1.0,Middle,10,10,8 10,8 10 12
avgk,297,1278,3,3,Computer User,3.0,Unknown,11,3 6 11 14 15 16,3 6 11 14,3 6 11 14
avgk,297,352,17,17,Singer,1.0,Middle,17,17,17,17
avgk,297,247,6,6,Guard,1.0,Middle,6,6,6,6
avgk,297,553,2,13,Motorcyclist,0.0,Younger,2,2,2 16,2
avgk,297,671,8,8,Gymnast,0.0,Younger,8,8,8,8
avgk,297,338,16,16,Salesperson,1.0,Middle,16,11 16,11 16,11 16
avgk,297,140,15,15,Repairman,1.0,Middle,15,15,15,15
avgk,298,1256,9,9,Hairdresser,1.0,Middle,9,9 15,4 9 15,4 9 11 15
avgk,298,515,7,7,Guitarist,1.0,Middle,7,7,7,7
avgk,298,585,14,14,Painter,0.0,Younger,16,11 14 16,2 11 14 16,11 14 16
avgk,298,225,6,10,Horse Rider,0.0,Younger,6,6,6 10,6
avgk,298,1353,17,17,Singer,0.0,Younger,17,17,17,17
avgk,298,621,8,8,Gymnast,0.0,Younger,8,8,8,8
avgk,298,1331,1,1,Backpacker,1.0,Middle,1,1 5 11 16,1 5 11 16,1 5 11 16
avgk,298,681,11,15,Repairman,1.0,Middle,15,11 15,11 15,11 15
avgk,298,1295,3,3,Computer User,3.0,Unknown,3,3 16 19,3 15 16 19,3 16 19
avgk,298,591,16,11,Laborer,1.0,Middle,16,6 11 13 15 16 17,6 13 15 16,6 13 15 16
avgk,298,359,16,16,Salesperson,3.0,Unknown,16,3 6 11 16,3 6 11 16,3 6 11 16
avgk,298,1293,18,18,Skateboarder,3.0,Unknown,18,18,18,18
avgk,298,325,5,5,Farmer,2.0,Older,11,5 11,5 11 16,4 5 11 16
avgk,298,920,12,12,Officer,1.0,Middle,6,6 12 13 16,6 12 13 16,6 12 13 16
avgk,298,431,11,12,Officer,1.0,Middle,6,6 10 11 13 15 16,6 11 15 16,6 11 15 16
avgk,298,506,8,8,Gymnast,1.0,Middle,8,8,8,8
avgk,298,505,20,20,Tennis Player,0.0,Younger,20,20,20,20
avgk,298,299,16,4,Craftsman,1.0,Middle,16,1 11 16,1 11 15 16,1 11 15 16
avgk,298,956,6,6,Guard,1.0,Middle,6,6,6,6 20
avgk,298,464,7,7,Guitarist,1.0,Middle,7,7 11 17,2 7 11 17,2 7 11 17
avgk,298,1324,10,10,Horse Rider,3.0,Unknown,10,10,10,10
avgk,298,315,2,2,Boatman,3.0,Unknown,2,2,1 2,2
avgk,298,32,17,17,Singer,0.0,Younger,17,17,17,17
avgk,298,166,14,14,Painter,0.0,Younger,14,11 14 16,1 11 14 16,14 16
avgk,298,848,16,16,Salesperson,1.0,Middle,16,16,11 16,11 16
avgk,298,1113,2,2,Boatman,1.0,Middle,2,2 14,2 11 14 17,2 11 14 17
avgk,298,30,11,11,Laborer,1.0,Middle,11,4 11 15,4 11 15,4 5 11 15
avgk,298,455,4,11,Laborer,0.0,Younger,4,4 11 14,4 11 14,4 11
avgk,298,1046,20,20,Tennis Player,0.0,Younger,20,20,20,20
avgk,298,1397,16,1,Backpacker,0.0,Younger,16,1 16,1 9 11 16,1 16
avgk,298,432,18,18,Skateboarder,0.0,Younger,18,18,18,18
avgk,298,37,13,13,Motorcyclist,1.0,Middle,13,13,13,13
avgk,298,1183,9,9,Hairdresser,2.0,Older,9,9,9,4 9 11 15 16
avgk,298,700,14,1,Backpacker,3.0,Unknown,1,1 2 6 14,1 2 6 14,1 2 6 14
avgk,298,145,2,2,Boatman,1.0,Middle,2,2,2,2
avgk,298,1153,19,19,Speaker,1.0,Middle,10,3 5 6 10 11 12 13 16 17 19,5 6 10 12,5 6 10 12
avgk,298,135,16,19,Speaker,3.0,Unknown,16,6 10 12 16 17 19 20,6 16 17 19,6 16 17 19
avgk,298,963,15,13,Motorcyclist,0.0,Younger,13,13 15,9 13 15 16,13
avgk,298,680,18,18,Skateboarder,0.0,Younger,18,6 8 18 20,6 8 18 20,6 8 18 20
avgk,298,710,6,6,Guard,1.0,Middle,6,6,6,6
avgk,298,1226,9,9,Hairdresser,1.0,Middle,9,9,9,9
avgk,298,712,15,15,Repairman,1.0,Middle,11,11 15,1 4 11 15,1 4 11 15
avgk,298,1025,13,12,Officer,3.0,Unknown,18,6 12 13 18,6 12 13 18,6 12 13 18
avgk,298,801,8,8,Gymnast,1.0,Middle,8,8,8,8
avgk,298,105,15,15,Repairman,3.0,Unknown,15,4 11 15 16,4 11 15 16,4 11 15 16
avgk,298,1348,6,16,Salesperson,1.0,Middle,9,6 9 12,3 6 9 12,3 6 9 12
avgk,298,1168,7,7,Guitarist,3.0,Unknown,7,7,7,7
avgk,298,331,12,6,Guard,0.0,Younger,6,6 15,6 15,6
avgk,298,426,5,5,Farmer,2.0,Older,5,5 11,5 11,1 2 5 11 16
avgk,298,570,14,14,Painter,2.0,Older,14,14 16,14 16,4 11 14 15 16
avgk,299,718,12,12,Officer,0.0,Younger,12,2 6 12 13,2 6 12 13,2 6 12 13
avgk,299,305,17,17,Singer,1.0,Middle,17,17,17,17
avgk,299,491,8,8,Gymnast,1.0,Middle,8,8,8,8
avgk,299,846,10,10,Horse Rider,3.0,Unknown,6,6,6,6
avgk,299,1044,15,15,Repairman,0.0,Younger,11,3 4 6 10 11 14 15 16 17,6 11 15 16,6 11 15 16
avgk,299,1298,1,18,Skateboarder,1.0,Middle,18,13 16 18,6 13 16 18,6 13 16 18
avgk,299,490,5,5,Farmer,0.0,Younger,5,5 11 16,5 11 16,5 11
avgk,299,82,7,7,Guitarist,1.0,Middle,7,7,7,7
avgk,299,113,19,19,Speaker,2.0,Older,3,3 5 10 11 12 19,3 10 12 19,3 10 11 12 19
avgk,299,488,16,3,Computer User,1.0,Middle,16,3 6 16,2 3 6 16,2 3 6 16
avgk,299,1113,2,2,Boatman,1.0,Middle,2,2 14,2 11 14 17,2 11 14 17
avgk,299,1350,12,13,Motorcyclist,3.0,Unknown,12,6 12 13,3 6 12 13,3 6 12 13
avgk,299,1133,12,6,Guard,1.0,Middle,11,6 11,6 11 12 13,6 11 12 13
avgk,299,306,14,14,Painter,1.0,Middle,14,11 14 16,4 11 14 16,4 11 14 16
avgk,299,708,5,5,Farmer,2.0,Older,11,5 11,4 5 11,2 4 5 11 16
avgk,299,1276,9,9,Hairdresser,1.0,Middle,9,9,9 15,5 9 11 15
avgk,299,1060,6,6,Guard,0.0,Younger,6,6,6,6
avgk,299,230,1,1,Backpacker,3.0,Unknown,1,1 16,1 6 14 16,1 6 14 16
avgk,299,826,6,6,Guard,3.0,Unknown,6,6,6,6
avgk,299,1257,16,16,Salesperson,1.0,Middle,16,5 11 16,4 5 11 16,4 5 11 16
avgk,299,184,13,13,Motorcyclist,1.0,Middle,13,13,13,11 13
avgk,299,89,19,19,Speaker,1.0,Middle,16,3 16,3 10 16 20,3 10 16 20
avgk,299,714,16,16,Salesperson,3.0,Unknown,16,11 16,11 13 16,11 16
avgk,299,998,17,17,Singer,0.0,Younger,17,17,11 17,17
avgk,299,486,7,7,Guitarist,1.0,Middle,17,1 6 7 11 17,1 6 7 17,1 6 7 17
avgk,299,957,14,14,Painter,1.0,Middle,14,9 11 14 16,9 11 14 16,9 11 14 16
avgk,299,811,6,12,Officer,1.0,Middle,6,6 10 11 15,6 10 11 15,6 10 11 15
avgk,299,459,2,2,Boatman,2.0,Older,2,2,2,2 6 14 15 16
avgk,299,297,7,7,Guitarist,1.0,Middle,7,7,7,7 13
avgk,299,544,5,11,Laborer,0.0,Younger,11,5 11 16,5 11 16,5 11 16
avgk,299,276,14,14,Painter,0.0,Younger,14,11 14 16,11 14 16,14 16
avgk,299,340,15,15,Repairman,3.0,Unknown,15,3 6 9 11 15 16,3 9 11 15,3 9 11 15
avgk,299,267,5,5,Farmer,3.0,Unknown,11,5 11,1 5 11,1 5 11
avgk,299,81,15,4,Craftsman,1.0,Middle,11,2 5 6 11 13 15,2 6 11 15,2 6 11 15
avgk,299,455,4,11,Laborer,0.0,Younger,4,4 11 14,4 11 14,4 11
avgk,299,6,3,3,Computer User,0.0,Younger,3,1 3 10 11 14 15 16 17 18 19,1 3 11 17,1 3 11 17
avgk,299,403,8,8,Gymnast,0.0,Younger,8,8,8,8
avgk,299,387,20,20,Tennis Player,1.0,Middle,20,20,20,20
avgk,299,1190,3,3,Computer User,1.0,Middle,1,1 3 15 16,1 3 15 16,1 3 15 16
avgk,299,664,2,2,Boatman,1.0,Middle,2,2 16,2 11 16,2 11 15 16
avgk,299,1196,20,20,Tennis Player,3.0,Unknown,20,20,20,20
avgk,299,712,15,15,Repairman,1.0,Middle,11,11 15,1 4 11 15,1 4 11 15
avgk,299,859,12,12,Officer,1.0,Middle,6,2 6 12,2 6 12 13,2 6 12 13
avgk,299,1376,16,16,Salesperson,2.0,Older,16,16,11 16,3 4 6 11 16
avgk,299,501,13,18,Skateboarder,0.0,Younger,13,2 6 11 13 16 18,11 13 16 18,11 13 16 18
avgk,299,419,19,19,Speaker,1.0,Middle,20,5 6 8 10 11 16 17 20,8 16 17 20,8 16 17 20
avgk,299,312,9,9,Hairdresser,1.0,Middle,9,2 9 11 15,2 9 11 15,2 9 11 15
avgk,299,1377,8,8,Gymnast,0.0,Younger,8,8,8,8
avgk,299,158,4,4,Craftsman,1.0,Middle,11,4 5 11 16,4 5 11 16,4 5 11 16
avgk,299,809,10,10,Horse Rider,1.0,Middle,10,5 8 10 12,5 8 10 12,5 8 10 12
marginal,300,718,12,12,Officer,0.0,Younger,12,2 6 12 13,2 6 12 13,2 6 12 13
marginal,300,429,3,9,Hairdresser,3.0,Unknown,9,1 3 9 14,1 3 9 14,1 3 9 14
marginal,300,789,6,11,Laborer,1.0,Middle,6,6 11 15,6 11 15 18,6 11 15 18
marginal,300,511,7,7,Guitarist,1.0,Middle,17,7 17,1 7 10 17,1 7 10 17
marginal,300,460,16,16,Salesperson,1.0,Middle,16,11 16,6 11 14 16,6 11 14 16
marginal,300,413,20,20,Tennis Player,1.0,Middle,20,20,20,6 20
marginal,300,1077,13,13,Motorcyclist,1.0,Middle,13,13,13,13
marginal,300,656,8,8,Gymnast,0.0,Younger,8,6 8,6 8 13 18,6 8
marginal,300,565,14,11,Laborer,2.0,Older,14,1 2 11 14 15,1 2 11 14,1 2 11 14 15
marginal,300,215,15,14,Painter,1.0,Middle,11,11 14 15,4 11 14 15,4 11 14 15
marginal,300,457,18,18,Skateboarder,0.0,Younger,18,18,18,18
marginal,300,181,15,15,Repairman,1.0,Middle,11,4 11 15,4 11 15,4 11 15
marginal,300,1254,13,13,Motorcyclist,3.0,Unknown,16,2 13 16,2 11 13 16,2 11 13 16
marginal,300,738,4,4,Craftsman,1.0,Middle,11,4 11 16,4 11 16,4 11 16
marginal,300,858,19,19,Speaker,1.0,Middle,19,3 6 10 11 12 17 19,6 11 17 19,6 11 17 19
marginal,300,239,11,16,Salesperson,1.0,Middle,16,2 3 9 11 15 16,3 11 15 16,3 11 15 16
marginal,300,371,6,6,Guard,1.0,Middle,6,6 11 12,6 11 12 18,6 11 12 18
marginal,300,616,5,5,Farmer,3.0,Unknown,5,5 11,5 11,5 11
marginal,300,435,20,20,Tennis Player,1.0,Middle,20,20,20,20
marginal,300,1122,3,3,Computer User,1.0,Middle,3,3 16 17 19,3 16 17 19,3 16 17 19
marginal,300,928,2,2,Boatman,2.0,Older,2,2,2,2 6 10 12
marginal,300,1324,10,10,Horse Rider,3.0,Unknown,10,10,10,10
marginal,300,1384,20,20,Tennis Player,1.0,Middle,20,20,20,20
marginal,300,336,17,17,Singer,0.0,Younger,17,17,17,17
marginal,300,1131,17,17,Singer,0.0,Younger,17,11 17,11 12 15 17,17
marginal,300,22,2,2,Boatman,0.0,Younger,2,2,2,2
marginal,300,1358,13,13,Motorcyclist,3.0,Unknown,13,13,13,13
marginal,300,1186,12,6,Guard,1.0,Middle,12,6 12 13,1 6 12 13,1 6 12 13
marginal,300,407,5,5,Farmer,2.0,Older,5,4 5 11 15 16,5 11 15 16,4 5 11 15 16
marginal,300,1158,19,19,Speaker,1.0,Middle,6,6 12 19,6 12 19,6 10 12 19
marginal,300,366,15,15,Repairman,1.0,Middle,15,11 15,11 15,4 11 15
marginal,300,93,16,16,Salesperson,3.0,Unknown,16,16,1 16,16
marginal,300,1333,17,17,Singer,1.0,Middle,17,17,11 17,6 11 17
marginal,300,1074,1,1,Backpacker,3.0,Unknown,1,1,1 10 12,1 10
marginal,300,624,15,15,Repairman,1.0,Middle,15,3 6 11 15,3 6 11 15,3 6 11 15
marginal,300,943,10,10,Horse Rider,1.0,Middle,10,10,10,8 10
marginal,300,38,9,9,Hairdresser,2.0,Older,9,9,9,4 9 11 15
marginal,300,751,6,12,Officer,1.0,Middle,6,6 16,3 6 11 16,3 6 11 16
marginal,300,100,16,3,Computer User,3.0,Unknown,3,2 3 8 11 15 16 19,3 11 15 16,3 11 15 16
marginal,300,48,1,1,Backpacker,3.0,Unknown,1,1,1 2 11,1 2
marginal,300,363,18,18,Skateboarder,0.0,Younger,18,18,18,18
marginal,300,348,12,12,Officer,0.0,Younger,16,6 11 12 13 16,6 11 12 16,6 11 12 16
marginal,300,1193,11,5,Farmer,3.0,Unknown,11,5 11,5 11,5 11
marginal,300,1134,3,3,Computer User,3.0,Unknown,3,1 3 16,1 3 11 16,1 3 11 16
marginal,300,390,10,10,Horse Rider,1.0,Middle,10,6 10 12,6 10 12,6 10 12
marginal,300,988,11,11,Laborer,2.0,Older,11,11 15 16,11 14 15 16,2 11 14 15 16
marginal,300,1136,8,8,Gymnast,0.0,Younger,8,8,8,8
marginal,300,865,14,14,Painter,1.0,Middle,14,11 14 16,2 11 14 16,2 11 14 16
marginal,300,476,1,1,Backpacker,0.0,Younger,1,1,1,1
marginal,300,452,4,4,Craftsman,1.0,Middle,11,4 11 14 16,4 11 14 16,4 11 14 16
marginal,301,626,2,2,Boatman,1.0,Middle,2,2,2,2
marginal,301,1230,4,4,Craftsman,3.0,Unknown,11,4 11 14 15,4 11 14 15,4 11 14 15
marginal,301,410,12,11,Laborer,1.0,Middle,11,2 6 11 16,2 6 11 16,2 6 11 16
marginal,301,971,8,5,Farmer,1.0,Middle,3,3 5 6 8 9 11 16 17,3 6 9 11,3 6 9 11
marginal,301,311,9,9,Hairdresser,0.0,Younger,9,9,2 9 11,9
marginal,301,880,9,9,Hairdresser,1.0,Middle,9,9,9,9 11
marginal,301,441,13,13,Motorcyclist,3.0,Unknown,13,13,13,13
marginal,301,1294,8,8,Gymnast,0.0,Younger,8,1 6 8 14,1 6 8 14,8
marginal,301,56,2,6,Guard,1.0,Middle,2,2 6 12,2 6 12,2 6 12
marginal,301,1214,12,10,Horse Rider,1.0,Middle,6,6 10 12 13,6 10 12 13,6 10 12 13
marginal,301,338,16,16,Salesperson,1.0,Middle,16,11 16,11 16,11 16
marginal,301,70,15,15,Repairman,2.0,Older,15,4 11 15,4 11 15,4 9 11 15
marginal,301,1368,10,10,Horse Rider,1.0,Middle,10,10,8 10,8 10 12
marginal,301,901,12,12,Officer,3.0,Unknown,6,6 11 12 13,6 11 12 13,6 11 12 13
marginal,301,1067,3,3,Computer User,3.0,Unknown,3,3,3,3
marginal,301,756,3,3,Computer User,1.0,Middle,3,1 3 11 16,1 3 11 16,1 3 11 16
marginal,301,12,19,19,Speaker,1.0,Middle,12,1 8 10 12,1 8 10 12,1 8 10 12
marginal,301,918,11,11,Laborer,3.0,Unknown,11,11 15,4 11 14 15,11 14 15
marginal,301,567,8,1,Backpacker,1.0,Middle,1,1 5,1 5 11 16,1 5 11 16
marginal,301,140,14,15,Repairman,1.0,Middle,15,15,15,15
marginal,301,1177,7,7,Guitarist,1.0,Middle,7,3 4 7 11 15 16 17 19,3 7 16 19,3 7 16 19
marginal,301,61,4,9,Hairdresser,1.0,Middle,9,9 15,9 15,4 9 11 15
marginal,301,1034,17,17,Singer,0.0,Younger,17,17,17,17
marginal,301,1262,4,4,Craftsman,3.0,Unknown,16,4 11 16,4 9 11 16,4 9 11 16
marginal,301,649,13,13,Motorcyclist,1.0,Middle,13,13,13,13
marginal,301,1199,13,1,Backpacker,0.0,Younger,1,1 3 6 8 10 12 18,1 8 12 18,1 8 12 18
marginal,301,352,17,17,Singer,1.0,Middle,17,17,17,17
marginal,301,308,12,6,Guard,2.0,Older,11,6 11 12,6 11 12 15,6 11 12 15 16
marginal,301,976,10,10,Horse Rider,3.0,Unknown,10,10,1 2 5 10,2 5 10
marginal,301,458,18,18,Skateboarder,0.0,Younger,18,18,18,18
marginal,301,288,14,14,Painter,1.0,Middle,14,11 14,11 14 15 18,11 14 15 18
marginal,301,736,11,5,Farmer,2.0,Older,5,5 11,5 11,1 4 5 11 16
marginal,301,247,6,6,Guard,1.0,Middle,6,6,6,6
marginal,301,121,16,16,Salesperson,1.0,Middle,16,16,1 11 15 16,1 11 15 16
marginal,301,1278,3,3,Computer User,3.0,Unknown,11,3 6 11 14 15 16,3 6 11 14,3 6 11 14
marginal,301,785,18,18,Skateboarder,1.0,Middle,18,18,18,18
marginal,301,717,20,20,Tennis Player,1.0,Middle,20,20,20,20
marginal,301,671,8,8,Gymnast,0.0,Younger,8,8,8,8
marginal,301,557,1,1,Backpacker,1.0,Middle,3,3 6 16 18 19 20,3 6 16 19,3 6 16 19
marginal,301,768,16,16,Salesperson,2.0,Older,16,2 16,2 16 18 20,2 4 16 18 20
marginal,301,553,2,13,Motorcyclist,0.0,Younger,2,2,2 16,2
marginal,301,855,15,14,Painter,1.0,Middle,15,11 15,11 14 15,11 14 15
marginal,301,1116,19,19,Speaker,1.0,Middle,9,3 8 9 16 17 19,3 9 17 19,3 9 17 19
marginal,301,1267,17,17,Singer,1.0,Middle,16,11 16 17,11 15 16 17,11 15 16 17
marginal,301,1112,20,20,Tennis Player,0.0,Younger,20,20,20,20
marginal,301,128,19,19,Speaker,0.0,Younger,20,20,20,20
marginal,301,605,18,18,Skateboarder,0.0,Younger,18,18,18,18
marginal,301,977,2,2,Boatman,1.0,Middle,2,2,2 16,2 11 16
marginal,301,291,6,12,Officer,3.0,Unknown,6,6,6,6
marginal,301,1266,2,2,Boatman,0.0,Younger,2,2,2,2
marginal,302,610,19,19,Speaker,2.0,Older,19,5 10 11 16 19,5 11 16 19,5 10 11 16 19
marginal,302,189,20,19,Speaker,1.0,Middle,20,1 20,1 20,1 20
marginal,302,786,17,17,Singer,3.0,Unknown,17,8 11 17 19,8 11 17 19,8 11 17 19
marginal,302,447,13,13,Motorcyclist,0.0,Younger,13,1 11 13 16,1 11 13 16,11 13 16
marginal,302,1057,9,9,Hairdresser,0.0,Younger,9,9,9,9
marginal,302,534,3,3,Computer User,1.0,Middle,11,2 3 6 11 15,2 3 11 15,2 3 11 15
marginal,302,715,10,10,Horse Rider,1.0,Middle,10,8 10,6 8 10 12,6 8 10 12
marginal,302,742,15,15,Repairman,1.0,Middle,15,11 13 15,4 11 13 15,4 11 13 15
marginal,302,789,6,11,Laborer,1.0,Middle,6,6 11 15,6 11 15 18,6 11 15 18
marginal,302,510,20,20,Tennis Player,1.0,Middle,20,16 18 20,16 18 20,1 16 18 20
marginal,302,257,18,18,Skateboarder,0.0,Younger,18,18,18,18
marginal,302,1378,20,20,Tennis Player,0.0,Younger,20,20,20,20
marginal,302,832,18,18,Skateboarder,1.0,Middle,18,18,18,18
marginal,302,237,7,7,Guitarist,1.0,Middle,7,7,7,7 12 17
marginal,302,1013,16,16,Salesperson,1.0,Middle,16,11 16,11 16,11 16
marginal,302,43,17,17,Singer,3.0,Unknown,17,17,10 17,17
marginal,302,1360,14,4,Craftsman,3.0,Unknown,16,11 14 15 16,11 14 15 16,11 14 15 16
marginal,302,685,13,13,Motorcyclist,1.0,Middle,16,13 16,6 13 15 16,6 13 15 16
marginal,302,1102,2,2,Boatman,3.0,Unknown,2,2,2,2
marginal,302,822,12,12,Officer,1.0,Middle,6,3 6 12 15,3 6 12 15,3 6 12 15
marginal,302,1130,15,14,Painter,1.0,Middle,15,4 11 14 15,4 11 14 15,4 11 14 15
marginal,302,1190,3,3,Computer User,1.0,Middle,1,1 3 15 16,1 3 15 16,1 3 15 16
marginal,302,530,17,17,Singer,1.0,Middle,17,17,7 17,7 17
marginal,302,1076,6,11,Laborer,1.0,Middle,6,6 11 13 16,6 11 13 16,6 11 13 16
marginal,302,299,16,4,Craftsman,1.0,Middle,16,1 11 16,1 11 15 16,1 11 15 16
marginal,302,459,2,2,Boatman,2.0,Older,2,2,2,2 6 14 15 16
marginal,302,1156,20,20,Tennis Player,0.0,Younger,20,20,20,20
marginal,302,22,2,2,Boatman,0.0,Younger,2,2,2,2
marginal,302,1396,13,13,Motorcyclist,3.0,Unknown,13,1 11 13 16,1 11 13 16,1 11 13 16
marginal,302,936,16,16,Salesperson,1.0,Middle,16,16,16,5 11 16
marginal,302,676,1,1,Backpacker,1.0,Middle,1,1 11 16,1 11 16,1 5 11 16
marginal,302,854,3,3,Computer User,1.0,Middle,3,3,3 4 15 19,3 4 15 19
marginal,302,381,1,1,Backpacker,0.0,Younger,16,1 3 6 11 15 16,1 6 11 16,1 6 11 16
marginal,302,233,11,16,Salesperson,1.0,Middle,11,5 11,5 11 16,2 5 11 16
marginal,302,1346,18,18,Skateboarder,1.0,Middle,18,18,18,18
marginal,302,609,10,10,Horse Rider,1.0,Middle,10,8 10,5 8 10 20,5 8 10 20
marginal,302,556,11,5,Farmer,1.0,Middle,5,5 11,5 11 16,5 11 16
marginal,302,1099,10,10,Horse Rider,0.0,Younger,10,10,10,10
marginal,302,118,15,15,Repairman,1.0,Middle,3,3 15 16 19,3 15 16 19,3 15 16 19
marginal,302,1229,4,4,Craftsman,3.0,Unknown,4,4 15,4 15,4 15
marginal,302,874,5,5,Farmer,1.0,Middle,5,5,5,5 11
marginal,302,1177,7,7,Guitarist,1.0,Middle,7,3 4 7 11 15 16 17 19,3 7 16 19,3 7 16 19
marginal,302,178,6,6,Guard,2.0,Older,15,6 13 15,4 6 13 15,4 6 13 15 16
marginal,302,1330,1,1,Backpacker,1.0,Middle,1,1 4 6 7 11 12 15 17 18 19,1 6 7 15,1 6 7 15
marginal,302,660,11,11,Laborer,1.0,Middle,11,11,11,4 5 11
marginal,302,604,1,6,Guard,1.0,Middle,6,6 11 16,1 6 11 16,1 6 11 16
marginal,302,371,12,6,Guard,1.0,Middle,6,6 11 12,6 11 12 18,6 11 12 18
marginal,302,227,9,9,Hairdresser,1.0,Middle,9,9 11 16,4 9 11 16,4 9 11 16
marginal,302,23,5,5,Farmer,1.0,Middle,5,5 11,5 11,5 11 15 16
marginal,302,914,8,8,Gymnast,1.0,Middle,8,8,8,8
marginal,303,1342,20,20,Tennis Player,1.0,Middle,20,20,20,20
marginal,303,407,5,5,Farmer,2.0,Older,5,4 5 11 15 16,5 11 15 16,4 5 11 15 16
marginal,303,942,2,2,Boatman,3.0,Unknown,2,1 2,1 2,1 2
marginal,303,1334,17,17,Singer,1.0,Middle,17,17,17,11 17
marginal,303,606,3,3,Computer User,3.0,Unknown,3,3 6 8 16,3 6 8 16,3 6 8 16
marginal,303,850,3,3,Computer User,3.0,Unknown,16,11 16,3 11 15 16,3 11 15 16
marginal,303,455,4,11,Laborer,0.0,Younger,4,4 11 14,4 11 14,4 11
marginal,303,751,6,12,Officer,1.0,Middle,6,6 16,3 6 11 16,3 6 11 16
marginal,303,1348,6,16,Salesperson,1.0,Middle,9,6 9 12,3 6 9 12,3 6 9 12
marginal,303,1121,18,18,Skateboarder,3.0,Unknown,2,2 16 18,1 2 16 18,1 2 16 18
marginal,303,260,2,2,Boatman,1.0,Middle,2,2 6,2 6,2 6
marginal,303,923,12,12,Officer,3.0,Unknown,6,6 11 16,6 11 12 16,6 11 12 16
marginal,303,843,4,14,Painter,2.0,Older,16,4 11 16,4 11 15 16,4 11 14 15 16
marginal,303,96,16,1,Backpacker,1.0,Middle,16,16,11 16,11 14 15 16
marginal,303,499,1,1,Backpacker,0.0,Younger,1,1 6 16,1 6 10 16,1
marginal,303,89,19,19,Speaker,1.0,Middle,16,3 16,3 10 16 20,3 10 16 20
marginal,303,1263,8,8,Gymnast,1.0,Middle,8,8,8,8
marginal,303,179,7,7,Guitarist,1.0,Middle,17,1 2 5 7 9 11 14 15 16 17,1 2 7 17,1 2 7 17
marginal,303,1208,5,5,Farmer,1.0,Middle,1,1 11,1 5 11 16,1 5 11 16
marginal,303,983,20,20,Tennis Player,1.0,Middle,20,20,20,20
marginal,303,105,4,15,Repairman,3.0,Unknown,15,4 11 15 16,4 11 15 16,4 11 15 16
marginal,303,908,8,8,Gymnast,0.0,Younger,8,8,8,8
marginal,303,1055,13,13,Motorcyclist,1.0,Middle,13,13,13,13
marginal,303,495,14,16,Salesperson,2.0,Older,2,2 14 16,2 14 16,2 4 11 14 16
marginal,303,643,10,10,Horse Rider,1.0,Middle,10,10,8 10,5 8 10 20
marginal,303,654,4,4,Craftsman,3.0,Unknown,4,4 11,2 4 11 15,2 4 11 15
marginal,303,353,14,14,Painter,1.0,Middle,14,11 14,11 14,4 11 14
marginal,303,716,15,15,Repairman,0.0,Younger,15,15,15,15
marginal,303,469,8,8,Gymnast,0.0,Younger,8,8,8,8
marginal,303,389,13,1,Backpacker,2.0,Older,13,13,13,1 2 13 16
marginal,303,1389,13,13,Motorcyclist,3.0,Unknown,13,13,13,13
marginal,303,460,16,16,Salesperson,1.0,Middle,16,11 16,6 11 14 16,6 11 14 16
marginal,303,522,8,4,Craftsman,0.0,Younger,8,1 2 4 6 8 11 15 16 20,2 8 11 16,2 8 11 16
marginal,303,12,19,19,Speaker,1.0,Middle,12,1 8 10 12,1 8 10 12,1 8 10 12
marginal,303,1083,5,5,Farmer,2.0,Older,5,5 11 16,4 5 11 16,4 5 9 11 16
marginal,303,138,18,18,Skateboarder,3.0,Unknown,18,18,18,18
marginal,303,1374,6,6,Guard,1.0,Middle,6,6,6 15,6 15 16
marginal,303,1159,17,17,Singer,0.0,Younger,17,17,17,17
marginal,303,167,17,17,Singer,0.0,Younger,17,17,11 17 19 20,17
marginal,303,371,12,6,Guard,1.0,Middle,6,6 11 12,6 11 12 18,6 11 12 18
marginal,303,349,20,20,Tennis Player,1.0,Middle,20,20,20,20
marginal,303,642,7,7,Guitarist,3.0,Unknown,7,7 17,7 17,7
marginal,303,517,14,14,Painter,0.0,Younger,14,11 14 15,11 14 15 16,11 14 15
marginal,303,744,18,18,Skateboarder,0.0,Younger,18,18,18,18
marginal,303,956,6,6,Guard,1.0,Middle,6,6,6,6 20
marginal,303,730,1,3,Computer User,3.0,Unknown,1,1 2 11 16 17,1 2 11 16,1 2 11 16
marginal,303,408,2,2,Boatman,3.0,Unknown,2,2,2,2
marginal,303,1303,1,13,Motorcyclist,3.0,Unknown,1,1 2 11 13 16,1 2 11 13,1 2 11 13
marginal,303,369,9,9,Hairdresser,1.0,Middle,9,9,9,9
marginal,303,30,4,11,Laborer,1.0,Middle,11,4 11 15,4 11 15,4 5 11 15
marginal,304,69,16,19,Speaker,1.0,Middle,17,9 16 17 20,9 16 17 20,9 16 17 20
marginal,304,348,12,12,Officer,0.0,Younger,16,6 11 12 13 16,6 11 12 16,6 11 12 16
marginal,304,992,7,7,Guitarist,2.0,Older,7,7,7,7 11 16 17 18
marginal,304,288,14,14,Painter,1.0,Middle,14,11 14,11 14 15 18,11 14 15 18
marginal,304,165,13,13,Motorcyclist,1.0,Middle,2,1 2 13,1 2 13 19,1 2 13 19
marginal,304,339,17,17,Singer,1.0,Middle,17,17,17,10 11 17 20
marginal,304,350,18,18,Skateboarder,1.0,Middle,18,18,18,18
marginal,304,103,9,9,Hairdresser,1.0,Middle,9,9,9 11,9 11 16
marginal,304,924,6,6,Guard,0.0,Younger,6,6 15,6 15,6
marginal,304,894,15,6,Guard,2.0,Older,15,6 15 16,4 6 15 16,4 6 11 15 16
marginal,304,1072,4,4,Craftsman,0.0,Younger,11,4 6 11 15 16,4 11 15 16,4 11 15 16
marginal,304,381,1,1,Backpacker,0.0,Younger,16,1 3 6 11 15 16,1 6 11 16,1 6 11 16
marginal,304,215,11,14,Painter,1.0,Middle,11,11 14 15,4 11 14 15,4 11 14 15
marginal,304,1367,11,4,Craftsman,1.0,Middle,11,11 16,5 11 16,2 5 11 16
marginal,304,336,17,17,Singer,0.0,Younger,17,17,17,17
marginal,304,661,8,8,Gymnast,0.0,Younger,8,8 18,8 18,8
marginal,304,440,6,6,Guard,1.0,Middle,6,6 12,6 12,6 11 12 15
marginal,304,1171,1,18,Skateboarder,0.0,Younger,1,1 16 18,1 16 18,1
marginal,304,824,14,14,Painter,3.0,Unknown,14,14,14,14
marginal,304,1094,20,20,Tennis Player,1.0,Middle,20,20,20,20
marginal,304,1217,8,8,Gymnast,3.0,Unknown,8,8,8,8
marginal,304,120,16,10,Horse Rider,0.0,Younger,10,10,5 10 12 16,10
marginal,304,287,3,3,Computer User,3.0,Unknown,16,3 5 16,3 5 10 16,3 5 10 16
marginal,304,1236,7,7,Guitarist,1.0,Middle,11,1 2 5 7 11 16 17 20,1 2 11 20,1 2 11 20
marginal,304,898,13,13,Motorcyclist,1.0,Middle,13,2 11 13 16,2 11 13 16,2 11 13 16
marginal,304,1221,9,9,Hairdresser,1.0,Middle,9,4 9 16,4 9 11 16,4 9 11 16
marginal,304,433,15,15,Repairman,1.0,Middle,15,11 13 15,11 13 15 17,11 13 15 17
marginal,304,498,2,2,Boatman,1.0,Middle,2,2,2,2 11 16
marginal,304,1316,11,16,Salesperson,1.0,Middle,2,1 2 11 14,1 2 11 14,1 2 11 14
marginal,304,859,12,12,Officer,1.0,Middle,6,2 6 12,2 6 12 13,2 6 12 13
marginal,304,1136,8,8,Gymnast,0.0,Younger,8,8,8,8
marginal,304,1084,20,20,Tennis Player,3.0,Unknown,20,20,20,20
marginal,304,697,5,5,Farmer,3.0,Unknown,5,5 11,5 11 12,5 11
marginal,304,206,5,11,Laborer,1.0,Middle,5,5 11,5 11 16,5 11 16
marginal,304,272,16,16,Salesperson,2.0,Older,16,11 16,11 16,5 6 11 16
marginal,304,1115,19,19,Speaker,1.0,Middle,6,6 9 10 12 17 19,6 9 17 19,6 9 17 19
marginal,304,226,2,2,Boatman,0.0,Younger,2,2,2,2
marginal,304,255,17,17,Singer,1.0,Middle,17,17,17,17
marginal,304,74,20,20,Tennis Player,1.0,Middle,20,20,20,20
marginal,304,683,12,12,Officer,3.0,Unknown,6,6 12 13 16,6 12 13 16,6 12 13 16
marginal,304,1049,3,3,Computer User,3.0,Unknown,2,2 3 16,2 3 11 16,2 3 16
marginal,304,445,16,13,Motorcyclist,3.0,Unknown,11,11 16,11 16,11 16
marginal,304,478,11,5,Farmer,3.0,Unknown,5,2 5 11,2 5 11,2 5 11
marginal,304,459,2,2,Boatman,2.0,Older,2,2,2,2 6 14 15 16
marginal,304,410,6,11,Laborer,1.0,Middle,11,2 6 11 16,2 6 11 16,2 6 11 16
marginal,304,915,15,15,Repairman,1.0,Middle,11,11 15,11 15,11 15
marginal,304,753,3,3,Computer User,1.0,Middle,11,1 11 18,1 3 11 18,1 3 11 18
marginal,304,39,4,9,Hairdresser,2.0,Older,9,4 9 15,4 9 15,4 6 9 15 16
marginal,304,1286,7,7,Guitarist,3.0,Unknown,7,7,7,7
marginal,304,147,1,1,Backpacker,1.0,Middle,1,1,1 11,1 3 11 16
marginal,305,1070,12,12,Officer,3.0,Unknown,6,6 12,3 6 12 16,6 12 16
marginal,305,646,17,7,Guitarist,1.0,Middle,17,7 11 17,6 7 11 17,6 7 11 17
marginal,305,781,1,19,Speaker,1.0,Middle,16,9 11 16,4 9 11 16,4 9 11 16
marginal,305,1032,12,12,Officer,3.0,Unknown,6,6 12,6 12 13,6 12
marginal,305,86,5,5,Farmer,3.0,Unknown,5,2 5 11,2 5 11,2 5 11
marginal,305,316,8,8,Gymnast,1.0,Middle,8,8,8,8
marginal,305,849,7,7,Guitarist,1.0,Middle,7,7 17,7 17,7 17
marginal,305,1356,5,11,Laborer,3.0,Unknown,11,5 11,5 11 16,5 11 16
marginal,305,463,16,16,Salesperson,0.0,Younger,16,16,16,16
marginal,305,854,3,3,Computer User,1.0,Middle,3,3,3 4 15 19,3 4 15 19
marginal,305,589,10,10,Horse Rider,3.0,Unknown,10,10,10,10
marginal,305,1188,9,9,Hairdresser,3.0,Unknown,9,9 11,9 11,9
marginal,305,1243,19,19,Speaker,0.0,Younger,16,1 2 15 16 17,2 15 16 17,2 15 16 17
marginal,305,273,15,15,Repairman,1.0,Middle,15,11 15,11 15 16,11 15 16
marginal,305,803,18,18,Skateboarder,3.0,Unknown,18,18,18,18
marginal,305,110,8,8,Gymnast,0.0,Younger,8,8,8,8
marginal,305,1048,16,16,Salesperson,1.0,Middle,16,5 11 16,5 11 16,1 5 11 16
marginal,305,991,20,20,Tennis Player,1.0,Middle,20,20,20,20
marginal,305,1379,13,13,Motorcyclist,2.0,Older,13,13,12 13,4 10 12 13 15
marginal,305,1061,4,4,Craftsman,2.0,Older,4,4 11,2 4 11,2 4 5 11 15
marginal,305,625,13,13,Motorcyclist,3.0,Unknown,13,13,13,13
marginal,305,351,1,1,Backpacker,0.0,Younger,1,1,1,1
marginal,305,63,12,11,Laborer,1.0,Middle,6,6 13,6 12 13 16,6 12 13 16
marginal,305,579,4,4,Craftsman,1.0,Middle,4,4 11,4 11 15,4 11 15 16
marginal,305,602,2,2,Boatman,1.0,Middle,2,2 6 19,2 3 6 19,2 3 6 19
marginal,305,807,1,11,Laborer,1.0,Middle,11,11 15,11 15,11 15
marginal,305,159,17,17,Singer,1.0,Middle,17,7 17,7 17,7 10 17 19
marginal,305,1318,18,18,Skateboarder,3.0,Unknown,18,18,18,18
marginal,305,309,12,12,Officer,1.0,Middle,6,6 13,6 12 13 16,6 12 13 16
marginal,305,390,10,10,Horse Rider,1.0,Middle,10,6 10 12,6 10 12,6 10 12
marginal,305,19,20,20,Tennis Player,1.0,Middle,20,20,20,20
marginal,305,578,16,16,Salesperson,1.0,Middle,16,11 16,11 16,11 16
marginal,305,28,9,9,Hairdresser,1.0,Middle,9,9,9,6 9
marginal,305,570,14,14,Painter,2.0,Older,14,14 16,14 16,4 11 14 15 16
marginal,305,1096,20,20,Tennis Player,1.0,Middle,20,20,20,20
marginal,305,1280,4,4,Craftsman,1.0,Middle,4,2 4 11,2 4 11,2 4 11
marginal,305,107,8,1,Backpacker,1.0,Middle,16,6 11 16 17,6 11 16 17,6 11 16 17
marginal,305,662,1,1,Backpacker,0.0,Younger,1,1,1,1
marginal,305,470,9,9,Hairdresser,3.0,Unknown,9,9,9,9
marginal,305,1060,6,6,Guard,0.0,Younger,6,6,6,6
marginal,305,133,5,5,Farmer,3.0,Unknown,11,5 11,5 11,5 11
marginal,305,1049,3,3,Computer User,3.0,Unknown,2,2 3 16,2 3 11 16,2 3 16
marginal,305,79,3,3,Computer User,0.0,Younger,3,3 11 15,3 11 15,3
marginal,305,95,10,10,Horse Rider,0.0,Younger,10,10,5 8 10,10
marginal,305,843,4,14,Painter,2.0,Older,16,4 11 16,4 11 15 16,4 11 14 15 16
marginal,305,626,2,2,Boatman,1.0,Middle,2,2,2,2
marginal,305,665,19,19,Speaker,3.0,Unknown,19,2 3 10 11 12 13 16 17 19,2 10 12 19,2 10 12 19
marginal,305,71,6,6,Guard,1.0,Middle,6,6 10 14,6 9 10 14,6 9 10 14
marginal,305,70,15,15,Repairman,2.0,Older,15,4 11 15,4 11 15,4 9 11 15
marginal,305,1105,7,17,Singer,1.0,Middle,16,2 7 11 16 17,2 7 16 17,2 7 16 17
marginal,306,6,3,3,Computer User,0.0,Younger,3,1 3 10 11 14 15 16 17 18 19,1 3 11 17,1 3 11 17
marginal,306,1044,15,15,Repairman,0.0,Younger,11,3 4 6 10 11 14 15 16 17,6 11 15 16,6 11 15 16
marginal,306,387,20,20,Tennis Player,1.0,Middle,20,20,20,20
marginal,306,267,5,5,Farmer,3.0,Unknown,11,5 11,1 5 11,1 5 11
marginal,306,1376,16,16,Salesperson,2.0,Older,16,16,11 16,3 4 6 11 16
marginal,306,486,7,7,Guitarist,1.0,Middle,17,1 6 7 11 17,1 6 7 17,1 6 7 17
marginal,306,811,6,12,Officer,1.0,Middle,6,6 10 11 15,6 10 11 15,6 10 11 15
marginal,306,1298,13,18,Skateboarder,1.0,Middle,18,13 16 18,6 13 16 18,6 13 16 18
marginal,306,859,12,12,Officer,1.0,Middle,6,2 6 12,2 6 12 13,2 6 12 13
marginal,306,826,6,6,Guard,3.0,Unknown,6,6,6,6
marginal,306,714,16,16,Salesperson,3.0,Unknown,16,11 16,11 13 16,11 16
marginal,306,340,15,15,Repairman,3.0,Unknown,15,3 6 9 11 15 16,3 9 11 15,3 9 11 15
marginal,306,1133,12,6,Guard,1.0,Middle,11,6 11,6 11 12 13,6 11 12 13
marginal,306,230,14,1,Backpacker,3.0,Unknown,1,1 16,1 6 14 16,1 6 14 16
marginal,306,82,7,7,Guitarist,1.0,Middle,7,7,7,7
marginal,306,846,10,10,Horse Rider,3.0,Unknown,6,6,6,6
marginal,306,998,17,17,Singer,0.0,Younger,17,17,11 17,17
marginal,306,312,9,9,Hairdresser,1.0,Middle,9,2 9 11 15,2 9 11 15,2 9 11 15
marginal,306,419,1,19,Speaker,1.0,Middle,20,5 6 8 10 11 16 17 20,8 16 17 20,8 16 17 20
marginal,306,491,8,8,Gymnast,1.0,Middle,8,8,8,8
marginal,306,305,17,17,Singer,1.0,Middle,17,17,17,17
marginal,306,297,7,7,Guitarist,1.0,Middle,7,7,7,7 13
marginal,306,403,8,8,Gymnast,0.0,Younger,8,8,8,8
marginal,306,490,5,5,Farmer,0.0,Younger,5,5 11 16,5 11 16,5 11
marginal,306,1276,9,9,Hairdresser,1.0,Middle,9,9,9 15,5 9 11 15
marginal,306,718,12,12,Officer,0.0,Younger,12,2 6 12 13,2 6 12 13,2 6 12 13
marginal,306,158,4,4,Craftsman,1.0,Middle,11,4 5 11 16,4 5 11 16,4 5 11 16
marginal,306,184,13,13,Motorcyclist,1.0,Middle,13,13,13,11 13
marginal,306,957,14,14,Painter,1.0,Middle,14,9 11 14 16,9 11 14 16,9 11 14 16
marginal,306,1377,8,8,Gymnast,0.0,Younger,8,8,8,8
marginal,306,544,11,11,Laborer,0.0,Younger,11,5 11 16,5 11 16,5 11 16
marginal,306,501,18,18,Skateboarder,0.0,Younger,13,2 6 11 13 16 18,11 13 16 18,11 13 16 18
marginal,306,306,14,14,Painter,1.0,Middle,14,11 14 16,4 11 14 16,4 11 14 16
marginal,306,89,19,19,Speaker,1.0,Middle,16,3 16,3 10 16 20,3 10 16 20
marginal,306,664,2,2,Boatman,1.0,Middle,2,2 16,2 11 16,2 11 15 16
marginal,306,712,15,15,Repairman,1.0,Middle,11,11 15,1 4 11 15,1 4 11 15
marginal,306,459,2,2,Boatman,2.0,Older,2,2,2,2 6 14 15 16
marginal,306,1257,16,16,Salesperson,1.0,Middle,16,5 11 16,4 5 11 16,4 5 11 16
marginal,306,1060,6,6,Guard,0.0,Younger,6,6,6,6
marginal,306,113,19,19,Speaker,2.0,Older,3,3 5 10 11 12 19,3 10 12 19,3 10 11 12 19
marginal,306,1350,12,13,Motorcyclist,3.0,Unknown,12,6 12 13,3 6 12 13,3 6 12 13
marginal,306,488,6,3,Computer User,1.0,Middle,16,3 6 16,2 3 6 16,2 3 6 16
marginal,306,81,11,4,Craftsman,1.0,Middle,11,2 5 6 11 13 15,2 6 11 15,2 6 11 15
marginal,306,1190,3,3,Computer User,1.0,Middle,1,1 3 15 16,1 3 15 16,1 3 15 16
marginal,306,708,5,5,Farmer,2.0,Older,11,5 11,4 5 11,2 4 5 11 16
marginal,306,1196,20,20,Tennis Player,3.0,Unknown,20,20,20,20
marginal,306,276,14,14,Painter,0.0,Younger,14,11 14 16,11 14 16,14 16
marginal,306,1113,2,2,Boatman,1.0,Middle,2,2 14,2 11 14 17,2 11 14 17
marginal,306,455,4,11,Laborer,0.0,Younger,4,4 11 14,4 11 14,4 11
marginal,306,809,10,10,Horse Rider,1.0,Middle,10,5 8 10 12,5 8 10 12,5 8 10 12
marginal,307,353,14,14,Painter,1.0,Middle,14,11 14,11 14,4 11 14
marginal,307,751,6,12,Officer,1.0,Middle,6,6 16,3 6 11 16,3 6 11 16
marginal,307,730,1,3,Computer User,3.0,Unknown,1,1 2 11 16 17,1 2 11 16,1 2 11 16
marginal,307,30,11,11,Laborer,1.0,Middle,11,4 11 15,4 11 15,4 5 11 15
marginal,307,654,4,4,Craftsman,3.0,Unknown,4,4 11,2 4 11 15,2 4 11 15
marginal,307,349,20,20,Tennis Player,1.0,Middle,20,20,20,20
marginal,307,1208,1,5,Farmer,1.0,Middle,1,1 11,1 5 11 16,1 5 11 16
marginal,307,1121,18,18,Skateboarder,3.0,Unknown,2,2 16 18,1 2 16 18,1 2 16 18
marginal,307,908,8,8,Gymnast,0.0,Younger,8,8,8,8
marginal,307,1263,8,8,Gymnast,1.0,Middle,8,8,8,8
marginal,307,1342,20,20,Tennis Player,1.0,Middle,20,20,20,20
marginal,307,642,7,7,Guitarist,3.0,Unknown,7,7 17,7 17,7
marginal,307,455,4,11,Laborer,0.0,Younger,4,4 11 14,4 11 14,4 11
marginal,307,408,2,2,Boatman,3.0,Unknown,2,2,2,2
marginal,307,1159,17,17,Singer,0.0,Younger,17,17,17,17
marginal,307,1303,2,13,Motorcyclist,3.0,Unknown,1,1 2 11 13 16,1 2 11 13,1 2 11 13
marginal,307,983,20,20,Tennis Player,1.0,Middle,20,20,20,20
marginal,307,1348,3,16,Salesperson,1.0,Middle,9,6 9 12,3 6 9 12,3 6 9 12
marginal,307,744,18,18,Skateboarder,0.0,Younger,18,18,18,18
marginal,307,923,12,12,Officer,3.0,Unknown,6,6 11 16,6 11 12 16,6 11 12 16
marginal,307,643,10,10,Horse Rider,1.0,Middle,10,10,8 10,5 8 10 20
marginal,307,389,13,1,Backpacker,2.0,Older,13,13,13,1 2 13 16
marginal,307,499,6,1,Backpacker,0.0,Younger,1,1 6 16,1 6 10 16,1
marginal,307,407,5,5,Farmer,2.0,Older,5,4 5 11 15 16,5 11 15 16,4 5 11 15 16
marginal,307,1374,6,6,Guard,1.0,Middle,6,6,6 15,6 15 16
marginal,307,460,16,16,Salesperson,1.0,Middle,16,11 16,6 11 14 16,6 11 14 16
marginal,307,105,15,15,Repairman,3.0,Unknown,15,4 11 15 16,4 11 15 16,4 11 15 16
marginal,307,260,6,2,Boatman,1.0,Middle,2,2 6,2 6,2 6
marginal,307,843,4,14,Painter,2.0,Older,16,4 11 16,4 11 15 16,4 11 14 15 16
marginal,307,138,18,18,Skateboarder,3.0,Unknown,18,18,18,18
marginal,307,606,3,3,Computer User,3.0,Unknown,3,3 6 8 16,3 6 8 16,3 6 8 16
marginal,307,1083,5,5,Farmer,2.0,Older,5,5 11 16,4 5 11 16,4 5 9 11 16
marginal,307,522,4,4,Craftsman,0.0,Younger,8,1 2 4 6 8 11 15 16 20,2 8 11 16,2 8 11 16
marginal,307,12,19,19,Speaker,1.0,Middle,12,1 8 10 12,1 8 10 12,1 8 10 12
marginal,307,469,8,8,Gymnast,0.0,Younger,8,8,8,8
marginal,307,942,2,2,Boatman,3.0,Unknown,2,1 2,1 2,1 2
marginal,307,517,14,14,Painter,0.0,Younger,14,11 14 15,11 14 15 16,11 14 15
marginal,307,495,14,16,Salesperson,2.0,Older,2,2 14 16,2 14 16,2 4 11 14 16
marginal,307,716,15,15,Repairman,0.0,Younger,15,15,15,15
marginal,307,371,6,6,Guard,1.0,Middle,6,6 11 12,6 11 12 18,6 11 12 18
marginal,307,1389,13,13,Motorcyclist,3.0,Unknown,13,13,13,13
marginal,307,1055,13,13,Motorcyclist,1.0,Middle,13,13,13,13
marginal,307,850,3,3,Computer User,3.0,Unknown,16,11 16,3 11 15 16,3 11 15 16
marginal,307,167,17,17,Singer,0.0,Younger,17,17,11 17 19 20,17
marginal,307,956,6,6,Guard,1.0,Middle,6,6,6,6 20
marginal,307,96,16,1,Backpacker,1.0,Middle,16,16,11 16,11 14 15 16
marginal,307,1334,17,17,Singer,1.0,Middle,17,17,17,11 17
marginal,307,179,7,7,Guitarist,1.0,Middle,17,1 2 5 7 9 11 14 15 16 17,1 2 7 17,1 2 7 17
marginal,307,89,19,19,Speaker,1.0,Middle,16,3 16,3 10 16 20,3 10 16 20
marginal,307,369,9,9,Hairdresser,1.0,Middle,9,9,9,9
marginal,308,478,5,5,Farmer,3.0,Unknown,5,2 5 11,2 5 11,2 5 11
marginal,308,147,1,1,Backpacker,1.0,Middle,1,1,1 11,1 3 11 16
marginal,308,120,1,10,Horse Rider,0.0,Younger,10,10,5 10 12 16,10
marginal,308,165,13,13,Motorcyclist,1.0,Middle,2,1 2 13,1 2 13 19,1 2 13 19
marginal,308,215,11,14,Painter,1.0,Middle,11,11 14 15,4 11 14 15,4 11 14 15
marginal,308,1171,1,18,Skateboarder,0.0,Younger,1,1 16 18,1 16 18,1
marginal,308,753,3,3,Computer User,1.0,Middle,11,1 11 18,1 3 11 18,1 3 11 18
marginal,308,255,17,17,Singer,1.0,Middle,17,17,17,17
marginal,308,498,2,2,Boatman,1.0,Middle,2,2,2,2 11 16
marginal,308,69,19,19,Speaker,1.0,Middle,17,9 16 17 20,9 16 17 20,9 16 17 20
marginal,308,1136,8,8,Gymnast,0.0,Younger,8,8,8,8
marginal,308,445,13,13,Motorcyclist,3.0,Unknown,11,11 16,11 16,11 16
marginal,308,1367,4,4,Craftsman,1.0,Middle,11,11 16,5 11 16,2 5 11 16
marginal,308,459,2,2,Boatman,2.0,Older,2,2,2,2 6 14 15 16
marginal,308,1072,4,4,Craftsman,0.0,Younger,11,4 6 11 15 16,4 11 15 16,4 11 15 16
marginal,308,894,12,6,Guard,2.0,Older,15,6 15 16,4 6 15 16,4 6 11 15 16
marginal,308,1084,20,20,Tennis Player,3.0,Unknown,20,20,20,20
marginal,308,1094,20,20,Tennis Player,1.0,Middle,20,20,20,20
marginal,308,915,15,15,Repairman,1.0,Middle,11,11 15,11 15,11 15
marginal,308,824,14,14,Painter,3.0,Unknown,14,14,14,14
marginal,308,1236,7,7,Guitarist,1.0,Middle,11,1 2 5 7 11 16 17 20,1 2 11 20,1 2 11 20
marginal,308,1221,9,9,Hairdresser,1.0,Middle,9,4 9 16,4 9 11 16,4 9 11 16
marginal,308,350,18,18,Skateboarder,1.0,Middle,18,18,18,18
marginal,308,410,11,11,Laborer,1.0,Middle,11,2 6 11 16,2 6 11 16,2 6 11 16
marginal,308,1217,8,8,Gymnast,3.0,Unknown,8,8,8,8
marginal,308,336,17,17,Singer,0.0,Younger,17,17,17,17
marginal,308,206,5,11,Laborer,1.0,Middle,5,5 11,5 11 16,5 11 16
marginal,308,339,17,17,Singer,1.0,Middle,17,17,17,10 11 17 20
marginal,308,1316,16,16,Salesperson,1.0,Middle,2,1 2 11 14,1 2 11 14,1 2 11 14
marginal,308,697,5,5,Farmer,3.0,Unknown,5,5 11,5 11 12,5 11
marginal,308,74,20,20,Tennis Player,1.0,Middle,20,20,20,20
marginal,308,348,12,12,Officer,0.0,Younger,16,6 11 12 13 16,6 11 12 16,6 11 12 16
marginal,308,381,1,1,Backpacker,0.0,Younger,16,1 3 6 11 15 16,1 6 11 16,1 6 11 16
marginal,308,683,12,12,Officer,3.0,Unknown,6,6 12 13 16,6 12 13 16,6 12 13 16
marginal,308,661,8,8,Gymnast,0.0,Younger,8,8 18,8 18,8
marginal,308,924,6,6,Guard,0.0,Younger,6,6 15,6 15,6
marginal,308,992,7,7,Guitarist,2.0,Older,7,7,7,7 11 16 17 18
marginal,308,859,12,12,Officer,1.0,Middle,6,2 6 12,2 6 12 13,2 6 12 13
marginal,308,1115,19,19,Speaker,1.0,Middle,6,6 9 10 12 17 19,6 9 17 19,6 9 17 19
marginal,308,433,15,15,Repairman,1.0,Middle,15,11 13 15,11 13 15 17,11 13 15 17
marginal,308,288,14,14,Painter,1.0,Middle,14,11 14,11 14 15 18,11 14 15 18
marginal,308,287,3,3,Computer User,3.0,Unknown,16,3 5 16,3 5 10 16,3 5 10 16
marginal,308,272,16,16,Salesperson,2.0,Older,16,11 16,11 16,5 6 11 16
marginal,308,898,13,13,Motorcyclist,1.0,Middle,13,2 11 13 16,2 11 13 16,2 11 13 16
marginal,308,440,6,6,Guard,1.0,Middle,6,6 12,6 12,6 11 12 15
marginal,308,1049,3,3,Computer User,3.0,Unknown,2,2 3 16,2 3 11 16,2 3 16
marginal,308,226,2,2,Boatman,0.0,Younger,2,2,2,2
marginal,308,39,6,9,Hairdresser,2.0,Older,9,4 9 15,4 9 15,4 6 9 15 16
marginal,308,1286,7,7,Guitarist,3.0,Unknown,7,7,7,7
marginal,308,103,9,9,Hairdresser,1.0,Middle,9,9,9 11,9 11 16
marginal,309,225,6,10,Horse Rider,0.0,Younger,6,6,6 10,6
marginal,309,505,20,20,Tennis Player,0.0,Younger,20,20,20,20
marginal,309,1397,16,1,Backpacker,0.0,Younger,16,1 16,1 9 11 16,1 16
marginal,309,32,17,17,Singer,0.0,Younger,17,17,17,17
marginal,309,1046,20,20,Tennis Player,0.0,Younger,20,20,20,20
marginal,309,166,14,14,Painter,0.0,Younger,14,11 14 16,1 11 14 16,14 16
marginal,309,920,12,12,Officer,1.0,Middle,6,6 12 13 16,6 12 13 16,6 12 13 16
marginal,309,585,14,14,Painter,0.0,Younger,16,11 14 16,2 11 14 16,11 14 16
marginal,309,331,12,6,Guard,0.0,Younger,6,6 15,6 15,6
marginal,309,135,19,19,Speaker,3.0,Unknown,16,6 10 12 16 17 19 20,6 16 17 19,6 16 17 19
marginal,309,1025,13,12,Officer,3.0,Unknown,18,6 12 13 18,6 12 13 18,6 12 13 18
marginal,309,432,18,18,Skateboarder,0.0,Younger,18,18,18,18
marginal,309,506,8,8,Gymnast,1.0,Middle,8,8,8,8
marginal,309,963,16,13,Motorcyclist,0.0,Younger,13,13 15,9 13 15 16,13
marginal,309,570,16,14,Painter,2.0,Older,14,14 16,14 16,4 11 14 15 16
marginal,309,1168,7,7,Guitarist,3.0,Unknown,7,7,7,7
marginal,309,700,1,1,Backpacker,3.0,Unknown,1,1 2 6 14,1 2 6 14,1 2 6 14
marginal,309,801,8,8,Gymnast,1.0,Middle,8,8,8,8
marginal,309,1353,17,17,Singer,0.0,Younger,17,17,17,17
marginal,309,591,15,11,Laborer,1.0,Middle,16,6 11 13 15 16 17,6 13 15 16,6 13 15 16
marginal,309,37,13,13,Motorcyclist,1.0,Middle,13,13,13,13
marginal,309,621,8,8,Gymnast,0.0,Younger,8,8,8,8
marginal,309,299,1,4,Craftsman,1.0,Middle,16,1 11 16,1 11 15 16,1 11 15 16
marginal,309,681,11,15,Repairman,1.0,Middle,15,11 15,11 15,11 15
marginal,309,1331,5,1,Backpacker,1.0,Middle,1,1 5 11 16,1 5 11 16,1 5 11 16
marginal,309,464,7,7,Guitarist,1.0,Middle,7,7 11 17,2 7 11 17,2 7 11 17
marginal,309,1256,9,9,Hairdresser,1.0,Middle,9,9 15,4 9 15,4 9 11 15
marginal,309,359,16,16,Salesperson,3.0,Unknown,16,3 6 11 16,3 6 11 16,3 6 11 16
marginal,309,1293,18,18,Skateboarder,3.0,Unknown,18,18,18,18
marginal,309,1295,3,3,Computer User,3.0,Unknown,3,3 16 19,3 15 16 19,3 16 19
marginal,309,680,18,18,Skateboarder,0.0,Younger,18,6 8 18 20,6 8 18 20,6 8 18 20
marginal,309,710,6,6,Guard,1.0,Middle,6,6,6,6
marginal,309,455,4,11,Laborer,0.0,Younger,4,4 11 14,4 11 14,4 11
marginal,309,1113,2,2,Boatman,1.0,Middle,2,2 14,2 11 14 17,2 11 14 17
marginal,309,145,2,2,Boatman,1.0,Middle,2,2,2,2
marginal,309,30,11,11,Laborer,1.0,Middle,11,4 11 15,4 11 15,4 5 11 15
marginal,309,515,7,7,Guitarist,1.0,Middle,7,7,7,7
marginal,309,1183,9,9,Hairdresser,2.0,Older,9,9,9,4 9 11 15 16
marginal,309,1226,9,9,Hairdresser,1.0,Middle,9,9,9,9
marginal,309,1153,19,19,Speaker,1.0,Middle,10,3 5 6 10 11 12 13 16 17 19,5 6 10 12,5 6 10 12
marginal,309,712,15,15,Repairman,1.0,Middle,11,11 15,1 4 11 15,1 4 11 15
marginal,309,1324,10,10,Horse Rider,3.0,Unknown,10,10,10,10
marginal,309,1348,6,16,Salesperson,1.0,Middle,9,6 9 12,3 6 9 12,3 6 9 12
marginal,309,956,6,6,Guard,1.0,Middle,6,6,6,6 20
marginal,309,105,15,15,Repairman,3.0,Unknown,15,4 11 15 16,4 11 15 16,4 11 15 16
marginal,309,431,11,12,Officer,1.0,Middle,6,6 10 11 13 15 16,6 11 15 16,6 11 15 16
marginal,309,848,16,16,Salesperson,1.0,Middle,16,16,11 16,11 16
marginal,309,426,5,5,Farmer,2.0,Older,5,5 11,5 11,1 2 5 11 16
marginal,309,325,5,5,Farmer,2.0,Older,11,5 11,5 11 16,4 5 11 16
marginal,309,315,2,2,Boatman,3.0,Unknown,2,2,1 2,2
marginal,310,850,3,3,Computer User,3.0,Unknown,16,11 16,3 11 15 16,3 11 15 16
marginal,310,389,13,1,Backpacker,2.0,Older,13,13,13,1 2 13 16
marginal,310,966,14,14,Painter,2.0,Older,14,5 11 14,4 5 11 14,4 5 11 12 14
marginal,310,846,6,10,Horse Rider,3.0,Unknown,6,6,6,6
marginal,310,205,13,13,Motorcyclist,1.0,Middle,13,13,12 13,12 13
marginal,310,982,2,2,Boatman,1.0,Middle,2,2,2,1 2
marginal,310,1060,6,6,Guard,0.0,Younger,6,6,6,6
marginal,310,1390,4,4,Craftsman,1.0,Middle,11,4 11 15 16,4 11 15 16,4 11 15 16
marginal,310,208,15,15,Repairman,3.0,Unknown,3,3,3 19,3
marginal,310,935,13,13,Motorcyclist,3.0,Unknown,13,13,13,13
marginal,310,176,11,11,Laborer,3.0,Unknown,11,2 5 11,2 5 11,2 5 11
marginal,310,1334,17,17,Singer,1.0,Middle,17,17,17,11 17
marginal,310,557,6,1,Backpacker,1.0,Middle,3,3 6 16 18 19 20,3 6 16 19,3 6 16 19
marginal,310,944,11,4,Craftsman,1.0,Middle,11,4 5 9 11 16,5 9 11 16,5 9 11 16
marginal,310,946,14,14,Painter,3.0,Unknown,14,14,2 14,14
marginal,310,551,5,5,Farmer,1.0,Middle,5,5 11,5 11,5 11
marginal,310,587,19,19,Speaker,2.0,Older,12,3 6 10 11 12 16 17 19 20,6 11 12 16,6 11 12 16 19
marginal,310,1147,6,6,Guard,0.0,Younger,6,6,6,6
marginal,310,1116,19,19,Speaker,1.0,Middle,9,3 8 9 16 17 19,3 9 17 19,3 9 17 19
marginal,310,560,10,10,Horse Rider,0.0,Younger,10,8 10,8 10 20,10
marginal,310,1354,3,3,Computer User,3.0,Unknown,3,3 10 12 16,3 10 12 16,3 10 12 16
marginal,310,418,16,16,Salesperson,1.0,Middle,16,1 16,1 11 16,1 11 15 16
marginal,310,650,18,18,Skateboarder,3.0,Unknown,18,18,8 18,18
marginal,310,558,17,7,Guitarist,1.0,Middle,17,7 17,7 10 15 17,7 10 15 17
marginal,310,936,16,16,Salesperson,1.0,Middle,16,16,16,5 11 16
marginal,310,186,4,4,Craftsman,2.0,Older,11,3 4 9 11 15 16,3 11 15 16,3 4 11 15 16
marginal,310,1263,8,8,Gymnast,1.0,Middle,8,8,8,8
marginal,310,725,8,8,Gymnast,0.0,Younger,8,8,8,8
marginal,310,58,11,11,Laborer,3.0,Unknown,11,6 11 14,6 11 14 18,6 11 14 18
marginal,310,615,5,11,Laborer,1.0,Middle,5,5 11,5 11,1 5 11
marginal,310,386,17,7,Guitarist,3.0,Unknown,17,17,17,17
marginal,310,611,1,7,Guitarist,3.0,Unknown,16,1 15 16,1 4 15 16,1 4 15 16
marginal,310,1203,12,12,Officer,1.0,Middle,6,6 11,2 6 11 12,2 6 11 12
marginal,310,112,20,20,Tennis Player,0.0,Younger,20,20,20,20
marginal,310,366,15,15,Repairman,1.0,Middle,15,11 15,11 15,4 11 15
marginal,310,921,18,18,Skateboarder,3.0,Unknown,18,18,18,18
marginal,310,870,8,8,Gymnast,0.0,Younger,8,8,8,8
marginal,310,530,17,17,Singer,1.0,Middle,17,17,7 17,7 17
marginal,310,716,15,15,Repairman,0.0,Younger,15,15,15,15
marginal,310,943,10,10,Horse Rider,1.0,Middle,10,10,10,8 10
marginal,310,400,18,18,Skateboarder,3.0,Unknown,18,18,18,18
marginal,310,107,17,1,Backpacker,1.0,Middle,16,6 11 16 17,6 11 16 17,6 11 16 17
marginal,310,597,3,3,Computer User,1.0,Middle,19,3 11 15 17 19,3 11 17 19,3 11 17 19
marginal,310,521,13,13,Motorcyclist,1.0,Middle,13,13,13,13
marginal,310,135,19,19,Speaker,3.0,Unknown,16,6 10 12 16 17 19 20,6 16 17 19,6 16 17 19
marginal,310,788,6,6,Guard,1.0,Middle,6,6,6,6
marginal,310,679,5,5,Farmer,2.0,Older,5,5 11,5 11,2 4 5 11
marginal,310,675,16,16,Salesperson,1.0,Middle,16,11 15 16,2 11 15 16,2 11 15 16
marginal,310,1325,12,12,Officer,1.0,Middle,6,6 12 13,6 12 13 19,6 12 13 19
marginal,310,139,5,9,Hairdresser,1.0,Middle,11,5 9 11,4 5 9 11,4 5 9 11
marginal,311,237,7,7,Guitarist,1.0,Middle,7,7,7,7 12 17
marginal,311,227,9,9,Hairdresser,1.0,Middle,9,9 11 16,4 9 11 16,4 9 11 16
marginal,311,914,8,8,Gymnast,1.0,Middle,8,8,8,8
marginal,311,534,2,3,Computer User,1.0,Middle,11,2 3 6 11 15,2 3 11 15,2 3 11 15
marginal,311,676,1,1,Backpacker,1.0,Middle,1,1 11 16,1 11 16,1 5 11 16
marginal,311,789,11,11,Laborer,1.0,Middle,6,6 11 15,6 11 15 18,6 11 15 18
marginal,311,23,5,5,Farmer,1.0,Middle,5,5 11,5 11,5 11 15 16
marginal,311,1177,7,7,Guitarist,1.0,Middle,7,3 4 7 11 15 16 17 19,3 7 16 19,3 7 16 19
marginal,311,1378,20,20,Tennis Player,0.0,Younger,20,20,20,20
marginal,311,1076,11,11,Laborer,1.0,Middle,6,6 11 13 16,6 11 13 16,6 11 13 16
marginal,311,854,3,3,Computer User,1.0,Middle,3,3,3 4 15 19,3 4 15 19
marginal,311,510,20,20,Tennis Player,1.0,Middle,20,16 18 20,16 18 20,1 16 18 20
marginal,311,1396,13,13,Motorcyclist,3.0,Unknown,13,1 11 13 16,1 11 13 16,1 11 13 16
marginal,311,742,15,15,Repairman,1.0,Middle,15,11 13 15,4 11 13 15,4 11 13 15
marginal,311,1346,18,18,Skateboarder,1.0,Middle,18,18,18,18
marginal,311,22,2,2,Boatman,0.0,Younger,2,2,2,2
marginal,311,685,13,13,Motorcyclist,1.0,Middle,16,13 16,6 13 15 16,6 13 15 16
marginal,311,43,17,17,Singer,3.0,Unknown,17,17,10 17,17
marginal,311,1156,20,20,Tennis Player,0.0,Younger,20,20,20,20
marginal,311,556,5,5,Farmer,1.0,Middle,5,5 11,5 11 16,5 11 16
marginal,311,1360,14,4,Craftsman,3.0,Unknown,16,11 14 15 16,11 14 15 16,11 14 15 16
marginal,311,1013,11,16,Salesperson,1.0,Middle,16,11 16,11 16,11 16
marginal,311,604,6,6,Guard,1.0,Middle,6,6 11 16,1 6 11 16,1 6 11 16
marginal,311,715,10,10,Horse Rider,1.0,Middle,10,8 10,6 8 10 12,6 8 10 12
marginal,311,1057,9,9,Hairdresser,0.0,Younger,9,9,9,9
marginal,311,1099,10,10,Horse Rider,0.0,Younger,10,10,10,10
marginal,311,447,13,13,Motorcyclist,0.0,Younger,13,1 11 13 16,1 11 13 16,11 13 16
marginal,311,233,5,16,Salesperson,1.0,Middle,11,5 11,5 11 16,2 5 11 16
marginal,311,189,19,19,Speaker,1.0,Middle,20,1 20,1 20,1 20
marginal,311,832,18,18,Skateboarder,1.0,Middle,18,18,18,18
marginal,311,1130,14,14,Painter,1.0,Middle,15,4 11 14 15,4 11 14 15,4 11 14 15
marginal,311,822,12,12,Officer,1.0,Middle,6,3 6 12 15,3 6 12 15,3 6 12 15
marginal,311,874,5,5,Farmer,1.0,Middle,5,5,5,5 11
marginal,311,1330,1,1,Backpacker,1.0,Middle,1,1 4 6 7 11 12 15 17 18 19,1 6 7 15,1 6 7 15
marginal,311,299,11,4,Craftsman,1.0,Middle,16,1 11 16,1 11 15 16,1 11 15 16
marginal,311,178,15,6,Guard,2.0,Older,15,6 13 15,4 6 13 15,4 6 13 15 16
marginal,311,936,16,16,Salesperson,1.0,Middle,16,16,16,5 11 16
marginal,311,1190,3,3,Computer User,1.0,Middle,1,1 3 15 16,1 3 15 16,1 3 15 16
marginal,311,257,18,18,Skateboarder,0.0,Younger,18,18,18,18
marginal,311,610,19,19,Speaker,2.0,Older,19,5 10 11 16 19,5 11 16 19,5 10 11 16 19
marginal,311,1229,16,4,Craftsman,3.0,Unknown,4,4 15,4 15,4 15
marginal,311,381,1,1,Backpacker,0.0,Younger,16,1 3 6 11 15 16,1 6 11 16,1 6 11 16
marginal,311,609,10,10,Horse Rider,1.0,Middle,10,8 10,5 8 10 20,5 8 10 20
marginal,311,1102,2,2,Boatman,3.0,Unknown,2,2,2,2
marginal,311,786,17,17,Singer,3.0,Unknown,17,8 11 17 19,8 11 17 19,8 11 17 19
marginal,311,459,2,2,Boatman,2.0,Older,2,2,2,2 6 14 15 16
marginal,311,371,6,6,Guard,1.0,Middle,6,6 11 12,6 11 12 18,6 11 12 18
marginal,311,530,17,17,Singer,1.0,Middle,17,17,7 17,7 17
marginal,311,118,15,15,Repairman,1.0,Middle,3,3 15 16 19,3 15 16 19,3 15 16 19
marginal,311,660,11,11,Laborer,1.0,Middle,11,11,11,4 5 11
marginal,312,1276,9,9,Hairdresser,1.0,Middle,9,9,9 15,5 9 11 15
marginal,312,826,6,6,Guard,3.0,Unknown,6,6,6,6
marginal,312,1060,6,6,Guard,0.0,Younger,6,6,6,6
marginal,312,113,19,19,Speaker,2.0,Older,3,3 5 10 11 12 19,3 10 12 19,3 10 11 12 19
marginal,312,230,1,1,Backpacker,3.0,Unknown,1,1 16,1 6 14 16,1 6 14 16
marginal,312,1044,15,15,Repairman,0.0,Younger,11,3 4 6 10 11 14 15 16 17,6 11 15 16,6 11 15 16
marginal,312,486,7,7,Guitarist,1.0,Middle,17,1 6 7 11 17,1 6 7 17,1 6 7 17
marginal,312,340,15,15,Repairman,3.0,Unknown,15,3 6 9 11 15 16,3 9 11 15,3 9 11 15
marginal,312,82,7,7,Guitarist,1.0,Middle,7,7,7,7
marginal,312,89,19,19,Speaker,1.0,Middle,16,3 16,3 10 16 20,3 10 16 20
marginal,312,809,10,10,Horse Rider,1.0,Middle,10,5 8 10 12,5 8 10 12,5 8 10 12
marginal,312,712,15,15,Repairman,1.0,Middle,11,11 15,1 4 11 15,1 4 11 15
marginal,312,6,3,3,Computer User,0.0,Younger,3,1 3 10 11 14 15 16 17 18 19,1 3 11 17,1 3 11 17
marginal,312,491,8,8,Gymnast,1.0,Middle,8,8,8,8
marginal,312,1377,8,8,Gymnast,0.0,Younger,8,8,8,8
marginal,312,81,4,4,Craftsman,1.0,Middle,11,2 5 6 11 13 15,2 6 11 15,2 6 11 15
marginal,312,419,19,19,Speaker,1.0,Middle,20,5 6 8 10 11 16 17 20,8 16 17 20,8 16 17 20
marginal,312,455,5,11,Laborer,0.0,Younger,4,4 11 14,4 11 14,4 11
marginal,312,387,20,20,Tennis Player,1.0,Middle,20,20,20,20
marginal,312,544,11,11,Laborer,0.0,Younger,11,5 11 16,5 11 16,5 11 16
marginal,312,708,5,5,Farmer,2.0,Older,11,5 11,4 5 11,2 4 5 11 16
marginal,312,312,9,9,Hairdresser,1.0,Middle,9,2 9 11 15,2 9 11 15,2 9 11 15
marginal,312,158,4,4,Craftsman,1.0,Middle,11,4 5 11 16,4 5 11 16,4 5 11 16
marginal,312,1350,13,13,Motorcyclist,3.0,Unknown,12,6 12 13,3 6 12 13,3 6 12 13
marginal,312,276,14,14,Painter,0.0,Younger,14,11 14 16,11 14 16,14 16
marginal,312,184,13,13,Motorcyclist,1.0,Middle,13,13,13,11 13
marginal,312,305,17,17,Singer,1.0,Middle,17,17,17,17
marginal,312,1257,16,16,Salesperson,1.0,Middle,16,5 11 16,4 5 11 16,4 5 11 16
marginal,312,998,17,17,Singer,0.0,Younger,17,17,11 17,17
marginal,312,488,19,3,Computer User,1.0,Middle,16,3 6 16,2 3 6 16,2 3 6 16
marginal,312,718,13,12,Officer,0.0,Younger,12,2 6 12 13,2 6 12 13,2 6 12 13
marginal,312,846,6,10,Horse Rider,3.0,Unknown,6,6,6,6
marginal,312,1190,3,3,Computer User,1.0,Middle,1,1 3 15 16,1 3 15 16,1 3 15 16
marginal,312,267,5,5,Farmer,3.0,Unknown,11,5 11,1 5 11,1 5 11
marginal,312,1133,6,6,Guard,1.0,Middle,11,6 11,6 11 12 13,6 11 12 13
marginal,312,957,14,14,Painter,1.0,Middle,14,9 11 14 16,9 11 14 16,9 11 14 16
marginal,312,306,14,14,Painter,1.0,Middle,14,11 14 16,4 11 14 16,4 11 14 16
marginal,312,1376,16,16,Salesperson,2.0,Older,16,16,11 16,3 4 6 11 16
marginal,312,1196,20,20,Tennis Player,3.0,Unknown,20,20,20,20
marginal,312,459,2,2,Boatman,2.0,Older,2,2,2,2 6 14 15 16
marginal,312,1298,1,18,Skateboarder,1.0,Middle,18,13 16 18,6 13 16 18,6 13 16 18
marginal,312,1113,2,2,Boatman,1.0,Middle,2,2 14,2 11 14 17,2 11 14 17
marginal,312,664,2,2,Boatman,1.0,Middle,2,2 16,2 11 16,2 11 15 16
marginal,312,490,5,5,Farmer,0.0,Younger,5,5 11 16,5 11 16,5 11
marginal,312,811,12,12,Officer,1.0,Middle,6,6 10 11 15,6 10 11 15,6 10 11 15
marginal,312,714,11,16,Salesperson,3.0,Unknown,16,11 16,11 13 16,11 16
marginal,312,297,7,7,Guitarist,1.0,Middle,7,7,7,7 13
marginal,312,403,8,8,Gymnast,0.0,Younger,8,8,8,8
marginal,312,859,12,12,Officer,1.0,Middle,6,2 6 12,2 6 12 13,2 6 12 13
marginal,312,501,18,18,Skateboarder,0.0,Younger,13,2 6 11 13 16 18,11 13 16 18,11 13 16 18
marginal,313,166,14,14,Painter,0.0,Younger,14,11 14 16,1 11 14 16,14 16
marginal,313,105,14,15,Repairman,3.0,Unknown,15,4 11 15 16,4 11 15 16,4 11 15 16
marginal,313,225,6,10,Horse Rider,0.0,Younger,6,6,6 10,6
marginal,313,1256,9,9,Hairdresser,1.0,Middle,9,9 15,4 9 15,4 9 11 15
marginal,313,681,15,15,Repairman,1.0,Middle,15,11 15,11 15,11 15
marginal,313,359,16,16,Salesperson,3.0,Unknown,16,3 6 11 16,3 6 11 16,3 6 11 16
marginal,313,505,20,20,Tennis Player,0.0,Younger,20,20,20,20
marginal,313,515,7,7,Guitarist,1.0,Middle,7,7,7,7
marginal,313,32,17,17,Singer,0.0,Younger,17,17,17,17
marginal,313,1397,1,1,Backpacker,0.0,Younger,16,1 16,1 9 11 16,1 16
marginal,313,1183,9,9,Hairdresser,2.0,Older,9,9,9,4 9 11 15 16
marginal,313,426,5,5,Farmer,2.0,Older,5,5 11,5 11,1 2 5 11 16
marginal,313,1293,4,18,Skateboarder,3.0,Unknown,18,18,18,18
marginal,313,591,11,11,Laborer,1.0,Middle,16,6 11 13 15 16 17,6 13 15 16,6 13 15 16
marginal,313,145,2,2,Boatman,1.0,Middle,2,2,2,2
marginal,313,1348,16,16,Salesperson,1.0,Middle,9,6 9 12,3 6 9 12,3 6 9 12
marginal,313,920,12,12,Officer,1.0,Middle,6,6 12 13 16,6 12 13 16,6 12 13 16
marginal,313,37,13,13,Motorcyclist,1.0,Middle,13,13,13,13
marginal,313,431,6,12,Officer,1.0,Middle,6,6 10 11 13 15 16,6 11 15 16,6 11 15 16
marginal,313,1324,10,10,Horse Rider,3.0,Unknown,10,10,10,10
marginal,313,1331,1,1,Backpacker,1.0,Middle,1,1 5 11 16,1 5 11 16,1 5 11 16
marginal,313,331,6,6,Guard,0.0,Younger,6,6 15,6 15,6
marginal,313,1168,7,7,Guitarist,3.0,Unknown,7,7,7,7
marginal,313,1113,2,2,Boatman,1.0,Middle,2,2 14,2 11 14 17,2 11 14 17
marginal,313,506,8,8,Gymnast,1.0,Middle,8,8,8,8
marginal,313,30,1,11,Laborer,1.0,Middle,11,4 11 15,4 11 15,4 5 11 15
marginal,313,956,6,6,Guard,1.0,Middle,6,6,6,6 20
marginal,313,135,19,19,Speaker,3.0,Unknown,16,6 10 12 16 17 19 20,6 16 17 19,6 16 17 19
marginal,313,432,18,18,Skateboarder,0.0,Younger,18,18,18,18
marginal,313,1353,19,17,Singer,0.0,Younger,17,17,17,17
marginal,313,680,18,18,Skateboarder,0.0,Younger,18,6 8 18 20,6 8 18 20,6 8 18 20
marginal,313,963,13,13,Motorcyclist,0.0,Younger,13,13 15,9 13 15 16,13
marginal,313,712,15,15,Repairman,1.0,Middle,11,11 15,1 4 11 15,1 4 11 15
marginal,313,700,1,1,Backpacker,3.0,Unknown,1,1 2 6 14,1 2 6 14,1 2 6 14
marginal,313,1046,20,20,Tennis Player,0.0,Younger,20,20,20,20
marginal,313,464,7,7,Guitarist,1.0,Middle,7,7 11 17,2 7 11 17,2 7 11 17
marginal,313,455,5,11,Laborer,0.0,Younger,4,4 11 14,4 11 14,4 11
marginal,313,848,16,16,Salesperson,1.0,Middle,16,16,11 16,11 16
marginal,313,325,5,5,Farmer,2.0,Older,11,5 11,5 11 16,4 5 11 16
marginal,313,1226,9,9,Hairdresser,1.0,Middle,9,9,9,9
marginal,313,1295,3,3,Computer User,3.0,Unknown,3,3 16 19,3 15 16 19,3 16 19
marginal,313,570,14,14,Painter,2.0,Older,14,14 16,14 16,4 11 14 15 16
marginal,313,299,4,4,Craftsman,1.0,Middle,16,1 11 16,1 11 15 16,1 11 15 16
marginal,313,1153,19,19,Speaker,1.0,Middle,10,3 5 6 10 11 12 13 16 17 19,5 6 10 12,5 6 10 12
marginal,313,315,2,2,Boatman,3.0,Unknown,2,2,1 2,2
marginal,313,1025,8,12,Officer,3.0,Unknown,18,6 12 13 18,6 12 13 18,6 12 13 18
marginal,313,621,8,8,Gymnast,0.0,Younger,8,8,8,8
marginal,313,710,6,6,Guard,1.0,Middle,6,6,6,6
marginal,313,801,8,8,Gymnast,1.0,Middle,8,8,8,8
marginal,313,585,14,14,Painter,0.0,Younger,16,11 14 16,2 11 14 16,11 14 16
marginal,314,506,8,8,Gymnast,1.0,Middle,8,8,8,8
marginal,314,505,20,20,Tennis Player,0.0,Younger,20,20,20,20
marginal,314,1153,19,19,Speaker,1.0,Middle,10,3 5 6 10 11 12 13 16 17 19,5 6 10 12,5 6 10 12
marginal,314,700,1,1,Backpacker,3.0,Unknown,1,1 2 6 14,1 2 6 14,1 2 6 14
marginal,314,1226,9,9,Hairdresser,1.0,Middle,9,9,9,9
marginal,314,1397,1,1,Backpacker,0.0,Younger,16,1 16,1 9 11 16,1 16
marginal,314,848,16,16,Salesperson,1.0,Middle,16,16,11 16,11 16
marginal,314,135,19,19,Speaker,3.0,Unknown,16,6 10 12 16 17 19 20,6 16 17 19,6 16 17 19
marginal,314,1295,3,3,Computer User,3.0,Unknown,3,3 16 19,3 15 16 19,3 16 19
marginal,314,37,13,13,Motorcyclist,1.0,Middle,13,13,13,13
marginal,314,1025,13,12,Officer,3.0,Unknown,18,6 12 13 18,6 12 13 18,6 12 13 18
marginal,314,956,6,6,Guard,1.0,Middle,6,6,6,6 20
marginal,314,712,15,15,Repairman,1.0,Middle,11,11 15,1 4 11 15,1 4 11 15
marginal,314,1353,17,17,Singer,0.0,Younger,17,17,17,17
marginal,314,801,8,8,Gymnast,1.0,Middle,8,8,8,8
marginal,314,680,18,18,Skateboarder,0.0,Younger,18,6 8 18 20,6 8 18 20,6 8 18 20
marginal,314,105,15,15,Repairman,3.0,Unknown,15,4 11 15 16,4 11 15 16,4 11 15 16
marginal,314,515,7,7,Guitarist,1.0,Middle,7,7,7,7
marginal,314,681,11,15,Repairman,1.0,Middle,15,11 15,11 15,11 15
marginal,314,963,16,13,Motorcyclist,0.0,Younger,13,13 15,9 13 15 16,13
marginal,314,1256,9,9,Hairdresser,1.0,Middle,9,9 15,4 9 15,4 9 11 15
marginal,314,710,6,6,Guard,1.0,Middle,6,6,6,6
marginal,314,325,5,5,Farmer,2.0,Older,11,5 11,5 11 16,4 5 11 16
marginal,314,1183,9,9,Hairdresser,2.0,Older,9,9,9,4 9 11 15 16
marginal,314,1293,18,18,Skateboarder,3.0,Unknown,18,18,18,18
marginal,314,426,5,5,Farmer,2.0,Older,5,5 11,5 11,1 2 5 11 16
marginal,314,1331,1,1,Backpacker,1.0,Middle,1,1 5 11 16,1 5 11 16,1 5 11 16
marginal,314,166,14,14,Painter,0.0,Younger,14,11 14 16,1 11 14 16,14 16
marginal,314,464,7,7,Guitarist,1.0,Middle,7,7 11 17,2 7 11 17,2 7 11 17
marginal,314,570,14,14,Painter,2.0,Older,14,14 16,14 16,4 11 14 15 16
marginal,314,431,6,12,Officer,1.0,Middle,6,6 10 11 13 15 16,6 11 15 16,6 11 15 16
marginal,314,315,2,2,Boatman,3.0,Unknown,2,2,1 2,2
marginal,314,455,4,11,Laborer,0.0,Younger,4,4 11 14,4 11 14,4 11
marginal,314,1348,6,16,Salesperson,1.0,Middle,9,6 9 12,3 6 9 12,3 6 9 12
marginal,314,225,10,10,Horse Rider,0.0,Younger,6,6,6 10,6
marginal,314,32,17,17,Singer,0.0,Younger,17,17,17,17
marginal,314,585,14,14,Painter,0.0,Younger,16,11 14 16,2 11 14 16,11 14 16
marginal,314,145,2,2,Boatman,1.0,Middle,2,2,2,2
marginal,314,331,6,6,Guard,0.0,Younger,6,6 15,6 15,6
marginal,314,1324,10,10,Horse Rider,3.0,Unknown,10,10,10,10
marginal,314,432,18,18,Skateboarder,0.0,Younger,18,18,18,18
marginal,314,920,12,12,Officer,1.0,Middle,6,6 12 13 16,6 12 13 16,6 12 13 16
marginal,314,359,16,16,Salesperson,3.0,Unknown,16,3 6 11 16,3 6 11 16,3 6 11 16
marginal,314,621,8,8,Gymnast,0.0,Younger,8,8,8,8
marginal,314,591,16,11,Laborer,1.0,Middle,16,6 11 13 15 16 17,6 13 15 16,6 13 15 16
marginal,314,1168,7,7,Guitarist,3.0,Unknown,7,7,7,7
marginal,314,1046,20,20,Tennis Player,0.0,Younger,20,20,20,20
marginal,314,30,11,11,Laborer,1.0,Middle,11,4 11 15,4 11 15,4 5 11 15
marginal,314,299,1,4,Craftsman,1.0,Middle,16,1 11 16,1 11 15 16,1 11 15 16
marginal,314,1113,2,2,Boatman,1.0,Middle,2,2 14,2 11 14 17,2 11 14 17
marginal,315,349,20,20,Tennis Player,1.0,Middle,20,20,20,20
marginal,315,522,8,4,Craftsman,0.0,Younger,8,1 2 4 6 8 11 15 16 20,2 8 11 16,2 8 11 16
marginal,315,923,12,12,Officer,3.0,Unknown,6,6 11 16,6 11 12 16,6 11 12 16
marginal,315,460,1,16,Salesperson,1.0,Middle,16,11 16,6 11 14 16,6 11 14 16
marginal,315,730,1,3,Computer User,3.0,Unknown,1,1 2 11 16 17,1 2 11 16,1 2 11 16
marginal,315,389,13,1,Backpacker,2.0,Older,13,13,13,1 2 13 16
marginal,315,716,15,15,Repairman,0.0,Younger,15,15,15,15
marginal,315,1055,13,13,Motorcyclist,1.0,Middle,13,13,13,13
marginal,315,1121,18,18,Skateboarder,3.0,Unknown,2,2 16 18,1 2 16 18,1 2 16 18
marginal,315,408,2,2,Boatman,3.0,Unknown,2,2,2,2
marginal,315,517,14,14,Painter,0.0,Younger,14,11 14 15,11 14 15 16,11 14 15
marginal,315,30,11,11,Laborer,1.0,Middle,11,4 11 15,4 11 15,4 5 11 15
marginal,315,642,7,7,Guitarist,3.0,Unknown,7,7 17,7 17,7
marginal,315,1348,6,16,Salesperson,1.0,Middle,9,6 9 12,3 6 9 12,3 6 9 12
marginal,315,908,8,8,Gymnast,0.0,Younger,8,8,8,8
marginal,315,167,17,17,Singer,0.0,Younger,17,17,11 17 19 20,17
marginal,315,469,8,8,Gymnast,0.0,Younger,8,8,8,8
marginal,315,1263,8,8,Gymnast,1.0,Middle,8,8,8,8
marginal,315,89,19,19,Speaker,1.0,Middle,16,3 16,3 10 16 20,3 10 16 20
marginal,315,138,18,18,Skateboarder,3.0,Unknown,18,18,18,18
marginal,315,850,3,3,Computer User,3.0,Unknown,16,11 16,3 11 15 16,3 11 15 16
marginal,315,369,9,9,Hairdresser,1.0,Middle,9,9,9,9
marginal,315,1374,6,6,Guard,1.0,Middle,6,6,6 15,6 15 16
marginal,315,983,20,20,Tennis Player,1.0,Middle,20,20,20,20
marginal,315,353,14,14,Painter,1.0,Middle,14,11 14,11 14,4 11 14
marginal,315,942,2,2,Boatman,3.0,Unknown,2,1 2,1 2,1 2
marginal,315,1208,5,5,Farmer,1.0,Middle,1,1 11,1 5 11 16,1 5 11 16
marginal,315,12,19,19,Speaker,1.0,Middle,12,1 8 10 12,1 8 10 12,1 8 10 12
marginal,315,260,2,2,Boatman,1.0,Middle,2,2 6,2 6,2 6
marginal,315,96,16,1,Backpacker,1.0,Middle,16,16,11 16,11 14 15 16
marginal,315,843,14,14,Painter,2.0,Older,16,4 11 16,4 11 15 16,4 11 14 15 16
marginal,315,643,10,10,Horse Rider,1.0,Middle,10,10,8 10,5 8 10 20
marginal,315,495,14,16,Salesperson,2.0,Older,2,2 14 16,2 14 16,2 4 11 14 16
marginal,315,654,4,4,Craftsman,3.0,Unknown,4,4 11,2 4 11 15,2 4 11 15
marginal,315,105,15,15,Repairman,3.0,Unknown,15,4 11 15 16,4 11 15 16,4 11 15 16
marginal,315,1389,13,13,Motorcyclist,3.0,Unknown,13,13,13,13
marginal,315,499,1,1,Backpacker,0.0,Younger,1,1 6 16,1 6 10 16,1
marginal,315,407,5,5,Farmer,2.0,Older,5,4 5 11 15 16,5 11 15 16,4 5 11 15 16
marginal,315,371,1,6,Guard,1.0,Middle,6,6 11 12,6 11 12 18,6 11 12 18
marginal,315,956,10,6,Guard,1.0,Middle,6,6,6,6 20
marginal,315,606,3,3,Computer User,3.0,Unknown,3,3 6 8 16,3 6 8 16,3 6 8 16
marginal,315,455,4,11,Laborer,0.0,Younger,4,4 11 14,4 11 14,4 11
marginal,315,1159,17,17,Singer,0.0,Younger,17,17,17,17
marginal,315,179,7,7,Guitarist,1.0,Middle,17,1 2 5 7 9 11 14 15 16 17,1 2 7 17,1 2 7 17
marginal,315,1303,1,13,Motorcyclist,3.0,Unknown,1,1 2 11 13 16,1 2 11 13,1 2 11 13
marginal,315,1334,17,17,Singer,1.0,Middle,17,17,17,11 17
marginal,315,744,18,18,Skateboarder,0.0,Younger,18,18,18,18
marginal,315,751,12,12,Officer,1.0,Middle,6,6 16,3 6 11 16,3 6 11 16
marginal,315,1083,5,5,Farmer,2.0,Older,5,5 11 16,4 5 11 16,4 5 9 11 16
marginal,315,1342,20,20,Tennis Player,1.0,Middle,20,20,20,20
marginal,316,432,18,18,Skateboarder,0.0,Younger,18,18,18,18
marginal,316,367,16,16,Salesperson,1.0,Middle,16,11 16,5 11 16,5 6 11 16
marginal,316,1122,3,3,Computer User,1.0,Middle,3,3 16 17 19,3 16 17 19,3 16 17 19
marginal,316,609,10,10,Horse Rider,1.0,Middle,10,8 10,5 8 10 20,5 8 10 20
marginal,316,448,12,12,Officer,1.0,Middle,12,6 12,3 6 12 13,3 6 12 13
marginal,316,1198,9,9,Hairdresser,1.0,Middle,9,4 9 14 16,4 9 14 16,4 9 14 16
marginal,316,553,2,13,Motorcyclist,0.0,Younger,2,2,2 16,2
marginal,316,964,10,10,Horse Rider,1.0,Middle,10,10 12,2 6 10 12,2 6 10 12
marginal,316,1332,17,17,Singer,1.0,Middle,17,7 17,7 10 14 17,7 10 14 17
marginal,316,178,15,6,Guard,2.0,Older,15,6 13 15,4 6 13 15,4 6 13 15 16
marginal,316,206,5,11,Laborer,1.0,Middle,5,5 11,5 11 16,5 11 16
marginal,316,193,2,2,Boatman,3.0,Unknown,2,2 6,2 6 11 12,2 6 12
marginal,316,951,16,16,Salesperson,1.0,Middle,16,5 11 16,5 11 16,4 5 11 16
marginal,316,1371,8,8,Gymnast,1.0,Middle,8,8,8,8
marginal,316,373,14,14,Painter,1.0,Middle,14,14,14,14
marginal,316,1328,5,5,Farmer,0.0,Younger,11,5 11,5 11,5 11
marginal,316,402,1,1,Backpacker,0.0,Younger,1,1,1,1
marginal,316,842,14,14,Painter,3.0,Unknown,16,11 14 16,11 14 16,11 14 16
marginal,316,1202,7,7,Guitarist,2.0,Older,7,3 7,3 7 11 17,3 7 11 16 17
marginal,316,297,7,7,Guitarist,1.0,Middle,7,7,7,7 13
marginal,316,985,19,19,Speaker,2.0,Older,10,3 5 6 10 11 12 19,3 10 11 19,3 6 10 11 19
marginal,316,275,6,6,Guard,1.0,Middle,6,6,6,6
marginal,316,844,5,11,Laborer,1.0,Middle,5,5 11,5 11,5 11
marginal,316,1042,19,19,Speaker,2.0,Older,10,5 6 8 9 10 12 16 17 19,6 10 12 16,6 10 12 16 17
marginal,316,1254,13,13,Motorcyclist,3.0,Unknown,16,2 13 16,2 11 13 16,2 11 13 16
marginal,316,73,4,15,Repairman,2.0,Older,4,4 11,4 11 16,4 5 11 15 16
marginal,316,102,18,18,Skateboarder,1.0,Middle,18,18,18,18
marginal,316,1389,13,13,Motorcyclist,3.0,Unknown,13,13,13,13
marginal,316,291,6,12,Officer,3.0,Unknown,6,6,6,6
marginal,316,473,2,2,Boatman,1.0,Middle,2,2,2 11,2 11
marginal,316,875,20,20,Tennis Player,1.0,Middle,20,20,20,20
marginal,316,958,17,17,Singer,1.0,Middle,17,17,17,10 17 19
marginal,316,627,1,1,Backpacker,1.0,Middle,3,1 3 4 5 14 16,1 3 5 16,1 3 5 16
marginal,316,1050,8,8,Gymnast,0.0,Younger,8,8,8,8
marginal,316,943,10,10,Horse Rider,1.0,Middle,10,10,10,8 10
marginal,316,1354,3,3,Computer User,3.0,Unknown,3,3 10 12 16,3 10 12 16,3 10 12 16
marginal,316,788,6,6,Guard,1.0,Middle,6,6,6,6
marginal,316,19,20,20,Tennis Player,1.0,Middle,20,20,20,20
marginal,316,85,19,19,Speaker,0.0,Younger,16,1 4 6 10 11 13 16,1 10 11 16,1 10 11 16
marginal,316,1036,1,18,Skateboarder,3.0,Unknown,18,6 12 18,6 10 12 18,6 10 12 18
marginal,316,749,12,12,Officer,2.0,Older,12,6 11 12 13 15,6 11 12 15,6 11 12 13 15
marginal,316,436,15,4,Craftsman,2.0,Older,4,4 11 15 16,4 11 15 16,4 9 11 15 16
marginal,316,855,11,14,Painter,1.0,Middle,15,11 15,11 14 15,11 14 15
marginal,316,806,15,15,Repairman,3.0,Unknown,15,4 11 15,3 4 11 15,4 11 15
marginal,316,152,16,16,Salesperson,2.0,Older,16,16,16,3 11 15 16
marginal,316,1182,3,3,Computer User,3.0,Unknown,3,3,3,3
marginal,316,697,5,5,Farmer,3.0,Unknown,5,5 11,5 11 12,5 11
marginal,316,319,5,5,Farmer,1.0,Middle,5,5 11,5 11 16,5 11 16
marginal,316,187,9,9,Hairdresser,3.0,Unknown,9,9,9,9
marginal,316,559,7,7,Guitarist,1.0,Middle,7,7 16 17,7 11 16 17,7 11 16 17
marginal,317,1115,19,19,Speaker,1.0,Middle,6,6 9 10 12 17 19,6 9 17 19,6 9 17 19
marginal,317,753,3,3,Computer User,1.0,Middle,11,1 11 18,1 3 11 18,1 3 11 18
marginal,317,697,5,5,Farmer,3.0,Unknown,5,5 11,5 11 12,5 11
marginal,317,1217,8,8,Gymnast,3.0,Unknown,8,8,8,8
marginal,317,1367,4,4,Craftsman,1.0,Middle,11,11 16,5 11 16,2 5 11 16
marginal,317,226,2,2,Boatman,0.0,Younger,2,2,2,2
marginal,317,147,1,1,Backpacker,1.0,Middle,1,1,1 11,1 3 11 16
marginal,317,1171,1,18,Skateboarder,0.0,Younger,1,1 16 18,1 16 18,1
marginal,317,350,18,18,Skateboarder,1.0,Middle,18,18,18,18
marginal,317,1221,11,9,Hairdresser,1.0,Middle,9,4 9 16,4 9 11 16,4 9 11 16
marginal,317,381,1,1,Backpacker,0.0,Younger,16,1 3 6 11 15 16,1 6 11 16,1 6 11 16
marginal,317,272,16,16,Salesperson,2.0,Older,16,11 16,11 16,5 6 11 16
marginal,317,1286,7,7,Guitarist,3.0,Unknown,7,7,7,7
marginal,317,287,16,3,Computer User,3.0,Unknown,16,3 5 16,3 5 10 16,3 5 10 16
marginal,317,924,6,6,Guard,0.0,Younger,6,6 15,6 15,6
marginal,317,1094,8,20,Tennis Player,1.0,Middle,20,20,20,20
marginal,317,433,15,15,Repairman,1.0,Middle,15,11 13 15,11 13 15 17,11 13 15 17
marginal,317,445,11,13,Motorcyclist,3.0,Unknown,11,11 16,11 16,11 16
marginal,317,859,12,12,Officer,1.0,Middle,6,2 6 12,2 6 12 13,2 6 12 13
marginal,317,339,17,17,Singer,1.0,Middle,17,17,17,10 11 17 20
marginal,317,898,11,13,Motorcyclist,1.0,Middle,13,2 11 13 16,2 11 13 16,2 11 13 16
marginal,317,206,5,11,Laborer,1.0,Middle,5,5 11,5 11 16,5 11 16
marginal,317,1072,16,4,Craftsman,0.0,Younger,11,4 6 11 15 16,4 11 15 16,4 11 15 16
marginal,317,459,2,2,Boatman,2.0,Older,2,2,2,2 6 14 15 16
marginal,317,288,14,14,Painter,1.0,Middle,14,11 14,11 14 15 18,11 14 15 18
marginal,317,74,20,20,Tennis Player,1.0,Middle,20,20,20,20
marginal,317,120,11,10,Horse Rider,0.0,Younger,10,10,5 10 12 16,10
marginal,317,1084,20,20,Tennis Player,3.0,Unknown,20,20,20,20
marginal,317,824,14,14,Painter,3.0,Unknown,14,14,14,14
marginal,317,255,17,17,Singer,1.0,Middle,17,17,17,17
marginal,317,1236,7,7,Guitarist,1.0,Middle,11,1 2 5 7 11 16 17 20,1 2 11 20,1 2 11 20
marginal,317,440,8,6,Guard,1.0,Middle,6,6 12,6 12,6 11 12 15
marginal,317,1136,8,8,Gymnast,0.0,Younger,8,8,8,8
marginal,317,894,12,6,Guard,2.0,Older,15,6 15 16,4 6 15 16,4 6 11 15 16
marginal,317,683,12,12,Officer,3.0,Unknown,6,6 12 13 16,6 12 13 16,6 12 13 16
marginal,317,661,8,8,Gymnast,0.0,Younger,8,8 18,8 18,8
marginal,317,165,13,13,Motorcyclist,1.0,Middle,2,1 2 13,1 2 13 19,1 2 13 19
marginal,317,1316,6,16,Salesperson,1.0,Middle,2,1 2 11 14,1 2 11 14,1 2 11 14
marginal,317,336,17,17,Singer,0.0,Younger,17,17,17,17
marginal,317,215,11,14,Painter,1.0,Middle,11,11 14 15,4 11 14 15,4 11 14 15
marginal,317,498,2,2,Boatman,1.0,Middle,2,2,2,2 11 16
marginal,317,103,9,9,Hairdresser,1.0,Middle,9,9,9 11,9 11 16
marginal,317,1049,3,3,Computer User,3.0,Unknown,2,2 3 16,2 3 11 16,2 3 16
marginal,317,69,19,19,Speaker,1.0,Middle,17,9 16 17 20,9 16 17 20,9 16 17 20
marginal,317,915,15,15,Repairman,1.0,Middle,11,11 15,11 15,11 15
marginal,317,348,12,12,Officer,0.0,Younger,16,6 11 12 13 16,6 11 12 16,6 11 12 16
marginal,317,410,6,11,Laborer,1.0,Middle,11,2 6 11 16,2 6 11 16,2 6 11 16
marginal,317,992,7,7,Guitarist,2.0,Older,7,7,7,7 11 16 17 18
marginal,317,478,5,5,Farmer,3.0,Unknown,5,2 5 11,2 5 11,2 5 11
marginal,317,39,11,9,Hairdresser,2.0,Older,9,4 9 15,4 9 15,4 6 9 15 16
marginal,318,998,17,17,Singer,0.0,Younger,17,17,11 17,17
marginal,318,230,16,1,Backpacker,3.0,Unknown,1,1 16,1 6 14 16,1 6 14 16
marginal,318,1133,6,6,Guard,1.0,Middle,11,6 11,6 11 12 13,6 11 12 13
marginal,318,113,12,19,Speaker,2.0,Older,3,3 5 10 11 12 19,3 10 12 19,3 10 11 12 19
marginal,318,491,8,8,Gymnast,1.0,Middle,8,8,8,8
marginal,318,419,17,19,Speaker,1.0,Middle,20,5 6 8 10 11 16 17 20,8 16 17 20,8 16 17 20
marginal,318,267,11,5,Farmer,3.0,Unknown,11,5 11,1 5 11,1 5 11
marginal,318,490,5,5,Farmer,0.0,Younger,5,5 11 16,5 11 16,5 11
marginal,318,306,4,14,Painter,1.0,Middle,14,11 14 16,4 11 14 16,4 11 14 16
marginal,318,82,7,7,Guitarist,1.0,Middle,7,7,7,7
marginal,318,89,16,19,Speaker,1.0,Middle,16,3 16,3 10 16 20,3 10 16 20
marginal,318,297,7,7,Guitarist,1.0,Middle,7,7,7,7 13
marginal,318,312,15,9,Hairdresser,1.0,Middle,9,2 9 11 15,2 9 11 15,2 9 11 15
marginal,318,1257,16,16,Salesperson,1.0,Middle,16,5 11 16,4 5 11 16,4 5 11 16
marginal,318,81,2,4,Craftsman,1.0,Middle,11,2 5 6 11 13 15,2 6 11 15,2 6 11 15
marginal,318,708,5,5,Farmer,2.0,Older,11,5 11,4 5 11,2 4 5 11 16
marginal,318,1113,2,2,Boatman,1.0,Middle,2,2 14,2 11 14 17,2 11 14 17
marginal,318,276,14,14,Painter,0.0,Younger,14,11 14 16,11 14 16,14 16
marginal,318,1350,12,13,Motorcyclist,3.0,Unknown,12,6 12 13,3 6 12 13,3 6 12 13
marginal,318,1196,20,20,Tennis Player,3.0,Unknown,20,20,20,20
marginal,318,6,3,3,Computer User,0.0,Younger,3,1 3 10 11 14 15 16 17 18 19,1 3 11 17,1 3 11 17
marginal,318,305,17,17,Singer,1.0,Middle,17,17,17,17
marginal,318,1298,18,18,Skateboarder,1.0,Middle,18,13 16 18,6 13 16 18,6 13 16 18
marginal,318,1190,3,3,Computer User,1.0,Middle,1,1 3 15 16,1 3 15 16,1 3 15 16
marginal,318,544,11,11,Laborer,0.0,Younger,11,5 11 16,5 11 16,5 11 16
marginal,318,501,13,18,Skateboarder,0.0,Younger,13,2 6 11 13 16 18,11 13 16 18,11 13 16 18
marginal,318,158,4,4,Craftsman,1.0,Middle,11,4 5 11 16,4 5 11 16,4 5 11 16
marginal,318,664,2,2,Boatman,1.0,Middle,2,2 16,2 11 16,2 11 15 16
marginal,318,859,12,12,Officer,1.0,Middle,6,2 6 12,2 6 12 13,2 6 12 13
marginal,318,1044,6,15,Repairman,0.0,Younger,11,3 4 6 10 11 14 15 16 17,6 11 15 16,6 11 15 16
marginal,318,459,2,2,Boatman,2.0,Older,2,2,2,2 6 14 15 16
marginal,318,1060,6,6,Guard,0.0,Younger,6,6,6,6
marginal,318,184,13,13,Motorcyclist,1.0,Middle,13,13,13,11 13
marginal,318,486,7,7,Guitarist,1.0,Middle,17,1 6 7 11 17,1 6 7 17,1 6 7 17
marginal,318,826,6,6,Guard,3.0,Unknown,6,6,6,6
marginal,318,1377,8,8,Gymnast,0.0,Younger,8,8,8,8
marginal,318,387,20,20,Tennis Player,1.0,Middle,20,20,20,20
marginal,318,1376,16,16,Salesperson,2.0,Older,16,16,11 16,3 4 6 11 16
marginal,318,957,14,14,Painter,1.0,Middle,14,9 11 14 16,9 11 14 16,9 11 14 16
marginal,318,488,16,3,Computer User,1.0,Middle,16,3 6 16,2 3 6 16,2 3 6 16
marginal,318,809,10,10,Horse Rider,1.0,Middle,10,5 8 10 12,5 8 10 12,5 8 10 12
marginal,318,403,8,8,Gymnast,0.0,Younger,8,8,8,8
marginal,318,718,13,12,Officer,0.0,Younger,12,2 6 12 13,2 6 12 13,2 6 12 13
marginal,318,811,6,12,Officer,1.0,Middle,6,6 10 11 15,6 10 11 15,6 10 11 15
marginal,318,1276,9,9,Hairdresser,1.0,Middle,9,9,9 15,5 9 11 15
marginal,318,340,15,15,Repairman,3.0,Unknown,15,3 6 9 11 15 16,3 9 11 15,3 9 11 15
marginal,318,712,15,15,Repairman,1.0,Middle,11,11 15,1 4 11 15,1 4 11 15
marginal,318,714,16,16,Salesperson,3.0,Unknown,16,11 16,11 13 16,11 16
marginal,318,846,6,10,Horse Rider,3.0,Unknown,6,6,6,6
marginal,318,455,4,11,Laborer,0.0,Younger,4,4 11 14,4 11 14,4 11
marginal,319,1353,17,17,Singer,0.0,Younger,17,17,17,17
marginal,319,1324,10,10,Horse Rider,3.0,Unknown,10,10,10,10
marginal,319,455,4,11,Laborer,0.0,Younger,4,4 11 14,4 11 14,4 11
marginal,319,1153,19,19,Speaker,1.0,Middle,10,3 5 6 10 11 12 13 16 17 19,5 6 10 12,5 6 10 12
marginal,319,680,18,18,Skateboarder,0.0,Younger,18,6 8 18 20,6 8 18 20,6 8 18 20
marginal,319,956,6,6,Guard,1.0,Middle,6,6,6,6 20
marginal,319,1397,1,1,Backpacker,0.0,Younger,16,1 16,1 9 11 16,1 16
marginal,319,681,15,15,Repairman,1.0,Middle,15,11 15,11 15,11 15
marginal,319,591,11,11,Laborer,1.0,Middle,16,6 11 13 15 16 17,6 13 15 16,6 13 15 16
marginal,319,1025,13,12,Officer,3.0,Unknown,18,6 12 13 18,6 12 13 18,6 12 13 18
marginal,319,325,5,5,Farmer,2.0,Older,11,5 11,5 11 16,4 5 11 16
marginal,319,963,18,13,Motorcyclist,0.0,Younger,13,13 15,9 13 15 16,13
marginal,319,621,8,8,Gymnast,0.0,Younger,8,8,8,8
marginal,319,426,5,5,Farmer,2.0,Older,5,5 11,5 11,1 2 5 11 16
marginal,319,1256,9,9,Hairdresser,1.0,Middle,9,9 15,4 9 15,4 9 11 15
marginal,319,464,7,7,Guitarist,1.0,Middle,7,7 11 17,2 7 11 17,2 7 11 17
marginal,319,166,14,14,Painter,0.0,Younger,14,11 14 16,1 11 14 16,14 16
marginal,319,145,2,2,Boatman,1.0,Middle,2,2,2,2
marginal,319,585,14,14,Painter,0.0,Younger,16,11 14 16,2 11 14 16,11 14 16
marginal,319,1226,9,9,Hairdresser,1.0,Middle,9,9,9,9
marginal,319,712,15,15,Repairman,1.0,Middle,11,11 15,1 4 11 15,1 4 11 15
marginal,319,331,6,6,Guard,0.0,Younger,6,6 15,6 15,6
marginal,319,700,1,1,Backpacker,3.0,Unknown,1,1 2 6 14,1 2 6 14,1 2 6 14
marginal,319,359,16,16,Salesperson,3.0,Unknown,16,3 6 11 16,3 6 11 16,3 6 11 16
marginal,319,570,14,14,Painter,2.0,Older,14,14 16,14 16,4 11 14 15 16
marginal,319,299,1,4,Craftsman,1.0,Middle,16,1 11 16,1 11 15 16,1 11 15 16
marginal,319,506,8,8,Gymnast,1.0,Middle,8,8,8,8
marginal,319,1331,1,1,Backpacker,1.0,Middle,1,1 5 11 16,1 5 11 16,1 5 11 16
marginal,319,225,6,10,Horse Rider,0.0,Younger,6,6,6 10,6
marginal,319,135,19,19,Speaker,3.0,Unknown,16,6 10 12 16 17 19 20,6 16 17 19,6 16 17 19
marginal,319,30,11,11,Laborer,1.0,Middle,11,4 11 15,4 11 15,4 5 11 15
marginal,319,1293,18,18,Skateboarder,3.0,Unknown,18,18,18,18
marginal,319,801,8,8,Gymnast,1.0,Middle,8,8,8,8
marginal,319,1168,7,7,Guitarist,3.0,Unknown,7,7,7,7
marginal,319,505,20,20,Tennis Player,0.0,Younger,20,20,20,20
marginal,319,431,11,12,Officer,1.0,Middle,6,6 10 11 13 15 16,6 11 15 16,6 11 15 16
marginal,319,1046,20,20,Tennis Player,0.0,Younger,20,20,20,20
marginal,319,315,2,2,Boatman,3.0,Unknown,2,2,1 2,2
marginal,319,37,13,13,Motorcyclist,1.0,Middle,13,13,13,13
marginal,319,1113,2,2,Boatman,1.0,Middle,2,2 14,2 11 14 17,2 11 14 17
marginal,319,1348,16,16,Salesperson,1.0,Middle,9,6 9 12,3 6 9 12,3 6 9 12
marginal,319,710,6,6,Guard,1.0,Middle,6,6,6,6
marginal,319,848,16,16,Salesperson,1.0,Middle,16,16,11 16,11 16
marginal,319,432,18,18,Skateboarder,0.0,Younger,18,18,18,18
marginal,319,32,17,17,Singer,0.0,Younger,17,17,17,17
marginal,319,920,12,12,Officer,1.0,Middle,6,6 12 13 16,6 12 13 16,6 12 13 16
marginal,319,1295,3,3,Computer User,3.0,Unknown,3,3 16 19,3 15 16 19,3 16 19
marginal,319,1183,9,9,Hairdresser,2.0,Older,9,9,9,4 9 11 15 16
marginal,319,515,7,7,Guitarist,1.0,Middle,7,7,7,7
marginal,319,105,15,15,Repairman,3.0,Unknown,15,4 11 15 16,4 11 15 16,4 11 15 16
marginal,320,718,6,12,Officer,0.0,Younger,12,2 6 12 13,2 6 12 13,2 6 12 13
marginal,320,859,12,12,Officer,1.0,Middle,6,2 6 12,2 6 12 13,2 6 12 13
marginal,320,1190,3,3,Computer User,1.0,Middle,1,1 3 15 16,1 3 15 16,1 3 15 16
marginal,320,1350,12,13,Motorcyclist,3.0,Unknown,12,6 12 13,3 6 12 13,3 6 12 13
marginal,320,712,15,15,Repairman,1.0,Middle,11,11 15,1 4 11 15,1 4 11 15
marginal,320,957,14,14,Painter,1.0,Middle,14,9 11 14 16,9 11 14 16,9 11 14 16
marginal,320,1377,8,8,Gymnast,0.0,Younger,8,8,8,8
marginal,320,403,8,8,Gymnast,0.0,Younger,8,8,8,8
marginal,320,158,4,4,Craftsman,1.0,Middle,11,4 5 11 16,4 5 11 16,4 5 11 16
marginal,320,708,5,5,Farmer,2.0,Older,11,5 11,4 5 11,2 4 5 11 16
marginal,320,305,17,17,Singer,1.0,Middle,17,17,17,17
marginal,320,1133,6,6,Guard,1.0,Middle,11,6 11,6 11 12 13,6 11 12 13
marginal,320,998,17,17,Singer,0.0,Younger,17,17,11 17,17
marginal,320,490,5,5,Farmer,0.0,Younger,5,5 11 16,5 11 16,5 11
marginal,320,306,14,14,Painter,1.0,Middle,14,11 14 16,4 11 14 16,4 11 14 16
marginal,320,1276,5,9,Hairdresser,1.0,Middle,9,9,9 15,5 9 11 15
marginal,320,664,2,2,Boatman,1.0,Middle,2,2 16,2 11 16,2 11 15 16
marginal,320,1196,20,20,Tennis Player,3.0,Unknown,20,20,20,20
marginal,320,459,2,2,Boatman,2.0,Older,2,2,2,2 6 14 15 16
marginal,320,312,9,9,Hairdresser,1.0,Middle,9,2 9 11 15,2 9 11 15,2 9 11 15
marginal,320,488,19,3,Computer User,1.0,Middle,16,3 6 16,2 3 6 16,2 3 6 16
marginal,320,714,16,16,Salesperson,3.0,Unknown,16,11 16,11 13 16,11 16
marginal,320,89,19,19,Speaker,1.0,Middle,16,3 16,3 10 16 20,3 10 16 20
marginal,320,486,7,7,Guitarist,1.0,Middle,17,1 6 7 11 17,1 6 7 17,1 6 7 17
marginal,320,387,20,20,Tennis Player,1.0,Middle,20,20,20,20
marginal,320,1044,13,15,Repairman,0.0,Younger,11,3 4 6 10 11 14 15 16 17,6 11 15 16,6 11 15 16
marginal,320,82,7,7,Guitarist,1.0,Middle,7,7,7,7
marginal,320,811,6,12,Officer,1.0,Middle,6,6 10 11 15,6 10 11 15,6 10 11 15
marginal,320,501,13,18,Skateboarder,0.0,Younger,13,2 6 11 13 16 18,11 13 16 18,11 13 16 18
marginal,320,267,5,5,Farmer,3.0,Unknown,11,5 11,1 5 11,1 5 11
marginal,320,230,6,1,Backpacker,3.0,Unknown,1,1 16,1 6 14 16,1 6 14 16
marginal,320,297,7,7,Guitarist,1.0,Middle,7,7,7,7 13
marginal,320,419,19,19,Speaker,1.0,Middle,20,5 6 8 10 11 16 17 20,8 16 17 20,8 16 17 20
marginal,320,1060,6,6,Guard,0.0,Younger,6,6,6,6
marginal,320,184,13,13,Motorcyclist,1.0,Middle,13,13,13,11 13
marginal,320,826,6,6,Guard,3.0,Unknown,6,6,6,6
marginal,320,455,4,11,Laborer,0.0,Younger,4,4 11 14,4 11 14,4 11
marginal,320,1113,2,2,Boatman,1.0,Middle,2,2 14,2 11 14 17,2 11 14 17
marginal,320,1376,4,16,Salesperson,2.0,Older,16,16,11 16,3 4 6 11 16
marginal,320,544,16,11,Laborer,0.0,Younger,11,5 11 16,5 11 16,5 11 16
marginal,320,1257,16,16,Salesperson,1.0,Middle,16,5 11 16,4 5 11 16,4 5 11 16
marginal,320,1298,1,18,Skateboarder,1.0,Middle,18,13 16 18,6 13 16 18,6 13 16 18
marginal,320,113,19,19,Speaker,2.0,Older,3,3 5 10 11 12 19,3 10 12 19,3 10 11 12 19
marginal,320,81,15,4,Craftsman,1.0,Middle,11,2 5 6 11 13 15,2 6 11 15,2 6 11 15
marginal,320,276,14,14,Painter,0.0,Younger,14,11 14 16,11 14 16,14 16
marginal,320,6,17,3,Computer User,0.0,Younger,3,1 3 10 11 14 15 16 17 18 19,1 3 11 17,1 3 11 17
marginal,320,340,15,15,Repairman,3.0,Unknown,15,3 6 9 11 15 16,3 9 11 15,3 9 11 15
marginal,320,491,8,8,Gymnast,1.0,Middle,8,8,8,8
marginal,320,809,10,10,Horse Rider,1.0,Middle,10,5 8 10 12,5 8 10 12,5 8 10 12
marginal,320,846,6,10,Horse Rider,3.0,Unknown,6,6,6,6
marginal,321,86,2,5,Farmer,3.0,Unknown,5,2 5 11,2 5 11,2 5 11
marginal,321,107,8,1,Backpacker,1.0,Middle,16,6 11 16 17,6 11 16 17,6 11 16 17
marginal,321,1243,16,19,Speaker,0.0,Younger,16,1 2 15 16 17,2 15 16 17,2 15 16 17
marginal,321,463,16,16,Salesperson,0.0,Younger,16,16,16,16
marginal,321,578,16,16,Salesperson,1.0,Middle,16,11 16,11 16,11 16
marginal,321,991,20,20,Tennis Player,1.0,Middle,20,20,20,20
marginal,321,159,17,17,Singer,1.0,Middle,17,7 17,7 17,7 10 17 19
marginal,321,803,18,18,Skateboarder,3.0,Unknown,18,18,18,18
marginal,321,1070,12,12,Officer,3.0,Unknown,6,6 12,3 6 12 16,6 12 16
marginal,321,1379,13,13,Motorcyclist,2.0,Older,13,13,12 13,4 10 12 13 15
marginal,321,28,9,9,Hairdresser,1.0,Middle,9,9,9,6 9
marginal,321,273,15,15,Repairman,1.0,Middle,15,11 15,11 15 16,11 15 16
marginal,321,1318,18,18,Skateboarder,3.0,Unknown,18,18,18,18
marginal,321,316,8,8,Gymnast,1.0,Middle,8,8,8,8
marginal,321,579,4,4,Craftsman,1.0,Middle,4,4 11,4 11 15,4 11 15 16
marginal,321,1105,7,17,Singer,1.0,Middle,16,2 7 11 16 17,2 7 16 17,2 7 16 17
marginal,321,95,10,10,Horse Rider,0.0,Younger,10,10,5 8 10,10
marginal,321,1096,20,20,Tennis Player,1.0,Middle,20,20,20,20
marginal,321,133,5,5,Farmer,3.0,Unknown,11,5 11,5 11,5 11
marginal,321,470,9,9,Hairdresser,3.0,Unknown,9,9,9,9
marginal,321,625,13,13,Motorcyclist,3.0,Unknown,13,13,13,13
marginal,321,849,7,7,Guitarist,1.0,Middle,7,7 17,7 17,7 17
marginal,321,79,3,3,Computer User,0.0,Younger,3,3 11 15,3 11 15,3
marginal,321,110,8,8,Gymnast,0.0,Younger,8,8,8,8
marginal,321,1049,3,3,Computer User,3.0,Unknown,2,2 3 16,2 3 11 16,2 3 16
marginal,321,807,11,11,Laborer,1.0,Middle,11,11 15,11 15,11 15
marginal,321,1060,6,6,Guard,0.0,Younger,6,6,6,6
marginal,321,854,3,3,Computer User,1.0,Middle,3,3,3 4 15 19,3 4 15 19
marginal,321,1356,5,11,Laborer,3.0,Unknown,11,5 11,5 11 16,5 11 16
marginal,321,570,14,14,Painter,2.0,Older,14,14 16,14 16,4 11 14 15 16
marginal,321,1032,12,12,Officer,3.0,Unknown,6,6 12,6 12 13,6 12
marginal,321,351,1,1,Backpacker,0.0,Younger,1,1,1,1
marginal,321,602,2,2,Boatman,1.0,Middle,2,2 6 19,2 3 6 19,2 3 6 19
marginal,321,19,20,20,Tennis Player,1.0,Middle,20,20,20,20
marginal,321,1061,4,4,Craftsman,2.0,Older,4,4 11,2 4 11,2 4 5 11 15
marginal,321,662,1,1,Backpacker,0.0,Younger,1,1,1,1
marginal,321,1048,5,16,Salesperson,1.0,Middle,16,5 11 16,5 11 16,1 5 11 16
marginal,321,1280,4,4,Craftsman,1.0,Middle,4,2 4 11,2 4 11,2 4 11
marginal,321,646,17,7,Guitarist,1.0,Middle,17,7 11 17,6 7 11 17,6 7 11 17
marginal,321,63,12,11,Laborer,1.0,Middle,6,6 13,6 12 13 16,6 12 13 16
marginal,321,1188,9,9,Hairdresser,3.0,Unknown,9,9 11,9 11,9
marginal,321,665,19,19,Speaker,3.0,Unknown,19,2 3 10 11 12 13 16 17 19,2 10 12 19,2 10 12 19
marginal,321,390,10,10,Horse Rider,1.0,Middle,10,6 10 12,6 10 12,6 10 12
marginal,321,71,12,6,Guard,1.0,Middle,6,6 10 14,6 9 10 14,6 9 10 14
marginal,321,70,15,15,Repairman,2.0,Older,15,4 11 15,4 11 15,4 9 11 15
marginal,321,589,10,10,Horse Rider,3.0,Unknown,10,10,10,10
marginal,321,781,4,19,Speaker,1.0,Middle,16,9 11 16,4 9 11 16,4 9 11 16
marginal,321,843,15,14,Painter,2.0,Older,16,4 11 16,4 11 15 16,4 11 14 15 16
marginal,321,309,12,12,Officer,1.0,Middle,6,6 13,6 12 13 16,6 12 13 16
marginal,321,626,2,2,Boatman,1.0,Middle,2,2,2,2
marginal,322,846,6,10,Horse Rider,3.0,Unknown,6,6,6,6
marginal,322,205,13,13,Motorcyclist,1.0,Middle,13,13,12 13,12 13
marginal,322,1325,12,12,Officer,1.0,Middle,6,6 12 13,6 12 13 19,6 12 13 19
marginal,322,400,18,18,Skateboarder,3.0,Unknown,18,18,18,18
marginal,322,386,17,7,Guitarist,3.0,Unknown,17,17,17,17
marginal,322,176,2,11,Laborer,3.0,Unknown,11,2 5 11,2 5 11,2 5 11
marginal,322,1334,17,17,Singer,1.0,Middle,17,17,17,11 17
marginal,322,946,14,14,Painter,3.0,Unknown,14,14,2 14,14
marginal,322,725,8,8,Gymnast,0.0,Younger,8,8,8,8
marginal,322,936,5,16,Salesperson,1.0,Middle,16,16,16,5 11 16
marginal,322,1263,8,8,Gymnast,1.0,Middle,8,8,8,8
marginal,322,679,5,5,Farmer,2.0,Older,5,5 11,5 11,2 4 5 11
marginal,322,139,5,9,Hairdresser,1.0,Middle,11,5 9 11,4 5 9 11,4 5 9 11
marginal,322,107,8,1,Backpacker,1.0,Middle,16,6 11 16 17,6 11 16 17,6 11 16 17
marginal,322,870,8,8,Gymnast,0.0,Younger,8,8,8,8
marginal,322,418,16,16,Salesperson,1.0,Middle,16,1 16,1 11 16,1 11 15 16
marginal,322,982,2,2,Boatman,1.0,Middle,2,2,2,1 2
marginal,322,208,15,15,Repairman,3.0,Unknown,3,3,3 19,3
marginal,322,1390,4,4,Craftsman,1.0,Middle,11,4 11 15 16,4 11 15 16,4 11 15 16
marginal,322,597,3,3,Computer User,1.0,Middle,19,3 11 15 17 19,3 11 17 19,3 11 17 19
marginal,322,611,1,7,Guitarist,3.0,Unknown,16,1 15 16,1 4 15 16,1 4 15 16
marginal,322,186,11,4,Craftsman,2.0,Older,11,3 4 9 11 15 16,3 11 15 16,3 4 11 15 16
marginal,322,1147,16,6,Guard,0.0,Younger,6,6,6,6
marginal,322,921,18,18,Skateboarder,3.0,Unknown,18,18,18,18
marginal,322,112,20,20,Tennis Player,0.0,Younger,20,20,20,20
marginal,322,944,11,4,Craftsman,1.0,Middle,11,4 5 9 11 16,5 9 11 16,5 9 11 16
marginal,322,788,6,6,Guard,1.0,Middle,6,6,6,6
marginal,322,366,15,15,Repairman,1.0,Middle,15,11 15,11 15,4 11 15
marginal,322,1116,19,19,Speaker,1.0,Middle,9,3 8 9 16 17 19,3 9 17 19,3 9 17 19
marginal,322,650,18,18,Skateboarder,3.0,Unknown,18,18,8 18,18
marginal,322,560,10,10,Horse Rider,0.0,Younger,10,8 10,8 10 20,10
marginal,322,1203,6,12,Officer,1.0,Middle,6,6 11,2 6 11 12,2 6 11 12
marginal,322,935,13,13,Motorcyclist,3.0,Unknown,13,13,13,13
marginal,322,551,5,5,Farmer,1.0,Middle,5,5 11,5 11,5 11
marginal,322,389,13,1,Backpacker,2.0,Older,13,13,13,1 2 13 16
marginal,322,135,19,19,Speaker,3.0,Unknown,16,6 10 12 16 17 19 20,6 16 17 19,6 16 17 19
marginal,322,615,5,11,Laborer,1.0,Middle,5,5 11,5 11,1 5 11
marginal,322,558,17,7,Guitarist,1.0,Middle,17,7 17,7 10 15 17,7 10 15 17
marginal,322,530,17,17,Singer,1.0,Middle,17,17,7 17,7 17
marginal,322,943,10,10,Horse Rider,1.0,Middle,10,10,10,8 10
marginal,322,850,16,3,Computer User,3.0,Unknown,16,11 16,3 11 15 16,3 11 15 16
marginal,322,521,13,13,Motorcyclist,1.0,Middle,13,13,13,13
marginal,322,716,15,15,Repairman,0.0,Younger,15,15,15,15
marginal,322,557,1,1,Backpacker,1.0,Middle,3,3 6 16 18 19 20,3 6 16 19,3 6 16 19
marginal,322,675,2,16,Salesperson,1.0,Middle,16,11 15 16,2 11 15 16,2 11 15 16
marginal,322,1060,6,6,Guard,0.0,Younger,6,6,6,6
marginal,322,58,4,11,Laborer,3.0,Unknown,11,6 11 14,6 11 14 18,6 11 14 18
marginal,322,1354,3,3,Computer User,3.0,Unknown,3,3 10 12 16,3 10 12 16,3 10 12 16
marginal,322,587,11,19,Speaker,2.0,Older,12,3 6 10 11 12 16 17 19 20,6 11 12 16,6 11 12 16 19
marginal,322,966,14,14,Painter,2.0,Older,14,5 11 14,4 5 11 14,4 5 11 12 14
marginal,323,1254,13,13,Motorcyclist,3.0,Unknown,16,2 13 16,2 11 13 16,2 11 13 16
marginal,323,1186,12,6,Guard,1.0,Middle,12,6 12 13,1 6 12 13,1 6 12 13
marginal,323,1358,13,13,Motorcyclist,3.0,Unknown,13,13,13,13
marginal,323,1134,3,3,Computer User,3.0,Unknown,3,1 3 16,1 3 11 16,1 3 11 16
marginal,323,616,5,5,Farmer,3.0,Unknown,5,5 11,5 11,5 11
marginal,323,452,4,4,Craftsman,1.0,Middle,11,4 11 14 16,4 11 14 16,4 11 14 16
marginal,323,1122,3,3,Computer User,1.0,Middle,3,3 16 17 19,3 16 17 19,3 16 17 19
marginal,323,38,9,9,Hairdresser,2.0,Older,9,9,9,4 9 11 15
marginal,323,858,19,19,Speaker,1.0,Middle,19,3 6 10 11 12 17 19,6 11 17 19,6 11 17 19
marginal,323,738,4,4,Craftsman,1.0,Middle,11,4 11 16,4 11 16,4 11 16
marginal,323,239,16,16,Salesperson,1.0,Middle,16,2 3 9 11 15 16,3 11 15 16,3 11 15 16
marginal,323,865,14,14,Painter,1.0,Middle,14,11 14 16,2 11 14 16,2 11 14 16
marginal,323,100,3,3,Computer User,3.0,Unknown,3,2 3 8 11 15 16 19,3 11 15 16,3 11 15 16
marginal,323,460,14,16,Salesperson,1.0,Middle,16,11 16,6 11 14 16,6 11 14 16
marginal,323,1131,17,17,Singer,0.0,Younger,17,11 17,11 12 15 17,17
marginal,323,943,10,10,Horse Rider,1.0,Middle,10,10,10,8 10
marginal,323,511,7,7,Guitarist,1.0,Middle,17,7 17,1 7 10 17,1 7 10 17
marginal,323,624,6,15,Repairman,1.0,Middle,15,3 6 11 15,3 6 11 15,3 6 11 15
marginal,323,1074,1,1,Backpacker,3.0,Unknown,1,1,1 10 12,1 10
marginal,323,371,6,6,Guard,1.0,Middle,6,6 11 12,6 11 12 18,6 11 12 18
marginal,323,789,6,11,Laborer,1.0,Middle,6,6 11 15,6 11 15 18,6 11 15 18
marginal,323,435,20,20,Tennis Player,1.0,Middle,20,20,20,20
marginal,323,718,12,12,Officer,0.0,Younger,12,2 6 12 13,2 6 12 13,2 6 12 13
marginal,323,1384,20,20,Tennis Player,1.0,Middle,20,20,20,20
marginal,323,1193,5,5,Farmer,3.0,Unknown,11,5 11,5 11,5 11
marginal,323,413,20,20,Tennis Player,1.0,Middle,20,20,20,6 20
marginal,323,1158,19,19,Speaker,1.0,Middle,6,6 12 19,6 12 19,6 10 12 19
marginal,323,457,18,18,Skateboarder,0.0,Younger,18,18,18,18
marginal,323,1077,13,13,Motorcyclist,1.0,Middle,13,13,13,13
marginal,323,565,1,11,Laborer,2.0,Older,14,1 2 11 14 15,1 2 11 14,1 2 11 14 15
marginal,323,429,9,9,Hairdresser,3.0,Unknown,9,1 3 9 14,1 3 9 14,1 3 9 14
marginal,323,1333,17,17,Singer,1.0,Middle,17,17,11 17,6 11 17
marginal,323,1136,8,8,Gymnast,0.0,Younger,8,8,8,8
marginal,323,181,15,15,Repairman,1.0,Middle,11,4 11 15,4 11 15,4 11 15
marginal,323,215,11,14,Painter,1.0,Middle,11,11 14 15,4 11 14 15,4 11 14 15
marginal,323,390,10,10,Horse Rider,1.0,Middle,10,6 10 12,6 10 12,6 10 12
marginal,323,366,15,15,Repairman,1.0,Middle,15,11 15,11 15,4 11 15
marginal,323,988,11,11,Laborer,2.0,Older,11,11 15 16,11 14 15 16,2 11 14 15 16
marginal,323,22,2,2,Boatman,0.0,Younger,2,2,2,2
marginal,323,48,1,1,Backpacker,3.0,Unknown,1,1,1 2 11,1 2
marginal,323,336,17,17,Singer,0.0,Younger,17,17,17,17
marginal,323,363,18,18,Skateboarder,0.0,Younger,18,18,18,18
marginal,323,928,2,2,Boatman,2.0,Older,2,2,2,2 6 10 12
marginal,323,93,16,16,Salesperson,3.0,Unknown,16,16,1 16,16
marginal,323,751,6,12,Officer,1.0,Middle,6,6 16,3 6 11 16,3 6 11 16
marginal,323,348,12,12,Officer,0.0,Younger,16,6 11 12 13 16,6 11 12 16,6 11 12 16
marginal,323,656,8,8,Gymnast,0.0,Younger,8,6 8,6 8 13 18,6 8
marginal,323,407,5,5,Farmer,2.0,Older,5,4 5 11 15 16,5 11 15 16,4 5 11 15 16
marginal,323,476,1,1,Backpacker,0.0,Younger,1,1,1,1
marginal,323,1324,10,10,Horse Rider,3.0,Unknown,10,10,10,10
marginal,324,1048,16,16,Salesperson,1.0,Middle,16,5 11 16,5 11 16,1 5 11 16
marginal,324,1280,4,4,Craftsman,1.0,Middle,4,2 4 11,2 4 11,2 4 11
marginal,324,95,10,10,Horse Rider,0.0,Younger,10,10,5 8 10,10
marginal,324,625,13,13,Motorcyclist,3.0,Unknown,13,13,13,13
marginal,324,71,6,6,Guard,1.0,Middle,6,6 10 14,6 9 10 14,6 9 10 14
marginal,324,626,2,2,Boatman,1.0,Middle,2,2,2,2
marginal,324,351,1,1,Backpacker,0.0,Younger,1,1,1,1
marginal,324,1356,5,11,Laborer,3.0,Unknown,11,5 11,5 11 16,5 11 16
marginal,324,589,10,10,Horse Rider,3.0,Unknown,10,10,10,10
marginal,324,578,16,16,Salesperson,1.0,Middle,16,11 16,11 16,11 16
marginal,324,86,5,5,Farmer,3.0,Unknown,5,2 5 11,2 5 11,2 5 11
marginal,324,159,17,17,Singer,1.0,Middle,17,7 17,7 17,7 10 17 19
marginal,324,849,7,7,Guitarist,1.0,Middle,7,7 17,7 17,7 17
marginal,324,470,9,9,Hairdresser,3.0,Unknown,9,9,9,9
marginal,324,63,12,11,Laborer,1.0,Middle,6,6 13,6 12 13 16,6 12 13 16
marginal,324,273,15,15,Repairman,1.0,Middle,15,11 15,11 15 16,11 15 16
marginal,324,1096,20,20,Tennis Player,1.0,Middle,20,20,20,20
marginal,324,1061,4,4,Craftsman,2.0,Older,4,4 11,2 4 11,2 4 5 11 15
marginal,324,1105,7,17,Singer,1.0,Middle,16,2 7 11 16 17,2 7 16 17,2 7 16 17
marginal,324,309,12,12,Officer,1.0,Middle,6,6 13,6 12 13 16,6 12 13 16
marginal,324,1049,3,3,Computer User,3.0,Unknown,2,2 3 16,2 3 11 16,2 3 16
marginal,324,1379,13,13,Motorcyclist,2.0,Older,13,13,12 13,4 10 12 13 15
marginal,324,665,19,19,Speaker,3.0,Unknown,19,2 3 10 11 12 13 16 17 19,2 10 12 19,2 10 12 19
marginal,324,807,11,11,Laborer,1.0,Middle,11,11 15,11 15,11 15
marginal,324,843,4,14,Painter,2.0,Older,16,4 11 16,4 11 15 16,4 11 14 15 16
marginal,324,463,16,16,Salesperson,0.0,Younger,16,16,16,16
marginal,324,133,5,5,Farmer,3.0,Unknown,11,5 11,5 11,5 11
marginal,324,316,8,8,Gymnast,1.0,Middle,8,8,8,8
marginal,324,1060,6,6,Guard,0.0,Younger,6,6,6,6
marginal,324,1032,12,12,Officer,3.0,Unknown,6,6 12,6 12 13,6 12
marginal,324,70,15,15,Repairman,2.0,Older,15,4 11 15,4 11 15,4 9 11 15
marginal,324,854,3,3,Computer User,1.0,Middle,3,3,3 4 15 19,3 4 15 19
marginal,324,1070,12,12,Officer,3.0,Unknown,6,6 12,3 6 12 16,6 12 16
marginal,324,1318,18,18,Skateboarder,3.0,Unknown,18,18,18,18
marginal,324,662,1,1,Backpacker,0.0,Younger,1,1,1,1
marginal,324,646,17,7,Guitarist,1.0,Middle,17,7 11 17,6 7 11 17,6 7 11 17
marginal,324,1188,9,9,Hairdresser,3.0,Unknown,9,9 11,9 11,9
marginal,324,19,20,20,Tennis Player,1.0,Middle,20,20,20,20
marginal,324,602,2,2,Boatman,1.0,Middle,2,2 6 19,2 3 6 19,2 3 6 19
marginal,324,803,18,18,Skateboarder,3.0,Unknown,18,18,18,18
marginal,324,991,20,20,Tennis Player,1.0,Middle,20,20,20,20
marginal,324,110,8,8,Gymnast,0.0,Younger,8,8,8,8
marginal,324,28,9,9,Hairdresser,1.0,Middle,9,9,9,6 9
marginal,324,579,4,4,Craftsman,1.0,Middle,4,4 11,4 11 15,4 11 15 16
marginal,324,570,14,14,Painter,2.0,Older,14,14 16,14 16,4 11 14 15 16
marginal,324,79,3,3,Computer User,0.0,Younger,3,3 11 15,3 11 15,3
marginal,324,1243,16,19,Speaker,0.0,Younger,16,1 2 15 16 17,2 15 16 17,2 15 16 17
marginal,324,781,16,19,Speaker,1.0,Middle,16,9 11 16,4 9 11 16,4 9 11 16
marginal,324,107,17,1,Backpacker,1.0,Middle,16,6 11 16 17,6 11 16 17,6 11 16 17
marginal,324,390,10,10,Horse Rider,1.0,Middle,10,6 10 12,6 10 12,6 10 12
marginal,325,407,5,5,Farmer,2.0,Older,5,4 5 11 15 16,5 11 15 16,4 5 11 15 16
marginal,325,616,5,5,Farmer,3.0,Unknown,5,5 11,5 11,5 11
marginal,325,100,3,3,Computer User,3.0,Unknown,3,2 3 8 11 15 16 19,3 11 15 16,3 11 15 16
marginal,325,348,6,12,Officer,0.0,Younger,16,6 11 12 13 16,6 11 12 16,6 11 12 16
marginal,325,858,19,19,Speaker,1.0,Middle,19,3 6 10 11 12 17 19,6 11 17 19,6 11 17 19
marginal,325,565,14,11,Laborer,2.0,Older,14,1 2 11 14 15,1 2 11 14,1 2 11 14 15
marginal,325,1134,3,3,Computer User,3.0,Unknown,3,1 3 16,1 3 11 16,1 3 11 16
marginal,325,48,1,1,Backpacker,3.0,Unknown,1,1,1 2 11,1 2
marginal,325,718,6,12,Officer,0.0,Younger,12,2 6 12 13,2 6 12 13,2 6 12 13
marginal,325,460,16,16,Salesperson,1.0,Middle,16,11 16,6 11 14 16,6 11 14 16
marginal,325,1324,10,10,Horse Rider,3.0,Unknown,10,10,10,10
marginal,325,511,7,7,Guitarist,1.0,Middle,17,7 17,1 7 10 17,1 7 10 17
marginal,325,624,6,15,Repairman,1.0,Middle,15,3 6 11 15,3 6 11 15,3 6 11 15
marginal,325,1358,13,13,Motorcyclist,3.0,Unknown,13,13,13,13
marginal,325,1333,17,17,Singer,1.0,Middle,17,17,11 17,6 11 17
marginal,325,1186,12,6,Guard,1.0,Middle,12,6 12 13,1 6 12 13,1 6 12 13
marginal,325,865,14,14,Painter,1.0,Middle,14,11 14 16,2 11 14 16,2 11 14 16
marginal,325,789,15,11,Laborer,1.0,Middle,6,6 11 15,6 11 15 18,6 11 15 18
marginal,325,452,4,4,Craftsman,1.0,Middle,11,4 11 14 16,4 11 14 16,4 11 14 16
marginal,325,215,11,14,Painter,1.0,Middle,11,11 14 15,4 11 14 15,4 11 14 15
marginal,325,22,2,2,Boatman,0.0,Younger,2,2,2,2
marginal,325,943,10,10,Horse Rider,1.0,Middle,10,10,10,8 10
marginal,325,429,9,9,Hairdresser,3.0,Unknown,9,1 3 9 14,1 3 9 14,1 3 9 14
marginal,325,1074,1,1,Backpacker,3.0,Unknown,1,1,1 10 12,1 10
marginal,325,93,16,16,Salesperson,3.0,Unknown,16,16,1 16,16
marginal,325,413,20,20,Tennis Player,1.0,Middle,20,20,20,6 20
marginal,325,1131,17,17,Singer,0.0,Younger,17,11 17,11 12 15 17,17
marginal,325,457,18,18,Skateboarder,0.0,Younger,18,18,18,18
marginal,325,181,15,15,Repairman,1.0,Middle,11,4 11 15,4 11 15,4 11 15
marginal,325,390,10,10,Horse Rider,1.0,Middle,10,6 10 12,6 10 12,6 10 12
marginal,325,1193,5,5,Farmer,3.0,Unknown,11,5 11,5 11,5 11
marginal,325,738,4,4,Craftsman,1.0,Middle,11,4 11 16,4 11 16,4 11 16
marginal,325,363,18,18,Skateboarder,0.0,Younger,18,18,18,18
marginal,325,751,6,12,Officer,1.0,Middle,6,6 16,3 6 11 16,3 6 11 16
marginal,325,435,20,20,Tennis Player,1.0,Middle,20,20,20,20
marginal,325,239,15,16,Salesperson,1.0,Middle,16,2 3 9 11 15 16,3 11 15 16,3 11 15 16
marginal,325,336,17,17,Singer,0.0,Younger,17,17,17,17
marginal,325,476,1,1,Backpacker,0.0,Younger,1,1,1,1
marginal,325,1122,3,3,Computer User,1.0,Middle,3,3 16 17 19,3 16 17 19,3 16 17 19
marginal,325,366,15,15,Repairman,1.0,Middle,15,11 15,11 15,4 11 15
marginal,325,1077,13,13,Motorcyclist,1.0,Middle,13,13,13,13
marginal,325,1384,20,20,Tennis Player,1.0,Middle,20,20,20,20
marginal,325,1254,13,13,Motorcyclist,3.0,Unknown,16,2 13 16,2 11 13 16,2 11 13 16
marginal,325,988,11,11,Laborer,2.0,Older,11,11 15 16,11 14 15 16,2 11 14 15 16
marginal,325,928,2,2,Boatman,2.0,Older,2,2,2,2 6 10 12
marginal,325,1136,8,8,Gymnast,0.0,Younger,8,8,8,8
marginal,325,1158,19,19,Speaker,1.0,Middle,6,6 12 19,6 12 19,6 10 12 19
marginal,325,656,8,8,Gymnast,0.0,Younger,8,6 8,6 8 13 18,6 8
marginal,325,371,12,6,Guard,1.0,Middle,6,6 11 12,6 11 12 18,6 11 12 18
marginal,325,38,9,9,Hairdresser,2.0,Older,9,9,9,4 9 11 15
marginal,326,718,12,12,Officer,0.0,Younger,12,2 6 12 13,2 6 12 13,2 6 12 13
marginal,326,858,19,19,Speaker,1.0,Middle,19,3 6 10 11 12 17 19,6 11 17 19,6 11 17 19
marginal,326,624,15,15,Repairman,1.0,Middle,15,3 6 11 15,3 6 11 15,3 6 11 15
marginal,326,93,16,16,Salesperson,3.0,Unknown,16,16,1 16,16
marginal,326,100,3,3,Computer User,3.0,Unknown,3,2 3 8 11 15 16 19,3 11 15 16,3 11 15 16
marginal,326,1134,3,3,Computer User,3.0,Unknown,3,1 3 16,1 3 11 16,1 3 11 16
marginal,326,181,15,15,Repairman,1.0,Middle,11,4 11 15,4 11 15,4 11 15
marginal,326,407,5,5,Farmer,2.0,Older,5,4 5 11 15 16,5 11 15 16,4 5 11 15 16
marginal,326,565,1,11,Laborer,2.0,Older,14,1 2 11 14 15,1 2 11 14,1 2 11 14 15
marginal,326,1193,5,5,Farmer,3.0,Unknown,11,5 11,5 11,5 11
marginal,326,751,6,12,Officer,1.0,Middle,6,6 16,3 6 11 16,3 6 11 16
marginal,326,366,15,15,Repairman,1.0,Middle,15,11 15,11 15,4 11 15
marginal,326,656,8,8,Gymnast,0.0,Younger,8,6 8,6 8 13 18,6 8
marginal,326,429,9,9,Hairdresser,3.0,Unknown,9,1 3 9 14,1 3 9 14,1 3 9 14
marginal,326,390,10,10,Horse Rider,1.0,Middle,10,6 10 12,6 10 12,6 10 12
marginal,326,22,2,2,Boatman,0.0,Younger,2,2,2,2
marginal,326,1122,3,3,Computer User,1.0,Middle,3,3 16 17 19,3 16 17 19,3 16 17 19
marginal,326,435,20,20,Tennis Player,1.0,Middle,20,20,20,20
marginal,326,1131,17,17,Singer,0.0,Younger,17,11 17,11 12 15 17,17
marginal,326,460,16,16,Salesperson,1.0,Middle,16,11 16,6 11 14 16,6 11 14 16
marginal,326,988,11,11,Laborer,2.0,Older,11,11 15 16,11 14 15 16,2 11 14 15 16
marginal,326,48,1,1,Backpacker,3.0,Unknown,1,1,1 2 11,1 2
marginal,326,371,18,6,Guard,1.0,Middle,6,6 11 12,6 11 12 18,6 11 12 18
marginal,326,457,18,18,Skateboarder,0.0,Younger,18,18,18,18
marginal,326,1324,10,10,Horse Rider,3.0,Unknown,10,10,10,10
marginal,326,943,10,10,Horse Rider,1.0,Middle,10,10,10,8 10
marginal,326,348,12,12,Officer,0.0,Younger,16,6 11 12 13 16,6 11 12 16,6 11 12 16
marginal,326,476,1,1,Backpacker,0.0,Younger,1,1,1,1
marginal,326,215,11,14,Painter,1.0,Middle,11,11 14 15,4 11 14 15,4 11 14 15
marginal,326,363,18,18,Skateboarder,0.0,Younger,18,18,18,18
marginal,326,38,9,9,Hairdresser,2.0,Older,9,9,9,4 9 11 15
marginal,326,1077,13,13,Motorcyclist,1.0,Middle,13,13,13,13
marginal,326,511,17,7,Guitarist,1.0,Middle,17,7 17,1 7 10 17,1 7 10 17
marginal,326,1186,12,6,Guard,1.0,Middle,12,6 12 13,1 6 12 13,1 6 12 13
marginal,326,1074,1,1,Backpacker,3.0,Unknown,1,1,1 10 12,1 10
marginal,326,1333,17,17,Singer,1.0,Middle,17,17,11 17,6 11 17
marginal,326,336,17,17,Singer,0.0,Younger,17,17,17,17
marginal,326,1158,19,19,Speaker,1.0,Middle,6,6 12 19,6 12 19,6 10 12 19
marginal,326,1358,13,13,Motorcyclist,3.0,Unknown,13,13,13,13
marginal,326,1136,8,8,Gymnast,0.0,Younger,8,8,8,8
marginal,326,928,2,2,Boatman,2.0,Older,2,2,2,2 6 10 12
marginal,326,1384,20,20,Tennis Player,1.0,Middle,20,20,20,20
marginal,326,413,20,20,Tennis Player,1.0,Middle,20,20,20,6 20
marginal,326,865,14,14,Painter,1.0,Middle,14,11 14 16,2 11 14 16,2 11 14 16
marginal,326,239,16,16,Salesperson,1.0,Middle,16,2 3 9 11 15 16,3 11 15 16,3 11 15 16
marginal,326,616,5,5,Farmer,3.0,Unknown,5,5 11,5 11,5 11
marginal,326,452,4,4,Craftsman,1.0,Middle,11,4 11 14 16,4 11 14 16,4 11 14 16
marginal,326,1254,13,13,Motorcyclist,3.0,Unknown,16,2 13 16,2 11 13 16,2 11 13 16
marginal,326,738,4,4,Craftsman,1.0,Middle,11,4 11 16,4 11 16,4 11 16
marginal,326,789,6,11,Laborer,1.0,Middle,6,6 11 15,6 11 15 18,6 11 15 18
marginal,327,371,6,6,Guard,1.0,Middle,6,6 11 12,6 11 12 18,6 11 12 18
marginal,327,517,14,14,Painter,0.0,Younger,14,11 14 15,11 14 15 16,11 14 15
marginal,327,606,3,3,Computer User,3.0,Unknown,3,3 6 8 16,3 6 8 16,3 6 8 16
marginal,327,643,10,10,Horse Rider,1.0,Middle,10,10,8 10,5 8 10 20
marginal,327,1374,6,6,Guard,1.0,Middle,6,6,6 15,6 15 16
marginal,327,179,7,7,Guitarist,1.0,Middle,17,1 2 5 7 9 11 14 15 16 17,1 2 7 17,1 2 7 17
marginal,327,30,11,11,Laborer,1.0,Middle,11,4 11 15,4 11 15,4 5 11 15
marginal,327,850,3,3,Computer User,3.0,Unknown,16,11 16,3 11 15 16,3 11 15 16
marginal,327,1055,13,13,Motorcyclist,1.0,Middle,13,13,13,13
marginal,327,522,8,4,Craftsman,0.0,Younger,8,1 2 4 6 8 11 15 16 20,2 8 11 16,2 8 11 16
marginal,327,942,2,2,Boatman,3.0,Unknown,2,1 2,1 2,1 2
marginal,327,908,8,8,Gymnast,0.0,Younger,8,8,8,8
marginal,327,105,15,15,Repairman,3.0,Unknown,15,4 11 15 16,4 11 15 16,4 11 15 16
marginal,327,751,6,12,Officer,1.0,Middle,6,6 16,3 6 11 16,3 6 11 16
marginal,327,1334,17,17,Singer,1.0,Middle,17,17,17,11 17
marginal,327,499,16,1,Backpacker,0.0,Younger,1,1 6 16,1 6 10 16,1
marginal,327,469,8,8,Gymnast,0.0,Younger,8,8,8,8
marginal,327,408,2,2,Boatman,3.0,Unknown,2,2,2,2
marginal,327,455,4,11,Laborer,0.0,Younger,4,4 11 14,4 11 14,4 11
marginal,327,389,13,1,Backpacker,2.0,Older,13,13,13,1 2 13 16
marginal,327,1121,18,18,Skateboarder,3.0,Unknown,2,2 16 18,1 2 16 18,1 2 16 18
marginal,327,369,9,9,Hairdresser,1.0,Middle,9,9,9,9
marginal,327,1342,20,20,Tennis Player,1.0,Middle,20,20,20,20
marginal,327,744,18,18,Skateboarder,0.0,Younger,18,18,18,18
marginal,327,349,20,20,Tennis Player,1.0,Middle,20,20,20,20
marginal,327,353,18,14,Painter,1.0,Middle,14,11 14,11 14,4 11 14
marginal,327,730,1,3,Computer User,3.0,Unknown,1,1 2 11 16 17,1 2 11 16,1 2 11 16
marginal,327,956,6,6,Guard,1.0,Middle,6,6,6,6 20
marginal,327,716,15,15,Repairman,0.0,Younger,15,15,15,15
marginal,327,1348,6,16,Salesperson,1.0,Middle,9,6 9 12,3 6 9 12,3 6 9 12
marginal,327,642,7,7,Guitarist,3.0,Unknown,7,7 17,7 17,7
marginal,327,1083,5,5,Farmer,2.0,Older,5,5 11 16,4 5 11 16,4 5 9 11 16
marginal,327,983,20,20,Tennis Player,1.0,Middle,20,20,20,20
marginal,327,654,4,4,Craftsman,3.0,Unknown,4,4 11,2 4 11 15,2 4 11 15
marginal,327,167,17,17,Singer,0.0,Younger,17,17,11 17 19 20,17
marginal,327,1389,13,13,Motorcyclist,3.0,Unknown,13,13,13,13
marginal,327,460,11,16,Salesperson,1.0,Middle,16,11 16,6 11 14 16,6 11 14 16
marginal,327,138,18,18,Skateboarder,3.0,Unknown,18,18,18,18
marginal,327,260,2,2,Boatman,1.0,Middle,2,2 6,2 6,2 6
marginal,327,1263,8,8,Gymnast,1.0,Middle,8,8,8,8
marginal,327,407,5,5,Farmer,2.0,Older,5,4 5 11 15 16,5 11 15 16,4 5 11 15 16
marginal,327,1208,5,5,Farmer,1.0,Middle,1,1 11,1 5 11 16,1 5 11 16
marginal,327,12,19,19,Speaker,1.0,Middle,12,1 8 10 12,1 8 10 12,1 8 10 12
marginal,327,843,4,14,Painter,2.0,Older,16,4 11 16,4 11 15 16,4 11 14 15 16
marginal,327,495,2,16,Salesperson,2.0,Older,2,2 14 16,2 14 16,2 4 11 14 16
marginal,327,1303,13,13,Motorcyclist,3.0,Unknown,1,1 2 11 13 16,1 2 11 13,1 2 11 13
marginal,327,923,6,12,Officer,3.0,Unknown,6,6 11 16,6 11 12 16,6 11 12 16
marginal,327,89,19,19,Speaker,1.0,Middle,16,3 16,3 10 16 20,3 10 16 20
marginal,327,1159,17,17,Singer,0.0,Younger,17,17,17,17
marginal,327,96,16,1,Backpacker,1.0,Middle,16,16,11 16,11 14 15 16
marginal,328,855,14,14,Painter,1.0,Middle,15,11 15,11 14 15,11 14 15
marginal,328,275,6,6,Guard,1.0,Middle,6,6,6,6
marginal,328,1042,19,19,Speaker,2.0,Older,10,5 6 8 9 10 12 16 17 19,6 10 12 16,6 10 12 16 17
marginal,328,842,14,14,Painter,3.0,Unknown,16,11 14 16,11 14 16,11 14 16
marginal,328,806,15,15,Repairman,3.0,Unknown,15,4 11 15,3 4 11 15,4 11 15
marginal,328,187,9,9,Hairdresser,3.0,Unknown,9,9,9,9
marginal,328,432,18,18,Skateboarder,0.0,Younger,18,18,18,18
marginal,328,609,10,10,Horse Rider,1.0,Middle,10,8 10,5 8 10 20,5 8 10 20
marginal,328,319,5,5,Farmer,1.0,Middle,5,5 11,5 11 16,5 11 16
marginal,328,1202,7,7,Guitarist,2.0,Older,7,3 7,3 7 11 17,3 7 11 16 17
marginal,328,473,2,2,Boatman,1.0,Middle,2,2,2 11,2 11
marginal,328,958,17,17,Singer,1.0,Middle,17,17,17,10 17 19
marginal,328,1182,3,3,Computer User,3.0,Unknown,3,3,3,3
marginal,328,627,1,1,Backpacker,1.0,Middle,3,1 3 4 5 14 16,1 3 5 16,1 3 5 16
marginal,328,178,6,6,Guard,2.0,Older,15,6 13 15,4 6 13 15,4 6 13 15 16
marginal,328,436,15,4,Craftsman,2.0,Older,4,4 11 15 16,4 11 15 16,4 9 11 15 16
marginal,328,367,16,16,Salesperson,1.0,Middle,16,11 16,5 11 16,5 6 11 16
marginal,328,206,5,11,Laborer,1.0,Middle,5,5 11,5 11 16,5 11 16
marginal,328,402,1,1,Backpacker,0.0,Younger,1,1,1,1
marginal,328,875,20,20,Tennis Player,1.0,Middle,20,20,20,20
marginal,328,1122,3,3,Computer User,1.0,Middle,3,3 16 17 19,3 16 17 19,3 16 17 19
marginal,328,193,2,2,Boatman,3.0,Unknown,2,2 6,2 6 11 12,2 6 12
marginal,328,85,19,19,Speaker,0.0,Younger,16,1 4 6 10 11 13 16,1 10 11 16,1 10 11 16
marginal,328,1328,5,5,Farmer,0.0,Younger,11,5 11,5 11,5 11
marginal,328,964,10,10,Horse Rider,1.0,Middle,10,10 12,2 6 10 12,2 6 10 12
marginal,328,943,10,10,Horse Rider,1.0,Middle,10,10,10,8 10
marginal,328,1389,13,13,Motorcyclist,3.0,Unknown,13,13,13,13
marginal,328,788,6,6,Guard,1.0,Middle,6,6,6,6
marginal,328,102,18,18,Skateboarder,1.0,Middle,18,18,18,18
marginal,328,448,6,12,Officer,1.0,Middle,12,6 12,3 6 12 13,3 6 12 13
marginal,328,152,16,16,Salesperson,2.0,Older,16,16,16,3 11 15 16
marginal,328,1354,3,3,Computer User,3.0,Unknown,3,3 10 12 16,3 10 12 16,3 10 12 16
marginal,328,19,20,20,Tennis Player,1.0,Middle,20,20,20,20
marginal,328,1332,7,17,Singer,1.0,Middle,17,7 17,7 10 14 17,7 10 14 17
marginal,328,697,11,5,Farmer,3.0,Unknown,5,5 11,5 11 12,5 11
marginal,328,73,4,15,Repairman,2.0,Older,4,4 11,4 11 16,4 5 11 15 16
marginal,328,1254,13,13,Motorcyclist,3.0,Unknown,16,2 13 16,2 11 13 16,2 11 13 16
marginal,328,1371,8,8,Gymnast,1.0,Middle,8,8,8,8
marginal,328,749,6,12,Officer,2.0,Older,12,6 11 12 13 15,6 11 12 15,6 11 12 13 15
marginal,328,951,16,16,Salesperson,1.0,Middle,16,5 11 16,5 11 16,4 5 11 16
marginal,328,559,7,7,Guitarist,1.0,Middle,7,7 16 17,7 11 16 17,7 11 16 17
marginal,328,1036,6,18,Skateboarder,3.0,Unknown,18,6 12 18,6 10 12 18,6 10 12 18
marginal,328,1050,8,8,Gymnast,0.0,Younger,8,8,8,8
marginal,328,844,5,11,Laborer,1.0,Middle,5,5 11,5 11,5 11
marginal,328,373,14,14,Painter,1.0,Middle,14,14,14,14
marginal,328,291,6,12,Officer,3.0,Unknown,6,6,6,6
marginal,328,985,19,19,Speaker,2.0,Older,10,3 5 6 10 11 12 19,3 10 11 19,3 6 10 11 19
marginal,328,1198,9,9,Hairdresser,1.0,Middle,9,4 9 14 16,4 9 14 16,4 9 14 16
marginal,328,553,2,13,Motorcyclist,0.0,Younger,2,2,2 16,2
marginal,328,297,7,7,Guitarist,1.0,Middle,7,7,7,7 13
marginal,329,1199,1,1,Backpacker,0.0,Younger,1,1 3 6 8 10 12 18,1 8 12 18,1 8 12 18
marginal,329,410,16,11,Laborer,1.0,Middle,11,2 6 11 16,2 6 11 16,2 6 11 16
marginal,329,785,18,18,Skateboarder,1.0,Middle,18,18,18,18
marginal,329,1177,7,7,Guitarist,1.0,Middle,7,3 4 7 11 15 16 17 19,3 7 16 19,3 7 16 19
marginal,329,557,16,1,Backpacker,1.0,Middle,3,3 6 16 18 19 20,3 6 16 19,3 6 16 19
marginal,329,1112,20,20,Tennis Player,0.0,Younger,20,20,20,20
marginal,329,649,13,13,Motorcyclist,1.0,Middle,13,13,13,13
marginal,329,977,2,2,Boatman,1.0,Middle,2,2,2 16,2 11 16
marginal,329,671,8,8,Gymnast,0.0,Younger,8,8,8,8
marginal,329,12,19,19,Speaker,1.0,Middle,12,1 8 10 12,1 8 10 12,1 8 10 12
marginal,329,717,20,20,Tennis Player,1.0,Middle,20,20,20,20
marginal,329,901,12,12,Officer,3.0,Unknown,6,6 11 12 13,6 11 12 13,6 11 12 13
marginal,329,352,17,17,Singer,1.0,Middle,17,17,17,17
marginal,329,121,16,16,Salesperson,1.0,Middle,16,16,1 11 15 16,1 11 15 16
marginal,329,1034,17,17,Singer,0.0,Younger,17,17,17,17
marginal,329,626,2,2,Boatman,1.0,Middle,2,2,2,2
marginal,329,1267,17,17,Singer,1.0,Middle,16,11 16 17,11 15 16 17,11 15 16 17
marginal,329,288,14,14,Painter,1.0,Middle,14,11 14,11 14 15 18,11 14 15 18
marginal,329,458,18,18,Skateboarder,0.0,Younger,18,18,18,18
marginal,329,1230,15,4,Craftsman,3.0,Unknown,11,4 11 14 15,4 11 14 15,4 11 14 15
marginal,329,140,11,15,Repairman,1.0,Middle,15,15,15,15
marginal,329,736,5,5,Farmer,2.0,Older,5,5 11,5 11,1 4 5 11 16
marginal,329,855,11,14,Painter,1.0,Middle,15,11 15,11 14 15,11 14 15
marginal,329,1368,10,10,Horse Rider,1.0,Middle,10,10,8 10,8 10 12
marginal,329,918,11,11,Laborer,3.0,Unknown,11,11 15,4 11 14 15,11 14 15
marginal,329,553,3,13,Motorcyclist,0.0,Younger,2,2,2 16,2
marginal,329,1278,3,3,Computer User,3.0,Unknown,11,3 6 11 14 15 16,3 6 11 14,3 6 11 14
marginal,329,1214,10,10,Horse Rider,1.0,Middle,6,6 10 12 13,6 10 12 13,6 10 12 13
marginal,329,1067,3,3,Computer User,3.0,Unknown,3,3,3,3
marginal,329,291,6,12,Officer,3.0,Unknown,6,6,6,6
marginal,329,70,15,15,Repairman,2.0,Older,15,4 11 15,4 11 15,4 9 11 15
marginal,329,441,13,13,Motorcyclist,3.0,Unknown,13,13,13,13
marginal,329,971,9,5,Farmer,1.0,Middle,3,3 5 6 8 9 11 16 17,3 6 9 11,3 6 9 11
marginal,329,61,9,9,Hairdresser,1.0,Middle,9,9 15,9 15,4 9 11 15
marginal,329,1262,16,4,Craftsman,3.0,Unknown,16,4 11 16,4 9 11 16,4 9 11 16
marginal,329,56,12,6,Guard,1.0,Middle,2,2 6 12,2 6 12,2 6 12
marginal,329,308,16,6,Guard,2.0,Older,11,6 11 12,6 11 12 15,6 11 12 15 16
marginal,329,756,3,3,Computer User,1.0,Middle,3,1 3 11 16,1 3 11 16,1 3 11 16
marginal,329,567,1,1,Backpacker,1.0,Middle,1,1 5,1 5 11 16,1 5 11 16
marginal,329,247,6,6,Guard,1.0,Middle,6,6,6,6
marginal,329,128,20,19,Speaker,0.0,Younger,20,20,20,20
marginal,329,1294,8,8,Gymnast,0.0,Younger,8,1 6 8 14,1 6 8 14,8
marginal,329,976,10,10,Horse Rider,3.0,Unknown,10,10,1 2 5 10,2 5 10
marginal,329,1116,19,19,Speaker,1.0,Middle,9,3 8 9 16 17 19,3 9 17 19,3 9 17 19
marginal,329,605,18,18,Skateboarder,0.0,Younger,18,18,18,18
marginal,329,880,9,9,Hairdresser,1.0,Middle,9,9,9,9 11
marginal,329,311,9,9,Hairdresser,0.0,Younger,9,9,2 9 11,9
marginal,329,768,16,16,Salesperson,2.0,Older,16,2 16,2 16 18 20,2 4 16 18 20
marginal,329,1266,2,2,Boatman,0.0,Younger,2,2,2,2
marginal,329,338,16,16,Salesperson,1.0,Middle,16,11 16,11 16,11 16
marginal,330,435,20,20,Tennis Player,1.0,Middle,20,20,20,20
marginal,330,1193,5,5,Farmer,3.0,Unknown,11,5 11,5 11,5 11
marginal,330,1186,6,6,Guard,1.0,Middle,12,6 12 13,1 6 12 13,1 6 12 13
marginal,330,656,8,8,Gymnast,0.0,Younger,8,6 8,6 8 13 18,6 8
marginal,330,181,15,15,Repairman,1.0,Middle,11,4 11 15,4 11 15,4 11 15
marginal,330,928,2,2,Boatman,2.0,Older,2,2,2,2 6 10 12
marginal,330,1384,20,20,Tennis Player,1.0,Middle,20,20,20,20
marginal,330,22,2,2,Boatman,0.0,Younger,2,2,2,2
marginal,330,452,4,4,Craftsman,1.0,Middle,11,4 11 14 16,4 11 14 16,4 11 14 16
marginal,330,1324,10,10,Horse Rider,3.0,Unknown,10,10,10,10
marginal,330,858,19,19,Speaker,1.0,Middle,19,3 6 10 11 12 17 19,6 11 17 19,6 11 17 19
marginal,330,1131,17,17,Singer,0.0,Younger,17,11 17,11 12 15 17,17
marginal,330,943,10,10,Horse Rider,1.0,Middle,10,10,10,8 10
marginal,330,789,15,11,Laborer,1.0,Middle,6,6 11 15,6 11 15 18,6 11 15 18
marginal,330,476,1,1,Backpacker,0.0,Younger,1,1,1,1
marginal,330,1158,19,19,Speaker,1.0,Middle,6,6 12 19,6 12 19,6 10 12 19
marginal,330,1074,1,1,Backpacker,3.0,Unknown,1,1,1 10 12,1 10
marginal,330,363,18,18,Skateboarder,0.0,Younger,18,18,18,18
marginal,330,93,16,16,Salesperson,3.0,Unknown,16,16,1 16,16
marginal,330,1254,13,13,Motorcyclist,3.0,Unknown,16,2 13 16,2 11 13 16,2 11 13 16
marginal,330,100,3,3,Computer User,3.0,Unknown,3,2 3 8 11 15 16 19,3 11 15 16,3 11 15 16
marginal,330,988,4,11,Laborer,2.0,Older,11,11 15 16,11 14 15 16,2 11 14 15 16
marginal,330,751,6,12,Officer,1.0,Middle,6,6 16,3 6 11 16,3 6 11 16
marginal,330,1358,13,13,Motorcyclist,3.0,Unknown,13,13,13,13
marginal,330,336,17,17,Singer,0.0,Younger,17,17,17,17
marginal,330,48,1,1,Backpacker,3.0,Unknown,1,1,1 2 11,1 2
marginal,330,718,6,12,Officer,0.0,Younger,12,2 6 12 13,2 6 12 13,2 6 12 13
marginal,330,865,14,14,Painter,1.0,Middle,14,11 14 16,2 11 14 16,2 11 14 16
marginal,330,1136,8,8,Gymnast,0.0,Younger,8,8,8,8
marginal,330,366,15,15,Repairman,1.0,Middle,15,11 15,11 15,4 11 15
marginal,330,371,6,6,Guard,1.0,Middle,6,6 11 12,6 11 12 18,6 11 12 18
marginal,330,616,5,5,Farmer,3.0,Unknown,5,5 11,5 11,5 11
marginal,330,511,17,7,Guitarist,1.0,Middle,17,7 17,1 7 10 17,1 7 10 17
marginal,330,429,9,9,Hairdresser,3.0,Unknown,9,1 3 9 14,1 3 9 14,1 3 9 14
marginal,330,1134,3,3,Computer User,3.0,Unknown,3,1 3 16,1 3 11 16,1 3 11 16
marginal,330,407,5,5,Farmer,2.0,Older,5,4 5 11 15 16,5 11 15 16,4 5 11 15 16
marginal,330,38,9,9,Hairdresser,2.0,Older,9,9,9,4 9 11 15
marginal,330,565,1,11,Laborer,2.0,Older,14,1 2 11 14 15,1 2 11 14,1 2 11 14 15
marginal,330,413,20,20,Tennis Player,1.0,Middle,20,20,20,6 20
marginal,330,738,4,4,Craftsman,1.0,Middle,11,4 11 16,4 11 16,4 11 16
marginal,330,457,18,18,Skateboarder,0.0,Younger,18,18,18,18
marginal,330,1077,13,13,Motorcyclist,1.0,Middle,13,13,13,13
marginal,330,348,6,12,Officer,0.0,Younger,16,6 11 12 13 16,6 11 12 16,6 11 12 16
marginal,330,624,15,15,Repairman,1.0,Middle,15,3 6 11 15,3 6 11 15,3 6 11 15
marginal,330,460,16,16,Salesperson,1.0,Middle,16,11 16,6 11 14 16,6 11 14 16
marginal,330,1333,17,17,Singer,1.0,Middle,17,17,11 17,6 11 17
marginal,330,390,10,10,Horse Rider,1.0,Middle,10,6 10 12,6 10 12,6 10 12
marginal,330,1122,3,3,Computer User,1.0,Middle,3,3 16 17 19,3 16 17 19,3 16 17 19
marginal,330,239,16,16,Salesperson,1.0,Middle,16,2 3 9 11 15 16,3 11 15 16,3 11 15 16
marginal,330,215,11,14,Painter,1.0,Middle,11,11 14 15,4 11 14 15,4 11 14 15
marginal,331,697,5,5,Farmer,3.0,Unknown,5,5 11,5 11 12,5 11
marginal,331,73,4,15,Repairman,2.0,Older,4,4 11,4 11 16,4 5 11 15 16
marginal,331,102,18,18,Skateboarder,1.0,Middle,18,18,18,18
marginal,331,559,7,7,Guitarist,1.0,Middle,7,7 16 17,7 11 16 17,7 11 16 17
marginal,331,187,9,9,Hairdresser,3.0,Unknown,9,9,9,9
marginal,331,1254,13,13,Motorcyclist,3.0,Unknown,16,2 13 16,2 11 13 16,2 11 13 16
marginal,331,1050,8,8,Gymnast,0.0,Younger,8,8,8,8
marginal,331,788,6,6,Guard,1.0,Middle,6,6,6,6
marginal,331,553,2,13,Motorcyclist,0.0,Younger,2,2,2 16,2
marginal,331,964,10,10,Horse Rider,1.0,Middle,10,10 12,2 6 10 12,2 6 10 12
marginal,331,297,7,7,Guitarist,1.0,Middle,7,7,7,7 13
marginal,331,152,16,16,Salesperson,2.0,Older,16,16,16,3 11 15 16
marginal,331,319,5,5,Farmer,1.0,Middle,5,5 11,5 11 16,5 11 16
marginal,331,1332,17,17,Singer,1.0,Middle,17,7 17,7 10 14 17,7 10 14 17
marginal,331,436,15,4,Craftsman,2.0,Older,4,4 11 15 16,4 11 15 16,4 9 11 15 16
marginal,331,1371,8,8,Gymnast,1.0,Middle,8,8,8,8
marginal,331,842,14,14,Painter,3.0,Unknown,16,11 14 16,11 14 16,11 14 16
marginal,331,1389,13,13,Motorcyclist,3.0,Unknown,13,13,13,13
marginal,331,806,15,15,Repairman,3.0,Unknown,15,4 11 15,3 4 11 15,4 11 15
marginal,331,1182,3,3,Computer User,3.0,Unknown,3,3,3,3
marginal,331,749,12,12,Officer,2.0,Older,12,6 11 12 13 15,6 11 12 15,6 11 12 13 15
marginal,331,1042,19,19,Speaker,2.0,Older,10,5 6 8 9 10 12 16 17 19,6 10 12 16,6 10 12 16 17
marginal,331,473,2,2,Boatman,1.0,Middle,2,2,2 11,2 11
marginal,331,1202,7,7,Guitarist,2.0,Older,7,3 7,3 7 11 17,3 7 11 16 17
marginal,331,402,1,1,Backpacker,0.0,Younger,1,1,1,1
marginal,331,855,14,14,Painter,1.0,Middle,15,11 15,11 14 15,11 14 15
marginal,331,275,6,6,Guard,1.0,Middle,6,6,6,6
marginal,331,844,5,11,Laborer,1.0,Middle,5,5 11,5 11,5 11
marginal,331,367,16,16,Salesperson,1.0,Middle,16,11 16,5 11 16,5 6 11 16
marginal,331,206,5,11,Laborer,1.0,Middle,5,5 11,5 11 16,5 11 16
marginal,331,985,19,19,Speaker,2.0,Older,10,3 5 6 10 11 12 19,3 10 11 19,3 6 10 11 19
marginal,331,1036,18,18,Skateboarder,3.0,Unknown,18,6 12 18,6 10 12 18,6 10 12 18
marginal,331,1328,11,5,Farmer,0.0,Younger,11,5 11,5 11,5 11
marginal,331,1354,3,3,Computer User,3.0,Unknown,3,3 10 12 16,3 10 12 16,3 10 12 16
marginal,331,373,14,14,Painter,1.0,Middle,14,14,14,14
marginal,331,958,17,17,Singer,1.0,Middle,17,17,17,10 17 19
marginal,331,178,6,6,Guard,2.0,Older,15,6 13 15,4 6 13 15,4 6 13 15 16
marginal,331,875,20,20,Tennis Player,1.0,Middle,20,20,20,20
marginal,331,85,19,19,Speaker,0.0,Younger,16,1 4 6 10 11 13 16,1 10 11 16,1 10 11 16
marginal,331,448,12,12,Officer,1.0,Middle,12,6 12,3 6 12 13,3 6 12 13
marginal,331,1122,3,3,Computer User,1.0,Middle,3,3 16 17 19,3 16 17 19,3 16 17 19
marginal,331,291,6,12,Officer,3.0,Unknown,6,6,6,6
marginal,331,193,2,2,Boatman,3.0,Unknown,2,2 6,2 6 11 12,2 6 12
marginal,331,951,16,16,Salesperson,1.0,Middle,16,5 11 16,5 11 16,4 5 11 16
marginal,331,1198,9,9,Hairdresser,1.0,Middle,9,4 9 14 16,4 9 14 16,4 9 14 16
marginal,331,19,20,20,Tennis Player,1.0,Middle,20,20,20,20
marginal,331,627,1,1,Backpacker,1.0,Middle,3,1 3 4 5 14 16,1 3 5 16,1 3 5 16
marginal,331,943,10,10,Horse Rider,1.0,Middle,10,10,10,8 10
marginal,331,609,10,10,Horse Rider,1.0,Middle,10,8 10,5 8 10 20,5 8 10 20
marginal,331,432,18,18,Skateboarder,0.0,Younger,18,18,18,18
marginal,332,1334,17,17,Singer,1.0,Middle,17,17,17,11 17
marginal,332,944,11,4,Craftsman,1.0,Middle,11,4 5 9 11 16,5 9 11 16,5 9 11 16
marginal,332,615,5,11,Laborer,1.0,Middle,5,5 11,5 11,1 5 11
marginal,332,1263,8,8,Gymnast,1.0,Middle,8,8,8,8
marginal,332,560,10,10,Horse Rider,0.0,Younger,10,8 10,8 10 20,10
marginal,332,850,3,3,Computer User,3.0,Unknown,16,11 16,3 11 15 16,3 11 15 16
marginal,332,650,8,18,Skateboarder,3.0,Unknown,18,18,8 18,18
marginal,332,389,13,1,Backpacker,2.0,Older,13,13,13,1 2 13 16
marginal,332,1147,6,6,Guard,0.0,Younger,6,6,6,6
marginal,332,186,11,4,Craftsman,2.0,Older,11,3 4 9 11 15 16,3 11 15 16,3 4 11 15 16
marginal,332,1060,6,6,Guard,0.0,Younger,6,6,6,6
marginal,332,530,17,17,Singer,1.0,Middle,17,17,7 17,7 17
marginal,332,966,14,14,Painter,2.0,Older,14,5 11 14,4 5 11 14,4 5 11 12 14
marginal,332,112,20,20,Tennis Player,0.0,Younger,20,20,20,20
marginal,332,135,19,19,Speaker,3.0,Unknown,16,6 10 12 16 17 19 20,6 16 17 19,6 16 17 19
marginal,332,386,17,7,Guitarist,3.0,Unknown,17,17,17,17
marginal,332,1116,19,19,Speaker,1.0,Middle,9,3 8 9 16 17 19,3 9 17 19,3 9 17 19
marginal,332,846,10,10,Horse Rider,3.0,Unknown,6,6,6,6
marginal,332,176,11,11,Laborer,3.0,Unknown,11,2 5 11,2 5 11,2 5 11
marginal,332,675,11,16,Salesperson,1.0,Middle,16,11 15 16,2 11 15 16,2 11 15 16
marginal,332,679,5,5,Farmer,2.0,Older,5,5 11,5 11,2 4 5 11
marginal,332,557,16,1,Backpacker,1.0,Middle,3,3 6 16 18 19 20,3 6 16 19,3 6 16 19
marginal,332,418,16,16,Salesperson,1.0,Middle,16,1 16,1 11 16,1 11 15 16
marginal,332,982,2,2,Boatman,1.0,Middle,2,2,2,1 2
marginal,332,1325,13,12,Officer,1.0,Middle,6,6 12 13,6 12 13 19,6 12 13 19
marginal,332,597,3,3,Computer User,1.0,Middle,19,3 11 15 17 19,3 11 17 19,3 11 17 19
marginal,332,1390,4,4,Craftsman,1.0,Middle,11,4 11 15 16,4 11 15 16,4 11 15 16
marginal,332,521,13,13,Motorcyclist,1.0,Middle,13,13,13,13
marginal,332,366,15,15,Repairman,1.0,Middle,15,11 15,11 15,4 11 15
marginal,332,208,3,15,Repairman,3.0,Unknown,3,3,3 19,3
marginal,332,870,8,8,Gymnast,0.0,Younger,8,8,8,8
marginal,332,558,7,7,Guitarist,1.0,Middle,17,7 17,7 10 15 17,7 10 15 17
marginal,332,936,16,16,Salesperson,1.0,Middle,16,16,16,5 11 16
marginal,332,725,8,8,Gymnast,0.0,Younger,8,8,8,8
marginal,332,58,11,11,Laborer,3.0,Unknown,11,6 11 14,6 11 14 18,6 11 14 18
marginal,332,551,5,5,Farmer,1.0,Middle,5,5 11,5 11,5 11
marginal,332,400,18,18,Skateboarder,3.0,Unknown,18,18,18,18
marginal,332,788,6,6,Guard,1.0,Middle,6,6,6,6
marginal,332,1354,3,3,Computer User,3.0,Unknown,3,3 10 12 16,3 10 12 16,3 10 12 16
marginal,332,139,5,9,Hairdresser,1.0,Middle,11,5 9 11,4 5 9 11,4 5 9 11
marginal,332,946,2,14,Painter,3.0,Unknown,14,14,2 14,14
marginal,332,107,17,1,Backpacker,1.0,Middle,16,6 11 16 17,6 11 16 17,6 11 16 17
marginal,332,611,16,7,Guitarist,3.0,Unknown,16,1 15 16,1 4 15 16,1 4 15 16
marginal,332,716,15,15,Repairman,0.0,Younger,15,15,15,15
marginal,332,587,12,19,Speaker,2.0,Older,12,3 6 10 11 12 16 17 19 20,6 11 12 16,6 11 12 16 19
marginal,332,1203,6,12,Officer,1.0,Middle,6,6 11,2 6 11 12,2 6 11 12
marginal,332,943,10,10,Horse Rider,1.0,Middle,10,10,10,8 10
marginal,332,205,13,13,Motorcyclist,1.0,Middle,13,13,12 13,12 13
marginal,332,921,18,18,Skateboarder,3.0,Unknown,18,18,18,18
marginal,332,935,13,13,Motorcyclist,3.0,Unknown,13,13,13,13
marginal,333,1208,5,5,Farmer,1.0,Middle,1,1 11,1 5 11 16,1 5 11 16
marginal,333,908,8,8,Gymnast,0.0,Younger,8,8,8,8
marginal,333,138,18,18,Skateboarder,3.0,Unknown,18,18,18,18
marginal,333,96,16,1,Backpacker,1.0,Middle,16,16,11 16,11 14 15 16
marginal,333,349,20,20,Tennis Player,1.0,Middle,20,20,20,20
marginal,333,89,16,19,Speaker,1.0,Middle,16,3 16,3 10 16 20,3 10 16 20
marginal,333,1303,13,13,Motorcyclist,3.0,Unknown,1,1 2 11 13 16,1 2 11 13,1 2 11 13
marginal,333,956,1,6,Guard,1.0,Middle,6,6,6,6 20
marginal,333,105,15,15,Repairman,3.0,Unknown,15,4 11 15 16,4 11 15 16,4 11 15 16
marginal,333,407,5,5,Farmer,2.0,Older,5,4 5 11 15 16,5 11 15 16,4 5 11 15 16
marginal,333,495,14,16,Salesperson,2.0,Older,2,2 14 16,2 14 16,2 4 11 14 16
marginal,333,923,6,12,Officer,3.0,Unknown,6,6 11 16,6 11 12 16,6 11 12 16
marginal,333,1055,13,13,Motorcyclist,1.0,Middle,13,13,13,13
marginal,333,1083,11,5,Farmer,2.0,Older,5,5 11 16,4 5 11 16,4 5 9 11 16
marginal,333,1334,17,17,Singer,1.0,Middle,17,17,17,11 17
marginal,333,751,6,12,Officer,1.0,Middle,6,6 16,3 6 11 16,3 6 11 16
marginal,333,1374,6,6,Guard,1.0,Middle,6,6,6 15,6 15 16
marginal,333,460,16,16,Salesperson,1.0,Middle,16,11 16,6 11 14 16,6 11 14 16
marginal,333,408,2,2,Boatman,3.0,Unknown,2,2,2,2
marginal,333,716,15,15,Repairman,0.0,Younger,15,15,15,15
marginal,333,843,14,14,Painter,2.0,Older,16,4 11 16,4 11 15 16,4 11 14 15 16
marginal,333,179,7,7,Guitarist,1.0,Middle,17,1 2 5 7 9 11 14 15 16 17,1 2 7 17,1 2 7 17
marginal,333,1389,13,13,Motorcyclist,3.0,Unknown,13,13,13,13
marginal,333,371,6,6,Guard,1.0,Middle,6,6 11 12,6 11 12 18,6 11 12 18
marginal,333,1263,8,8,Gymnast,1.0,Middle,8,8,8,8
marginal,333,730,1,3,Computer User,3.0,Unknown,1,1 2 11 16 17,1 2 11 16,1 2 11 16
marginal,333,167,17,17,Singer,0.0,Younger,17,17,11 17 19 20,17
marginal,333,455,4,11,Laborer,0.0,Younger,4,4 11 14,4 11 14,4 11
marginal,333,389,13,1,Backpacker,2.0,Older,13,13,13,1 2 13 16
marginal,333,1342,20,20,Tennis Player,1.0,Middle,20,20,20,20
marginal,333,30,11,11,Laborer,1.0,Middle,11,4 11 15,4 11 15,4 5 11 15
marginal,333,983,20,20,Tennis Player,1.0,Middle,20,20,20,20
marginal,333,654,11,4,Craftsman,3.0,Unknown,4,4 11,2 4 11 15,2 4 11 15
marginal,333,369,9,9,Hairdresser,1.0,Middle,9,9,9,9
marginal,333,499,1,1,Backpacker,0.0,Younger,1,1 6 16,1 6 10 16,1
marginal,333,1348,3,16,Salesperson,1.0,Middle,9,6 9 12,3 6 9 12,3 6 9 12
marginal,333,744,18,18,Skateboarder,0.0,Younger,18,18,18,18
marginal,333,353,14,14,Painter,1.0,Middle,14,11 14,11 14,4 11 14
marginal,333,1121,18,18,Skateboarder,3.0,Unknown,2,2 16 18,1 2 16 18,1 2 16 18
marginal,333,942,2,2,Boatman,3.0,Unknown,2,1 2,1 2,1 2
marginal,333,12,19,19,Speaker,1.0,Middle,12,1 8 10 12,1 8 10 12,1 8 10 12
marginal,333,643,10,10,Horse Rider,1.0,Middle,10,10,8 10,5 8 10 20
marginal,333,522,8,4,Craftsman,0.0,Younger,8,1 2 4 6 8 11 15 16 20,2 8 11 16,2 8 11 16
marginal,333,260,2,2,Boatman,1.0,Middle,2,2 6,2 6,2 6
marginal,333,850,3,3,Computer User,3.0,Unknown,16,11 16,3 11 15 16,3 11 15 16
marginal,333,517,14,14,Painter,0.0,Younger,14,11 14 15,11 14 15 16,11 14 15
marginal,333,1159,17,17,Singer,0.0,Younger,17,17,17,17
marginal,333,606,3,3,Computer User,3.0,Unknown,3,3 6 8 16,3 6 8 16,3 6 8 16
marginal,333,642,7,7,Guitarist,3.0,Unknown,7,7 17,7 17,7
marginal,333,469,8,8,Gymnast,0.0,Younger,8,8,8,8
marginal,334,291,6,12,Officer,3.0,Unknown,6,6,6,6
marginal,334,1042,19,19,Speaker,2.0,Older,10,5 6 8 9 10 12 16 17 19,6 10 12 16,6 10 12 16 17
marginal,334,73,4,15,Repairman,2.0,Older,4,4 11,4 11 16,4 5 11 15 16
marginal,334,402,1,1,Backpacker,0.0,Younger,1,1,1,1
marginal,334,102,18,18,Skateboarder,1.0,Middle,18,18,18,18
marginal,334,473,2,2,Boatman,1.0,Middle,2,2,2 11,2 11
marginal,334,448,12,12,Officer,1.0,Middle,12,6 12,3 6 12 13,3 6 12 13
marginal,334,432,18,18,Skateboarder,0.0,Younger,18,18,18,18
marginal,334,1036,18,18,Skateboarder,3.0,Unknown,18,6 12 18,6 10 12 18,6 10 12 18
marginal,334,1328,5,5,Farmer,0.0,Younger,11,5 11,5 11,5 11
marginal,334,178,6,6,Guard,2.0,Older,15,6 13 15,4 6 13 15,4 6 13 15 16
marginal,334,844,5,11,Laborer,1.0,Middle,5,5 11,5 11,5 11
marginal,334,806,15,15,Repairman,3.0,Unknown,15,4 11 15,3 4 11 15,4 11 15
marginal,334,206,5,11,Laborer,1.0,Middle,5,5 11,5 11 16,5 11 16
marginal,334,964,10,10,Horse Rider,1.0,Middle,10,10 12,2 6 10 12,2 6 10 12
marginal,334,788,6,6,Guard,1.0,Middle,6,6,6,6
marginal,334,553,2,13,Motorcyclist,0.0,Younger,2,2,2 16,2
marginal,334,319,5,5,Farmer,1.0,Middle,5,5 11,5 11 16,5 11 16
marginal,334,1202,7,7,Guitarist,2.0,Older,7,3 7,3 7 11 17,3 7 11 16 17
marginal,334,1050,8,8,Gymnast,0.0,Younger,8,8,8,8
marginal,334,85,19,19,Speaker,0.0,Younger,16,1 4 6 10 11 13 16,1 10 11 16,1 10 11 16
marginal,334,875,20,20,Tennis Player,1.0,Middle,20,20,20,20
marginal,334,297,7,7,Guitarist,1.0,Middle,7,7,7,7 13
marginal,334,1371,8,8,Gymnast,1.0,Middle,8,8,8,8
marginal,334,627,1,1,Backpacker,1.0,Middle,3,1 3 4 5 14 16,1 3 5 16,1 3 5 16
marginal,334,1354,3,3,Computer User,3.0,Unknown,3,3 10 12 16,3 10 12 16,3 10 12 16
marginal,334,1122,3,3,Computer User,1.0,Middle,3,3 16 17 19,3 16 17 19,3 16 17 19
marginal,334,1332,17,17,Singer,1.0,Middle,17,7 17,7 10 14 17,7 10 14 17
marginal,334,193,2,2,Boatman,3.0,Unknown,2,2 6,2 6 11 12,2 6 12
marginal,334,373,14,14,Painter,1.0,Middle,14,14,14,14
marginal,334,1198,14,9,Hairdresser,1.0,Middle,9,4 9 14 16,4 9 14 16,4 9 14 16
marginal,334,749,12,12,Officer,2.0,Older,12,6 11 12 13 15,6 11 12 15,6 11 12 13 15
marginal,334,367,16,16,Salesperson,1.0,Middle,16,11 16,5 11 16,5 6 11 16
marginal,334,559,7,7,Guitarist,1.0,Middle,7,7 16 17,7 11 16 17,7 11 16 17
marginal,334,609,10,10,Horse Rider,1.0,Middle,10,8 10,5 8 10 20,5 8 10 20
marginal,334,1182,3,3,Computer User,3.0,Unknown,3,3,3,3
marginal,334,855,11,14,Painter,1.0,Middle,15,11 15,11 14 15,11 14 15
marginal,334,152,16,16,Salesperson,2.0,Older,16,16,16,3 11 15 16
marginal,334,958,17,17,Singer,1.0,Middle,17,17,17,10 17 19
marginal,334,842,14,14,Painter,3.0,Unknown,16,11 14 16,11 14 16,11 14 16
marginal,334,275,6,6,Guard,1.0,Middle,6,6,6,6
marginal,334,985,19,19,Speaker,2.0,Older,10,3 5 6 10 11 12 19,3 10 11 19,3 6 10 11 19
marginal,334,1389,13,13,Motorcyclist,3.0,Unknown,13,13,13,13
marginal,334,943,10,10,Horse Rider,1.0,Middle,10,10,10,8 10
marginal,334,19,20,20,Tennis Player,1.0,Middle,20,20,20,20
marginal,334,1254,13,13,Motorcyclist,3.0,Unknown,16,2 13 16,2 11 13 16,2 11 13 16
marginal,334,187,9,9,Hairdresser,3.0,Unknown,9,9,9,9
marginal,334,436,15,4,Craftsman,2.0,Older,4,4 11 15 16,4 11 15 16,4 9 11 15 16
marginal,334,697,5,5,Farmer,3.0,Unknown,5,5 11,5 11 12,5 11
marginal,334,951,16,16,Salesperson,1.0,Middle,16,5 11 16,5 11 16,4 5 11 16
marginal,335,315,2,2,Boatman,3.0,Unknown,2,2,1 2,2
marginal,335,135,6,19,Speaker,3.0,Unknown,16,6 10 12 16 17 19 20,6 16 17 19,6 16 17 19
marginal,335,1256,9,9,Hairdresser,1.0,Middle,9,9 15,4 9 15,4 9 11 15
marginal,335,712,15,15,Repairman,1.0,Middle,11,11 15,1 4 11 15,1 4 11 15
marginal,335,1397,16,1,Backpacker,0.0,Younger,16,1 16,1 9 11 16,1 16
marginal,335,515,7,7,Guitarist,1.0,Middle,7,7,7,7
marginal,335,506,8,8,Gymnast,1.0,Middle,8,8,8,8
marginal,335,920,12,12,Officer,1.0,Middle,6,6 12 13 16,6 12 13 16,6 12 13 16
marginal,335,1226,9,9,Hairdresser,1.0,Middle,9,9,9,9
marginal,335,1113,2,2,Boatman,1.0,Middle,2,2 14,2 11 14 17,2 11 14 17
marginal,335,591,16,11,Laborer,1.0,Middle,16,6 11 13 15 16 17,6 13 15 16,6 13 15 16
marginal,335,621,8,8,Gymnast,0.0,Younger,8,8,8,8
marginal,335,1324,10,10,Horse Rider,3.0,Unknown,10,10,10,10
marginal,335,1025,13,12,Officer,3.0,Unknown,18,6 12 13 18,6 12 13 18,6 12 13 18
marginal,335,432,18,18,Skateboarder,0.0,Younger,18,18,18,18
marginal,335,956,6,6,Guard,1.0,Middle,6,6,6,6 20
marginal,335,1295,3,3,Computer User,3.0,Unknown,3,3 16 19,3 15 16 19,3 16 19
marginal,335,801,8,8,Gymnast,1.0,Middle,8,8,8,8
marginal,335,105,15,15,Repairman,3.0,Unknown,15,4 11 15 16,4 11 15 16,4 11 15 16
marginal,335,325,5,5,Farmer,2.0,Older,11,5 11,5 11 16,4 5 11 16
marginal,335,299,11,4,Craftsman,1.0,Middle,16,1 11 16,1 11 15 16,1 11 15 16
marginal,335,37,13,13,Motorcyclist,1.0,Middle,13,13,13,13
marginal,335,426,5,5,Farmer,2.0,Older,5,5 11,5 11,1 2 5 11 16
marginal,335,700,14,1,Backpacker,3.0,Unknown,1,1 2 6 14,1 2 6 14,1 2 6 14
marginal,335,1353,17,17,Singer,0.0,Younger,17,17,17,17
marginal,335,1046,20,20,Tennis Player,0.0,Younger,20,20,20,20
marginal,335,1168,7,7,Guitarist,3.0,Unknown,7,7,7,7
marginal,335,1183,9,9,Hairdresser,2.0,Older,9,9,9,4 9 11 15 16
marginal,335,331,6,6,Guard,0.0,Younger,6,6 15,6 15,6
marginal,335,585,14,14,Painter,0.0,Younger,16,11 14 16,2 11 14 16,11 14 16
marginal,335,963,16,13,Motorcyclist,0.0,Younger,13,13 15,9 13 15 16,13
marginal,335,680,20,18,Skateboarder,0.0,Younger,18,6 8 18 20,6 8 18 20,6 8 18 20
marginal,335,455,4,11,Laborer,0.0,Younger,4,4 11 14,4 11 14,4 11
marginal,335,1348,3,16,Salesperson,1.0,Middle,9,6 9 12,3 6 9 12,3 6 9 12
marginal,335,1293,18,18,Skateboarder,3.0,Unknown,18,18,18,18
marginal,335,166,14,14,Painter,0.0,Younger,14,11 14 16,1 11 14 16,14 16
marginal,335,431,11,12,Officer,1.0,Middle,6,6 10 11 13 15 16,6 11 15 16,6 11 15 16
marginal,335,570,14,14,Painter,2.0,Older,14,14 16,14 16,4 11 14 15 16
marginal,335,1153,19,19,Speaker,1.0,Middle,10,3 5 6 10 11 12 13 16 17 19,5 6 10 12,5 6 10 12
marginal,335,1331,5,1,Backpacker,1.0,Middle,1,1 5 11 16,1 5 11 16,1 5 11 16
marginal,335,145,2,2,Boatman,1.0,Middle,2,2,2,2
marginal,335,505,20,20,Tennis Player,0.0,Younger,20,20,20,20
marginal,335,681,15,15,Repairman,1.0,Middle,15,11 15,11 15,11 15
marginal,335,359,16,16,Salesperson,3.0,Unknown,16,3 6 11 16,3 6 11 16,3 6 11 16
marginal,335,30,11,11,Laborer,1.0,Middle,11,4 11 15,4 11 15,4 5 11 15
marginal,335,710,6,6,Guard,1.0,Middle,6,6,6,6
marginal,335,848,16,16,Salesperson,1.0,Middle,16,16,11 16,11 16
marginal,335,225,10,10,Horse Rider,0.0,Younger,6,6,6 10,6
marginal,335,464,7,7,Guitarist,1.0,Middle,7,7 11 17,2 7 11 17,2 7 11 17
marginal,335,32,17,17,Singer,0.0,Younger,17,17,17,17
marginal,336,936,16,16,Salesperson,1.0,Middle,16,16,16,5 11 16
marginal,336,1147,6,6,Guard,0.0,Younger,6,6,6,6
marginal,336,870,8,8,Gymnast,0.0,Younger,8,8,8,8
marginal,336,558,17,7,Guitarist,1.0,Middle,17,7 17,7 10 15 17,7 10 15 17
marginal,336,521,13,13,Motorcyclist,1.0,Middle,13,13,13,13
marginal,336,650,18,18,Skateboarder,3.0,Unknown,18,18,8 18,18
marginal,336,935,13,13,Motorcyclist,3.0,Unknown,13,13,13,13
marginal,336,716,15,15,Repairman,0.0,Younger,15,15,15,15
marginal,336,557,16,1,Backpacker,1.0,Middle,3,3 6 16 18 19 20,3 6 16 19,3 6 16 19
marginal,336,205,13,13,Motorcyclist,1.0,Middle,13,13,12 13,12 13
marginal,336,530,17,17,Singer,1.0,Middle,17,17,7 17,7 17
marginal,336,176,11,11,Laborer,3.0,Unknown,11,2 5 11,2 5 11,2 5 11
marginal,336,850,3,3,Computer User,3.0,Unknown,16,11 16,3 11 15 16,3 11 15 16
marginal,336,560,10,10,Horse Rider,0.0,Younger,10,8 10,8 10 20,10
marginal,336,366,15,15,Repairman,1.0,Middle,15,11 15,11 15,4 11 15
marginal,336,1334,17,17,Singer,1.0,Middle,17,17,17,11 17
marginal,336,966,14,14,Painter,2.0,Older,14,5 11 14,4 5 11 14,4 5 11 12 14
marginal,336,725,8,8,Gymnast,0.0,Younger,8,8,8,8
marginal,336,921,18,18,Skateboarder,3.0,Unknown,18,18,18,18
marginal,336,675,14,16,Salesperson,1.0,Middle,16,11 15 16,2 11 15 16,2 11 15 16
marginal,336,386,17,7,Guitarist,3.0,Unknown,17,17,17,17
marginal,336,946,14,14,Painter,3.0,Unknown,14,14,2 14,14
marginal,336,943,10,10,Horse Rider,1.0,Middle,10,10,10,8 10
marginal,336,389,13,1,Backpacker,2.0,Older,13,13,13,1 2 13 16
marginal,336,1390,4,4,Craftsman,1.0,Middle,11,4 11 15 16,4 11 15 16,4 11 15 16
marginal,336,1263,8,8,Gymnast,1.0,Middle,8,8,8,8
marginal,336,615,1,11,Laborer,1.0,Middle,5,5 11,5 11,1 5 11
marginal,336,112,20,20,Tennis Player,0.0,Younger,20,20,20,20
marginal,336,551,5,5,Farmer,1.0,Middle,5,5 11,5 11,5 11
marginal,336,846,10,10,Horse Rider,3.0,Unknown,6,6,6,6
marginal,336,611,11,7,Guitarist,3.0,Unknown,16,1 15 16,1 4 15 16,1 4 15 16
marginal,336,1354,3,3,Computer User,3.0,Unknown,3,3 10 12 16,3 10 12 16,3 10 12 16
marginal,336,400,18,18,Skateboarder,3.0,Unknown,18,18,18,18
marginal,336,587,19,19,Speaker,2.0,Older,12,3 6 10 11 12 16 17 19 20,6 11 12 16,6 11 12 16 19
marginal,336,788,6,6,Guard,1.0,Middle,6,6,6,6
marginal,336,418,16,16,Salesperson,1.0,Middle,16,1 16,1 11 16,1 11 15 16
marginal,336,139,6,9,Hairdresser,1.0,Middle,11,5 9 11,4 5 9 11,4 5 9 11
marginal,336,1116,19,19,Speaker,1.0,Middle,9,3 8 9 16 17 19,3 9 17 19,3 9 17 19
marginal,336,679,5,5,Farmer,2.0,Older,5,5 11,5 11,2 4 5 11
marginal,336,597,3,3,Computer User,1.0,Middle,19,3 11 15 17 19,3 11 17 19,3 11 17 19
marginal,336,208,15,15,Repairman,3.0,Unknown,3,3,3 19,3
marginal,336,1325,6,12,Officer,1.0,Middle,6,6 12 13,6 12 13 19,6 12 13 19
marginal,336,58,1,11,Laborer,3.0,Unknown,11,6 11 14,6 11 14 18,6 11 14 18
marginal,336,1060,6,6,Guard,0.0,Younger,6,6,6,6
marginal,336,982,2,2,Boatman,1.0,Middle,2,2,2,1 2
marginal,336,944,11,4,Craftsman,1.0,Middle,11,4 5 9 11 16,5 9 11 16,5 9 11 16
marginal,336,186,9,4,Craftsman,2.0,Older,11,3 4 9 11 15 16,3 11 15 16,3 4 11 15 16
marginal,336,135,19,19,Speaker,3.0,Unknown,16,6 10 12 16 17 19 20,6 16 17 19,6 16 17 19
marginal,336,1203,6,12,Officer,1.0,Middle,6,6 11,2 6 11 12,2 6 11 12
marginal,336,107,19,1,Backpacker,1.0,Middle,16,6 11 16 17,6 11 16 17,6 11 16 17
marginal,337,991,20,20,Tennis Player,1.0,Middle,20,20,20,20
marginal,337,19,20,20,Tennis Player,1.0,Middle,20,20,20,20
marginal,337,803,18,18,Skateboarder,3.0,Unknown,18,18,18,18
marginal,337,854,3,3,Computer User,1.0,Middle,3,3,3 4 15 19,3 4 15 19
marginal,337,1096,20,20,Tennis Player,1.0,Middle,20,20,20,20
marginal,337,28,9,9,Hairdresser,1.0,Middle,9,9,9,6 9
marginal,337,1188,9,9,Hairdresser,3.0,Unknown,9,9 11,9 11,9
marginal,337,463,16,16,Salesperson,0.0,Younger,16,16,16,16
marginal,337,781,4,19,Speaker,1.0,Middle,16,9 11 16,4 9 11 16,4 9 11 16
marginal,337,849,7,7,Guitarist,1.0,Middle,7,7 17,7 17,7 17
marginal,337,79,12,3,Computer User,0.0,Younger,3,3 11 15,3 11 15,3
marginal,337,807,1,11,Laborer,1.0,Middle,11,11 15,11 15,11 15
marginal,337,316,8,8,Gymnast,1.0,Middle,8,8,8,8
marginal,337,665,19,19,Speaker,3.0,Unknown,19,2 3 10 11 12 13 16 17 19,2 10 12 19,2 10 12 19
marginal,337,1049,3,3,Computer User,3.0,Unknown,2,2 3 16,2 3 11 16,2 3 16
marginal,337,390,10,10,Horse Rider,1.0,Middle,10,6 10 12,6 10 12,6 10 12
marginal,337,273,15,15,Repairman,1.0,Middle,15,11 15,11 15 16,11 15 16
marginal,337,95,10,10,Horse Rider,0.0,Younger,10,10,5 8 10,10
marginal,337,570,14,14,Painter,2.0,Older,14,14 16,14 16,4 11 14 15 16
marginal,337,589,10,10,Horse Rider,3.0,Unknown,10,10,10,10
marginal,337,1032,12,12,Officer,3.0,Unknown,6,6 12,6 12 13,6 12
marginal,337,1060,6,6,Guard,0.0,Younger,6,6,6,6
marginal,337,1356,5,11,Laborer,3.0,Unknown,11,5 11,5 11 16,5 11 16
marginal,337,70,15,15,Repairman,2.0,Older,15,4 11 15,4 11 15,4 9 11 15
marginal,337,625,13,13,Motorcyclist,3.0,Unknown,13,13,13,13
marginal,337,351,1,1,Backpacker,0.0,Younger,1,1,1,1
marginal,337,63,12,11,Laborer,1.0,Middle,6,6 13,6 12 13 16,6 12 13 16
marginal,337,579,4,4,Craftsman,1.0,Middle,4,4 11,4 11 15,4 11 15 16
marginal,337,626,2,2,Boatman,1.0,Middle,2,2,2,2
marginal,337,1379,13,13,Motorcyclist,2.0,Older,13,13,12 13,4 10 12 13 15
marginal,337,1280,4,4,Craftsman,1.0,Middle,4,2 4 11,2 4 11,2 4 11
marginal,337,1048,16,16,Salesperson,1.0,Middle,16,5 11 16,5 11 16,1 5 11 16
marginal,337,159,17,17,Singer,1.0,Middle,17,7 17,7 17,7 10 17 19
marginal,337,602,2,2,Boatman,1.0,Middle,2,2 6 19,2 3 6 19,2 3 6 19
marginal,337,110,8,8,Gymnast,0.0,Younger,8,8,8,8
marginal,337,1243,3,19,Speaker,0.0,Younger,16,1 2 15 16 17,2 15 16 17,2 15 16 17
marginal,337,86,1,5,Farmer,3.0,Unknown,5,2 5 11,2 5 11,2 5 11
marginal,337,1105,17,17,Singer,1.0,Middle,16,2 7 11 16 17,2 7 16 17,2 7 16 17
marginal,337,1070,12,12,Officer,3.0,Unknown,6,6 12,3 6 12 16,6 12 16
marginal,337,133,5,5,Farmer,3.0,Unknown,11,5 11,5 11,5 11
marginal,337,470,9,9,Hairdresser,3.0,Unknown,9,9,9,9
marginal,337,843,14,14,Painter,2.0,Older,16,4 11 16,4 11 15 16,4 11 14 15 16
marginal,337,107,8,1,Backpacker,1.0,Middle,16,6 11 16 17,6 11 16 17,6 11 16 17
marginal,337,578,16,16,Salesperson,1.0,Middle,16,11 16,11 16,11 16
marginal,337,646,17,7,Guitarist,1.0,Middle,17,7 11 17,6 7 11 17,6 7 11 17
marginal,337,71,6,6,Guard,1.0,Middle,6,6 10 14,6 9 10 14,6 9 10 14
marginal,337,662,1,1,Backpacker,0.0,Younger,1,1,1,1
marginal,337,1318,18,18,Skateboarder,3.0,Unknown,18,18,18,18
marginal,337,1061,4,4,Craftsman,2.0,Older,4,4 11,2 4 11,2 4 5 11 15
marginal,337,309,12,12,Officer,1.0,Middle,6,6 13,6 12 13 16,6 12 13 16
marginal,338,436,4,4,Craftsman,2.0,Older,4,4 11 15 16,4 11 15 16,4 9 11 15 16
marginal,338,152,16,16,Salesperson,2.0,Older,16,16,16,3 11 15 16
marginal,338,943,10,10,Horse Rider,1.0,Middle,10,10,10,8 10
marginal,338,1371,8,8,Gymnast,1.0,Middle,8,8,8,8
marginal,338,373,14,14,Painter,1.0,Middle,14,14,14,14
marginal,338,788,6,6,Guard,1.0,Middle,6,6,6,6
marginal,338,1042,19,19,Speaker,2.0,Older,10,5 6 8 9 10 12 16 17 19,6 10 12 16,6 10 12 16 17
marginal,338,402,1,1,Backpacker,0.0,Younger,1,1,1,1
marginal,338,842,14,14,Painter,3.0,Unknown,16,11 14 16,11 14 16,11 14 16
marginal,338,1182,3,3,Computer User,3.0,Unknown,3,3,3,3
marginal,338,19,20,20,Tennis Player,1.0,Middle,20,20,20,20
marginal,338,697,5,5,Farmer,3.0,Unknown,5,5 11,5 11 12,5 11
marginal,338,1328,5,5,Farmer,0.0,Younger,11,5 11,5 11,5 11
marginal,338,1050,8,8,Gymnast,0.0,Younger,8,8,8,8
marginal,338,178,6,6,Guard,2.0,Older,15,6 13 15,4 6 13 15,4 6 13 15 16
marginal,338,875,20,20,Tennis Player,1.0,Middle,20,20,20,20
marginal,338,1389,13,13,Motorcyclist,3.0,Unknown,13,13,13,13
marginal,338,367,11,16,Salesperson,1.0,Middle,16,11 16,5 11 16,5 6 11 16
marginal,338,102,18,18,Skateboarder,1.0,Middle,18,18,18,18
marginal,338,1122,3,3,Computer User,1.0,Middle,3,3 16 17 19,3 16 17 19,3 16 17 19
marginal,338,291,6,12,Officer,3.0,Unknown,6,6,6,6
marginal,338,806,15,15,Repairman,3.0,Unknown,15,4 11 15,3 4 11 15,4 11 15
marginal,338,448,12,12,Officer,1.0,Middle,12,6 12,3 6 12 13,3 6 12 13
marginal,338,1198,9,9,Hairdresser,1.0,Middle,9,4 9 14 16,4 9 14 16,4 9 14 16
marginal,338,958,17,17,Singer,1.0,Middle,17,17,17,10 17 19
marginal,338,1354,3,3,Computer User,3.0,Unknown,3,3 10 12 16,3 10 12 16,3 10 12 16
marginal,338,187,9,9,Hairdresser,3.0,Unknown,9,9,9,9
marginal,338,1332,17,17,Singer,1.0,Middle,17,7 17,7 10 14 17,7 10 14 17
marginal,338,553,2,13,Motorcyclist,0.0,Younger,2,2,2 16,2
marginal,338,844,11,11,Laborer,1.0,Middle,5,5 11,5 11,5 11
marginal,338,559,17,7,Guitarist,1.0,Middle,7,7 16 17,7 11 16 17,7 11 16 17
marginal,338,855,11,14,Painter,1.0,Middle,15,11 15,11 14 15,11 14 15
marginal,338,627,1,1,Backpacker,1.0,Middle,3,1 3 4 5 14 16,1 3 5 16,1 3 5 16
marginal,338,206,11,11,Laborer,1.0,Middle,5,5 11,5 11 16,5 11 16
marginal,338,749,12,12,Officer,2.0,Older,12,6 11 12 13 15,6 11 12 15,6 11 12 13 15
marginal,338,951,16,16,Salesperson,1.0,Middle,16,5 11 16,5 11 16,4 5 11 16
marginal,338,73,4,15,Repairman,2.0,Older,4,4 11,4 11 16,4 5 11 15 16
marginal,338,275,6,6,Guard,1.0,Middle,6,6,6,6
marginal,338,1036,18,18,Skateboarder,3.0,Unknown,18,6 12 18,6 10 12 18,6 10 12 18
marginal,338,609,10,10,Horse Rider,1.0,Middle,10,8 10,5 8 10 20,5 8 10 20
marginal,338,964,10,10,Horse Rider,1.0,Middle,10,10 12,2 6 10 12,2 6 10 12
marginal,338,1202,7,7,Guitarist,2.0,Older,7,3 7,3 7 11 17,3 7 11 16 17
marginal,338,473,2,2,Boatman,1.0,Middle,2,2,2 11,2 11
marginal,338,297,7,7,Guitarist,1.0,Middle,7,7,7,7 13
marginal,338,985,19,19,Speaker,2.0,Older,10,3 5 6 10 11 12 19,3 10 11 19,3 6 10 11 19
marginal,338,85,19,19,Speaker,0.0,Younger,16,1 4 6 10 11 13 16,1 10 11 16,1 10 11 16
marginal,338,193,2,2,Boatman,3.0,Unknown,2,2 6,2 6 11 12,2 6 12
marginal,338,1254,13,13,Motorcyclist,3.0,Unknown,16,2 13 16,2 11 13 16,2 11 13 16
marginal,338,432,18,18,Skateboarder,0.0,Younger,18,18,18,18
marginal,338,319,11,5,Farmer,1.0,Middle,5,5 11,5 11 16,5 11 16
marginal,339,717,20,20,Tennis Player,1.0,Middle,20,20,20,20
marginal,339,1199,1,1,Backpacker,0.0,Younger,1,1 3 6 8 10 12 18,1 8 12 18,1 8 12 18
marginal,339,247,6,6,Guard,1.0,Middle,6,6,6,6
marginal,339,649,13,13,Motorcyclist,1.0,Middle,13,13,13,13
marginal,339,12,19,19,Speaker,1.0,Middle,12,1 8 10 12,1 8 10 12,1 8 10 12
marginal,339,880,9,9,Hairdresser,1.0,Middle,9,9,9,9 11
marginal,339,1230,14,4,Craftsman,3.0,Unknown,11,4 11 14 15,4 11 14 15,4 11 14 15
marginal,339,1294,8,8,Gymnast,0.0,Younger,8,1 6 8 14,1 6 8 14,8
marginal,339,1177,7,7,Guitarist,1.0,Middle,7,3 4 7 11 15 16 17 19,3 7 16 19,3 7 16 19
marginal,339,977,2,2,Boatman,1.0,Middle,2,2,2 16,2 11 16
marginal,339,756,3,3,Computer User,1.0,Middle,3,1 3 11 16,1 3 11 16,1 3 11 16
marginal,339,61,9,9,Hairdresser,1.0,Middle,9,9 15,9 15,4 9 11 15
marginal,339,1067,3,3,Computer User,3.0,Unknown,3,3,3,3
marginal,339,976,10,10,Horse Rider,3.0,Unknown,10,10,1 2 5 10,2 5 10
marginal,339,140,15,15,Repairman,1.0,Middle,15,15,15,15
marginal,339,671,8,8,Gymnast,0.0,Younger,8,8,8,8
marginal,339,291,6,12,Officer,3.0,Unknown,6,6,6,6
marginal,339,918,15,11,Laborer,3.0,Unknown,11,11 15,4 11 14 15,11 14 15
marginal,339,410,6,11,Laborer,1.0,Middle,11,2 6 11 16,2 6 11 16,2 6 11 16
marginal,339,308,6,6,Guard,2.0,Older,11,6 11 12,6 11 12 15,6 11 12 15 16
marginal,339,1267,17,17,Singer,1.0,Middle,16,11 16 17,11 15 16 17,11 15 16 17
marginal,339,1034,17,17,Singer,0.0,Younger,17,17,17,17
marginal,339,1214,10,10,Horse Rider,1.0,Middle,6,6 10 12 13,6 10 12 13,6 10 12 13
marginal,339,971,8,5,Farmer,1.0,Middle,3,3 5 6 8 9 11 16 17,3 6 9 11,3 6 9 11
marginal,339,288,14,14,Painter,1.0,Middle,14,11 14,11 14 15 18,11 14 15 18
marginal,339,901,12,12,Officer,3.0,Unknown,6,6 11 12 13,6 11 12 13,6 11 12 13
marginal,339,338,16,16,Salesperson,1.0,Middle,16,11 16,11 16,11 16
marginal,339,736,5,5,Farmer,2.0,Older,5,5 11,5 11,1 4 5 11 16
marginal,339,1116,19,19,Speaker,1.0,Middle,9,3 8 9 16 17 19,3 9 17 19,3 9 17 19
marginal,339,121,16,16,Salesperson,1.0,Middle,16,16,1 11 15 16,1 11 15 16
marginal,339,626,2,2,Boatman,1.0,Middle,2,2,2,2
marginal,339,1266,2,2,Boatman,0.0,Younger,2,2,2,2
marginal,339,56,6,6,Guard,1.0,Middle,2,2 6 12,2 6 12,2 6 12
marginal,339,557,16,1,Backpacker,1.0,Middle,3,3 6 16 18 19 20,3 6 16 19,3 6 16 19
marginal,339,553,2,13,Motorcyclist,0.0,Younger,2,2,2 16,2
marginal,339,1262,4,4,Craftsman,3.0,Unknown,16,4 11 16,4 9 11 16,4 9 11 16
marginal,339,785,18,18,Skateboarder,1.0,Middle,18,18,18,18
marginal,339,128,20,19,Speaker,0.0,Younger,20,20,20,20
marginal,339,352,17,17,Singer,1.0,Middle,17,17,17,17
marginal,339,567,5,1,Backpacker,1.0,Middle,1,1 5,1 5 11 16,1 5 11 16
marginal,339,1278,3,3,Computer User,3.0,Unknown,11,3 6 11 14 15 16,3 6 11 14,3 6 11 14
marginal,339,855,14,14,Painter,1.0,Middle,15,11 15,11 14 15,11 14 15
marginal,339,768,16,16,Salesperson,2.0,Older,16,2 16,2 16 18 20,2 4 16 18 20
marginal,339,605,18,18,Skateboarder,0.0,Younger,18,18,18,18
marginal,339,1368,10,10,Horse Rider,1.0,Middle,10,10,8 10,8 10 12
marginal,339,458,18,18,Skateboarder,0.0,Younger,18,18,18,18
marginal,339,441,13,13,Motorcyclist,3.0,Unknown,13,13,13,13
marginal,339,70,15,15,Repairman,2.0,Older,15,4 11 15,4 11 15,4 9 11 15
marginal,339,1112,20,20,Tennis Player,0.0,Younger,20,20,20,20
marginal,339,311,9,9,Hairdresser,0.0,Younger,9,9,2 9 11,9
marginal,340,589,10,10,Horse Rider,3.0,Unknown,10,10,10,10
marginal,340,390,10,10,Horse Rider,1.0,Middle,10,6 10 12,6 10 12,6 10 12
marginal,340,579,4,4,Craftsman,1.0,Middle,4,4 11,4 11 15,4 11 15 16
marginal,340,1243,16,19,Speaker,0.0,Younger,16,1 2 15 16 17,2 15 16 17,2 15 16 17
marginal,340,602,2,2,Boatman,1.0,Middle,2,2 6 19,2 3 6 19,2 3 6 19
marginal,340,1318,18,18,Skateboarder,3.0,Unknown,18,18,18,18
marginal,340,110,8,8,Gymnast,0.0,Younger,8,8,8,8
marginal,340,626,2,2,Boatman,1.0,Middle,2,2,2,2
marginal,340,662,1,1,Backpacker,0.0,Younger,1,1,1,1
marginal,340,843,4,14,Painter,2.0,Older,16,4 11 16,4 11 15 16,4 11 14 15 16
marginal,340,1032,12,12,Officer,3.0,Unknown,6,6 12,6 12 13,6 12
marginal,340,803,18,18,Skateboarder,3.0,Unknown,18,18,18,18
marginal,340,316,8,8,Gymnast,1.0,Middle,8,8,8,8
marginal,340,1105,7,17,Singer,1.0,Middle,16,2 7 11 16 17,2 7 16 17,2 7 16 17
marginal,340,79,3,3,Computer User,0.0,Younger,3,3 11 15,3 11 15,3
marginal,340,71,6,6,Guard,1.0,Middle,6,6 10 14,6 9 10 14,6 9 10 14
marginal,340,991,20,20,Tennis Player,1.0,Middle,20,20,20,20
marginal,340,1070,6,12,Officer,3.0,Unknown,6,6 12,3 6 12 16,6 12 16
marginal,340,1379,13,13,Motorcyclist,2.0,Older,13,13,12 13,4 10 12 13 15
marginal,340,273,15,15,Repairman,1.0,Middle,15,11 15,11 15 16,11 15 16
marginal,340,849,7,7,Guitarist,1.0,Middle,7,7 17,7 17,7 17
marginal,340,159,17,17,Singer,1.0,Middle,17,7 17,7 17,7 10 17 19
marginal,340,781,4,19,Speaker,1.0,Middle,16,9 11 16,4 9 11 16,4 9 11 16
marginal,340,1060,6,6,Guard,0.0,Younger,6,6,6,6
marginal,340,1188,9,9,Hairdresser,3.0,Unknown,9,9 11,9 11,9
marginal,340,1280,4,4,Craftsman,1.0,Middle,4,2 4 11,2 4 11,2 4 11
marginal,340,1049,3,3,Computer User,3.0,Unknown,2,2 3 16,2 3 11 16,2 3 16
marginal,340,70,15,15,Repairman,2.0,Older,15,4 11 15,4 11 15,4 9 11 15
marginal,340,107,17,1,Backpacker,1.0,Middle,16,6 11 16 17,6 11 16 17,6 11 16 17
marginal,340,63,6,11,Laborer,1.0,Middle,6,6 13,6 12 13 16,6 12 13 16
marginal,340,1096,20,20,Tennis Player,1.0,Middle,20,20,20,20
marginal,340,578,16,16,Salesperson,1.0,Middle,16,11 16,11 16,11 16
marginal,340,463,16,16,Salesperson,0.0,Younger,16,16,16,16
marginal,340,19,20,20,Tennis Player,1.0,Middle,20,20,20,20
marginal,340,646,17,7,Guitarist,1.0,Middle,17,7 11 17,6 7 11 17,6 7 11 17
marginal,340,1048,16,16,Salesperson,1.0,Middle,16,5 11 16,5 11 16,1 5 11 16
marginal,340,1356,5,11,Laborer,3.0,Unknown,11,5 11,5 11 16,5 11 16
marginal,340,86,2,5,Farmer,3.0,Unknown,5,2 5 11,2 5 11,2 5 11
marginal,340,854,3,3,Computer User,1.0,Middle,3,3,3 4 15 19,3 4 15 19
marginal,340,1061,4,4,Craftsman,2.0,Older,4,4 11,2 4 11,2 4 5 11 15
marginal,340,95,10,10,Horse Rider,0.0,Younger,10,10,5 8 10,10
marginal,340,570,14,14,Painter,2.0,Older,14,14 16,14 16,4 11 14 15 16
marginal,340,625,13,13,Motorcyclist,3.0,Unknown,13,13,13,13
marginal,340,351,1,1,Backpacker,0.0,Younger,1,1,1,1
marginal,340,807,11,11,Laborer,1.0,Middle,11,11 15,11 15,11 15
marginal,340,28,9,9,Hairdresser,1.0,Middle,9,9,9,6 9
marginal,340,309,6,12,Officer,1.0,Middle,6,6 13,6 12 13 16,6 12 13 16
marginal,340,133,5,5,Farmer,3.0,Unknown,11,5 11,5 11,5 11
marginal,340,470,9,9,Hairdresser,3.0,Unknown,9,9,9,9
marginal,340,665,19,19,Speaker,3.0,Unknown,19,2 3 10 11 12 13 16 17 19,2 10 12 19,2 10 12 19
marginal,341,165,13,13,Motorcyclist,1.0,Middle,2,1 2 13,1 2 13 19,1 2 13 19
marginal,341,1316,16,16,Salesperson,1.0,Middle,2,1 2 11 14,1 2 11 14,1 2 11 14
marginal,341,74,20,20,Tennis Player,1.0,Middle,20,20,20,20
marginal,341,445,11,13,Motorcyclist,3.0,Unknown,11,11 16,11 16,11 16
marginal,341,410,6,11,Laborer,1.0,Middle,11,2 6 11 16,2 6 11 16,2 6 11 16
marginal,341,1094,20,20,Tennis Player,1.0,Middle,20,20,20,20
marginal,341,859,6,12,Officer,1.0,Middle,6,2 6 12,2 6 12 13,2 6 12 13
marginal,341,1049,3,3,Computer User,3.0,Unknown,2,2 3 16,2 3 11 16,2 3 16
marginal,341,69,19,19,Speaker,1.0,Middle,17,9 16 17 20,9 16 17 20,9 16 17 20
marginal,341,226,2,2,Boatman,0.0,Younger,2,2,2,2
marginal,341,350,18,18,Skateboarder,1.0,Middle,18,18,18,18
marginal,341,1221,9,9,Hairdresser,1.0,Middle,9,4 9 16,4 9 11 16,4 9 11 16
marginal,341,1136,8,8,Gymnast,0.0,Younger,8,8,8,8
marginal,341,753,3,3,Computer User,1.0,Middle,11,1 11 18,1 3 11 18,1 3 11 18
marginal,341,287,3,3,Computer User,3.0,Unknown,16,3 5 16,3 5 10 16,3 5 10 16
marginal,341,1084,20,20,Tennis Player,3.0,Unknown,20,20,20,20
marginal,341,288,14,14,Painter,1.0,Middle,14,11 14,11 14 15 18,11 14 15 18
marginal,341,1367,11,4,Craftsman,1.0,Middle,11,11 16,5 11 16,2 5 11 16
marginal,341,478,5,5,Farmer,3.0,Unknown,5,2 5 11,2 5 11,2 5 11
marginal,341,255,17,17,Singer,1.0,Middle,17,17,17,17
marginal,341,348,12,12,Officer,0.0,Younger,16,6 11 12 13 16,6 11 12 16,6 11 12 16
marginal,341,1286,7,7,Guitarist,3.0,Unknown,7,7,7,7
marginal,341,440,6,6,Guard,1.0,Middle,6,6 12,6 12,6 11 12 15
marginal,341,894,6,6,Guard,2.0,Older,15,6 15 16,4 6 15 16,4 6 11 15 16
marginal,341,992,7,7,Guitarist,2.0,Older,7,7,7,7 11 16 17 18
marginal,341,915,15,15,Repairman,1.0,Middle,11,11 15,11 15,11 15
marginal,341,459,2,2,Boatman,2.0,Older,2,2,2,2 6 14 15 16
marginal,341,924,6,6,Guard,0.0,Younger,6,6 15,6 15,6
marginal,341,661,8,8,Gymnast,0.0,Younger,8,8 18,8 18,8
marginal,341,1072,4,4,Craftsman,0.0,Younger,11,4 6 11 15 16,4 11 15 16,4 11 15 16
marginal,341,697,5,5,Farmer,3.0,Unknown,5,5 11,5 11 12,5 11
marginal,341,898,11,13,Motorcyclist,1.0,Middle,13,2 11 13 16,2 11 13 16,2 11 13 16
marginal,341,381,1,1,Backpacker,0.0,Younger,16,1 3 6 11 15 16,1 6 11 16,1 6 11 16
marginal,341,1236,7,7,Guitarist,1.0,Middle,11,1 2 5 7 11 16 17 20,1 2 11 20,1 2 11 20
marginal,341,147,1,1,Backpacker,1.0,Middle,1,1,1 11,1 3 11 16
marginal,341,339,17,17,Singer,1.0,Middle,17,17,17,10 11 17 20
marginal,341,824,14,14,Painter,3.0,Unknown,14,14,14,14
marginal,341,683,12,12,Officer,3.0,Unknown,6,6 12 13 16,6 12 13 16,6 12 13 16
marginal,341,1217,8,8,Gymnast,3.0,Unknown,8,8,8,8
marginal,341,1115,19,19,Speaker,1.0,Middle,6,6 9 10 12 17 19,6 9 17 19,6 9 17 19
marginal,341,433,15,15,Repairman,1.0,Middle,15,11 13 15,11 13 15 17,11 13 15 17
marginal,341,103,9,9,Hairdresser,1.0,Middle,9,9,9 11,9 11 16
marginal,341,39,9,9,Hairdresser,2.0,Older,9,4 9 15,4 9 15,4 6 9 15 16
marginal,341,498,2,2,Boatman,1.0,Middle,2,2,2,2 11 16
marginal,341,1171,1,18,Skateboarder,0.0,Younger,1,1 16 18,1 16 18,1
marginal,341,336,17,17,Singer,0.0,Younger,17,17,17,17
marginal,341,120,11,10,Horse Rider,0.0,Younger,10,10,5 10 12 16,10
marginal,341,215,15,14,Painter,1.0,Middle,11,11 14 15,4 11 14 15,4 11 14 15
marginal,341,206,5,11,Laborer,1.0,Middle,5,5 11,5 11 16,5 11 16
marginal,341,272,16,16,Salesperson,2.0,Older,16,11 16,11 16,5 6 11 16
marginal,342,22,2,2,Boatman,0.0,Younger,2,2,2,2
marginal,342,832,18,18,Skateboarder,1.0,Middle,18,18,18,18
marginal,342,610,19,19,Speaker,2.0,Older,19,5 10 11 16 19,5 11 16 19,5 10 11 16 19
marginal,342,660,11,11,Laborer,1.0,Middle,11,11,11,4 5 11
marginal,342,1190,3,3,Computer User,1.0,Middle,1,1 3 15 16,1 3 15 16,1 3 15 16
marginal,342,914,8,8,Gymnast,1.0,Middle,8,8,8,8
marginal,342,381,1,1,Backpacker,0.0,Younger,16,1 3 6 11 15 16,1 6 11 16,1 6 11 16
marginal,342,1013,11,16,Salesperson,1.0,Middle,16,11 16,11 16,11 16
marginal,342,43,17,17,Singer,3.0,Unknown,17,17,10 17,17
marginal,342,822,12,12,Officer,1.0,Middle,6,3 6 12 15,3 6 12 15,3 6 12 15
marginal,342,685,13,13,Motorcyclist,1.0,Middle,16,13 16,6 13 15 16,6 13 15 16
marginal,342,23,5,5,Farmer,1.0,Middle,5,5 11,5 11,5 11 15 16
marginal,342,447,13,13,Motorcyclist,0.0,Younger,13,1 11 13 16,1 11 13 16,11 13 16
marginal,342,742,15,15,Repairman,1.0,Middle,15,11 13 15,4 11 13 15,4 11 13 15
marginal,342,1057,9,9,Hairdresser,0.0,Younger,9,9,9,9
marginal,342,1378,20,20,Tennis Player,0.0,Younger,20,20,20,20
marginal,342,459,2,2,Boatman,2.0,Older,2,2,2,2 6 14 15 16
marginal,342,604,16,6,Guard,1.0,Middle,6,6 11 16,1 6 11 16,1 6 11 16
marginal,342,715,10,10,Horse Rider,1.0,Middle,10,8 10,6 8 10 12,6 8 10 12
marginal,342,874,5,5,Farmer,1.0,Middle,5,5,5,5 11
marginal,342,371,12,6,Guard,1.0,Middle,6,6 11 12,6 11 12 18,6 11 12 18
marginal,342,1156,20,20,Tennis Player,0.0,Younger,20,20,20,20
marginal,342,510,20,20,Tennis Player,1.0,Middle,20,16 18 20,16 18 20,1 16 18 20
marginal,342,1130,11,14,Painter,1.0,Middle,15,4 11 14 15,4 11 14 15,4 11 14 15
marginal,342,854,3,3,Computer User,1.0,Middle,3,3,3 4 15 19,3 4 15 19
marginal,342,534,2,3,Computer User,1.0,Middle,11,2 3 6 11 15,2 3 11 15,2 3 11 15
marginal,342,233,5,16,Salesperson,1.0,Middle,11,5 11,5 11 16,2 5 11 16
marginal,342,1099,10,10,Horse Rider,0.0,Younger,10,10,10,10
marginal,342,556,5,5,Farmer,1.0,Middle,5,5 11,5 11 16,5 11 16
marginal,342,1102,2,2,Boatman,3.0,Unknown,2,2,2,2
marginal,342,1360,14,4,Craftsman,3.0,Unknown,16,11 14 15 16,11 14 15 16,11 14 15 16
marginal,342,299,15,4,Craftsman,1.0,Middle,16,1 11 16,1 11 15 16,1 11 15 16
marginal,342,609,10,10,Horse Rider,1.0,Middle,10,8 10,5 8 10 20,5 8 10 20
marginal,342,1177,7,7,Guitarist,1.0,Middle,7,3 4 7 11 15 16 17 19,3 7 16 19,3 7 16 19
marginal,342,676,1,1,Backpacker,1.0,Middle,1,1 11 16,1 11 16,1 5 11 16
marginal,342,237,7,7,Guitarist,1.0,Middle,7,7,7,7 12 17
marginal,342,786,17,17,Singer,3.0,Unknown,17,8 11 17 19,8 11 17 19,8 11 17 19
marginal,342,189,20,19,Speaker,1.0,Middle,20,1 20,1 20,1 20
marginal,342,936,16,16,Salesperson,1.0,Middle,16,16,16,5 11 16
marginal,342,257,18,18,Skateboarder,0.0,Younger,18,18,18,18
marginal,342,1076,6,11,Laborer,1.0,Middle,6,6 11 13 16,6 11 13 16,6 11 13 16
marginal,342,118,15,15,Repairman,1.0,Middle,3,3 15 16 19,3 15 16 19,3 15 16 19
marginal,342,178,6,6,Guard,2.0,Older,15,6 13 15,4 6 13 15,4 6 13 15 16
marginal,342,227,9,9,Hairdresser,1.0,Middle,9,9 11 16,4 9 11 16,4 9 11 16
marginal,342,1229,4,4,Craftsman,3.0,Unknown,4,4 15,4 15,4 15
marginal,342,1346,18,18,Skateboarder,1.0,Middle,18,18,18,18
marginal,342,1396,13,13,Motorcyclist,3.0,Unknown,13,1 11 13 16,1 11 13 16,1 11 13 16
marginal,342,789,6,11,Laborer,1.0,Middle,6,6 11 15,6 11 15 18,6 11 15 18
marginal,342,530,17,17,Singer,1.0,Middle,17,17,7 17,7 17
marginal,342,1330,1,1,Backpacker,1.0,Middle,1,1 4 6 7 11 12 15 17 18 19,1 6 7 15,1 6 7 15
marginal,343,943,10,10,Horse Rider,1.0,Middle,10,10,10,8 10
marginal,343,176,2,11,Laborer,3.0,Unknown,11,2 5 11,2 5 11,2 5 11
marginal,343,135,19,19,Speaker,3.0,Unknown,16,6 10 12 16 17 19 20,6 16 17 19,6 16 17 19
marginal,343,208,3,15,Repairman,3.0,Unknown,3,3,3 19,3
marginal,343,1325,12,12,Officer,1.0,Middle,6,6 12 13,6 12 13 19,6 12 13 19
marginal,343,850,3,3,Computer User,3.0,Unknown,16,11 16,3 11 15 16,3 11 15 16
marginal,343,1203,6,12,Officer,1.0,Middle,6,6 11,2 6 11 12,2 6 11 12
marginal,343,611,1,7,Guitarist,3.0,Unknown,16,1 15 16,1 4 15 16,1 4 15 16
marginal,343,1116,3,19,Speaker,1.0,Middle,9,3 8 9 16 17 19,3 9 17 19,3 9 17 19
marginal,343,1060,15,6,Guard,0.0,Younger,6,6,6,6
marginal,343,1263,8,8,Gymnast,1.0,Middle,8,8,8,8
marginal,343,870,8,8,Gymnast,0.0,Younger,8,8,8,8
marginal,343,558,17,7,Guitarist,1.0,Middle,17,7 17,7 10 15 17,7 10 15 17
marginal,343,107,11,1,Backpacker,1.0,Middle,16,6 11 16 17,6 11 16 17,6 11 16 17
marginal,343,846,6,10,Horse Rider,3.0,Unknown,6,6,6,6
marginal,343,530,17,17,Singer,1.0,Middle,17,17,7 17,7 17
marginal,343,551,5,5,Farmer,1.0,Middle,5,5 11,5 11,5 11
marginal,343,1147,6,6,Guard,0.0,Younger,6,6,6,6
marginal,343,982,2,2,Boatman,1.0,Middle,2,2,2,1 2
marginal,343,921,18,18,Skateboarder,3.0,Unknown,18,18,18,18
marginal,343,389,13,1,Backpacker,2.0,Older,13,13,13,1 2 13 16
marginal,343,139,9,9,Hairdresser,1.0,Middle,11,5 9 11,4 5 9 11,4 5 9 11
marginal,343,557,11,1,Backpacker,1.0,Middle,3,3 6 16 18 19 20,3 6 16 19,3 6 16 19
marginal,343,1354,3,3,Computer User,3.0,Unknown,3,3 10 12 16,3 10 12 16,3 10 12 16
marginal,343,205,13,13,Motorcyclist,1.0,Middle,13,13,12 13,12 13
marginal,343,400,18,18,Skateboarder,3.0,Unknown,18,18,18,18
marginal,343,725,8,8,Gymnast,0.0,Younger,8,8,8,8
marginal,343,587,19,19,Speaker,2.0,Older,12,3 6 10 11 12 16 17 19 20,6 11 12 16,6 11 12 16 19
marginal,343,675,15,16,Salesperson,1.0,Middle,16,11 15 16,2 11 15 16,2 11 15 16
marginal,343,58,11,11,Laborer,3.0,Unknown,11,6 11 14,6 11 14 18,6 11 14 18
marginal,343,418,16,16,Salesperson,1.0,Middle,16,1 16,1 11 16,1 11 15 16
marginal,343,386,17,7,Guitarist,3.0,Unknown,17,17,17,17
marginal,343,615,5,11,Laborer,1.0,Middle,5,5 11,5 11,1 5 11
marginal,343,788,6,6,Guard,1.0,Middle,6,6,6,6
marginal,343,679,5,5,Farmer,2.0,Older,5,5 11,5 11,2 4 5 11
marginal,343,366,15,15,Repairman,1.0,Middle,15,11 15,11 15,4 11 15
marginal,343,1334,17,17,Singer,1.0,Middle,17,17,17,11 17
marginal,343,935,13,13,Motorcyclist,3.0,Unknown,13,13,13,13
marginal,343,944,1,4,Craftsman,1.0,Middle,11,4 5 9 11 16,5 9 11 16,5 9 11 16
marginal,343,650,18,18,Skateboarder,3.0,Unknown,18,18,8 18,18
marginal,343,1390,4,4,Craftsman,1.0,Middle,11,4 11 15 16,4 11 15 16,4 11 15 16
marginal,343,946,1,14,Painter,3.0,Unknown,14,14,2 14,14
marginal,343,521,13,13,Motorcyclist,1.0,Middle,13,13,13,13
marginal,343,936,16,16,Salesperson,1.0,Middle,16,16,16,5 11 16
marginal,343,716,15,15,Repairman,0.0,Younger,15,15,15,15
marginal,343,597,3,3,Computer User,1.0,Middle,19,3 11 15 17 19,3 11 17 19,3 11 17 19
marginal,343,966,14,14,Painter,2.0,Older,14,5 11 14,4 5 11 14,4 5 11 12 14
marginal,343,560,8,10,Horse Rider,0.0,Younger,10,8 10,8 10 20,10
marginal,343,186,3,4,Craftsman,2.0,Older,11,3 4 9 11 15 16,3 11 15 16,3 4 11 15 16
marginal,343,112,20,20,Tennis Player,0.0,Younger,20,20,20,20
marginal,344,742,15,15,Repairman,1.0,Middle,15,11 13 15,4 11 13 15,4 11 13 15
marginal,344,822,6,12,Officer,1.0,Middle,6,3 6 12 15,3 6 12 15,3 6 12 15
marginal,344,118,15,15,Repairman,1.0,Middle,3,3 15 16 19,3 15 16 19,3 15 16 19
marginal,344,534,2,3,Computer User,1.0,Middle,11,2 3 6 11 15,2 3 11 15,2 3 11 15
marginal,344,22,2,2,Boatman,0.0,Younger,2,2,2,2
marginal,344,1229,4,4,Craftsman,3.0,Unknown,4,4 15,4 15,4 15
marginal,344,1360,14,4,Craftsman,3.0,Unknown,16,11 14 15 16,11 14 15 16,11 14 15 16
marginal,344,257,18,18,Skateboarder,0.0,Younger,18,18,18,18
marginal,344,1057,9,9,Hairdresser,0.0,Younger,9,9,9,9
marginal,344,715,8,10,Horse Rider,1.0,Middle,10,8 10,6 8 10 12,6 8 10 12
marginal,344,609,10,10,Horse Rider,1.0,Middle,10,8 10,5 8 10 20,5 8 10 20
marginal,344,299,11,4,Craftsman,1.0,Middle,16,1 11 16,1 11 15 16,1 11 15 16
marginal,344,1130,14,14,Painter,1.0,Middle,15,4 11 14 15,4 11 14 15,4 11 14 15
marginal,344,1177,7,7,Guitarist,1.0,Middle,7,3 4 7 11 15 16 17 19,3 7 16 19,3 7 16 19
marginal,344,1330,1,1,Backpacker,1.0,Middle,1,1 4 6 7 11 12 15 17 18 19,1 6 7 15,1 6 7 15
marginal,344,786,17,17,Singer,3.0,Unknown,17,8 11 17 19,8 11 17 19,8 11 17 19
marginal,344,530,17,17,Singer,1.0,Middle,17,17,7 17,7 17
marginal,344,1076,6,11,Laborer,1.0,Middle,6,6 11 13 16,6 11 13 16,6 11 13 16
marginal,344,556,5,5,Farmer,1.0,Middle,5,5 11,5 11 16,5 11 16
marginal,344,676,1,1,Backpacker,1.0,Middle,1,1 11 16,1 11 16,1 5 11 16
marginal,344,854,3,3,Computer User,1.0,Middle,3,3,3 4 15 19,3 4 15 19
marginal,344,660,11,11,Laborer,1.0,Middle,11,11,11,4 5 11
marginal,344,227,9,9,Hairdresser,1.0,Middle,9,9 11 16,4 9 11 16,4 9 11 16
marginal,344,371,6,6,Guard,1.0,Middle,6,6 11 12,6 11 12 18,6 11 12 18
marginal,344,610,19,19,Speaker,2.0,Older,19,5 10 11 16 19,5 11 16 19,5 10 11 16 19
marginal,344,43,17,17,Singer,3.0,Unknown,17,17,10 17,17
marginal,344,381,1,1,Backpacker,0.0,Younger,16,1 3 6 11 15 16,1 6 11 16,1 6 11 16
marginal,344,685,13,13,Motorcyclist,1.0,Middle,16,13 16,6 13 15 16,6 13 15 16
marginal,344,1396,13,13,Motorcyclist,3.0,Unknown,13,1 11 13 16,1 11 13 16,1 11 13 16
marginal,344,178,6,6,Guard,2.0,Older,15,6 13 15,4 6 13 15,4 6 13 15 16
marginal,344,1099,10,10,Horse Rider,0.0,Younger,10,10,10,10
marginal,344,1013,11,16,Salesperson,1.0,Middle,16,11 16,11 16,11 16
marginal,344,1156,20,20,Tennis Player,0.0,Younger,20,20,20,20
marginal,344,510,20,20,Tennis Player,1.0,Middle,20,16 18 20,16 18 20,1 16 18 20
marginal,344,447,13,13,Motorcyclist,0.0,Younger,13,1 11 13 16,1 11 13 16,11 13 16
marginal,344,874,5,5,Farmer,1.0,Middle,5,5,5,5 11
marginal,344,914,8,8,Gymnast,1.0,Middle,8,8,8,8
marginal,344,237,7,7,Guitarist,1.0,Middle,7,7,7,7 12 17
marginal,344,233,16,16,Salesperson,1.0,Middle,11,5 11,5 11 16,2 5 11 16
marginal,344,189,20,19,Speaker,1.0,Middle,20,1 20,1 20,1 20
marginal,344,832,18,18,Skateboarder,1.0,Middle,18,18,18,18
marginal,344,936,16,16,Salesperson,1.0,Middle,16,16,16,5 11 16
marginal,344,1102,2,2,Boatman,3.0,Unknown,2,2,2,2
marginal,344,23,5,5,Farmer,1.0,Middle,5,5 11,5 11,5 11 15 16
marginal,344,789,6,11,Laborer,1.0,Middle,6,6 11 15,6 11 15 18,6 11 15 18
marginal,344,459,2,2,Boatman,2.0,Older,2,2,2,2 6 14 15 16
marginal,344,1190,3,3,Computer User,1.0,Middle,1,1 3 15 16,1 3 15 16,1 3 15 16
marginal,344,604,6,6,Guard,1.0,Middle,6,6 11 16,1 6 11 16,1 6 11 16
marginal,344,1378,20,20,Tennis Player,0.0,Younger,20,20,20,20
marginal,344,1346,18,18,Skateboarder,1.0,Middle,18,18,18,18
marginal,345,1396,13,13,Motorcyclist,3.0,Unknown,13,1 11 13 16,1 11 13 16,1 11 13 16
marginal,345,23,5,5,Farmer,1.0,Middle,5,5 11,5 11,5 11 15 16
marginal,345,1099,10,10,Horse Rider,0.0,Younger,10,10,10,10
marginal,345,1156,20,20,Tennis Player,0.0,Younger,20,20,20,20
marginal,345,610,19,19,Speaker,2.0,Older,19,5 10 11 16 19,5 11 16 19,5 10 11 16 19
marginal,345,936,16,16,Salesperson,1.0,Middle,16,16,16,5 11 16
marginal,345,832,18,18,Skateboarder,1.0,Middle,18,18,18,18
marginal,345,1360,14,4,Craftsman,3.0,Unknown,16,11 14 15 16,11 14 15 16,11 14 15 16
marginal,345,371,6,6,Guard,1.0,Middle,6,6 11 12,6 11 12 18,6 11 12 18
marginal,345,1346,18,18,Skateboarder,1.0,Middle,18,18,18,18
marginal,345,874,5,5,Farmer,1.0,Middle,5,5,5,5 11
marginal,345,534,2,3,Computer User,1.0,Middle,11,2 3 6 11 15,2 3 11 15,2 3 11 15
marginal,345,1229,4,4,Craftsman,3.0,Unknown,4,4 15,4 15,4 15
marginal,345,381,1,1,Backpacker,0.0,Younger,16,1 3 6 11 15 16,1 6 11 16,1 6 11 16
marginal,345,22,2,2,Boatman,0.0,Younger,2,2,2,2
marginal,345,237,7,7,Guitarist,1.0,Middle,7,7,7,7 12 17
marginal,345,447,13,13,Motorcyclist,0.0,Younger,13,1 11 13 16,1 11 13 16,11 13 16
marginal,345,609,10,10,Horse Rider,1.0,Middle,10,8 10,5 8 10 20,5 8 10 20
marginal,345,1177,7,7,Guitarist,1.0,Middle,7,3 4 7 11 15 16 17 19,3 7 16 19,3 7 16 19
marginal,345,742,15,15,Repairman,1.0,Middle,15,11 13 15,4 11 13 15,4 11 13 15
marginal,345,660,11,11,Laborer,1.0,Middle,11,11,11,4 5 11
marginal,345,299,1,4,Craftsman,1.0,Middle,16,1 11 16,1 11 15 16,1 11 15 16
marginal,345,459,2,2,Boatman,2.0,Older,2,2,2,2 6 14 15 16
marginal,345,604,6,6,Guard,1.0,Middle,6,6 11 16,1 6 11 16,1 6 11 16
marginal,345,43,17,17,Singer,3.0,Unknown,17,17,10 17,17
marginal,345,530,17,17,Singer,1.0,Middle,17,17,7 17,7 17
marginal,345,118,3,15,Repairman,1.0,Middle,3,3 15 16 19,3 15 16 19,3 15 16 19
marginal,345,510,20,20,Tennis Player,1.0,Middle,20,16 18 20,16 18 20,1 16 18 20
marginal,345,676,11,1,Backpacker,1.0,Middle,1,1 11 16,1 11 16,1 5 11 16
marginal,345,822,12,12,Officer,1.0,Middle,6,3 6 12 15,3 6 12 15,3 6 12 15
marginal,345,1330,6,1,Backpacker,1.0,Middle,1,1 4 6 7 11 12 15 17 18 19,1 6 7 15,1 6 7 15
marginal,345,1378,20,20,Tennis Player,0.0,Younger,20,20,20,20
marginal,345,854,3,3,Computer User,1.0,Middle,3,3,3 4 15 19,3 4 15 19
marginal,345,1013,4,16,Salesperson,1.0,Middle,16,11 16,11 16,11 16
marginal,345,1130,11,14,Painter,1.0,Middle,15,4 11 14 15,4 11 14 15,4 11 14 15
marginal,345,685,13,13,Motorcyclist,1.0,Middle,16,13 16,6 13 15 16,6 13 15 16
marginal,345,1190,3,3,Computer User,1.0,Middle,1,1 3 15 16,1 3 15 16,1 3 15 16
marginal,345,257,18,18,Skateboarder,0.0,Younger,18,18,18,18
marginal,345,227,9,9,Hairdresser,1.0,Middle,9,9 11 16,4 9 11 16,4 9 11 16
marginal,345,178,6,6,Guard,2.0,Older,15,6 13 15,4 6 13 15,4 6 13 15 16
marginal,345,715,10,10,Horse Rider,1.0,Middle,10,8 10,6 8 10 12,6 8 10 12
marginal,345,189,20,19,Speaker,1.0,Middle,20,1 20,1 20,1 20
marginal,345,1057,9,9,Hairdresser,0.0,Younger,9,9,9,9
marginal,345,1102,2,2,Boatman,3.0,Unknown,2,2,2,2
marginal,345,914,8,8,Gymnast,1.0,Middle,8,8,8,8
marginal,345,556,5,5,Farmer,1.0,Middle,5,5 11,5 11 16,5 11 16
marginal,345,1076,6,11,Laborer,1.0,Middle,6,6 11 13 16,6 11 13 16,6 11 13 16
marginal,345,233,16,16,Salesperson,1.0,Middle,11,5 11,5 11 16,2 5 11 16
marginal,345,786,17,17,Singer,3.0,Unknown,17,8 11 17 19,8 11 17 19,8 11 17 19
marginal,345,789,6,11,Laborer,1.0,Middle,6,6 11 15,6 11 15 18,6 11 15 18
marginal,346,736,5,5,Farmer,2.0,Older,5,5 11,5 11,1 4 5 11 16
marginal,346,557,19,1,Backpacker,1.0,Middle,3,3 6 16 18 19 20,3 6 16 19,3 6 16 19
marginal,346,458,18,18,Skateboarder,0.0,Younger,18,18,18,18
marginal,346,717,20,20,Tennis Player,1.0,Middle,20,20,20,20
marginal,346,756,3,3,Computer User,1.0,Middle,3,1 3 11 16,1 3 11 16,1 3 11 16
marginal,346,605,18,18,Skateboarder,0.0,Younger,18,18,18,18
marginal,346,918,11,11,Laborer,3.0,Unknown,11,11 15,4 11 14 15,11 14 15
marginal,346,626,2,2,Boatman,1.0,Middle,2,2,2,2
marginal,346,291,6,12,Officer,3.0,Unknown,6,6,6,6
marginal,346,140,15,15,Repairman,1.0,Middle,15,15,15,15
marginal,346,352,17,17,Singer,1.0,Middle,17,17,17,17
marginal,346,649,13,13,Motorcyclist,1.0,Middle,13,13,13,13
marginal,346,308,6,6,Guard,2.0,Older,11,6 11 12,6 11 12 15,6 11 12 15 16
marginal,346,1294,8,8,Gymnast,0.0,Younger,8,1 6 8 14,1 6 8 14,8
marginal,346,1230,14,4,Craftsman,3.0,Unknown,11,4 11 14 15,4 11 14 15,4 11 14 15
marginal,346,1214,12,10,Horse Rider,1.0,Middle,6,6 10 12 13,6 10 12 13,6 10 12 13
marginal,346,311,9,9,Hairdresser,0.0,Younger,9,9,2 9 11,9
marginal,346,768,16,16,Salesperson,2.0,Older,16,2 16,2 16 18 20,2 4 16 18 20
marginal,346,785,18,18,Skateboarder,1.0,Middle,18,18,18,18
marginal,346,976,5,10,Horse Rider,3.0,Unknown,10,10,1 2 5 10,2 5 10
marginal,346,1199,1,1,Backpacker,0.0,Younger,1,1 3 6 8 10 12 18,1 8 12 18,1 8 12 18
marginal,346,61,9,9,Hairdresser,1.0,Middle,9,9 15,9 15,4 9 11 15
marginal,346,288,14,14,Painter,1.0,Middle,14,11 14,11 14 15 18,11 14 15 18
marginal,346,567,1,1,Backpacker,1.0,Middle,1,1 5,1 5 11 16,1 5 11 16
marginal,346,1368,10,10,Horse Rider,1.0,Middle,10,10,8 10,8 10 12
marginal,346,338,16,16,Salesperson,1.0,Middle,16,11 16,11 16,11 16
marginal,346,1177,7,7,Guitarist,1.0,Middle,7,3 4 7 11 15 16 17 19,3 7 16 19,3 7 16 19
marginal,346,880,9,9,Hairdresser,1.0,Middle,9,9,9,9 11
marginal,346,855,14,14,Painter,1.0,Middle,15,11 15,11 14 15,11 14 15
marginal,346,128,19,19,Speaker,0.0,Younger,20,20,20,20
marginal,346,1266,2,2,Boatman,0.0,Younger,2,2,2,2
marginal,346,70,15,15,Repairman,2.0,Older,15,4 11 15,4 11 15,4 9 11 15
marginal,346,121,16,16,Salesperson,1.0,Middle,16,16,1 11 15 16,1 11 15 16
marginal,346,1267,17,17,Singer,1.0,Middle,16,11 16 17,11 15 16 17,11 15 16 17
marginal,346,977,2,2,Boatman,1.0,Middle,2,2,2 16,2 11 16
marginal,346,1112,20,20,Tennis Player,0.0,Younger,20,20,20,20
marginal,346,1262,4,4,Craftsman,3.0,Unknown,16,4 11 16,4 9 11 16,4 9 11 16
marginal,346,1278,3,3,Computer User,3.0,Unknown,11,3 6 11 14 15 16,3 6 11 14,3 6 11 14
marginal,346,410,6,11,Laborer,1.0,Middle,11,2 6 11 16,2 6 11 16,2 6 11 16
marginal,346,1116,19,19,Speaker,1.0,Middle,9,3 8 9 16 17 19,3 9 17 19,3 9 17 19
marginal,346,441,13,13,Motorcyclist,3.0,Unknown,13,13,13,13
marginal,346,671,8,8,Gymnast,0.0,Younger,8,8,8,8
marginal,346,1034,17,17,Singer,0.0,Younger,17,17,17,17
marginal,346,247,6,6,Guard,1.0,Middle,6,6,6,6
marginal,346,971,11,5,Farmer,1.0,Middle,3,3 5 6 8 9 11 16 17,3 6 9 11,3 6 9 11
marginal,346,553,2,13,Motorcyclist,0.0,Younger,2,2,2 16,2
marginal,346,56,2,6,Guard,1.0,Middle,2,2 6 12,2 6 12,2 6 12
marginal,346,12,19,19,Speaker,1.0,Middle,12,1 8 10 12,1 8 10 12,1 8 10 12
marginal,346,901,12,12,Officer,3.0,Unknown,6,6 11 12 13,6 11 12 13,6 11 12 13
marginal,346,1067,3,3,Computer User,3.0,Unknown,3,3,3,3
marginal,347,120,12,10,Horse Rider,0.0,Younger,10,10,5 10 12 16,10
marginal,347,206,5,11,Laborer,1.0,Middle,5,5 11,5 11 16,5 11 16
marginal,347,440,6,6,Guard,1.0,Middle,6,6 12,6 12,6 11 12 15
marginal,347,445,11,13,Motorcyclist,3.0,Unknown,11,11 16,11 16,11 16
marginal,347,147,1,1,Backpacker,1.0,Middle,1,1,1 11,1 3 11 16
marginal,347,348,12,12,Officer,0.0,Younger,16,6 11 12 13 16,6 11 12 16,6 11 12 16
marginal,347,39,15,9,Hairdresser,2.0,Older,9,4 9 15,4 9 15,4 6 9 15 16
marginal,347,165,13,13,Motorcyclist,1.0,Middle,2,1 2 13,1 2 13 19,1 2 13 19
marginal,347,824,14,14,Painter,3.0,Unknown,14,14,14,14
marginal,347,1221,9,9,Hairdresser,1.0,Middle,9,4 9 16,4 9 11 16,4 9 11 16
marginal,347,1286,7,7,Guitarist,3.0,Unknown,7,7,7,7
marginal,347,350,18,18,Skateboarder,1.0,Middle,18,18,18,18
marginal,347,1367,4,4,Craftsman,1.0,Middle,11,11 16,5 11 16,2 5 11 16
marginal,347,288,14,14,Painter,1.0,Middle,14,11 14,11 14 15 18,11 14 15 18
marginal,347,894,6,6,Guard,2.0,Older,15,6 15 16,4 6 15 16,4 6 11 15 16
marginal,347,103,9,9,Hairdresser,1.0,Middle,9,9,9 11,9 11 16
marginal,347,898,11,13,Motorcyclist,1.0,Middle,13,2 11 13 16,2 11 13 16,2 11 13 16
marginal,347,226,2,2,Boatman,0.0,Younger,2,2,2,2
marginal,347,1171,1,18,Skateboarder,0.0,Younger,1,1 16 18,1 16 18,1
marginal,347,915,11,15,Repairman,1.0,Middle,11,11 15,11 15,11 15
marginal,347,478,5,5,Farmer,3.0,Unknown,5,2 5 11,2 5 11,2 5 11
marginal,347,381,1,1,Backpacker,0.0,Younger,16,1 3 6 11 15 16,1 6 11 16,1 6 11 16
marginal,347,859,12,12,Officer,1.0,Middle,6,2 6 12,2 6 12 13,2 6 12 13
marginal,347,255,17,17,Singer,1.0,Middle,17,17,17,17
marginal,347,1236,7,7,Guitarist,1.0,Middle,11,1 2 5 7 11 16 17 20,1 2 11 20,1 2 11 20
marginal,347,1084,20,20,Tennis Player,3.0,Unknown,20,20,20,20
marginal,347,1115,19,19,Speaker,1.0,Middle,6,6 9 10 12 17 19,6 9 17 19,6 9 17 19
marginal,347,215,11,14,Painter,1.0,Middle,11,11 14 15,4 11 14 15,4 11 14 15
marginal,347,339,17,17,Singer,1.0,Middle,17,17,17,10 11 17 20
marginal,347,433,15,15,Repairman,1.0,Middle,15,11 13 15,11 13 15 17,11 13 15 17
marginal,347,1316,2,16,Salesperson,1.0,Middle,2,1 2 11 14,1 2 11 14,1 2 11 14
marginal,347,1217,8,8,Gymnast,3.0,Unknown,8,8,8,8
marginal,347,661,8,8,Gymnast,0.0,Younger,8,8 18,8 18,8
marginal,347,498,2,2,Boatman,1.0,Middle,2,2,2,2 11 16
marginal,347,1094,20,20,Tennis Player,1.0,Middle,20,20,20,20
marginal,347,924,6,6,Guard,0.0,Younger,6,6 15,6 15,6
marginal,347,410,6,11,Laborer,1.0,Middle,11,2 6 11 16,2 6 11 16,2 6 11 16
marginal,347,459,2,2,Boatman,2.0,Older,2,2,2,2 6 14 15 16
marginal,347,697,5,5,Farmer,3.0,Unknown,5,5 11,5 11 12,5 11
marginal,347,1136,8,8,Gymnast,0.0,Younger,8,8,8,8
marginal,347,287,3,3,Computer User,3.0,Unknown,16,3 5 16,3 5 10 16,3 5 10 16
marginal,347,1072,4,4,Craftsman,0.0,Younger,11,4 6 11 15 16,4 11 15 16,4 11 15 16
marginal,347,272,16,16,Salesperson,2.0,Older,16,11 16,11 16,5 6 11 16
marginal,347,683,12,12,Officer,3.0,Unknown,6,6 12 13 16,6 12 13 16,6 12 13 16
marginal,347,753,3,3,Computer User,1.0,Middle,11,1 11 18,1 3 11 18,1 3 11 18
marginal,347,74,20,20,Tennis Player,1.0,Middle,20,20,20,20
marginal,347,336,17,17,Singer,0.0,Younger,17,17,17,17
marginal,347,992,7,7,Guitarist,2.0,Older,7,7,7,7 11 16 17 18
marginal,347,1049,3,3,Computer User,3.0,Unknown,2,2 3 16,2 3 11 16,2 3 16
marginal,347,69,19,19,Speaker,1.0,Middle,17,9 16 17 20,9 16 17 20,9 16 17 20
marginal,348,340,15,15,Repairman,3.0,Unknown,15,3 6 9 11 15 16,3 9 11 15,3 9 11 15
marginal,348,998,17,17,Singer,0.0,Younger,17,17,11 17,17
marginal,348,811,6,12,Officer,1.0,Middle,6,6 10 11 15,6 10 11 15,6 10 11 15
marginal,348,490,5,5,Farmer,0.0,Younger,5,5 11 16,5 11 16,5 11
marginal,348,957,14,14,Painter,1.0,Middle,14,9 11 14 16,9 11 14 16,9 11 14 16
marginal,348,1113,2,2,Boatman,1.0,Middle,2,2 14,2 11 14 17,2 11 14 17
marginal,348,387,20,20,Tennis Player,1.0,Middle,20,20,20,20
marginal,348,459,2,2,Boatman,2.0,Older,2,2,2,2 6 14 15 16
marginal,348,230,14,1,Backpacker,3.0,Unknown,1,1 16,1 6 14 16,1 6 14 16
marginal,348,113,19,19,Speaker,2.0,Older,3,3 5 10 11 12 19,3 10 12 19,3 10 11 12 19
marginal,348,544,11,11,Laborer,0.0,Younger,11,5 11 16,5 11 16,5 11 16
marginal,348,306,14,14,Painter,1.0,Middle,14,11 14 16,4 11 14 16,4 11 14 16
marginal,348,501,18,18,Skateboarder,0.0,Younger,13,2 6 11 13 16 18,11 13 16 18,11 13 16 18
marginal,348,81,11,4,Craftsman,1.0,Middle,11,2 5 6 11 13 15,2 6 11 15,2 6 11 15
marginal,348,826,6,6,Guard,3.0,Unknown,6,6,6,6
marginal,348,712,15,15,Repairman,1.0,Middle,11,11 15,1 4 11 15,1 4 11 15
marginal,348,82,7,7,Guitarist,1.0,Middle,7,7,7,7
marginal,348,1257,16,16,Salesperson,1.0,Middle,16,5 11 16,4 5 11 16,4 5 11 16
marginal,348,1377,8,8,Gymnast,0.0,Younger,8,8,8,8
marginal,348,1196,20,20,Tennis Player,3.0,Unknown,20,20,20,20
marginal,348,1060,6,6,Guard,0.0,Younger,6,6,6,6
marginal,348,455,4,11,Laborer,0.0,Younger,4,4 11 14,4 11 14,4 11
marginal,348,1044,8,15,Repairman,0.0,Younger,11,3 4 6 10 11 14 15 16 17,6 11 15 16,6 11 15 16
marginal,348,708,5,5,Farmer,2.0,Older,11,5 11,4 5 11,2 4 5 11 16
marginal,348,809,10,10,Horse Rider,1.0,Middle,10,5 8 10 12,5 8 10 12,5 8 10 12
marginal,348,488,16,3,Computer User,1.0,Middle,16,3 6 16,2 3 6 16,2 3 6 16
marginal,348,846,6,10,Horse Rider,3.0,Unknown,6,6,6,6
marginal,348,1276,11,9,Hairdresser,1.0,Middle,9,9,9 15,5 9 11 15
marginal,348,184,13,13,Motorcyclist,1.0,Middle,13,13,13,11 13
marginal,348,859,12,12,Officer,1.0,Middle,6,2 6 12,2 6 12 13,2 6 12 13
marginal,348,486,7,7,Guitarist,1.0,Middle,17,1 6 7 11 17,1 6 7 17,1 6 7 17
marginal,348,403,8,8,Gymnast,0.0,Younger,8,8,8,8
marginal,348,158,4,4,Craftsman,1.0,Middle,11,4 5 11 16,4 5 11 16,4 5 11 16
marginal,348,267,1,5,Farmer,3.0,Unknown,11,5 11,1 5 11,1 5 11
marginal,348,1376,16,16,Salesperson,2.0,Older,16,16,11 16,3 4 6 11 16
marginal,348,491,8,8,Gymnast,1.0,Middle,8,8,8,8
marginal,348,1298,1,18,Skateboarder,1.0,Middle,18,13 16 18,6 13 16 18,6 13 16 18
marginal,348,664,2,2,Boatman,1.0,Middle,2,2 16,2 11 16,2 11 15 16
marginal,348,305,17,17,Singer,1.0,Middle,17,17,17,17
marginal,348,1350,12,13,Motorcyclist,3.0,Unknown,12,6 12 13,3 6 12 13,3 6 12 13
marginal,348,297,7,7,Guitarist,1.0,Middle,7,7,7,7 13
marginal,348,312,9,9,Hairdresser,1.0,Middle,9,2 9 11 15,2 9 11 15,2 9 11 15
marginal,348,714,16,16,Salesperson,3.0,Unknown,16,11 16,11 13 16,11 16
marginal,348,89,19,19,Speaker,1.0,Middle,16,3 16,3 10 16 20,3 10 16 20
marginal,348,419,8,19,Speaker,1.0,Middle,20,5 6 8 10 11 16 17 20,8 16 17 20,8 16 17 20
marginal,348,276,14,14,Painter,0.0,Younger,14,11 14 16,11 14 16,14 16
marginal,348,718,12,12,Officer,0.0,Younger,12,2 6 12 13,2 6 12 13,2 6 12 13
marginal,348,6,3,3,Computer User,0.0,Younger,3,1 3 10 11 14 15 16 17 18 19,1 3 11 17,1 3 11 17
marginal,348,1190,3,3,Computer User,1.0,Middle,1,1 3 15 16,1 3 15 16,1 3 15 16
marginal,348,1133,12,6,Guard,1.0,Middle,11,6 11,6 11 12 13,6 11 12 13
marginal,349,410,6,11,Laborer,1.0,Middle,11,2 6 11 16,2 6 11 16,2 6 11 16
marginal,349,12,19,19,Speaker,1.0,Middle,12,1 8 10 12,1 8 10 12,1 8 10 12
marginal,349,128,20,19,Speaker,0.0,Younger,20,20,20,20
marginal,349,70,15,15,Repairman,2.0,Older,15,4 11 15,4 11 15,4 9 11 15
marginal,349,352,17,17,Singer,1.0,Middle,17,17,17,17
marginal,349,1278,3,3,Computer User,3.0,Unknown,11,3 6 11 14 15 16,3 6 11 14,3 6 11 14
marginal,349,441,13,13,Motorcyclist,3.0,Unknown,13,13,13,13
marginal,349,901,12,12,Officer,3.0,Unknown,6,6 11 12 13,6 11 12 13,6 11 12 13
marginal,349,880,9,9,Hairdresser,1.0,Middle,9,9,9,9 11
marginal,349,971,9,5,Farmer,1.0,Middle,3,3 5 6 8 9 11 16 17,3 6 9 11,3 6 9 11
marginal,349,140,15,15,Repairman,1.0,Middle,15,15,15,15
marginal,349,1230,4,4,Craftsman,3.0,Unknown,11,4 11 14 15,4 11 14 15,4 11 14 15
marginal,349,121,11,16,Salesperson,1.0,Middle,16,16,1 11 15 16,1 11 15 16
marginal,349,855,14,14,Painter,1.0,Middle,15,11 15,11 14 15,11 14 15
marginal,349,918,11,11,Laborer,3.0,Unknown,11,11 15,4 11 14 15,11 14 15
marginal,349,56,6,6,Guard,1.0,Middle,2,2 6 12,2 6 12,2 6 12
marginal,349,557,6,1,Backpacker,1.0,Middle,3,3 6 16 18 19 20,3 6 16 19,3 6 16 19
marginal,349,1267,11,17,Singer,1.0,Middle,16,11 16 17,11 15 16 17,11 15 16 17
marginal,349,649,13,13,Motorcyclist,1.0,Middle,13,13,13,13
marginal,349,1034,17,17,Singer,0.0,Younger,17,17,17,17
marginal,349,717,20,20,Tennis Player,1.0,Middle,20,20,20,20
marginal,349,756,3,3,Computer User,1.0,Middle,3,1 3 11 16,1 3 11 16,1 3 11 16
marginal,349,736,5,5,Farmer,2.0,Older,5,5 11,5 11,1 4 5 11 16
marginal,349,626,2,2,Boatman,1.0,Middle,2,2,2,2
marginal,349,1294,8,8,Gymnast,0.0,Younger,8,1 6 8 14,1 6 8 14,8
marginal,349,553,2,13,Motorcyclist,0.0,Younger,2,2,2 16,2
marginal,349,1112,20,20,Tennis Player,0.0,Younger,20,20,20,20
marginal,349,1067,3,3,Computer User,3.0,Unknown,3,3,3,3
marginal,349,247,6,6,Guard,1.0,Middle,6,6,6,6
marginal,349,785,18,18,Skateboarder,1.0,Middle,18,18,18,18
marginal,349,1177,7,7,Guitarist,1.0,Middle,7,3 4 7 11 15 16 17 19,3 7 16 19,3 7 16 19
marginal,349,291,6,12,Officer,3.0,Unknown,6,6,6,6
marginal,349,61,9,9,Hairdresser,1.0,Middle,9,9 15,9 15,4 9 11 15
marginal,349,288,14,14,Painter,1.0,Middle,14,11 14,11 14 15 18,11 14 15 18
marginal,349,308,6,6,Guard,2.0,Older,11,6 11 12,6 11 12 15,6 11 12 15 16
marginal,349,1214,10,10,Horse Rider,1.0,Middle,6,6 10 12 13,6 10 12 13,6 10 12 13
marginal,349,605,18,18,Skateboarder,0.0,Younger,18,18,18,18
marginal,349,976,10,10,Horse Rider,3.0,Unknown,10,10,1 2 5 10,2 5 10
marginal,349,311,9,9,Hairdresser,0.0,Younger,9,9,2 9 11,9
marginal,349,567,1,1,Backpacker,1.0,Middle,1,1 5,1 5 11 16,1 5 11 16
marginal,349,1199,1,1,Backpacker,0.0,Younger,1,1 3 6 8 10 12 18,1 8 12 18,1 8 12 18
marginal,349,1368,10,10,Horse Rider,1.0,Middle,10,10,8 10,8 10 12
marginal,349,671,8,8,Gymnast,0.0,Younger,8,8,8,8
marginal,349,768,16,16,Salesperson,2.0,Older,16,2 16,2 16 18 20,2 4 16 18 20
marginal,349,458,18,18,Skateboarder,0.0,Younger,18,18,18,18
marginal,349,977,2,2,Boatman,1.0,Middle,2,2,2 16,2 11 16
marginal,349,1116,19,19,Speaker,1.0,Middle,9,3 8 9 16 17 19,3 9 17 19,3 9 17 19
marginal,349,338,16,16,Salesperson,1.0,Middle,16,11 16,11 16,11 16
marginal,349,1262,4,4,Craftsman,3.0,Unknown,16,4 11 16,4 9 11 16,4 9 11 16
marginal,349,1266,2,2,Boatman,0.0,Younger,2,2,2,2
conditional,350,843,14,14,Painter,2.0,Older,16,4 11 16,4 11 15 16,4 11 14 15 16
conditional,350,781,11,19,Speaker,1.0,Middle,16,9 11 16,4 9 11 16,4 9 11 16
conditional,350,646,7,7,Guitarist,1.0,Middle,17,7 11 17,6 7 11 17,6 7 11 17
conditional,350,626,2,2,Boatman,1.0,Middle,2,2,2,2
conditional,350,95,10,10,Horse Rider,0.0,Younger,10,10,5 8 10,10
conditional,350,625,13,13,Motorcyclist,3.0,Unknown,13,13,13,13
conditional,350,1280,4,4,Craftsman,1.0,Middle,4,2 4 11,2 4 11,2 4 11
conditional,350,991,20,20,Tennis Player,1.0,Middle,20,20,20,20
conditional,350,1379,13,13,Motorcyclist,2.0,Older,13,13,12 13,4 10 12 13 15
conditional,350,589,10,10,Horse Rider,3.0,Unknown,10,10,10,10
conditional,350,1096,20,20,Tennis Player,1.0,Middle,20,20,20,20
conditional,350,665,19,19,Speaker,3.0,Unknown,19,2 3 10 11 12 13 16 17 19,2 10 12 19,2 10 12 19
conditional,350,578,16,16,Salesperson,1.0,Middle,16,11 16,11 16,11 16
conditional,350,1032,6,12,Officer,3.0,Unknown,6,6 12,6 12 13,6 12
conditional,350,86,2,5,Farmer,3.0,Unknown,5,2 5 11,2 5 11,2 5 11
conditional,350,159,17,17,Singer,1.0,Middle,17,7 17,7 17,7 10 17 19
conditional,350,1061,15,4,Craftsman,2.0,Older,4,4 11,2 4 11,2 4 5 11 15
conditional,350,110,8,8,Gymnast,0.0,Younger,8,8,8,8
conditional,350,107,17,1,Backpacker,1.0,Middle,16,6 11 16 17,6 11 16 17,6 11 16 17
conditional,350,19,20,20,Tennis Player,1.0,Middle,20,20,20,20
conditional,350,1048,16,16,Salesperson,1.0,Middle,16,5 11 16,5 11 16,1 5 11 16
conditional,350,28,9,9,Hairdresser,1.0,Middle,9,9,9,6 9
conditional,350,1318,18,18,Skateboarder,3.0,Unknown,18,18,18,18
conditional,350,470,9,9,Hairdresser,3.0,Unknown,9,9,9,9
conditional,350,854,3,3,Computer User,1.0,Middle,3,3,3 4 15 19,3 4 15 19
conditional,350,463,16,16,Salesperson,0.0,Younger,16,16,16,16
conditional,350,63,15,11,Laborer,1.0,Middle,6,6 13,6 12 13 16,6 12 13 16
conditional,350,849,7,7,Guitarist,1.0,Middle,7,7 17,7 17,7 17
conditional,350,1188,9,9,Hairdresser,3.0,Unknown,9,9 11,9 11,9
conditional,350,351,1,1,Backpacker,0.0,Younger,1,1,1,1
conditional,350,390,10,10,Horse Rider,1.0,Middle,10,6 10 12,6 10 12,6 10 12
conditional,350,273,15,15,Repairman,1.0,Middle,15,11 15,11 15 16,11 15 16
conditional,350,662,1,1,Backpacker,0.0,Younger,1,1,1,1
conditional,350,579,4,4,Craftsman,1.0,Middle,4,4 11,4 11 15,4 11 15 16
conditional,350,570,14,14,Painter,2.0,Older,14,14 16,14 16,4 11 14 15 16
conditional,350,1070,16,12,Officer,3.0,Unknown,6,6 12,3 6 12 16,6 12 16
conditional,350,1356,5,11,Laborer,3.0,Unknown,11,5 11,5 11 16,5 11 16
conditional,350,1060,6,6,Guard,0.0,Younger,6,6,6,6
conditional,350,70,15,15,Repairman,2.0,Older,15,4 11 15,4 11 15,4 9 11 15
conditional,350,1105,7,17,Singer,1.0,Middle,16,2 7 11 16 17,2 7 16 17,2 7 16 17
conditional,350,807,11,11,Laborer,1.0,Middle,11,11 15,11 15,11 15
conditional,350,803,18,18,Skateboarder,3.0,Unknown,18,18,18,18
conditional,350,602,2,2,Boatman,1.0,Middle,2,2 6 19,2 3 6 19,2 3 6 19
conditional,350,133,5,5,Farmer,3.0,Unknown,11,5 11,5 11,5 11
conditional,350,79,3,3,Computer User,0.0,Younger,3,3 11 15,3 11 15,3
conditional,350,1049,3,3,Computer User,3.0,Unknown,2,2 3 16,2 3 11 16,2 3 16
conditional,350,316,8,8,Gymnast,1.0,Middle,8,8,8,8
conditional,350,1243,16,19,Speaker,0.0,Younger,16,1 2 15 16 17,2 15 16 17,2 15 16 17
conditional,350,71,6,6,Guard,1.0,Middle,6,6 10 14,6 9 10 14,6 9 10 14
conditional,350,309,12,12,Officer,1.0,Middle,6,6 13,6 12 13 16,6 12 13 16
conditional,351,339,17,17,Singer,1.0,Middle,17,17,17,10 11 17 20
conditional,351,440,6,6,Guard,1.0,Middle,6,6 12,6 12,6 11 12 15
conditional,351,1286,7,7,Guitarist,3.0,Unknown,7,7,7,7
conditional,351,1217,8,8,Gymnast,3.0,Unknown,8,8,8,8
conditional,351,894,12,6,Guard,2.0,Older,15,6 15 16,4 6 15 16,4 6 11 15 16
conditional,351,226,2,2,Boatman,0.0,Younger,2,2,2,2
conditional,351,1316,16,16,Salesperson,1.0,Middle,2,1 2 11 14,1 2 11 14,1 2 11 14
conditional,351,661,8,8,Gymnast,0.0,Younger,8,8 18,8 18,8
conditional,351,74,20,20,Tennis Player,1.0,Middle,20,20,20,20
conditional,351,1236,7,7,Guitarist,1.0,Middle,11,1 2 5 7 11 16 17 20,1 2 11 20,1 2 11 20
conditional,351,824,14,14,Painter,3.0,Unknown,14,14,14,14
conditional,351,753,3,3,Computer User,1.0,Middle,11,1 11 18,1 3 11 18,1 3 11 18
conditional,351,1367,4,4,Craftsman,1.0,Middle,11,11 16,5 11 16,2 5 11 16
conditional,351,683,12,12,Officer,3.0,Unknown,6,6 12 13 16,6 12 13 16,6 12 13 16
conditional,351,459,2,2,Boatman,2.0,Older,2,2,2,2 6 14 15 16
conditional,351,1049,3,3,Computer User,3.0,Unknown,2,2 3 16,2 3 11 16,2 3 16
conditional,351,1136,8,8,Gymnast,0.0,Younger,8,8,8,8
conditional,351,898,13,13,Motorcyclist,1.0,Middle,13,2 11 13 16,2 11 13 16,2 11 13 16
conditional,351,336,17,17,Singer,0.0,Younger,17,17,17,17
conditional,351,433,15,15,Repairman,1.0,Middle,15,11 13 15,11 13 15 17,11 13 15 17
conditional,351,103,9,9,Hairdresser,1.0,Middle,9,9,9 11,9 11 16
conditional,351,992,7,7,Guitarist,2.0,Older,7,7,7,7 11 16 17 18
conditional,351,1084,20,20,Tennis Player,3.0,Unknown,20,20,20,20
conditional,351,147,1,1,Backpacker,1.0,Middle,1,1,1 11,1 3 11 16
conditional,351,410,11,11,Laborer,1.0,Middle,11,2 6 11 16,2 6 11 16,2 6 11 16
conditional,351,697,5,5,Farmer,3.0,Unknown,5,5 11,5 11 12,5 11
conditional,351,924,6,6,Guard,0.0,Younger,6,6 15,6 15,6
conditional,351,478,5,5,Farmer,3.0,Unknown,5,2 5 11,2 5 11,2 5 11
conditional,351,1094,20,20,Tennis Player,1.0,Middle,20,20,20,20
conditional,351,1221,9,9,Hairdresser,1.0,Middle,9,4 9 16,4 9 11 16,4 9 11 16
conditional,351,287,3,3,Computer User,3.0,Unknown,16,3 5 16,3 5 10 16,3 5 10 16
conditional,351,288,14,14,Painter,1.0,Middle,14,11 14,11 14 15 18,11 14 15 18
conditional,351,498,2,2,Boatman,1.0,Middle,2,2,2,2 11 16
conditional,351,915,15,15,Repairman,1.0,Middle,11,11 15,11 15,11 15
conditional,351,165,13,13,Motorcyclist,1.0,Middle,2,1 2 13,1 2 13 19,1 2 13 19
conditional,351,69,19,19,Speaker,1.0,Middle,17,9 16 17 20,9 16 17 20,9 16 17 20
conditional,351,859,12,12,Officer,1.0,Middle,6,2 6 12,2 6 12 13,2 6 12 13
conditional,351,120,3,10,Horse Rider,0.0,Younger,10,10,5 10 12 16,10
conditional,351,1171,1,18,Skateboarder,0.0,Younger,1,1 16 18,1 16 18,1
conditional,351,272,16,16,Salesperson,2.0,Older,16,11 16,11 16,5 6 11 16
conditional,351,348,12,12,Officer,0.0,Younger,16,6 11 12 13 16,6 11 12 16,6 11 12 16
conditional,351,215,11,14,Painter,1.0,Middle,11,11 14 15,4 11 14 15,4 11 14 15
conditional,351,1115,19,19,Speaker,1.0,Middle,6,6 9 10 12 17 19,6 9 17 19,6 9 17 19
conditional,351,1072,4,4,Craftsman,0.0,Younger,11,4 6 11 15 16,4 11 15 16,4 11 15 16
conditional,351,39,9,9,Hairdresser,2.0,Older,9,4 9 15,4 9 15,4 6 9 15 16
conditional,351,206,5,11,Laborer,1.0,Middle,5,5 11,5 11 16,5 11 16
conditional,351,445,13,13,Motorcyclist,3.0,Unknown,11,11 16,11 16,11 16
conditional,351,381,6,1,Backpacker,0.0,Younger,16,1 3 6 11 15 16,1 6 11 16,1 6 11 16
conditional,351,255,17,17,Singer,1.0,Middle,17,17,17,17
conditional,351,350,18,18,Skateboarder,1.0,Middle,18,18,18,18
conditional,352,587,19,19,Speaker,2.0,Older,12,3 6 10 11 12 16 17 19 20,6 11 12 16,6 11 12 16 19
conditional,352,982,2,2,Boatman,1.0,Middle,2,2,2,1 2
conditional,352,176,5,11,Laborer,3.0,Unknown,11,2 5 11,2 5 11,2 5 11
conditional,352,675,2,16,Salesperson,1.0,Middle,16,11 15 16,2 11 15 16,2 11 15 16
conditional,352,400,18,18,Skateboarder,3.0,Unknown,18,18,18,18
conditional,352,650,18,18,Skateboarder,3.0,Unknown,18,18,8 18,18
conditional,352,846,10,10,Horse Rider,3.0,Unknown,6,6,6,6
conditional,352,521,13,13,Motorcyclist,1.0,Middle,13,13,13,13
conditional,352,679,5,5,Farmer,2.0,Older,5,5 11,5 11,2 4 5 11
conditional,352,870,8,8,Gymnast,0.0,Younger,8,8,8,8
conditional,352,205,13,13,Motorcyclist,1.0,Middle,13,13,12 13,12 13
conditional,352,725,8,8,Gymnast,0.0,Younger,8,8,8,8
conditional,352,936,16,16,Salesperson,1.0,Middle,16,16,16,5 11 16
conditional,352,558,17,7,Guitarist,1.0,Middle,17,7 17,7 10 15 17,7 10 15 17
conditional,352,788,6,6,Guard,1.0,Middle,6,6,6,6
conditional,352,946,14,14,Painter,3.0,Unknown,14,14,2 14,14
conditional,352,389,13,1,Backpacker,2.0,Older,13,13,13,1 2 13 16
conditional,352,935,13,13,Motorcyclist,3.0,Unknown,13,13,13,13
conditional,352,1203,6,12,Officer,1.0,Middle,6,6 11,2 6 11 12,2 6 11 12
conditional,352,135,19,19,Speaker,3.0,Unknown,16,6 10 12 16 17 19 20,6 16 17 19,6 16 17 19
conditional,352,139,5,9,Hairdresser,1.0,Middle,11,5 9 11,4 5 9 11,4 5 9 11
conditional,352,1147,6,6,Guard,0.0,Younger,6,6,6,6
conditional,352,208,15,15,Repairman,3.0,Unknown,3,3,3 19,3
conditional,352,1116,19,19,Speaker,1.0,Middle,9,3 8 9 16 17 19,3 9 17 19,3 9 17 19
conditional,352,921,18,18,Skateboarder,3.0,Unknown,18,18,18,18
conditional,352,716,15,15,Repairman,0.0,Younger,15,15,15,15
conditional,352,530,17,17,Singer,1.0,Middle,17,17,7 17,7 17
conditional,352,186,4,4,Craftsman,2.0,Older,11,3 4 9 11 15 16,3 11 15 16,3 4 11 15 16
conditional,352,366,15,15,Repairman,1.0,Middle,15,11 15,11 15,4 11 15
conditional,352,597,3,3,Computer User,1.0,Middle,19,3 11 15 17 19,3 11 17 19,3 11 17 19
conditional,352,1334,17,17,Singer,1.0,Middle,17,17,17,11 17
conditional,352,1263,8,8,Gymnast,1.0,Middle,8,8,8,8
conditional,352,944,4,4,Craftsman,1.0,Middle,11,4 5 9 11 16,5 9 11 16,5 9 11 16
conditional,352,557,6,1,Backpacker,1.0,Middle,3,3 6 16 18 19 20,3 6 16 19,3 6 16 19
conditional,352,1390,11,4,Craftsman,1.0,Middle,11,4 11 15 16,4 11 15 16,4 11 15 16
conditional,352,943,10,10,Horse Rider,1.0,Middle,10,10,10,8 10
conditional,352,107,17,1,Backpacker,1.0,Middle,16,6 11 16 17,6 11 16 17,6 11 16 17
conditional,352,551,5,5,Farmer,1.0,Middle,5,5 11,5 11,5 11
conditional,352,615,4,11,Laborer,1.0,Middle,5,5 11,5 11,1 5 11
conditional,352,1060,6,6,Guard,0.0,Younger,6,6,6,6
conditional,352,112,20,20,Tennis Player,0.0,Younger,20,20,20,20
conditional,352,966,14,14,Painter,2.0,Older,14,5 11 14,4 5 11 14,4 5 11 12 14
conditional,352,1325,6,12,Officer,1.0,Middle,6,6 12 13,6 12 13 19,6 12 13 19
conditional,352,418,1,16,Salesperson,1.0,Middle,16,1 16,1 11 16,1 11 15 16
conditional,352,611,1,7,Guitarist,3.0,Unknown,16,1 15 16,1 4 15 16,1 4 15 16
conditional,352,850,3,3,Computer User,3.0,Unknown,16,11 16,3 11 15 16,3 11 15 16
conditional,352,58,11,11,Laborer,3.0,Unknown,11,6 11 14,6 11 14 18,6 11 14 18
conditional,352,1354,3,3,Computer User,3.0,Unknown,3,3 10 12 16,3 10 12 16,3 10 12 16
conditional,352,560,10,10,Horse Rider,0.0,Younger,10,8 10,8 10 20,10
conditional,352,386,17,7,Guitarist,3.0,Unknown,17,17,17,17
conditional,353,809,10,10,Horse Rider,1.0,Middle,10,5 8 10 12,5 8 10 12,5 8 10 12
conditional,353,276,14,14,Painter,0.0,Younger,14,11 14 16,11 14 16,14 16
conditional,353,826,6,6,Guard,3.0,Unknown,6,6,6,6
conditional,353,89,16,19,Speaker,1.0,Middle,16,3 16,3 10 16 20,3 10 16 20
conditional,353,712,15,15,Repairman,1.0,Middle,11,11 15,1 4 11 15,1 4 11 15
conditional,353,1190,3,3,Computer User,1.0,Middle,1,1 3 15 16,1 3 15 16,1 3 15 16
conditional,353,490,5,5,Farmer,0.0,Younger,5,5 11 16,5 11 16,5 11
conditional,353,1257,16,16,Salesperson,1.0,Middle,16,5 11 16,4 5 11 16,4 5 11 16
conditional,353,113,19,19,Speaker,2.0,Older,3,3 5 10 11 12 19,3 10 12 19,3 10 11 12 19
conditional,353,340,15,15,Repairman,3.0,Unknown,15,3 6 9 11 15 16,3 9 11 15,3 9 11 15
conditional,353,1350,12,13,Motorcyclist,3.0,Unknown,12,6 12 13,3 6 12 13,3 6 12 13
conditional,353,998,17,17,Singer,0.0,Younger,17,17,11 17,17
conditional,353,312,9,9,Hairdresser,1.0,Middle,9,2 9 11 15,2 9 11 15,2 9 11 15
conditional,353,158,4,4,Craftsman,1.0,Middle,11,4 5 11 16,4 5 11 16,4 5 11 16
conditional,353,491,8,8,Gymnast,1.0,Middle,8,8,8,8
conditional,353,6,3,3,Computer User,0.0,Younger,3,1 3 10 11 14 15 16 17 18 19,1 3 11 17,1 3 11 17
conditional,353,859,12,12,Officer,1.0,Middle,6,2 6 12,2 6 12 13,2 6 12 13
conditional,353,403,8,8,Gymnast,0.0,Younger,8,8,8,8
conditional,353,664,2,2,Boatman,1.0,Middle,2,2 16,2 11 16,2 11 15 16
conditional,353,1376,16,16,Salesperson,2.0,Older,16,16,11 16,3 4 6 11 16
conditional,353,455,4,11,Laborer,0.0,Younger,4,4 11 14,4 11 14,4 11
conditional,353,419,19,19,Speaker,1.0,Middle,20,5 6 8 10 11 16 17 20,8 16 17 20,8 16 17 20
conditional,353,1196,20,20,Tennis Player,3.0,Unknown,20,20,20,20
conditional,353,459,2,2,Boatman,2.0,Older,2,2,2,2 6 14 15 16
conditional,353,82,7,7,Guitarist,1.0,Middle,7,7,7,7
conditional,353,387,20,20,Tennis Player,1.0,Middle,20,20,20,20
conditional,353,306,14,14,Painter,1.0,Middle,14,11 14 16,4 11 14 16,4 11 14 16
conditional,353,708,5,5,Farmer,2.0,Older,11,5 11,4 5 11,2 4 5 11 16
conditional,353,305,17,17,Singer,1.0,Middle,17,17,17,17
conditional,353,1113,2,2,Boatman,1.0,Middle,2,2 14,2 11 14 17,2 11 14 17
conditional,353,184,13,13,Motorcyclist,1.0,Middle,13,13,13,11 13
conditional,353,488,19,3,Computer User,1.0,Middle,16,3 6 16,2 3 6 16,2 3 6 16
conditional,353,501,13,18,Skateboarder,0.0,Younger,13,2 6 11 13 16 18,11 13 16 18,11 13 16 18
conditional,353,1133,12,6,Guard,1.0,Middle,11,6 11,6 11 12 13,6 11 12 13
conditional,353,81,18,4,Craftsman,1.0,Middle,11,2 5 6 11 13 15,2 6 11 15,2 6 11 15
conditional,353,714,16,16,Salesperson,3.0,Unknown,16,11 16,11 13 16,11 16
conditional,353,811,6,12,Officer,1.0,Middle,6,6 10 11 15,6 10 11 15,6 10 11 15
conditional,353,297,7,7,Guitarist,1.0,Middle,7,7,7,7 13
conditional,353,1276,9,9,Hairdresser,1.0,Middle,9,9,9 15,5 9 11 15
conditional,353,718,12,12,Officer,0.0,Younger,12,2 6 12 13,2 6 12 13,2 6 12 13
conditional,353,1060,6,6,Guard,0.0,Younger,6,6,6,6
conditional,353,846,6,10,Horse Rider,3.0,Unknown,6,6,6,6
conditional,353,1298,18,18,Skateboarder,1.0,Middle,18,13 16 18,6 13 16 18,6 13 16 18
conditional,353,1044,6,15,Repairman,0.0,Younger,11,3 4 6 10 11 14 15 16 17,6 11 15 16,6 11 15 16
conditional,353,267,5,5,Farmer,3.0,Unknown,11,5 11,1 5 11,1 5 11
conditional,353,486,7,7,Guitarist,1.0,Middle,17,1 6 7 11 17,1 6 7 17,1 6 7 17
conditional,353,544,16,11,Laborer,0.0,Younger,11,5 11 16,5 11 16,5 11 16
conditional,353,1377,8,8,Gymnast,0.0,Younger,8,8,8,8
conditional,353,230,1,1,Backpacker,3.0,Unknown,1,1 16,1 6 14 16,1 6 14 16
conditional,353,957,14,14,Painter,1.0,Middle,14,9 11 14 16,9 11 14 16,9 11 14 16
conditional,354,738,4,4,Craftsman,1.0,Middle,11,4 11 16,4 11 16,4 11 16
conditional,354,928,2,2,Boatman,2.0,Older,2,2,2,2 6 10 12
conditional,354,215,11,14,Painter,1.0,Middle,11,11 14 15,4 11 14 15,4 11 14 15
conditional,354,511,7,7,Guitarist,1.0,Middle,17,7 17,1 7 10 17,1 7 10 17
conditional,354,181,15,15,Repairman,1.0,Middle,11,4 11 15,4 11 15,4 11 15
conditional,354,1324,10,10,Horse Rider,3.0,Unknown,10,10,10,10
conditional,354,239,16,16,Salesperson,1.0,Middle,16,2 3 9 11 15 16,3 11 15 16,3 11 15 16
conditional,354,22,2,2,Boatman,0.0,Younger,2,2,2,2
conditional,354,858,19,19,Speaker,1.0,Middle,19,3 6 10 11 12 17 19,6 11 17 19,6 11 17 19
conditional,354,865,14,14,Painter,1.0,Middle,14,11 14 16,2 11 14 16,2 11 14 16
conditional,354,1384,20,20,Tennis Player,1.0,Middle,20,20,20,20
conditional,354,435,20,20,Tennis Player,1.0,Middle,20,20,20,20
conditional,354,348,12,12,Officer,0.0,Younger,16,6 11 12 13 16,6 11 12 16,6 11 12 16
conditional,354,100,3,3,Computer User,3.0,Unknown,3,2 3 8 11 15 16 19,3 11 15 16,3 11 15 16
conditional,354,656,8,8,Gymnast,0.0,Younger,8,6 8,6 8 13 18,6 8
conditional,354,371,6,6,Guard,1.0,Middle,6,6 11 12,6 11 12 18,6 11 12 18
conditional,354,407,5,5,Farmer,2.0,Older,5,4 5 11 15 16,5 11 15 16,4 5 11 15 16
conditional,354,988,4,11,Laborer,2.0,Older,11,11 15 16,11 14 15 16,2 11 14 15 16
conditional,354,624,15,15,Repairman,1.0,Middle,15,3 6 11 15,3 6 11 15,3 6 11 15
conditional,354,429,20,9,Hairdresser,3.0,Unknown,9,1 3 9 14,1 3 9 14,1 3 9 14
conditional,354,38,9,9,Hairdresser,2.0,Older,9,9,9,4 9 11 15
conditional,354,751,6,12,Officer,1.0,Middle,6,6 16,3 6 11 16,3 6 11 16
conditional,354,1193,5,5,Farmer,3.0,Unknown,11,5 11,5 11,5 11
conditional,354,565,1,11,Laborer,2.0,Older,14,1 2 11 14 15,1 2 11 14,1 2 11 14 15
conditional,354,48,1,1,Backpacker,3.0,Unknown,1,1,1 2 11,1 2
conditional,354,457,18,18,Skateboarder,0.0,Younger,18,18,18,18
conditional,354,1333,17,17,Singer,1.0,Middle,17,17,11 17,6 11 17
conditional,354,476,1,1,Backpacker,0.0,Younger,1,1,1,1
conditional,354,1074,1,1,Backpacker,3.0,Unknown,1,1,1 10 12,1 10
conditional,354,789,6,11,Laborer,1.0,Middle,6,6 11 15,6 11 15 18,6 11 15 18
conditional,354,1134,3,3,Computer User,3.0,Unknown,3,1 3 16,1 3 11 16,1 3 11 16
conditional,354,1122,3,3,Computer User,1.0,Middle,3,3 16 17 19,3 16 17 19,3 16 17 19
conditional,354,413,20,20,Tennis Player,1.0,Middle,20,20,20,6 20
conditional,354,1131,17,17,Singer,0.0,Younger,17,11 17,11 12 15 17,17
conditional,354,1136,8,8,Gymnast,0.0,Younger,8,8,8,8
conditional,354,390,10,10,Horse Rider,1.0,Middle,10,6 10 12,6 10 12,6 10 12
conditional,354,718,12,12,Officer,0.0,Younger,12,2 6 12 13,2 6 12 13,2 6 12 13
conditional,354,1186,12,6,Guard,1.0,Middle,12,6 12 13,1 6 12 13,1 6 12 13
conditional,354,452,4,4,Craftsman,1.0,Middle,11,4 11 14 16,4 11 14 16,4 11 14 16
conditional,354,460,16,16,Salesperson,1.0,Middle,16,11 16,6 11 14 16,6 11 14 16
conditional,354,943,10,10,Horse Rider,1.0,Middle,10,10,10,8 10
conditional,354,616,5,5,Farmer,3.0,Unknown,5,5 11,5 11,5 11
conditional,354,363,18,18,Skateboarder,0.0,Younger,18,18,18,18
conditional,354,1158,19,19,Speaker,1.0,Middle,6,6 12 19,6 12 19,6 10 12 19
conditional,354,366,15,15,Repairman,1.0,Middle,15,11 15,11 15,4 11 15
conditional,354,336,17,17,Singer,0.0,Younger,17,17,17,17
conditional,354,1077,13,13,Motorcyclist,1.0,Middle,13,13,13,13
conditional,354,93,16,16,Salesperson,3.0,Unknown,16,16,1 16,16
conditional,354,1358,13,13,Motorcyclist,3.0,Unknown,13,13,13,13
conditional,354,1254,13,13,Motorcyclist,3.0,Unknown,16,2 13 16,2 11 13 16,2 11 13 16
conditional,355,597,3,3,Computer User,1.0,Middle,19,3 11 15 17 19,3 11 17 19,3 11 17 19
conditional,355,615,5,11,Laborer,1.0,Middle,5,5 11,5 11,1 5 11
conditional,355,1263,8,8,Gymnast,1.0,Middle,8,8,8,8
conditional,355,551,5,5,Farmer,1.0,Middle,5,5 11,5 11,5 11
conditional,355,982,2,2,Boatman,1.0,Middle,2,2,2,1 2
conditional,355,587,19,19,Speaker,2.0,Older,12,3 6 10 11 12 16 17 19 20,6 11 12 16,6 11 12 16 19
conditional,355,560,10,10,Horse Rider,0.0,Younger,10,8 10,8 10 20,10
conditional,355,1354,3,3,Computer User,3.0,Unknown,3,3 10 12 16,3 10 12 16,3 10 12 16
conditional,355,112,20,20,Tennis Player,0.0,Younger,20,20,20,20
conditional,355,139,5,9,Hairdresser,1.0,Middle,11,5 9 11,4 5 9 11,4 5 9 11
conditional,355,725,8,8,Gymnast,0.0,Younger,8,8,8,8
conditional,355,1116,19,19,Speaker,1.0,Middle,9,3 8 9 16 17 19,3 9 17 19,3 9 17 19
conditional,355,1325,12,12,Officer,1.0,Middle,6,6 12 13,6 12 13 19,6 12 13 19
conditional,355,176,2,11,Laborer,3.0,Unknown,11,2 5 11,2 5 11,2 5 11
conditional,355,675,16,16,Salesperson,1.0,Middle,16,11 15 16,2 11 15 16,2 11 15 16
conditional,355,943,10,10,Horse Rider,1.0,Middle,10,10,10,8 10
conditional,355,521,13,13,Motorcyclist,1.0,Middle,13,13,13,13
conditional,355,400,18,18,Skateboarder,3.0,Unknown,18,18,18,18
conditional,355,1147,6,6,Guard,0.0,Younger,6,6,6,6
conditional,355,935,13,13,Motorcyclist,3.0,Unknown,13,13,13,13
conditional,355,418,16,16,Salesperson,1.0,Middle,16,1 16,1 11 16,1 11 15 16
conditional,355,1203,6,12,Officer,1.0,Middle,6,6 11,2 6 11 12,2 6 11 12
conditional,355,870,8,8,Gymnast,0.0,Younger,8,8,8,8
conditional,355,1060,6,6,Guard,0.0,Younger,6,6,6,6
conditional,355,1390,4,4,Craftsman,1.0,Middle,11,4 11 15 16,4 11 15 16,4 11 15 16
conditional,355,936,16,16,Salesperson,1.0,Middle,16,16,16,5 11 16
conditional,355,557,3,1,Backpacker,1.0,Middle,3,3 6 16 18 19 20,3 6 16 19,3 6 16 19
conditional,355,850,3,3,Computer User,3.0,Unknown,16,11 16,3 11 15 16,3 11 15 16
conditional,355,1334,17,17,Singer,1.0,Middle,17,17,17,11 17
conditional,355,650,18,18,Skateboarder,3.0,Unknown,18,18,8 18,18
conditional,355,530,17,17,Singer,1.0,Middle,17,17,7 17,7 17
conditional,355,921,18,18,Skateboarder,3.0,Unknown,18,18,18,18
conditional,355,389,13,1,Backpacker,2.0,Older,13,13,13,1 2 13 16
conditional,355,611,16,7,Guitarist,3.0,Unknown,16,1 15 16,1 4 15 16,1 4 15 16
conditional,355,205,13,13,Motorcyclist,1.0,Middle,13,13,12 13,12 13
conditional,355,58,11,11,Laborer,3.0,Unknown,11,6 11 14,6 11 14 18,6 11 14 18
conditional,355,186,3,4,Craftsman,2.0,Older,11,3 4 9 11 15 16,3 11 15 16,3 4 11 15 16
conditional,355,135,6,19,Speaker,3.0,Unknown,16,6 10 12 16 17 19 20,6 16 17 19,6 16 17 19
conditional,355,107,17,1,Backpacker,1.0,Middle,16,6 11 16 17,6 11 16 17,6 11 16 17
conditional,355,788,6,6,Guard,1.0,Middle,6,6,6,6
conditional,355,966,14,14,Painter,2.0,Older,14,5 11 14,4 5 11 14,4 5 11 12 14
conditional,355,946,14,14,Painter,3.0,Unknown,14,14,2 14,14
conditional,355,386,17,7,Guitarist,3.0,Unknown,17,17,17,17
conditional,355,846,6,10,Horse Rider,3.0,Unknown,6,6,6,6
conditional,355,208,3,15,Repairman,3.0,Unknown,3,3,3 19,3
conditional,355,558,7,7,Guitarist,1.0,Middle,17,7 17,7 10 15 17,7 10 15 17
conditional,355,716,15,15,Repairman,0.0,Younger,15,15,15,15
conditional,355,366,15,15,Repairman,1.0,Middle,15,11 15,11 15,4 11 15
conditional,355,944,9,4,Craftsman,1.0,Middle,11,4 5 9 11 16,5 9 11 16,5 9 11 16
conditional,355,679,5,5,Farmer,2.0,Older,5,5 11,5 11,2 4 5 11
conditional,356,918,11,11,Laborer,3.0,Unknown,11,11 15,4 11 14 15,11 14 15
conditional,356,717,20,20,Tennis Player,1.0,Middle,20,20,20,20
conditional,356,61,9,9,Hairdresser,1.0,Middle,9,9 15,9 15,4 9 11 15
conditional,356,441,13,13,Motorcyclist,3.0,Unknown,13,13,13,13
conditional,356,553,2,13,Motorcyclist,0.0,Younger,2,2,2 16,2
conditional,356,1112,20,20,Tennis Player,0.0,Younger,20,20,20,20
conditional,356,1266,2,2,Boatman,0.0,Younger,2,2,2,2
conditional,356,291,6,12,Officer,3.0,Unknown,6,6,6,6
conditional,356,1199,8,1,Backpacker,0.0,Younger,1,1 3 6 8 10 12 18,1 8 12 18,1 8 12 18
conditional,356,1116,19,19,Speaker,1.0,Middle,9,3 8 9 16 17 19,3 9 17 19,3 9 17 19
conditional,356,338,16,16,Salesperson,1.0,Middle,16,11 16,11 16,11 16
conditional,356,1294,8,8,Gymnast,0.0,Younger,8,1 6 8 14,1 6 8 14,8
conditional,356,352,17,17,Singer,1.0,Middle,17,17,17,17
conditional,356,901,12,12,Officer,3.0,Unknown,6,6 11 12 13,6 11 12 13,6 11 12 13
conditional,356,671,8,8,Gymnast,0.0,Younger,8,8,8,8
conditional,356,288,14,14,Painter,1.0,Middle,14,11 14,11 14 15 18,11 14 15 18
conditional,356,12,12,19,Speaker,1.0,Middle,12,1 8 10 12,1 8 10 12,1 8 10 12
conditional,356,567,1,1,Backpacker,1.0,Middle,1,1 5,1 5 11 16,1 5 11 16
conditional,356,247,6,6,Guard,1.0,Middle,6,6,6,6
conditional,356,121,16,16,Salesperson,1.0,Middle,16,16,1 11 15 16,1 11 15 16
conditional,356,977,2,2,Boatman,1.0,Middle,2,2,2 16,2 11 16
conditional,356,1262,11,4,Craftsman,3.0,Unknown,16,4 11 16,4 9 11 16,4 9 11 16
conditional,356,768,16,16,Salesperson,2.0,Older,16,2 16,2 16 18 20,2 4 16 18 20
conditional,356,128,20,19,Speaker,0.0,Younger,20,20,20,20
conditional,356,1067,3,3,Computer User,3.0,Unknown,3,3,3,3
conditional,356,140,15,15,Repairman,1.0,Middle,15,15,15,15
conditional,356,626,2,2,Boatman,1.0,Middle,2,2,2,2
conditional,356,756,3,3,Computer User,1.0,Middle,3,1 3 11 16,1 3 11 16,1 3 11 16
conditional,356,649,13,13,Motorcyclist,1.0,Middle,13,13,13,13
conditional,356,785,18,18,Skateboarder,1.0,Middle,18,18,18,18
conditional,356,557,1,1,Backpacker,1.0,Middle,3,3 6 16 18 19 20,3 6 16 19,3 6 16 19
conditional,356,971,19,5,Farmer,1.0,Middle,3,3 5 6 8 9 11 16 17,3 6 9 11,3 6 9 11
conditional,356,736,5,5,Farmer,2.0,Older,5,5 11,5 11,1 4 5 11 16
conditional,356,880,9,9,Hairdresser,1.0,Middle,9,9,9,9 11
conditional,356,56,2,6,Guard,1.0,Middle,2,2 6 12,2 6 12,2 6 12
conditional,356,605,18,18,Skateboarder,0.0,Younger,18,18,18,18
conditional,356,311,9,9,Hairdresser,0.0,Younger,9,9,2 9 11,9
conditional,356,976,10,10,Horse Rider,3.0,Unknown,10,10,1 2 5 10,2 5 10
conditional,356,1034,17,17,Singer,0.0,Younger,17,17,17,17
conditional,356,855,14,14,Painter,1.0,Middle,15,11 15,11 14 15,11 14 15
conditional,356,410,11,11,Laborer,1.0,Middle,11,2 6 11 16,2 6 11 16,2 6 11 16
conditional,356,308,12,6,Guard,2.0,Older,11,6 11 12,6 11 12 15,6 11 12 15 16
conditional,356,1214,10,10,Horse Rider,1.0,Middle,6,6 10 12 13,6 10 12 13,6 10 12 13
conditional,356,458,18,18,Skateboarder,0.0,Younger,18,18,18,18
conditional,356,1230,4,4,Craftsman,3.0,Unknown,11,4 11 14 15,4 11 14 15,4 11 14 15
conditional,356,1368,10,10,Horse Rider,1.0,Middle,10,10,8 10,8 10 12
conditional,356,1278,3,3,Computer User,3.0,Unknown,11,3 6 11 14 15 16,3 6 11 14,3 6 11 14
conditional,356,70,15,15,Repairman,2.0,Older,15,4 11 15,4 11 15,4 9 11 15
conditional,356,1267,17,17,Singer,1.0,Middle,16,11 16 17,11 15 16 17,11 15 16 17
conditional,356,1177,7,7,Guitarist,1.0,Middle,7,3 4 7 11 15 16 17 19,3 7 16 19,3 7 16 19
conditional,357,299,5,4,Craftsman,1.0,Middle,16,1 11 16,1 11 15 16,1 11 15 16
conditional,357,610,19,19,Speaker,2.0,Older,19,5 10 11 16 19,5 11 16 19,5 10 11 16 19
conditional,357,1346,18,18,Skateboarder,1.0,Middle,18,18,18,18
conditional,357,1229,4,4,Craftsman,3.0,Unknown,4,4 15,4 15,4 15
conditional,357,447,13,13,Motorcyclist,0.0,Younger,13,1 11 13 16,1 11 13 16,11 13 16
conditional,357,22,2,2,Boatman,0.0,Younger,2,2,2,2
conditional,357,459,2,2,Boatman,2.0,Older,2,2,2,2 6 14 15 16
conditional,357,227,9,9,Hairdresser,1.0,Middle,9,9 11 16,4 9 11 16,4 9 11 16
conditional,357,854,3,3,Computer User,1.0,Middle,3,3,3 4 15 19,3 4 15 19
conditional,357,936,16,16,Salesperson,1.0,Middle,16,16,16,5 11 16
conditional,357,371,6,6,Guard,1.0,Middle,6,6 11 12,6 11 12 18,6 11 12 18
conditional,357,530,17,17,Singer,1.0,Middle,17,17,7 17,7 17
conditional,357,609,10,10,Horse Rider,1.0,Middle,10,8 10,5 8 10 20,5 8 10 20
conditional,357,742,15,15,Repairman,1.0,Middle,15,11 13 15,4 11 13 15,4 11 13 15
conditional,357,660,11,11,Laborer,1.0,Middle,11,11,11,4 5 11
conditional,357,822,12,12,Officer,1.0,Middle,6,3 6 12 15,3 6 12 15,3 6 12 15
conditional,357,786,17,17,Singer,3.0,Unknown,17,8 11 17 19,8 11 17 19,8 11 17 19
conditional,357,1130,11,14,Painter,1.0,Middle,15,4 11 14 15,4 11 14 15,4 11 14 15
conditional,357,43,17,17,Singer,3.0,Unknown,17,17,10 17,17
conditional,357,1330,1,1,Backpacker,1.0,Middle,1,1 4 6 7 11 12 15 17 18 19,1 6 7 15,1 6 7 15
conditional,357,1360,14,4,Craftsman,3.0,Unknown,16,11 14 15 16,11 14 15 16,11 14 15 16
conditional,357,789,6,11,Laborer,1.0,Middle,6,6 11 15,6 11 15 18,6 11 15 18
conditional,357,1099,10,10,Horse Rider,0.0,Younger,10,10,10,10
conditional,357,257,18,18,Skateboarder,0.0,Younger,18,18,18,18
conditional,357,1396,13,13,Motorcyclist,3.0,Unknown,13,1 11 13 16,1 11 13 16,1 11 13 16
conditional,357,832,18,18,Skateboarder,1.0,Middle,18,18,18,18
conditional,357,914,8,8,Gymnast,1.0,Middle,8,8,8,8
conditional,357,685,13,13,Motorcyclist,1.0,Middle,16,13 16,6 13 15 16,6 13 15 16
conditional,357,1190,3,3,Computer User,1.0,Middle,1,1 3 15 16,1 3 15 16,1 3 15 16
conditional,357,874,5,5,Farmer,1.0,Middle,5,5,5,5 11
conditional,357,1076,6,11,Laborer,1.0,Middle,6,6 11 13 16,6 11 13 16,6 11 13 16
conditional,357,381,1,1,Backpacker,0.0,Younger,16,1 3 6 11 15 16,1 6 11 16,1 6 11 16
conditional,357,1177,7,7,Guitarist,1.0,Middle,7,3 4 7 11 15 16 17 19,3 7 16 19,3 7 16 19
conditional,357,1102,2,2,Boatman,3.0,Unknown,2,2,2,2
conditional,357,1013,4,16,Salesperson,1.0,Middle,16,11 16,11 16,11 16
conditional,357,189,20,19,Speaker,1.0,Middle,20,1 20,1 20,1 20
conditional,357,1057,9,9,Hairdresser,0.0,Younger,9,9,9,9
conditional,357,676,1,1,Backpacker,1.0,Middle,1,1 11 16,1 11 16,1 5 11 16
conditional,357,1156,20,20,Tennis Player,0.0,Younger,20,20,20,20
conditional,357,1378,20,20,Tennis Player,0.0,Younger,20,20,20,20
conditional,357,534,11,3,Computer User,1.0,Middle,11,2 3 6 11 15,2 3 11 15,2 3 11 15
conditional,357,510,20,20,Tennis Player,1.0,Middle,20,16 18 20,16 18 20,1 16 18 20
conditional,357,178,6,6,Guard,2.0,Older,15,6 13 15,4 6 13 15,4 6 13 15 16
conditional,357,233,5,16,Salesperson,1.0,Middle,11,5 11,5 11 16,2 5 11 16
conditional,357,237,7,7,Guitarist,1.0,Middle,7,7,7,7 12 17
conditional,357,715,10,10,Horse Rider,1.0,Middle,10,8 10,6 8 10 12,6 8 10 12
conditional,357,604,6,6,Guard,1.0,Middle,6,6 11 16,1 6 11 16,1 6 11 16
conditional,357,23,5,5,Farmer,1.0,Middle,5,5 11,5 11,5 11 15 16
conditional,357,118,3,15,Repairman,1.0,Middle,3,3 15 16 19,3 15 16 19,3 15 16 19
conditional,357,556,5,5,Farmer,1.0,Middle,5,5 11,5 11 16,5 11 16
conditional,358,1334,17,17,Singer,1.0,Middle,17,17,17,11 17
conditional,358,751,6,12,Officer,1.0,Middle,6,6 16,3 6 11 16,3 6 11 16
conditional,358,1208,1,5,Farmer,1.0,Middle,1,1 11,1 5 11 16,1 5 11 16
conditional,358,499,1,1,Backpacker,0.0,Younger,1,1 6 16,1 6 10 16,1
conditional,358,642,7,7,Guitarist,3.0,Unknown,7,7 17,7 17,7
conditional,358,1083,5,5,Farmer,2.0,Older,5,5 11 16,4 5 11 16,4 5 9 11 16
conditional,358,408,2,2,Boatman,3.0,Unknown,2,2,2,2
conditional,358,369,9,9,Hairdresser,1.0,Middle,9,9,9,9
conditional,358,1374,6,6,Guard,1.0,Middle,6,6,6 15,6 15 16
conditional,358,167,17,17,Singer,0.0,Younger,17,17,11 17 19 20,17
conditional,358,1389,13,13,Motorcyclist,3.0,Unknown,13,13,13,13
conditional,358,942,2,2,Boatman,3.0,Unknown,2,1 2,1 2,1 2
conditional,358,850,3,3,Computer User,3.0,Unknown,16,11 16,3 11 15 16,3 11 15 16
conditional,358,744,18,18,Skateboarder,0.0,Younger,18,18,18,18
conditional,358,606,3,3,Computer User,3.0,Unknown,3,3 6 8 16,3 6 8 16,3 6 8 16
conditional,358,353,14,14,Painter,1.0,Middle,14,11 14,11 14,4 11 14
conditional,358,407,5,5,Farmer,2.0,Older,5,4 5 11 15 16,5 11 15 16,4 5 11 15 16
conditional,358,716,15,15,Repairman,0.0,Younger,15,15,15,15
conditional,358,843,4,14,Painter,2.0,Older,16,4 11 16,4 11 15 16,4 11 14 15 16
conditional,358,908,8,8,Gymnast,0.0,Younger,8,8,8,8
conditional,358,349,20,20,Tennis Player,1.0,Middle,20,20,20,20
conditional,358,179,7,7,Guitarist,1.0,Middle,17,1 2 5 7 9 11 14 15 16 17,1 2 7 17,1 2 7 17
conditional,358,1342,20,20,Tennis Player,1.0,Middle,20,20,20,20
conditional,358,1263,8,8,Gymnast,1.0,Middle,8,8,8,8
conditional,358,389,13,1,Backpacker,2.0,Older,13,13,13,1 2 13 16
conditional,358,522,8,4,Craftsman,0.0,Younger,8,1 2 4 6 8 11 15 16 20,2 8 11 16,2 8 11 16
conditional,358,983,20,20,Tennis Player,1.0,Middle,20,20,20,20
conditional,358,260,6,2,Boatman,1.0,Middle,2,2 6,2 6,2 6
conditional,358,469,8,8,Gymnast,0.0,Younger,8,8,8,8
conditional,358,12,12,19,Speaker,1.0,Middle,12,1 8 10 12,1 8 10 12,1 8 10 12
conditional,358,517,11,14,Painter,0.0,Younger,14,11 14 15,11 14 15 16,11 14 15
conditional,358,460,16,16,Salesperson,1.0,Middle,16,11 16,6 11 14 16,6 11 14 16
conditional,358,455,4,11,Laborer,0.0,Younger,4,4 11 14,4 11 14,4 11
conditional,358,956,6,6,Guard,1.0,Middle,6,6,6,6 20
conditional,358,96,16,1,Backpacker,1.0,Middle,16,16,11 16,11 14 15 16
conditional,358,89,19,19,Speaker,1.0,Middle,16,3 16,3 10 16 20,3 10 16 20
conditional,358,138,18,18,Skateboarder,3.0,Unknown,18,18,18,18
conditional,358,105,15,15,Repairman,3.0,Unknown,15,4 11 15 16,4 11 15 16,4 11 15 16
conditional,358,371,12,6,Guard,1.0,Middle,6,6 11 12,6 11 12 18,6 11 12 18
conditional,358,495,16,16,Salesperson,2.0,Older,2,2 14 16,2 14 16,2 4 11 14 16
conditional,358,730,1,3,Computer User,3.0,Unknown,1,1 2 11 16 17,1 2 11 16,1 2 11 16
conditional,358,30,11,11,Laborer,1.0,Middle,11,4 11 15,4 11 15,4 5 11 15
conditional,358,923,6,12,Officer,3.0,Unknown,6,6 11 16,6 11 12 16,6 11 12 16
conditional,358,643,10,10,Horse Rider,1.0,Middle,10,10,8 10,5 8 10 20
conditional,358,1159,17,17,Singer,0.0,Younger,17,17,17,17
conditional,358,1055,13,13,Motorcyclist,1.0,Middle,13,13,13,13
conditional,358,1348,6,16,Salesperson,1.0,Middle,9,6 9 12,3 6 9 12,3 6 9 12
conditional,358,1303,11,13,Motorcyclist,3.0,Unknown,1,1 2 11 13 16,1 2 11 13,1 2 11 13
conditional,358,1121,18,18,Skateboarder,3.0,Unknown,2,2 16 18,1 2 16 18,1 2 16 18
conditional,358,654,4,4,Craftsman,3.0,Unknown,4,4 11,2 4 11 15,2 4 11 15
conditional,359,1076,12,11,Laborer,1.0,Middle,6,6 11 13 16,6 11 13 16,6 11 13 16
conditional,359,715,10,10,Horse Rider,1.0,Middle,10,8 10,6 8 10 12,6 8 10 12
conditional,359,43,19,17,Singer,3.0,Unknown,17,17,10 17,17
conditional,359,914,8,8,Gymnast,1.0,Middle,8,8,8,8
conditional,359,118,15,15,Repairman,1.0,Middle,3,3 15 16 19,3 15 16 19,3 15 16 19
conditional,359,936,16,16,Salesperson,1.0,Middle,16,16,16,5 11 16
conditional,359,1099,10,10,Horse Rider,0.0,Younger,10,10,10,10
conditional,359,660,5,11,Laborer,1.0,Middle,11,11,11,4 5 11
conditional,359,854,3,3,Computer User,1.0,Middle,3,3,3 4 15 19,3 4 15 19
conditional,359,299,5,4,Craftsman,1.0,Middle,16,1 11 16,1 11 15 16,1 11 15 16
conditional,359,556,5,5,Farmer,1.0,Middle,5,5 11,5 11 16,5 11 16
conditional,359,1396,13,13,Motorcyclist,3.0,Unknown,13,1 11 13 16,1 11 13 16,1 11 13 16
conditional,359,1013,4,16,Salesperson,1.0,Middle,16,11 16,11 16,11 16
conditional,359,1102,2,2,Boatman,3.0,Unknown,2,2,2,2
conditional,359,874,5,5,Farmer,1.0,Middle,5,5,5,5 11
conditional,359,447,13,13,Motorcyclist,0.0,Younger,13,1 11 13 16,1 11 13 16,11 13 16
conditional,359,178,6,6,Guard,2.0,Older,15,6 13 15,4 6 13 15,4 6 13 15 16
conditional,359,742,15,15,Repairman,1.0,Middle,15,11 13 15,4 11 13 15,4 11 13 15
conditional,359,1177,7,7,Guitarist,1.0,Middle,7,3 4 7 11 15 16 17 19,3 7 16 19,3 7 16 19
conditional,359,257,18,18,Skateboarder,0.0,Younger,18,18,18,18
conditional,359,1346,18,18,Skateboarder,1.0,Middle,18,18,18,18
conditional,359,1229,4,4,Craftsman,3.0,Unknown,4,4 15,4 15,4 15
conditional,359,510,20,20,Tennis Player,1.0,Middle,20,16 18 20,16 18 20,1 16 18 20
conditional,359,530,17,17,Singer,1.0,Middle,17,17,7 17,7 17
conditional,359,22,2,2,Boatman,0.0,Younger,2,2,2,2
conditional,359,1190,3,3,Computer User,1.0,Middle,1,1 3 15 16,1 3 15 16,1 3 15 16
conditional,359,459,2,2,Boatman,2.0,Older,2,2,2,2 6 14 15 16
conditional,359,1156,20,20,Tennis Player,0.0,Younger,20,20,20,20
conditional,359,789,6,11,Laborer,1.0,Middle,6,6 11 15,6 11 15 18,6 11 15 18
conditional,359,610,19,19,Speaker,2.0,Older,19,5 10 11 16 19,5 11 16 19,5 10 11 16 19
conditional,359,604,6,6,Guard,1.0,Middle,6,6 11 16,1 6 11 16,1 6 11 16
conditional,359,1130,11,14,Painter,1.0,Middle,15,4 11 14 15,4 11 14 15,4 11 14 15
conditional,359,1378,20,20,Tennis Player,0.0,Younger,20,20,20,20
conditional,359,189,19,19,Speaker,1.0,Middle,20,1 20,1 20,1 20
conditional,359,832,18,18,Skateboarder,1.0,Middle,18,18,18,18
conditional,359,23,5,5,Farmer,1.0,Middle,5,5 11,5 11,5 11 15 16
conditional,359,1330,1,1,Backpacker,1.0,Middle,1,1 4 6 7 11 12 15 17 18 19,1 6 7 15,1 6 7 15
conditional,359,381,1,1,Backpacker,0.0,Younger,16,1 3 6 11 15 16,1 6 11 16,1 6 11 16
conditional,359,1360,14,4,Craftsman,3.0,Unknown,16,11 14 15 16,11 14 15 16,11 14 15 16
conditional,359,609,10,10,Horse Rider,1.0,Middle,10,8 10,5 8 10 20,5 8 10 20
conditional,359,534,11,3,Computer User,1.0,Middle,11,2 3 6 11 15,2 3 11 15,2 3 11 15
conditional,359,676,1,1,Backpacker,1.0,Middle,1,1 11 16,1 11 16,1 5 11 16
conditional,359,233,16,16,Salesperson,1.0,Middle,11,5 11,5 11 16,2 5 11 16
conditional,359,371,6,6,Guard,1.0,Middle,6,6 11 12,6 11 12 18,6 11 12 18
conditional,359,685,13,13,Motorcyclist,1.0,Middle,16,13 16,6 13 15 16,6 13 15 16
conditional,359,227,9,9,Hairdresser,1.0,Middle,9,9 11 16,4 9 11 16,4 9 11 16
conditional,359,786,17,17,Singer,3.0,Unknown,17,8 11 17 19,8 11 17 19,8 11 17 19
conditional,359,237,7,7,Guitarist,1.0,Middle,7,7,7,7 12 17
conditional,359,822,12,12,Officer,1.0,Middle,6,3 6 12 15,3 6 12 15,3 6 12 15
conditional,359,1057,9,9,Hairdresser,0.0,Younger,9,9,9,9
conditional,360,491,8,8,Gymnast,1.0,Middle,8,8,8,8
conditional,360,184,13,13,Motorcyclist,1.0,Middle,13,13,13,11 13
conditional,360,488,16,3,Computer User,1.0,Middle,16,3 6 16,2 3 6 16,2 3 6 16
conditional,360,306,14,14,Painter,1.0,Middle,14,11 14 16,4 11 14 16,4 11 14 16
conditional,360,1133,6,6,Guard,1.0,Middle,11,6 11,6 11 12 13,6 11 12 13
conditional,360,158,4,4,Craftsman,1.0,Middle,11,4 5 11 16,4 5 11 16,4 5 11 16
conditional,360,664,2,2,Boatman,1.0,Middle,2,2 16,2 11 16,2 11 15 16
conditional,360,1257,16,16,Salesperson,1.0,Middle,16,5 11 16,4 5 11 16,4 5 11 16
conditional,360,1350,12,13,Motorcyclist,3.0,Unknown,12,6 12 13,3 6 12 13,3 6 12 13
conditional,360,81,15,4,Craftsman,1.0,Middle,11,2 5 6 11 13 15,2 6 11 15,2 6 11 15
conditional,360,811,6,12,Officer,1.0,Middle,6,6 10 11 15,6 10 11 15,6 10 11 15
conditional,360,490,5,5,Farmer,0.0,Younger,5,5 11 16,5 11 16,5 11
conditional,360,826,6,6,Guard,3.0,Unknown,6,6,6,6
conditional,360,113,19,19,Speaker,2.0,Older,3,3 5 10 11 12 19,3 10 12 19,3 10 11 12 19
conditional,360,957,14,14,Painter,1.0,Middle,14,9 11 14 16,9 11 14 16,9 11 14 16
conditional,360,297,7,7,Guitarist,1.0,Middle,7,7,7,7 13
conditional,360,1113,2,2,Boatman,1.0,Middle,2,2 14,2 11 14 17,2 11 14 17
conditional,360,712,15,15,Repairman,1.0,Middle,11,11 15,1 4 11 15,1 4 11 15
conditional,360,718,13,12,Officer,0.0,Younger,12,2 6 12 13,2 6 12 13,2 6 12 13
conditional,360,714,16,16,Salesperson,3.0,Unknown,16,11 16,11 13 16,11 16
conditional,360,544,16,11,Laborer,0.0,Younger,11,5 11 16,5 11 16,5 11 16
conditional,360,276,14,14,Painter,0.0,Younger,14,11 14 16,11 14 16,14 16
conditional,360,1376,16,16,Salesperson,2.0,Older,16,16,11 16,3 4 6 11 16
conditional,360,419,20,19,Speaker,1.0,Middle,20,5 6 8 10 11 16 17 20,8 16 17 20,8 16 17 20
conditional,360,230,19,1,Backpacker,3.0,Unknown,1,1 16,1 6 14 16,1 6 14 16
conditional,360,486,17,7,Guitarist,1.0,Middle,17,1 6 7 11 17,1 6 7 17,1 6 7 17
conditional,360,998,17,17,Singer,0.0,Younger,17,17,11 17,17
conditional,360,1060,6,6,Guard,0.0,Younger,6,6,6,6
conditional,360,82,7,7,Guitarist,1.0,Middle,7,7,7,7
conditional,360,859,12,12,Officer,1.0,Middle,6,2 6 12,2 6 12 13,2 6 12 13
conditional,360,501,18,18,Skateboarder,0.0,Younger,13,2 6 11 13 16 18,11 13 16 18,11 13 16 18
conditional,360,809,10,10,Horse Rider,1.0,Middle,10,5 8 10 12,5 8 10 12,5 8 10 12
conditional,360,89,3,19,Speaker,1.0,Middle,16,3 16,3 10 16 20,3 10 16 20
conditional,360,455,4,11,Laborer,0.0,Younger,4,4 11 14,4 11 14,4 11
conditional,360,708,5,5,Farmer,2.0,Older,11,5 11,4 5 11,2 4 5 11 16
conditional,360,1196,20,20,Tennis Player,3.0,Unknown,20,20,20,20
conditional,360,267,11,5,Farmer,3.0,Unknown,11,5 11,1 5 11,1 5 11
conditional,360,387,20,20,Tennis Player,1.0,Middle,20,20,20,20
conditional,360,846,6,10,Horse Rider,3.0,Unknown,6,6,6,6
conditional,360,340,15,15,Repairman,3.0,Unknown,15,3 6 9 11 15 16,3 9 11 15,3 9 11 15
conditional,360,6,3,3,Computer User,0.0,Younger,3,1 3 10 11 14 15 16 17 18 19,1 3 11 17,1 3 11 17
conditional,360,312,9,9,Hairdresser,1.0,Middle,9,2 9 11 15,2 9 11 15,2 9 11 15
conditional,360,1190,3,3,Computer User,1.0,Middle,1,1 3 15 16,1 3 15 16,1 3 15 16
conditional,360,1298,1,18,Skateboarder,1.0,Middle,18,13 16 18,6 13 16 18,6 13 16 18
conditional,360,1044,13,15,Repairman,0.0,Younger,11,3 4 6 10 11 14 15 16 17,6 11 15 16,6 11 15 16
conditional,360,1276,5,9,Hairdresser,1.0,Middle,9,9,9 15,5 9 11 15
conditional,360,1377,8,8,Gymnast,0.0,Younger,8,8,8,8
conditional,360,403,5,8,Gymnast,0.0,Younger,8,8,8,8
conditional,360,459,2,2,Boatman,2.0,Older,2,2,2,2 6 14 15 16
conditional,360,305,17,17,Singer,1.0,Middle,17,17,17,17
conditional,361,1316,2,16,Salesperson,1.0,Middle,2,1 2 11 14,1 2 11 14,1 2 11 14
conditional,361,924,6,6,Guard,0.0,Younger,6,6 15,6 15,6
conditional,361,1221,9,9,Hairdresser,1.0,Middle,9,4 9 16,4 9 11 16,4 9 11 16
conditional,361,288,14,14,Painter,1.0,Middle,14,11 14,11 14 15 18,11 14 15 18
conditional,361,440,6,6,Guard,1.0,Middle,6,6 12,6 12,6 11 12 15
conditional,361,1072,4,4,Craftsman,0.0,Younger,11,4 6 11 15 16,4 11 15 16,4 11 15 16
conditional,361,1049,2,3,Computer User,3.0,Unknown,2,2 3 16,2 3 11 16,2 3 16
conditional,361,433,15,15,Repairman,1.0,Middle,15,11 13 15,11 13 15 17,11 13 15 17
conditional,361,215,11,14,Painter,1.0,Middle,11,11 14 15,4 11 14 15,4 11 14 15
conditional,361,272,5,16,Salesperson,2.0,Older,16,11 16,11 16,5 6 11 16
conditional,361,478,5,5,Farmer,3.0,Unknown,5,2 5 11,2 5 11,2 5 11
conditional,361,894,6,6,Guard,2.0,Older,15,6 15 16,4 6 15 16,4 6 11 15 16
conditional,361,1171,1,18,Skateboarder,0.0,Younger,1,1 16 18,1 16 18,1
conditional,361,287,3,3,Computer User,3.0,Unknown,16,3 5 16,3 5 10 16,3 5 10 16
conditional,361,381,1,1,Backpacker,0.0,Younger,16,1 3 6 11 15 16,1 6 11 16,1 6 11 16
conditional,361,339,17,17,Singer,1.0,Middle,17,17,17,10 11 17 20
conditional,361,1236,1,7,Guitarist,1.0,Middle,11,1 2 5 7 11 16 17 20,1 2 11 20,1 2 11 20
conditional,361,103,9,9,Hairdresser,1.0,Middle,9,9,9 11,9 11 16
conditional,361,1094,20,20,Tennis Player,1.0,Middle,20,20,20,20
conditional,361,992,16,7,Guitarist,2.0,Older,7,7,7,7 11 16 17 18
conditional,361,350,18,18,Skateboarder,1.0,Middle,18,18,18,18
conditional,361,39,9,9,Hairdresser,2.0,Older,9,4 9 15,4 9 15,4 6 9 15 16
conditional,361,120,10,10,Horse Rider,0.0,Younger,10,10,5 10 12 16,10
conditional,361,445,11,13,Motorcyclist,3.0,Unknown,11,11 16,11 16,11 16
conditional,361,1084,20,20,Tennis Player,3.0,Unknown,20,20,20,20
conditional,361,165,13,13,Motorcyclist,1.0,Middle,2,1 2 13,1 2 13 19,1 2 13 19
conditional,361,898,11,13,Motorcyclist,1.0,Middle,13,2 11 13 16,2 11 13 16,2 11 13 16
conditional,361,1286,7,7,Guitarist,3.0,Unknown,7,7,7,7
conditional,361,147,1,1,Backpacker,1.0,Middle,1,1,1 11,1 3 11 16
conditional,361,336,17,17,Singer,0.0,Younger,17,17,17,17
conditional,361,697,5,5,Farmer,3.0,Unknown,5,5 11,5 11 12,5 11
conditional,361,206,11,11,Laborer,1.0,Middle,5,5 11,5 11 16,5 11 16
conditional,361,74,20,20,Tennis Player,1.0,Middle,20,20,20,20
conditional,361,69,17,19,Speaker,1.0,Middle,17,9 16 17 20,9 16 17 20,9 16 17 20
conditional,361,459,2,2,Boatman,2.0,Older,2,2,2,2 6 14 15 16
conditional,361,661,8,8,Gymnast,0.0,Younger,8,8 18,8 18,8
conditional,361,410,6,11,Laborer,1.0,Middle,11,2 6 11 16,2 6 11 16,2 6 11 16
conditional,361,915,15,15,Repairman,1.0,Middle,11,11 15,11 15,11 15
conditional,361,1136,8,8,Gymnast,0.0,Younger,8,8,8,8
conditional,361,498,16,2,Boatman,1.0,Middle,2,2,2,2 11 16
conditional,361,255,17,17,Singer,1.0,Middle,17,17,17,17
conditional,361,859,12,12,Officer,1.0,Middle,6,2 6 12,2 6 12 13,2 6 12 13
conditional,361,1115,17,19,Speaker,1.0,Middle,6,6 9 10 12 17 19,6 9 17 19,6 9 17 19
conditional,361,348,12,12,Officer,0.0,Younger,16,6 11 12 13 16,6 11 12 16,6 11 12 16
conditional,361,683,12,12,Officer,3.0,Unknown,6,6 12 13 16,6 12 13 16,6 12 13 16
conditional,361,1217,8,8,Gymnast,3.0,Unknown,8,8,8,8
conditional,361,226,2,2,Boatman,0.0,Younger,2,2,2,2
conditional,361,824,14,14,Painter,3.0,Unknown,14,14,14,14
conditional,361,1367,5,4,Craftsman,1.0,Middle,11,11 16,5 11 16,2 5 11 16
conditional,361,753,3,3,Computer User,1.0,Middle,11,1 11 18,1 3 11 18,1 3 11 18
conditional,362,848,16,16,Salesperson,1.0,Middle,16,16,11 16,11 16
conditional,362,1256,9,9,Hairdresser,1.0,Middle,9,9 15,4 9 15,4 9 11 15
conditional,362,1324,10,10,Horse Rider,3.0,Unknown,10,10,10,10
conditional,362,710,6,6,Guard,1.0,Middle,6,6,6,6
conditional,362,225,10,10,Horse Rider,0.0,Younger,6,6,6 10,6
conditional,362,1025,13,12,Officer,3.0,Unknown,18,6 12 13 18,6 12 13 18,6 12 13 18
conditional,362,681,15,15,Repairman,1.0,Middle,15,11 15,11 15,11 15
conditional,362,432,18,18,Skateboarder,0.0,Younger,18,18,18,18
conditional,362,621,8,8,Gymnast,0.0,Younger,8,8,8,8
conditional,362,455,11,11,Laborer,0.0,Younger,4,4 11 14,4 11 14,4 11
conditional,362,315,2,2,Boatman,3.0,Unknown,2,2,1 2,2
conditional,362,1046,20,20,Tennis Player,0.0,Younger,20,20,20,20
conditional,362,145,2,2,Boatman,1.0,Middle,2,2,2,2
conditional,362,1397,16,1,Backpacker,0.0,Younger,16,1 16,1 9 11 16,1 16
conditional,362,680,18,18,Skateboarder,0.0,Younger,18,6 8 18 20,6 8 18 20,6 8 18 20
conditional,362,591,6,11,Laborer,1.0,Middle,16,6 11 13 15 16 17,6 13 15 16,6 13 15 16
conditional,362,331,6,6,Guard,0.0,Younger,6,6 15,6 15,6
conditional,362,30,11,11,Laborer,1.0,Middle,11,4 11 15,4 11 15,4 5 11 15
conditional,362,464,7,7,Guitarist,1.0,Middle,7,7 11 17,2 7 11 17,2 7 11 17
conditional,362,585,16,14,Painter,0.0,Younger,16,11 14 16,2 11 14 16,11 14 16
conditional,362,956,6,6,Guard,1.0,Middle,6,6,6,6 20
conditional,362,37,13,13,Motorcyclist,1.0,Middle,13,13,13,13
conditional,362,505,20,20,Tennis Player,0.0,Younger,20,20,20,20
conditional,362,1295,3,3,Computer User,3.0,Unknown,3,3 16 19,3 15 16 19,3 16 19
conditional,362,1226,9,9,Hairdresser,1.0,Middle,9,9,9,9
conditional,362,963,13,13,Motorcyclist,0.0,Younger,13,13 15,9 13 15 16,13
conditional,362,1353,17,17,Singer,0.0,Younger,17,17,17,17
conditional,362,712,15,15,Repairman,1.0,Middle,11,11 15,1 4 11 15,1 4 11 15
conditional,362,1293,18,18,Skateboarder,3.0,Unknown,18,18,18,18
conditional,362,431,6,12,Officer,1.0,Middle,6,6 10 11 13 15 16,6 11 15 16,6 11 15 16
conditional,362,700,1,1,Backpacker,3.0,Unknown,1,1 2 6 14,1 2 6 14,1 2 6 14
conditional,362,1348,6,16,Salesperson,1.0,Middle,9,6 9 12,3 6 9 12,3 6 9 12
conditional,362,801,8,8,Gymnast,1.0,Middle,8,8,8,8
conditional,362,920,12,12,Officer,1.0,Middle,6,6 12 13 16,6 12 13 16,6 12 13 16
conditional,362,32,17,17,Singer,0.0,Younger,17,17,17,17
conditional,362,299,11,4,Craftsman,1.0,Middle,16,1 11 16,1 11 15 16,1 11 15 16
conditional,362,359,16,16,Salesperson,3.0,Unknown,16,3 6 11 16,3 6 11 16,3 6 11 16
conditional,362,1168,7,7,Guitarist,3.0,Unknown,7,7,7,7
conditional,362,515,7,7,Guitarist,1.0,Middle,7,7,7,7
conditional,362,166,14,14,Painter,0.0,Younger,14,11 14 16,1 11 14 16,14 16
conditional,362,1153,19,19,Speaker,1.0,Middle,10,3 5 6 10 11 12 13 16 17 19,5 6 10 12,5 6 10 12
conditional,362,135,19,19,Speaker,3.0,Unknown,16,6 10 12 16 17 19 20,6 16 17 19,6 16 17 19
conditional,362,570,14,14,Painter,2.0,Older,14,14 16,14 16,4 11 14 15 16
conditional,362,325,5,5,Farmer,2.0,Older,11,5 11,5 11 16,4 5 11 16
conditional,362,506,8,8,Gymnast,1.0,Middle,8,8,8,8
conditional,362,1331,1,1,Backpacker,1.0,Middle,1,1 5 11 16,1 5 11 16,1 5 11 16
conditional,362,105,4,15,Repairman,3.0,Unknown,15,4 11 15 16,4 11 15 16,4 11 15 16
conditional,362,426,5,5,Farmer,2.0,Older,5,5 11,5 11,1 2 5 11 16
conditional,362,1183,9,9,Hairdresser,2.0,Older,9,9,9,4 9 11 15 16
conditional,362,1113,2,2,Boatman,1.0,Middle,2,2 14,2 11 14 17,2 11 14 17
conditional,363,464,7,7,Guitarist,1.0,Middle,7,7 11 17,2 7 11 17,2 7 11 17
conditional,363,1348,9,16,Salesperson,1.0,Middle,9,6 9 12,3 6 9 12,3 6 9 12
conditional,363,920,12,12,Officer,1.0,Middle,6,6 12 13 16,6 12 13 16,6 12 13 16
conditional,363,506,8,8,Gymnast,1.0,Middle,8,8,8,8
conditional,363,700,1,1,Backpacker,3.0,Unknown,1,1 2 6 14,1 2 6 14,1 2 6 14
conditional,363,299,1,4,Craftsman,1.0,Middle,16,1 11 16,1 11 15 16,1 11 15 16
conditional,363,801,8,8,Gymnast,1.0,Middle,8,8,8,8
conditional,363,570,14,14,Painter,2.0,Older,14,14 16,14 16,4 11 14 15 16
conditional,363,426,5,5,Farmer,2.0,Older,5,5 11,5 11,1 2 5 11 16
conditional,363,135,19,19,Speaker,3.0,Unknown,16,6 10 12 16 17 19 20,6 16 17 19,6 16 17 19
conditional,363,1168,7,7,Guitarist,3.0,Unknown,7,7,7,7
conditional,363,1397,16,1,Backpacker,0.0,Younger,16,1 16,1 9 11 16,1 16
conditional,363,431,6,12,Officer,1.0,Middle,6,6 10 11 13 15 16,6 11 15 16,6 11 15 16
conditional,363,1025,18,12,Officer,3.0,Unknown,18,6 12 13 18,6 12 13 18,6 12 13 18
conditional,363,1256,9,9,Hairdresser,1.0,Middle,9,9 15,4 9 15,4 9 11 15
conditional,363,712,15,15,Repairman,1.0,Middle,11,11 15,1 4 11 15,1 4 11 15
conditional,363,225,6,10,Horse Rider,0.0,Younger,6,6,6 10,6
conditional,363,1331,1,1,Backpacker,1.0,Middle,1,1 5 11 16,1 5 11 16,1 5 11 16
conditional,363,105,15,15,Repairman,3.0,Unknown,15,4 11 15 16,4 11 15 16,4 11 15 16
conditional,363,515,7,7,Guitarist,1.0,Middle,7,7,7,7
conditional,363,1324,10,10,Horse Rider,3.0,Unknown,10,10,10,10
conditional,363,591,11,11,Laborer,1.0,Middle,16,6 11 13 15 16 17,6 13 15 16,6 13 15 16
conditional,363,585,14,14,Painter,0.0,Younger,16,11 14 16,2 11 14 16,11 14 16
conditional,363,1153,19,19,Speaker,1.0,Middle,10,3 5 6 10 11 12 13 16 17 19,5 6 10 12,5 6 10 12
conditional,363,145,2,2,Boatman,1.0,Middle,2,2,2,2
conditional,363,621,8,8,Gymnast,0.0,Younger,8,8,8,8
conditional,363,315,2,2,Boatman,3.0,Unknown,2,2,1 2,2
conditional,363,30,11,11,Laborer,1.0,Middle,11,4 11 15,4 11 15,4 5 11 15
conditional,363,848,16,16,Salesperson,1.0,Middle,16,16,11 16,11 16
conditional,363,32,17,17,Singer,0.0,Younger,17,17,17,17
conditional,363,359,6,16,Salesperson,3.0,Unknown,16,3 6 11 16,3 6 11 16,3 6 11 16
conditional,363,455,4,11,Laborer,0.0,Younger,4,4 11 14,4 11 14,4 11
conditional,363,956,1,6,Guard,1.0,Middle,6,6,6,6 20
conditional,363,432,18,18,Skateboarder,0.0,Younger,18,18,18,18
conditional,363,1183,19,9,Hairdresser,2.0,Older,9,9,9,4 9 11 15 16
conditional,363,1113,2,2,Boatman,1.0,Middle,2,2 14,2 11 14 17,2 11 14 17
conditional,363,166,14,14,Painter,0.0,Younger,14,11 14 16,1 11 14 16,14 16
conditional,363,1046,20,20,Tennis Player,0.0,Younger,20,20,20,20
conditional,363,505,20,20,Tennis Player,0.0,Younger,20,20,20,20
conditional,363,963,13,13,Motorcyclist,0.0,Younger,13,13 15,9 13 15 16,13
conditional,363,37,13,13,Motorcyclist,1.0,Middle,13,13,13,13
conditional,363,331,6,6,Guard,0.0,Younger,6,6 15,6 15,6
conditional,363,681,11,15,Repairman,1.0,Middle,15,11 15,11 15,11 15
conditional,363,1293,18,18,Skateboarder,3.0,Unknown,18,18,18,18
conditional,363,680,20,18,Skateboarder,0.0,Younger,18,6 8 18 20,6 8 18 20,6 8 18 20
conditional,363,1295,3,3,Computer User,3.0,Unknown,3,3 16 19,3 15 16 19,3 16 19
conditional,363,1353,17,17,Singer,0.0,Younger,17,17,17,17
conditional,363,1226,9,9,Hairdresser,1.0,Middle,9,9,9,9
conditional,363,710,6,6,Guard,1.0,Middle,6,6,6,6
conditional,363,325,5,5,Farmer,2.0,Older,11,5 11,5 11 16,4 5 11 16
conditional,364,788,6,6,Guard,1.0,Middle,6,6,6,6
conditional,364,186,4,4,Craftsman,2.0,Older,11,3 4 9 11 15 16,3 11 15 16,3 4 11 15 16
conditional,364,558,17,7,Guitarist,1.0,Middle,17,7 17,7 10 15 17,7 10 15 17
conditional,364,966,14,14,Painter,2.0,Older,14,5 11 14,4 5 11 14,4 5 11 12 14
conditional,364,943,10,10,Horse Rider,1.0,Middle,10,10,10,8 10
conditional,364,870,8,8,Gymnast,0.0,Younger,8,8,8,8
conditional,364,1147,6,6,Guard,0.0,Younger,6,6,6,6
conditional,364,521,13,13,Motorcyclist,1.0,Middle,13,13,13,13
conditional,364,1354,3,3,Computer User,3.0,Unknown,3,3 10 12 16,3 10 12 16,3 10 12 16
conditional,364,850,3,3,Computer User,3.0,Unknown,16,11 16,3 11 15 16,3 11 15 16
conditional,364,205,13,13,Motorcyclist,1.0,Middle,13,13,12 13,12 13
conditional,364,1060,6,6,Guard,0.0,Younger,6,6,6,6
conditional,364,112,20,20,Tennis Player,0.0,Younger,20,20,20,20
conditional,364,936,5,16,Salesperson,1.0,Middle,16,16,16,5 11 16
conditional,364,611,1,7,Guitarist,3.0,Unknown,16,1 15 16,1 4 15 16,1 4 15 16
conditional,364,650,18,18,Skateboarder,3.0,Unknown,18,18,8 18,18
conditional,364,615,5,11,Laborer,1.0,Middle,5,5 11,5 11,1 5 11
conditional,364,107,17,1,Backpacker,1.0,Middle,16,6 11 16 17,6 11 16 17,6 11 16 17
conditional,364,921,18,18,Skateboarder,3.0,Unknown,18,18,18,18
conditional,364,551,5,5,Farmer,1.0,Middle,5,5 11,5 11,5 11
conditional,364,208,3,15,Repairman,3.0,Unknown,3,3,3 19,3
conditional,364,1325,12,12,Officer,1.0,Middle,6,6 12 13,6 12 13 19,6 12 13 19
conditional,364,560,10,10,Horse Rider,0.0,Younger,10,8 10,8 10 20,10
conditional,364,557,16,1,Backpacker,1.0,Middle,3,3 6 16 18 19 20,3 6 16 19,3 6 16 19
conditional,364,1390,4,4,Craftsman,1.0,Middle,11,4 11 15 16,4 11 15 16,4 11 15 16
conditional,364,679,5,5,Farmer,2.0,Older,5,5 11,5 11,2 4 5 11
conditional,364,366,15,15,Repairman,1.0,Middle,15,11 15,11 15,4 11 15
conditional,364,716,15,15,Repairman,0.0,Younger,15,15,15,15
conditional,364,1334,17,17,Singer,1.0,Middle,17,17,17,11 17
conditional,364,58,11,11,Laborer,3.0,Unknown,11,6 11 14,6 11 14 18,6 11 14 18
conditional,364,176,2,11,Laborer,3.0,Unknown,11,2 5 11,2 5 11,2 5 11
conditional,364,587,19,19,Speaker,2.0,Older,12,3 6 10 11 12 16 17 19 20,6 11 12 16,6 11 12 16 19
conditional,364,725,8,8,Gymnast,0.0,Younger,8,8,8,8
conditional,364,389,13,1,Backpacker,2.0,Older,13,13,13,1 2 13 16
conditional,364,1116,19,19,Speaker,1.0,Middle,9,3 8 9 16 17 19,3 9 17 19,3 9 17 19
conditional,364,135,19,19,Speaker,3.0,Unknown,16,6 10 12 16 17 19 20,6 16 17 19,6 16 17 19
conditional,364,846,6,10,Horse Rider,3.0,Unknown,6,6,6,6
conditional,364,935,13,13,Motorcyclist,3.0,Unknown,13,13,13,13
conditional,364,386,17,7,Guitarist,3.0,Unknown,17,17,17,17
conditional,364,675,11,16,Salesperson,1.0,Middle,16,11 15 16,2 11 15 16,2 11 15 16
conditional,364,139,5,9,Hairdresser,1.0,Middle,11,5 9 11,4 5 9 11,4 5 9 11
conditional,364,946,14,14,Painter,3.0,Unknown,14,14,2 14,14
conditional,364,1203,6,12,Officer,1.0,Middle,6,6 11,2 6 11 12,2 6 11 12
conditional,364,418,1,16,Salesperson,1.0,Middle,16,1 16,1 11 16,1 11 15 16
conditional,364,1263,8,8,Gymnast,1.0,Middle,8,8,8,8
conditional,364,982,2,2,Boatman,1.0,Middle,2,2,2,1 2
conditional,364,597,3,3,Computer User,1.0,Middle,19,3 11 15 17 19,3 11 17 19,3 11 17 19
conditional,364,400,18,18,Skateboarder,3.0,Unknown,18,18,18,18
conditional,364,530,17,17,Singer,1.0,Middle,17,17,7 17,7 17
conditional,364,944,4,4,Craftsman,1.0,Middle,11,4 5 9 11 16,5 9 11 16,5 9 11 16
conditional,365,849,7,7,Guitarist,1.0,Middle,7,7 17,7 17,7 17
conditional,365,390,10,10,Horse Rider,1.0,Middle,10,6 10 12,6 10 12,6 10 12
conditional,365,1061,15,4,Craftsman,2.0,Older,4,4 11,2 4 11,2 4 5 11 15
conditional,365,70,15,15,Repairman,2.0,Older,15,4 11 15,4 11 15,4 9 11 15
conditional,365,625,13,13,Motorcyclist,3.0,Unknown,13,13,13,13
conditional,365,159,17,17,Singer,1.0,Middle,17,7 17,7 17,7 10 17 19
conditional,365,1049,3,3,Computer User,3.0,Unknown,2,2 3 16,2 3 11 16,2 3 16
conditional,365,86,2,5,Farmer,3.0,Unknown,5,2 5 11,2 5 11,2 5 11
conditional,365,1379,13,13,Motorcyclist,2.0,Older,13,13,12 13,4 10 12 13 15
conditional,365,991,20,20,Tennis Player,1.0,Middle,20,20,20,20
conditional,365,1060,6,6,Guard,0.0,Younger,6,6,6,6
conditional,365,1243,16,19,Speaker,0.0,Younger,16,1 2 15 16 17,2 15 16 17,2 15 16 17
conditional,365,1096,20,20,Tennis Player,1.0,Middle,20,20,20,20
conditional,365,578,16,16,Salesperson,1.0,Middle,16,11 16,11 16,11 16
conditional,365,71,6,6,Guard,1.0,Middle,6,6 10 14,6 9 10 14,6 9 10 14
conditional,365,570,14,14,Painter,2.0,Older,14,14 16,14 16,4 11 14 15 16
conditional,365,470,9,9,Hairdresser,3.0,Unknown,9,9,9,9
conditional,365,79,3,3,Computer User,0.0,Younger,3,3 11 15,3 11 15,3
conditional,365,133,5,5,Farmer,3.0,Unknown,11,5 11,5 11,5 11
conditional,365,1188,9,9,Hairdresser,3.0,Unknown,9,9 11,9 11,9
conditional,365,579,11,4,Craftsman,1.0,Middle,4,4 11,4 11 15,4 11 15 16
conditional,365,1318,18,18,Skateboarder,3.0,Unknown,18,18,18,18
conditional,365,843,14,14,Painter,2.0,Older,16,4 11 16,4 11 15 16,4 11 14 15 16
conditional,365,1105,7,17,Singer,1.0,Middle,16,2 7 11 16 17,2 7 16 17,2 7 16 17
conditional,365,662,1,1,Backpacker,0.0,Younger,1,1,1,1
conditional,365,807,11,11,Laborer,1.0,Middle,11,11 15,11 15,11 15
conditional,365,309,12,12,Officer,1.0,Middle,6,6 13,6 12 13 16,6 12 13 16
conditional,365,803,1,18,Skateboarder,3.0,Unknown,18,18,18,18
conditional,365,1032,12,12,Officer,3.0,Unknown,6,6 12,6 12 13,6 12
conditional,365,854,3,3,Computer User,1.0,Middle,3,3,3 4 15 19,3 4 15 19
conditional,365,1048,5,16,Salesperson,1.0,Middle,16,5 11 16,5 11 16,1 5 11 16
conditional,365,95,10,10,Horse Rider,0.0,Younger,10,10,5 8 10,10
conditional,365,1070,12,12,Officer,3.0,Unknown,6,6 12,3 6 12 16,6 12 16
conditional,365,781,11,19,Speaker,1.0,Middle,16,9 11 16,4 9 11 16,4 9 11 16
conditional,365,589,10,10,Horse Rider,3.0,Unknown,10,10,10,10
conditional,365,1356,5,11,Laborer,3.0,Unknown,11,5 11,5 11 16,5 11 16
conditional,365,273,11,15,Repairman,1.0,Middle,15,11 15,11 15 16,11 15 16
conditional,365,351,1,1,Backpacker,0.0,Younger,1,1,1,1
conditional,365,63,12,11,Laborer,1.0,Middle,6,6 13,6 12 13 16,6 12 13 16
conditional,365,1280,4,4,Craftsman,1.0,Middle,4,2 4 11,2 4 11,2 4 11
conditional,365,665,19,19,Speaker,3.0,Unknown,19,2 3 10 11 12 13 16 17 19,2 10 12 19,2 10 12 19
conditional,365,110,8,8,Gymnast,0.0,Younger,8,8,8,8
conditional,365,19,20,20,Tennis Player,1.0,Middle,20,20,20,20
conditional,365,646,7,7,Guitarist,1.0,Middle,17,7 11 17,6 7 11 17,6 7 11 17
conditional,365,602,2,2,Boatman,1.0,Middle,2,2 6 19,2 3 6 19,2 3 6 19
conditional,365,28,6,9,Hairdresser,1.0,Middle,9,9,9,6 9
conditional,365,107,17,1,Backpacker,1.0,Middle,16,6 11 16 17,6 11 16 17,6 11 16 17
conditional,365,626,2,2,Boatman,1.0,Middle,2,2,2,2
conditional,365,316,8,8,Gymnast,1.0,Middle,8,8,8,8
conditional,365,463,16,16,Salesperson,0.0,Younger,16,16,16,16
conditional,366,832,18,18,Skateboarder,1.0,Middle,18,18,18,18
conditional,366,178,6,6,Guard,2.0,Older,15,6 13 15,4 6 13 15,4 6 13 15 16
conditional,366,1156,20,20,Tennis Player,0.0,Younger,20,20,20,20
conditional,366,189,20,19,Speaker,1.0,Middle,20,1 20,1 20,1 20
conditional,366,510,20,20,Tennis Player,1.0,Middle,20,16 18 20,16 18 20,1 16 18 20
conditional,366,660,11,11,Laborer,1.0,Middle,11,11,11,4 5 11
conditional,366,257,18,18,Skateboarder,0.0,Younger,18,18,18,18
conditional,366,1229,4,4,Craftsman,3.0,Unknown,4,4 15,4 15,4 15
conditional,366,786,17,17,Singer,3.0,Unknown,17,8 11 17 19,8 11 17 19,8 11 17 19
conditional,366,609,10,10,Horse Rider,1.0,Middle,10,8 10,5 8 10 20,5 8 10 20
conditional,366,237,7,7,Guitarist,1.0,Middle,7,7,7,7 12 17
conditional,366,604,6,6,Guard,1.0,Middle,6,6 11 16,1 6 11 16,1 6 11 16
conditional,366,1099,10,10,Horse Rider,0.0,Younger,10,10,10,10
conditional,366,1013,11,16,Salesperson,1.0,Middle,16,11 16,11 16,11 16
conditional,366,742,15,15,Repairman,1.0,Middle,15,11 13 15,4 11 13 15,4 11 13 15
conditional,366,459,2,2,Boatman,2.0,Older,2,2,2,2 6 14 15 16
conditional,366,22,2,2,Boatman,0.0,Younger,2,2,2,2
conditional,366,1378,20,20,Tennis Player,0.0,Younger,20,20,20,20
conditional,366,1102,2,2,Boatman,3.0,Unknown,2,2,2,2
conditional,366,381,1,1,Backpacker,0.0,Younger,16,1 3 6 11 15 16,1 6 11 16,1 6 11 16
conditional,366,530,17,17,Singer,1.0,Middle,17,17,7 17,7 17
conditional,366,118,15,15,Repairman,1.0,Middle,3,3 15 16 19,3 15 16 19,3 15 16 19
conditional,366,1190,3,3,Computer User,1.0,Middle,1,1 3 15 16,1 3 15 16,1 3 15 16
conditional,366,676,1,1,Backpacker,1.0,Middle,1,1 11 16,1 11 16,1 5 11 16
conditional,366,1330,1,1,Backpacker,1.0,Middle,1,1 4 6 7 11 12 15 17 18 19,1 6 7 15,1 6 7 15
conditional,366,1346,18,18,Skateboarder,1.0,Middle,18,18,18,18
conditional,366,534,6,3,Computer User,1.0,Middle,11,2 3 6 11 15,2 3 11 15,2 3 11 15
conditional,366,610,19,19,Speaker,2.0,Older,19,5 10 11 16 19,5 11 16 19,5 10 11 16 19
conditional,366,447,13,13,Motorcyclist,0.0,Younger,13,1 11 13 16,1 11 13 16,11 13 16
conditional,366,715,10,10,Horse Rider,1.0,Middle,10,8 10,6 8 10 12,6 8 10 12
conditional,366,874,5,5,Farmer,1.0,Middle,5,5,5,5 11
conditional,366,1396,13,13,Motorcyclist,3.0,Unknown,13,1 11 13 16,1 11 13 16,1 11 13 16
conditional,366,371,6,6,Guard,1.0,Middle,6,6 11 12,6 11 12 18,6 11 12 18
conditional,366,299,16,4,Craftsman,1.0,Middle,16,1 11 16,1 11 15 16,1 11 15 16
conditional,366,822,12,12,Officer,1.0,Middle,6,3 6 12 15,3 6 12 15,3 6 12 15
conditional,366,43,17,17,Singer,3.0,Unknown,17,17,10 17,17
conditional,366,914,8,8,Gymnast,1.0,Middle,8,8,8,8
conditional,366,854,3,3,Computer User,1.0,Middle,3,3,3 4 15 19,3 4 15 19
conditional,366,1076,6,11,Laborer,1.0,Middle,6,6 11 13 16,6 11 13 16,6 11 13 16
conditional,366,1130,11,14,Painter,1.0,Middle,15,4 11 14 15,4 11 14 15,4 11 14 15
conditional,366,789,6,11,Laborer,1.0,Middle,6,6 11 15,6 11 15 18,6 11 15 18
conditional,366,936,16,16,Salesperson,1.0,Middle,16,16,16,5 11 16
conditional,366,685,13,13,Motorcyclist,1.0,Middle,16,13 16,6 13 15 16,6 13 15 16
conditional,366,556,5,5,Farmer,1.0,Middle,5,5 11,5 11 16,5 11 16
conditional,366,1177,7,7,Guitarist,1.0,Middle,7,3 4 7 11 15 16 17 19,3 7 16 19,3 7 16 19
conditional,366,227,9,9,Hairdresser,1.0,Middle,9,9 11 16,4 9 11 16,4 9 11 16
conditional,366,23,5,5,Farmer,1.0,Middle,5,5 11,5 11,5 11 15 16
conditional,366,233,16,16,Salesperson,1.0,Middle,11,5 11,5 11 16,2 5 11 16
conditional,366,1360,14,4,Craftsman,3.0,Unknown,16,11 14 15 16,11 14 15 16,11 14 15 16
conditional,366,1057,9,9,Hairdresser,0.0,Younger,9,9,9,9
conditional,367,39,16,9,Hairdresser,2.0,Older,9,4 9 15,4 9 15,4 6 9 15 16
conditional,367,348,12,12,Officer,0.0,Younger,16,6 11 12 13 16,6 11 12 16,6 11 12 16
conditional,367,753,3,3,Computer User,1.0,Middle,11,1 11 18,1 3 11 18,1 3 11 18
conditional,367,147,1,1,Backpacker,1.0,Middle,1,1,1 11,1 3 11 16
conditional,367,288,14,14,Painter,1.0,Middle,14,11 14,11 14 15 18,11 14 15 18
conditional,367,350,18,18,Skateboarder,1.0,Middle,18,18,18,18
conditional,367,894,6,6,Guard,2.0,Older,15,6 15 16,4 6 15 16,4 6 11 15 16
conditional,367,1316,16,16,Salesperson,1.0,Middle,2,1 2 11 14,1 2 11 14,1 2 11 14
conditional,367,1094,20,20,Tennis Player,1.0,Middle,20,20,20,20
conditional,367,120,10,10,Horse Rider,0.0,Younger,10,10,5 10 12 16,10
conditional,367,992,7,7,Guitarist,2.0,Older,7,7,7,7 11 16 17 18
conditional,367,498,2,2,Boatman,1.0,Middle,2,2,2,2 11 16
conditional,367,255,17,17,Singer,1.0,Middle,17,17,17,17
conditional,367,381,1,1,Backpacker,0.0,Younger,16,1 3 6 11 15 16,1 6 11 16,1 6 11 16
conditional,367,1236,7,7,Guitarist,1.0,Middle,11,1 2 5 7 11 16 17 20,1 2 11 20,1 2 11 20
conditional,367,459,2,2,Boatman,2.0,Older,2,2,2,2 6 14 15 16
conditional,367,1072,4,4,Craftsman,0.0,Younger,11,4 6 11 15 16,4 11 15 16,4 11 15 16
conditional,367,445,11,13,Motorcyclist,3.0,Unknown,11,11 16,11 16,11 16
conditional,367,697,5,5,Farmer,3.0,Unknown,5,5 11,5 11 12,5 11
conditional,367,226,2,2,Boatman,0.0,Younger,2,2,2,2
conditional,367,165,13,13,Motorcyclist,1.0,Middle,2,1 2 13,1 2 13 19,1 2 13 19
conditional,367,336,17,17,Singer,0.0,Younger,17,17,17,17
conditional,367,1221,9,9,Hairdresser,1.0,Middle,9,4 9 16,4 9 11 16,4 9 11 16
conditional,367,898,2,13,Motorcyclist,1.0,Middle,13,2 11 13 16,2 11 13 16,2 11 13 16
conditional,367,1084,20,20,Tennis Player,3.0,Unknown,20,20,20,20
conditional,367,1115,19,19,Speaker,1.0,Middle,6,6 9 10 12 17 19,6 9 17 19,6 9 17 19
conditional,367,915,15,15,Repairman,1.0,Middle,11,11 15,11 15,11 15
conditional,367,69,19,19,Speaker,1.0,Middle,17,9 16 17 20,9 16 17 20,9 16 17 20
conditional,367,339,17,17,Singer,1.0,Middle,17,17,17,10 11 17 20
conditional,367,440,6,6,Guard,1.0,Middle,6,6 12,6 12,6 11 12 15
conditional,367,433,15,15,Repairman,1.0,Middle,15,11 13 15,11 13 15 17,11 13 15 17
conditional,367,683,12,12,Officer,3.0,Unknown,6,6 12 13 16,6 12 13 16,6 12 13 16
conditional,367,859,12,12,Officer,1.0,Middle,6,2 6 12,2 6 12 13,2 6 12 13
conditional,367,74,20,20,Tennis Player,1.0,Middle,20,20,20,20
conditional,367,287,3,3,Computer User,3.0,Unknown,16,3 5 16,3 5 10 16,3 5 10 16
conditional,367,103,9,9,Hairdresser,1.0,Middle,9,9,9 11,9 11 16
conditional,367,478,5,5,Farmer,3.0,Unknown,5,2 5 11,2 5 11,2 5 11
conditional,367,824,14,14,Painter,3.0,Unknown,14,14,14,14
conditional,367,215,11,14,Painter,1.0,Middle,11,11 14 15,4 11 14 15,4 11 14 15
conditional,367,1217,8,8,Gymnast,3.0,Unknown,8,8,8,8
conditional,367,924,6,6,Guard,0.0,Younger,6,6 15,6 15,6
conditional,367,1171,1,18,Skateboarder,0.0,Younger,1,1 16 18,1 16 18,1
conditional,367,1049,3,3,Computer User,3.0,Unknown,2,2 3 16,2 3 11 16,2 3 16
conditional,367,661,8,8,Gymnast,0.0,Younger,8,8 18,8 18,8
conditional,367,1136,8,8,Gymnast,0.0,Younger,8,8,8,8
conditional,367,272,16,16,Salesperson,2.0,Older,16,11 16,11 16,5 6 11 16
conditional,367,206,5,11,Laborer,1.0,Middle,5,5 11,5 11 16,5 11 16
conditional,367,410,6,11,Laborer,1.0,Middle,11,2 6 11 16,2 6 11 16,2 6 11 16
conditional,367,1367,4,4,Craftsman,1.0,Middle,11,11 16,5 11 16,2 5 11 16
conditional,367,1286,7,7,Guitarist,3.0,Unknown,7,7,7,7
conditional,368,803,18,18,Skateboarder,3.0,Unknown,18,18,18,18
conditional,368,95,10,10,Horse Rider,0.0,Younger,10,10,5 8 10,10
conditional,368,316,8,8,Gymnast,1.0,Middle,8,8,8,8
conditional,368,854,3,3,Computer User,1.0,Middle,3,3,3 4 15 19,3 4 15 19
conditional,368,1061,15,4,Craftsman,2.0,Older,4,4 11,2 4 11,2 4 5 11 15
conditional,368,463,16,16,Salesperson,0.0,Younger,16,16,16,16
conditional,368,665,19,19,Speaker,3.0,Unknown,19,2 3 10 11 12 13 16 17 19,2 10 12 19,2 10 12 19
conditional,368,309,12,12,Officer,1.0,Middle,6,6 13,6 12 13 16,6 12 13 16
conditional,368,570,14,14,Painter,2.0,Older,14,14 16,14 16,4 11 14 15 16
conditional,368,578,16,16,Salesperson,1.0,Middle,16,11 16,11 16,11 16
conditional,368,579,15,4,Craftsman,1.0,Middle,4,4 11,4 11 15,4 11 15 16
conditional,368,1318,18,18,Skateboarder,3.0,Unknown,18,18,18,18
conditional,368,1188,9,9,Hairdresser,3.0,Unknown,9,9 11,9 11,9
conditional,368,351,1,1,Backpacker,0.0,Younger,1,1,1,1
conditional,368,63,12,11,Laborer,1.0,Middle,6,6 13,6 12 13 16,6 12 13 16
conditional,368,159,17,17,Singer,1.0,Middle,17,7 17,7 17,7 10 17 19
conditional,368,107,17,1,Backpacker,1.0,Middle,16,6 11 16 17,6 11 16 17,6 11 16 17
conditional,368,273,15,15,Repairman,1.0,Middle,15,11 15,11 15 16,11 15 16
conditional,368,1243,19,19,Speaker,0.0,Younger,16,1 2 15 16 17,2 15 16 17,2 15 16 17
conditional,368,70,15,15,Repairman,2.0,Older,15,4 11 15,4 11 15,4 9 11 15
conditional,368,589,10,10,Horse Rider,3.0,Unknown,10,10,10,10
conditional,368,662,1,1,Backpacker,0.0,Younger,1,1,1,1
conditional,368,626,2,2,Boatman,1.0,Middle,2,2,2,2
conditional,368,602,2,2,Boatman,1.0,Middle,2,2 6 19,2 3 6 19,2 3 6 19
conditional,368,781,4,19,Speaker,1.0,Middle,16,9 11 16,4 9 11 16,4 9 11 16
conditional,368,19,20,20,Tennis Player,1.0,Middle,20,20,20,20
conditional,368,1096,20,20,Tennis Player,1.0,Middle,20,20,20,20
conditional,368,843,4,14,Painter,2.0,Older,16,4 11 16,4 11 15 16,4 11 14 15 16
conditional,368,1032,12,12,Officer,3.0,Unknown,6,6 12,6 12 13,6 12
conditional,368,133,5,5,Farmer,3.0,Unknown,11,5 11,5 11,5 11
conditional,368,28,9,9,Hairdresser,1.0,Middle,9,9,9,6 9
conditional,368,71,12,6,Guard,1.0,Middle,6,6 10 14,6 9 10 14,6 9 10 14
conditional,368,807,1,11,Laborer,1.0,Middle,11,11 15,11 15,11 15
conditional,368,110,8,8,Gymnast,0.0,Younger,8,8,8,8
conditional,368,1356,5,11,Laborer,3.0,Unknown,11,5 11,5 11 16,5 11 16
conditional,368,470,9,9,Hairdresser,3.0,Unknown,9,9,9,9
conditional,368,646,17,7,Guitarist,1.0,Middle,17,7 11 17,6 7 11 17,6 7 11 17
conditional,368,1105,7,17,Singer,1.0,Middle,16,2 7 11 16 17,2 7 16 17,2 7 16 17
conditional,368,1048,16,16,Salesperson,1.0,Middle,16,5 11 16,5 11 16,1 5 11 16
conditional,368,390,10,10,Horse Rider,1.0,Middle,10,6 10 12,6 10 12,6 10 12
conditional,368,1379,13,13,Motorcyclist,2.0,Older,13,13,12 13,4 10 12 13 15
conditional,368,1280,4,4,Craftsman,1.0,Middle,4,2 4 11,2 4 11,2 4 11
conditional,368,849,7,7,Guitarist,1.0,Middle,7,7 17,7 17,7 17
conditional,368,1049,3,3,Computer User,3.0,Unknown,2,2 3 16,2 3 11 16,2 3 16
conditional,368,79,15,3,Computer User,0.0,Younger,3,3 11 15,3 11 15,3
conditional,368,1060,6,6,Guard,0.0,Younger,6,6,6,6
conditional,368,1070,12,12,Officer,3.0,Unknown,6,6 12,3 6 12 16,6 12 16
conditional,368,625,13,13,Motorcyclist,3.0,Unknown,13,13,13,13
conditional,368,991,20,20,Tennis Player,1.0,Middle,20,20,20,20
conditional,368,86,1,5,Farmer,3.0,Unknown,5,2 5 11,2 5 11,2 5 11
conditional,369,570,14,14,Painter,2.0,Older,14,14 16,14 16,4 11 14 15 16
conditional,369,807,11,11,Laborer,1.0,Middle,11,11 15,11 15,11 15
conditional,369,625,13,13,Motorcyclist,3.0,Unknown,13,13,13,13
conditional,369,28,9,9,Hairdresser,1.0,Middle,9,9,9,6 9
conditional,369,95,10,10,Horse Rider,0.0,Younger,10,10,5 8 10,10
conditional,369,1061,11,4,Craftsman,2.0,Older,4,4 11,2 4 11,2 4 5 11 15
conditional,369,1318,18,18,Skateboarder,3.0,Unknown,18,18,18,18
conditional,369,843,4,14,Painter,2.0,Older,16,4 11 16,4 11 15 16,4 11 14 15 16
conditional,369,1379,13,13,Motorcyclist,2.0,Older,13,13,12 13,4 10 12 13 15
conditional,369,1049,3,3,Computer User,3.0,Unknown,2,2 3 16,2 3 11 16,2 3 16
conditional,369,1280,11,4,Craftsman,1.0,Middle,4,2 4 11,2 4 11,2 4 11
conditional,369,1105,7,17,Singer,1.0,Middle,16,2 7 11 16 17,2 7 16 17,2 7 16 17
conditional,369,991,20,20,Tennis Player,1.0,Middle,20,20,20,20
conditional,369,849,7,7,Guitarist,1.0,Middle,7,7 17,7 17,7 17
conditional,369,316,8,8,Gymnast,1.0,Middle,8,8,8,8
conditional,369,63,12,11,Laborer,1.0,Middle,6,6 13,6 12 13 16,6 12 13 16
conditional,369,79,3,3,Computer User,0.0,Younger,3,3 11 15,3 11 15,3
conditional,369,133,5,5,Farmer,3.0,Unknown,11,5 11,5 11,5 11
conditional,369,1048,16,16,Salesperson,1.0,Middle,16,5 11 16,5 11 16,1 5 11 16
conditional,369,1188,9,9,Hairdresser,3.0,Unknown,9,9 11,9 11,9
conditional,369,803,18,18,Skateboarder,3.0,Unknown,18,18,18,18
conditional,369,86,5,5,Farmer,3.0,Unknown,5,2 5 11,2 5 11,2 5 11
conditional,369,351,1,1,Backpacker,0.0,Younger,1,1,1,1
conditional,369,579,4,4,Craftsman,1.0,Middle,4,4 11,4 11 15,4 11 15 16
conditional,369,578,16,16,Salesperson,1.0,Middle,16,11 16,11 16,11 16
conditional,369,107,17,1,Backpacker,1.0,Middle,16,6 11 16 17,6 11 16 17,6 11 16 17
conditional,369,463,16,16,Salesperson,0.0,Younger,16,16,16,16
conditional,369,1070,12,12,Officer,3.0,Unknown,6,6 12,3 6 12 16,6 12 16
conditional,369,390,10,10,Horse Rider,1.0,Middle,10,6 10 12,6 10 12,6 10 12
conditional,369,854,3,3,Computer User,1.0,Middle,3,3,3 4 15 19,3 4 15 19
conditional,369,602,2,2,Boatman,1.0,Middle,2,2 6 19,2 3 6 19,2 3 6 19
conditional,369,1032,12,12,Officer,3.0,Unknown,6,6 12,6 12 13,6 12
conditional,369,273,15,15,Repairman,1.0,Middle,15,11 15,11 15 16,11 15 16
conditional,369,159,17,17,Singer,1.0,Middle,17,7 17,7 17,7 10 17 19
conditional,369,589,10,10,Horse Rider,3.0,Unknown,10,10,10,10
conditional,369,665,19,19,Speaker,3.0,Unknown,19,2 3 10 11 12 13 16 17 19,2 10 12 19,2 10 12 19
conditional,369,1243,16,19,Speaker,0.0,Younger,16,1 2 15 16 17,2 15 16 17,2 15 16 17
conditional,369,470,9,9,Hairdresser,3.0,Unknown,9,9,9,9
conditional,369,646,7,7,Guitarist,1.0,Middle,17,7 11 17,6 7 11 17,6 7 11 17
conditional,369,781,17,19,Speaker,1.0,Middle,16,9 11 16,4 9 11 16,4 9 11 16
conditional,369,1356,5,11,Laborer,3.0,Unknown,11,5 11,5 11 16,5 11 16
conditional,369,19,20,20,Tennis Player,1.0,Middle,20,20,20,20
conditional,369,1060,6,6,Guard,0.0,Younger,6,6,6,6
conditional,369,71,6,6,Guard,1.0,Middle,6,6 10 14,6 9 10 14,6 9 10 14
conditional,369,1096,20,20,Tennis Player,1.0,Middle,20,20,20,20
conditional,369,70,15,15,Repairman,2.0,Older,15,4 11 15,4 11 15,4 9 11 15
conditional,369,626,2,2,Boatman,1.0,Middle,2,2,2,2
conditional,369,110,8,8,Gymnast,0.0,Younger,8,8,8,8
conditional,369,309,6,12,Officer,1.0,Middle,6,6 13,6 12 13 16,6 12 13 16
conditional,369,662,1,1,Backpacker,0.0,Younger,1,1,1,1
conditional,370,681,15,15,Repairman,1.0,Middle,15,11 15,11 15,11 15
conditional,370,963,13,13,Motorcyclist,0.0,Younger,13,13 15,9 13 15 16,13
conditional,370,145,2,2,Boatman,1.0,Middle,2,2,2,2
conditional,370,1324,10,10,Horse Rider,3.0,Unknown,10,10,10,10
conditional,370,956,6,6,Guard,1.0,Middle,6,6,6,6 20
conditional,370,801,8,8,Gymnast,1.0,Middle,8,8,8,8
conditional,370,1025,13,12,Officer,3.0,Unknown,18,6 12 13 18,6 12 13 18,6 12 13 18
conditional,370,710,6,6,Guard,1.0,Middle,6,6,6,6
conditional,370,1348,3,16,Salesperson,1.0,Middle,9,6 9 12,3 6 9 12,3 6 9 12
conditional,370,225,6,10,Horse Rider,0.0,Younger,6,6,6 10,6
conditional,370,680,18,18,Skateboarder,0.0,Younger,18,6 8 18 20,6 8 18 20,6 8 18 20
conditional,370,105,15,15,Repairman,3.0,Unknown,15,4 11 15 16,4 11 15 16,4 11 15 16
conditional,370,1293,18,18,Skateboarder,3.0,Unknown,18,18,18,18
conditional,370,455,4,11,Laborer,0.0,Younger,4,4 11 14,4 11 14,4 11
conditional,370,166,14,14,Painter,0.0,Younger,14,11 14 16,1 11 14 16,14 16
conditional,370,426,5,5,Farmer,2.0,Older,5,5 11,5 11,1 2 5 11 16
conditional,370,432,18,18,Skateboarder,0.0,Younger,18,18,18,18
conditional,370,431,11,12,Officer,1.0,Middle,6,6 10 11 13 15 16,6 11 15 16,6 11 15 16
conditional,370,359,6,16,Salesperson,3.0,Unknown,16,3 6 11 16,3 6 11 16,3 6 11 16
conditional,370,299,16,4,Craftsman,1.0,Middle,16,1 11 16,1 11 15 16,1 11 15 16
conditional,370,331,6,6,Guard,0.0,Younger,6,6 15,6 15,6
conditional,370,30,11,11,Laborer,1.0,Middle,11,4 11 15,4 11 15,4 5 11 15
conditional,370,135,19,19,Speaker,3.0,Unknown,16,6 10 12 16 17 19 20,6 16 17 19,6 16 17 19
conditional,370,515,7,7,Guitarist,1.0,Middle,7,7,7,7
conditional,370,1353,17,17,Singer,0.0,Younger,17,17,17,17
conditional,370,570,16,14,Painter,2.0,Older,14,14 16,14 16,4 11 14 15 16
conditional,370,505,20,20,Tennis Player,0.0,Younger,20,20,20,20
conditional,370,1113,2,2,Boatman,1.0,Middle,2,2 14,2 11 14 17,2 11 14 17
conditional,370,1153,10,19,Speaker,1.0,Middle,10,3 5 6 10 11 12 13 16 17 19,5 6 10 12,5 6 10 12
conditional,370,37,13,13,Motorcyclist,1.0,Middle,13,13,13,13
conditional,370,1046,20,20,Tennis Player,0.0,Younger,20,20,20,20
conditional,370,1295,3,3,Computer User,3.0,Unknown,3,3 16 19,3 15 16 19,3 16 19
conditional,370,621,8,8,Gymnast,0.0,Younger,8,8,8,8
conditional,370,315,2,2,Boatman,3.0,Unknown,2,2,1 2,2
conditional,370,1397,16,1,Backpacker,0.0,Younger,16,1 16,1 9 11 16,1 16
conditional,370,848,16,16,Salesperson,1.0,Middle,16,16,11 16,11 16
conditional,370,1256,9,9,Hairdresser,1.0,Middle,9,9 15,4 9 15,4 9 11 15
conditional,370,1168,7,7,Guitarist,3.0,Unknown,7,7,7,7
conditional,370,1183,9,9,Hairdresser,2.0,Older,9,9,9,4 9 11 15 16
conditional,370,506,8,8,Gymnast,1.0,Middle,8,8,8,8
conditional,370,32,17,17,Singer,0.0,Younger,17,17,17,17
conditional,370,920,12,12,Officer,1.0,Middle,6,6 12 13 16,6 12 13 16,6 12 13 16
conditional,370,712,11,15,Repairman,1.0,Middle,11,11 15,1 4 11 15,1 4 11 15
conditional,370,1331,5,1,Backpacker,1.0,Middle,1,1 5 11 16,1 5 11 16,1 5 11 16
conditional,370,585,14,14,Painter,0.0,Younger,16,11 14 16,2 11 14 16,11 14 16
conditional,370,700,1,1,Backpacker,3.0,Unknown,1,1 2 6 14,1 2 6 14,1 2 6 14
conditional,370,325,5,5,Farmer,2.0,Older,11,5 11,5 11 16,4 5 11 16
conditional,370,591,16,11,Laborer,1.0,Middle,16,6 11 13 15 16 17,6 13 15 16,6 13 15 16
conditional,370,1226,9,9,Hairdresser,1.0,Middle,9,9,9,9
conditional,370,464,7,7,Guitarist,1.0,Middle,7,7 11 17,2 7 11 17,2 7 11 17
conditional,371,312,9,9,Hairdresser,1.0,Middle,9,2 9 11 15,2 9 11 15,2 9 11 15
conditional,371,113,19,19,Speaker,2.0,Older,3,3 5 10 11 12 19,3 10 12 19,3 10 11 12 19
conditional,371,403,8,8,Gymnast,0.0,Younger,8,8,8,8
conditional,371,1060,6,6,Guard,0.0,Younger,6,6,6,6
conditional,371,1133,6,6,Guard,1.0,Middle,11,6 11,6 11 12 13,6 11 12 13
conditional,371,501,13,18,Skateboarder,0.0,Younger,13,2 6 11 13 16 18,11 13 16 18,11 13 16 18
conditional,371,486,7,7,Guitarist,1.0,Middle,17,1 6 7 11 17,1 6 7 17,1 6 7 17
conditional,371,708,5,5,Farmer,2.0,Older,11,5 11,4 5 11,2 4 5 11 16
conditional,371,846,6,10,Horse Rider,3.0,Unknown,6,6,6,6
conditional,371,459,2,2,Boatman,2.0,Older,2,2,2,2 6 14 15 16
conditional,371,859,12,12,Officer,1.0,Middle,6,2 6 12,2 6 12 13,2 6 12 13
conditional,371,714,16,16,Salesperson,3.0,Unknown,16,11 16,11 13 16,11 16
conditional,371,455,4,11,Laborer,0.0,Younger,4,4 11 14,4 11 14,4 11
conditional,371,276,14,14,Painter,0.0,Younger,14,11 14 16,11 14 16,14 16
conditional,371,387,20,20,Tennis Player,1.0,Middle,20,20,20,20
conditional,371,809,10,10,Horse Rider,1.0,Middle,10,5 8 10 12,5 8 10 12,5 8 10 12
conditional,371,1190,2,3,Computer User,1.0,Middle,1,1 3 15 16,1 3 15 16,1 3 15 16
conditional,371,81,6,4,Craftsman,1.0,Middle,11,2 5 6 11 13 15,2 6 11 15,2 6 11 15
conditional,371,297,7,7,Guitarist,1.0,Middle,7,7,7,7 13
conditional,371,712,15,15,Repairman,1.0,Middle,11,11 15,1 4 11 15,1 4 11 15
conditional,371,305,17,17,Singer,1.0,Middle,17,17,17,17
conditional,371,718,6,12,Officer,0.0,Younger,12,2 6 12 13,2 6 12 13,2 6 12 13
conditional,371,491,8,8,Gymnast,1.0,Middle,8,8,8,8
conditional,371,1257,16,16,Salesperson,1.0,Middle,16,5 11 16,4 5 11 16,4 5 11 16
conditional,371,89,19,19,Speaker,1.0,Middle,16,3 16,3 10 16 20,3 10 16 20
conditional,371,419,17,19,Speaker,1.0,Middle,20,5 6 8 10 11 16 17 20,8 16 17 20,8 16 17 20
conditional,371,1196,20,20,Tennis Player,3.0,Unknown,20,20,20,20
conditional,371,267,4,5,Farmer,3.0,Unknown,11,5 11,1 5 11,1 5 11
conditional,371,1298,18,18,Skateboarder,1.0,Middle,18,13 16 18,6 13 16 18,6 13 16 18
conditional,371,82,7,7,Guitarist,1.0,Middle,7,7,7,7
conditional,371,826,6,6,Guard,3.0,Unknown,6,6,6,6
conditional,371,1113,1,2,Boatman,1.0,Middle,2,2 14,2 11 14 17,2 11 14 17
conditional,371,664,2,2,Boatman,1.0,Middle,2,2 16,2 11 16,2 11 15 16
conditional,371,306,14,14,Painter,1.0,Middle,14,11 14 16,4 11 14 16,4 11 14 16
conditional,371,1377,8,8,Gymnast,0.0,Younger,8,8,8,8
conditional,371,811,6,12,Officer,1.0,Middle,6,6 10 11 15,6 10 11 15,6 10 11 15
conditional,371,1376,16,16,Salesperson,2.0,Older,16,16,11 16,3 4 6 11 16
conditional,371,184,13,13,Motorcyclist,1.0,Middle,13,13,13,11 13
conditional,371,340,15,15,Repairman,3.0,Unknown,15,3 6 9 11 15 16,3 9 11 15,3 9 11 15
conditional,371,998,17,17,Singer,0.0,Younger,17,17,11 17,17
conditional,371,1044,15,15,Repairman,0.0,Younger,11,3 4 6 10 11 14 15 16 17,6 11 15 16,6 11 15 16
conditional,371,544,5,11,Laborer,0.0,Younger,11,5 11 16,5 11 16,5 11 16
conditional,371,158,11,4,Craftsman,1.0,Middle,11,4 5 11 16,4 5 11 16,4 5 11 16
conditional,371,230,1,1,Backpacker,3.0,Unknown,1,1 16,1 6 14 16,1 6 14 16
conditional,371,1350,12,13,Motorcyclist,3.0,Unknown,12,6 12 13,3 6 12 13,3 6 12 13
conditional,371,957,14,14,Painter,1.0,Middle,14,9 11 14 16,9 11 14 16,9 11 14 16
conditional,371,1276,9,9,Hairdresser,1.0,Middle,9,9,9 15,5 9 11 15
conditional,371,490,5,5,Farmer,0.0,Younger,5,5 11 16,5 11 16,5 11
conditional,371,6,3,3,Computer User,0.0,Younger,3,1 3 10 11 14 15 16 17 18 19,1 3 11 17,1 3 11 17
conditional,371,488,6,3,Computer User,1.0,Middle,16,3 6 16,2 3 6 16,2 3 6 16
conditional,372,311,9,9,Hairdresser,0.0,Younger,9,9,2 9 11,9
conditional,372,1116,19,19,Speaker,1.0,Middle,9,3 8 9 16 17 19,3 9 17 19,3 9 17 19
conditional,372,1177,7,7,Guitarist,1.0,Middle,7,3 4 7 11 15 16 17 19,3 7 16 19,3 7 16 19
conditional,372,288,14,14,Painter,1.0,Middle,14,11 14,11 14 15 18,11 14 15 18
conditional,372,785,18,18,Skateboarder,1.0,Middle,18,18,18,18
conditional,372,756,3,3,Computer User,1.0,Middle,3,1 3 11 16,1 3 11 16,1 3 11 16
conditional,372,971,8,5,Farmer,1.0,Middle,3,3 5 6 8 9 11 16 17,3 6 9 11,3 6 9 11
conditional,372,458,18,18,Skateboarder,0.0,Younger,18,18,18,18
conditional,372,1294,8,8,Gymnast,0.0,Younger,8,1 6 8 14,1 6 8 14,8
conditional,372,1112,20,20,Tennis Player,0.0,Younger,20,20,20,20
conditional,372,291,6,12,Officer,3.0,Unknown,6,6,6,6
conditional,372,410,11,11,Laborer,1.0,Middle,11,2 6 11 16,2 6 11 16,2 6 11 16
conditional,372,977,2,2,Boatman,1.0,Middle,2,2,2 16,2 11 16
conditional,372,605,18,18,Skateboarder,0.0,Younger,18,18,18,18
conditional,372,553,2,13,Motorcyclist,0.0,Younger,2,2,2 16,2
conditional,372,626,2,2,Boatman,1.0,Middle,2,2,2,2
conditional,372,441,13,13,Motorcyclist,3.0,Unknown,13,13,13,13
conditional,372,717,20,20,Tennis Player,1.0,Middle,20,20,20,20
conditional,372,768,16,16,Salesperson,2.0,Older,16,2 16,2 16 18 20,2 4 16 18 20
conditional,372,308,12,6,Guard,2.0,Older,11,6 11 12,6 11 12 15,6 11 12 15 16
conditional,372,121,16,16,Salesperson,1.0,Middle,16,16,1 11 15 16,1 11 15 16
conditional,372,338,16,16,Salesperson,1.0,Middle,16,11 16,11 16,11 16
conditional,372,1267,17,17,Singer,1.0,Middle,16,11 16 17,11 15 16 17,11 15 16 17
conditional,372,671,8,8,Gymnast,0.0,Younger,8,8,8,8
conditional,372,1067,3,3,Computer User,3.0,Unknown,3,3,3,3
conditional,372,1034,17,17,Singer,0.0,Younger,17,17,17,17
conditional,372,918,11,11,Laborer,3.0,Unknown,11,11 15,4 11 14 15,11 14 15
conditional,372,855,11,14,Painter,1.0,Middle,15,11 15,11 14 15,11 14 15
conditional,372,567,1,1,Backpacker,1.0,Middle,1,1 5,1 5 11 16,1 5 11 16
conditional,372,352,17,17,Singer,1.0,Middle,17,17,17,17
conditional,372,1266,2,2,Boatman,0.0,Younger,2,2,2,2
conditional,372,140,15,15,Repairman,1.0,Middle,15,15,15,15
conditional,372,736,5,5,Farmer,2.0,Older,5,5 11,5 11,1 4 5 11 16
conditional,372,901,12,12,Officer,3.0,Unknown,6,6 11 12 13,6 11 12 13,6 11 12 13
conditional,372,557,16,1,Backpacker,1.0,Middle,3,3 6 16 18 19 20,3 6 16 19,3 6 16 19
conditional,372,1262,4,4,Craftsman,3.0,Unknown,16,4 11 16,4 9 11 16,4 9 11 16
conditional,372,880,9,9,Hairdresser,1.0,Middle,9,9,9,9 11
conditional,372,12,19,19,Speaker,1.0,Middle,12,1 8 10 12,1 8 10 12,1 8 10 12
conditional,372,1368,10,10,Horse Rider,1.0,Middle,10,10,8 10,8 10 12
conditional,372,61,9,9,Hairdresser,1.0,Middle,9,9 15,9 15,4 9 11 15
conditional,372,1278,3,3,Computer User,3.0,Unknown,11,3 6 11 14 15 16,3 6 11 14,3 6 11 14
conditional,372,128,20,19,Speaker,0.0,Younger,20,20,20,20
conditional,372,56,2,6,Guard,1.0,Middle,2,2 6 12,2 6 12,2 6 12
conditional,372,247,6,6,Guard,1.0,Middle,6,6,6,6
conditional,372,1214,10,10,Horse Rider,1.0,Middle,6,6 10 12 13,6 10 12 13,6 10 12 13
conditional,372,649,13,13,Motorcyclist,1.0,Middle,13,13,13,13
conditional,372,1230,4,4,Craftsman,3.0,Unknown,11,4 11 14 15,4 11 14 15,4 11 14 15
conditional,372,70,15,15,Repairman,2.0,Older,15,4 11 15,4 11 15,4 9 11 15
conditional,372,1199,1,1,Backpacker,0.0,Younger,1,1 3 6 8 10 12 18,1 8 12 18,1 8 12 18
conditional,372,976,10,10,Horse Rider,3.0,Unknown,10,10,1 2 5 10,2 5 10
conditional,373,665,19,19,Speaker,3.0,Unknown,19,2 3 10 11 12 13 16 17 19,2 10 12 19,2 10 12 19
conditional,373,991,20,20,Tennis Player,1.0,Middle,20,20,20,20
conditional,373,133,5,5,Farmer,3.0,Unknown,11,5 11,5 11,5 11
conditional,373,849,7,7,Guitarist,1.0,Middle,7,7 17,7 17,7 17
conditional,373,1356,5,11,Laborer,3.0,Unknown,11,5 11,5 11 16,5 11 16
conditional,373,79,3,3,Computer User,0.0,Younger,3,3 11 15,3 11 15,3
conditional,373,463,16,16,Salesperson,0.0,Younger,16,16,16,16
conditional,373,19,20,20,Tennis Player,1.0,Middle,20,20,20,20
conditional,373,316,8,8,Gymnast,1.0,Middle,8,8,8,8
conditional,373,1243,19,19,Speaker,0.0,Younger,16,1 2 15 16 17,2 15 16 17,2 15 16 17
conditional,373,309,12,12,Officer,1.0,Middle,6,6 13,6 12 13 16,6 12 13 16
conditional,373,273,15,15,Repairman,1.0,Middle,15,11 15,11 15 16,11 15 16
conditional,373,625,13,13,Motorcyclist,3.0,Unknown,13,13,13,13
conditional,373,662,5,1,Backpacker,0.0,Younger,1,1,1,1
conditional,373,1096,20,20,Tennis Player,1.0,Middle,20,20,20,20
conditional,373,626,2,2,Boatman,1.0,Middle,2,2,2,2
conditional,373,470,9,9,Hairdresser,3.0,Unknown,9,9,9,9
conditional,373,1048,5,16,Salesperson,1.0,Middle,16,5 11 16,5 11 16,1 5 11 16
conditional,373,1032,12,12,Officer,3.0,Unknown,6,6 12,6 12 13,6 12
conditional,373,1379,13,13,Motorcyclist,2.0,Older,13,13,12 13,4 10 12 13 15
conditional,373,843,4,14,Painter,2.0,Older,16,4 11 16,4 11 15 16,4 11 14 15 16
conditional,373,579,4,4,Craftsman,1.0,Middle,4,4 11,4 11 15,4 11 15 16
conditional,373,1318,18,18,Skateboarder,3.0,Unknown,18,18,18,18
conditional,373,1188,9,9,Hairdresser,3.0,Unknown,9,9 11,9 11,9
conditional,373,71,6,6,Guard,1.0,Middle,6,6 10 14,6 9 10 14,6 9 10 14
conditional,373,781,5,19,Speaker,1.0,Middle,16,9 11 16,4 9 11 16,4 9 11 16
conditional,373,1070,12,12,Officer,3.0,Unknown,6,6 12,3 6 12 16,6 12 16
conditional,373,1060,12,6,Guard,0.0,Younger,6,6,6,6
conditional,373,70,15,15,Repairman,2.0,Older,15,4 11 15,4 11 15,4 9 11 15
conditional,373,646,17,7,Guitarist,1.0,Middle,17,7 11 17,6 7 11 17,6 7 11 17
conditional,373,807,11,11,Laborer,1.0,Middle,11,11 15,11 15,11 15
conditional,373,570,14,14,Painter,2.0,Older,14,14 16,14 16,4 11 14 15 16
conditional,373,854,3,3,Computer User,1.0,Middle,3,3,3 4 15 19,3 4 15 19
conditional,373,578,4,16,Salesperson,1.0,Middle,16,11 16,11 16,11 16
conditional,373,390,10,10,Horse Rider,1.0,Middle,10,6 10 12,6 10 12,6 10 12
conditional,373,589,10,10,Horse Rider,3.0,Unknown,10,10,10,10
conditional,373,95,10,10,Horse Rider,0.0,Younger,10,10,5 8 10,10
conditional,373,107,17,1,Backpacker,1.0,Middle,16,6 11 16 17,6 11 16 17,6 11 16 17
conditional,373,1280,4,4,Craftsman,1.0,Middle,4,2 4 11,2 4 11,2 4 11
conditional,373,159,17,17,Singer,1.0,Middle,17,7 17,7 17,7 10 17 19
conditional,373,63,12,11,Laborer,1.0,Middle,6,6 13,6 12 13 16,6 12 13 16
conditional,373,110,8,8,Gymnast,0.0,Younger,8,8,8,8
conditional,373,351,1,1,Backpacker,0.0,Younger,1,1,1,1
conditional,373,86,5,5,Farmer,3.0,Unknown,5,2 5 11,2 5 11,2 5 11
conditional,373,803,18,18,Skateboarder,3.0,Unknown,18,18,18,18
conditional,373,1105,17,17,Singer,1.0,Middle,16,2 7 11 16 17,2 7 16 17,2 7 16 17
conditional,373,28,9,9,Hairdresser,1.0,Middle,9,9,9,6 9
conditional,373,602,2,2,Boatman,1.0,Middle,2,2 6 19,2 3 6 19,2 3 6 19
conditional,373,1061,4,4,Craftsman,2.0,Older,4,4 11,2 4 11,2 4 5 11 15
conditional,373,1049,3,3,Computer User,3.0,Unknown,2,2 3 16,2 3 11 16,2 3 16
conditional,374,22,2,2,Boatman,0.0,Younger,2,2,2,2
conditional,374,118,15,15,Repairman,1.0,Middle,3,3 15 16 19,3 15 16 19,3 15 16 19
conditional,374,660,4,11,Laborer,1.0,Middle,11,11,11,4 5 11
conditional,374,832,18,18,Skateboarder,1.0,Middle,18,18,18,18
conditional,374,604,6,6,Guard,1.0,Middle,6,6 11 16,1 6 11 16,1 6 11 16
conditional,374,1099,10,10,Horse Rider,0.0,Younger,10,10,10,10
conditional,374,1330,1,1,Backpacker,1.0,Middle,1,1 4 6 7 11 12 15 17 18 19,1 6 7 15,1 6 7 15
conditional,374,1102,2,2,Boatman,3.0,Unknown,2,2,2,2
conditional,374,914,8,8,Gymnast,1.0,Middle,8,8,8,8
conditional,374,1190,3,3,Computer User,1.0,Middle,1,1 3 15 16,1 3 15 16,1 3 15 16
conditional,374,1177,7,7,Guitarist,1.0,Middle,7,3 4 7 11 15 16 17 19,3 7 16 19,3 7 16 19
conditional,374,1229,4,4,Craftsman,3.0,Unknown,4,4 15,4 15,4 15
conditional,374,854,3,3,Computer User,1.0,Middle,3,3,3 4 15 19,3 4 15 19
conditional,374,237,7,7,Guitarist,1.0,Middle,7,7,7,7 12 17
conditional,374,685,13,13,Motorcyclist,1.0,Middle,16,13 16,6 13 15 16,6 13 15 16
conditional,374,233,5,16,Salesperson,1.0,Middle,11,5 11,5 11 16,2 5 11 16
conditional,374,1396,13,13,Motorcyclist,3.0,Unknown,13,1 11 13 16,1 11 13 16,1 11 13 16
conditional,374,447,13,13,Motorcyclist,0.0,Younger,13,1 11 13 16,1 11 13 16,11 13 16
conditional,374,459,2,2,Boatman,2.0,Older,2,2,2,2 6 14 15 16
conditional,374,715,10,10,Horse Rider,1.0,Middle,10,8 10,6 8 10 12,6 8 10 12
conditional,374,1013,4,16,Salesperson,1.0,Middle,16,11 16,11 16,11 16
conditional,374,510,20,20,Tennis Player,1.0,Middle,20,16 18 20,16 18 20,1 16 18 20
conditional,374,1156,20,20,Tennis Player,0.0,Younger,20,20,20,20
conditional,374,189,19,19,Speaker,1.0,Middle,20,1 20,1 20,1 20
conditional,374,530,17,17,Singer,1.0,Middle,17,17,7 17,7 17
conditional,374,23,5,5,Farmer,1.0,Middle,5,5 11,5 11,5 11 15 16
conditional,374,1057,9,9,Hairdresser,0.0,Younger,9,9,9,9
conditional,374,742,15,15,Repairman,1.0,Middle,15,11 13 15,4 11 13 15,4 11 13 15
conditional,374,257,18,18,Skateboarder,0.0,Younger,18,18,18,18
conditional,374,299,11,4,Craftsman,1.0,Middle,16,1 11 16,1 11 15 16,1 11 15 16
conditional,374,676,1,1,Backpacker,1.0,Middle,1,1 11 16,1 11 16,1 5 11 16
conditional,374,609,10,10,Horse Rider,1.0,Middle,10,8 10,5 8 10 20,5 8 10 20
conditional,374,556,5,5,Farmer,1.0,Middle,5,5 11,5 11 16,5 11 16
conditional,374,1076,6,11,Laborer,1.0,Middle,6,6 11 13 16,6 11 13 16,6 11 13 16
conditional,374,1130,11,14,Painter,1.0,Middle,15,4 11 14 15,4 11 14 15,4 11 14 15
conditional,374,371,6,6,Guard,1.0,Middle,6,6 11 12,6 11 12 18,6 11 12 18
conditional,374,1360,14,4,Craftsman,3.0,Unknown,16,11 14 15 16,11 14 15 16,11 14 15 16
conditional,374,936,16,16,Salesperson,1.0,Middle,16,16,16,5 11 16
conditional,374,1346,18,18,Skateboarder,1.0,Middle,18,18,18,18
conditional,374,610,19,19,Speaker,2.0,Older,19,5 10 11 16 19,5 11 16 19,5 10 11 16 19
conditional,374,1378,20,20,Tennis Player,0.0,Younger,20,20,20,20
conditional,374,822,12,12,Officer,1.0,Middle,6,3 6 12 15,3 6 12 15,3 6 12 15
conditional,374,874,5,5,Farmer,1.0,Middle,5,5,5,5 11
conditional,374,534,11,3,Computer User,1.0,Middle,11,2 3 6 11 15,2 3 11 15,2 3 11 15
conditional,374,227,9,9,Hairdresser,1.0,Middle,9,9 11 16,4 9 11 16,4 9 11 16
conditional,374,381,1,1,Backpacker,0.0,Younger,16,1 3 6 11 15 16,1 6 11 16,1 6 11 16
conditional,374,43,17,17,Singer,3.0,Unknown,17,17,10 17,17
conditional,374,178,6,6,Guard,2.0,Older,15,6 13 15,4 6 13 15,4 6 13 15 16
conditional,374,786,17,17,Singer,3.0,Unknown,17,8 11 17 19,8 11 17 19,8 11 17 19
conditional,374,789,11,11,Laborer,1.0,Middle,6,6 11 15,6 11 15 18,6 11 15 18
conditional,375,985,19,19,Speaker,2.0,Older,10,3 5 6 10 11 12 19,3 10 11 19,3 6 10 11 19
conditional,375,1354,3,3,Computer User,3.0,Unknown,3,3 10 12 16,3 10 12 16,3 10 12 16
conditional,375,193,2,2,Boatman,3.0,Unknown,2,2 6,2 6 11 12,2 6 12
conditional,375,291,6,12,Officer,3.0,Unknown,6,6,6,6
conditional,375,1371,8,8,Gymnast,1.0,Middle,8,8,8,8
conditional,375,206,11,11,Laborer,1.0,Middle,5,5 11,5 11 16,5 11 16
conditional,375,844,11,11,Laborer,1.0,Middle,5,5 11,5 11,5 11
conditional,375,178,6,6,Guard,2.0,Older,15,6 13 15,4 6 13 15,4 6 13 15 16
conditional,375,432,18,18,Skateboarder,0.0,Younger,18,18,18,18
conditional,375,788,12,6,Guard,1.0,Middle,6,6,6,6
conditional,375,749,12,12,Officer,2.0,Older,12,6 11 12 13 15,6 11 12 15,6 11 12 13 15
conditional,375,187,9,9,Hairdresser,3.0,Unknown,9,9,9,9
conditional,375,1036,18,18,Skateboarder,3.0,Unknown,18,6 12 18,6 10 12 18,6 10 12 18
conditional,375,609,10,10,Horse Rider,1.0,Middle,10,8 10,5 8 10 20,5 8 10 20
conditional,375,958,17,17,Singer,1.0,Middle,17,17,17,10 17 19
conditional,375,553,2,13,Motorcyclist,0.0,Younger,2,2,2 16,2
conditional,375,19,20,20,Tennis Player,1.0,Middle,20,20,20,20
conditional,375,1202,7,7,Guitarist,2.0,Older,7,3 7,3 7 11 17,3 7 11 16 17
conditional,375,627,1,1,Backpacker,1.0,Middle,3,1 3 4 5 14 16,1 3 5 16,1 3 5 16
conditional,375,297,7,7,Guitarist,1.0,Middle,7,7,7,7 13
conditional,375,73,4,15,Repairman,2.0,Older,4,4 11,4 11 16,4 5 11 15 16
conditional,375,1042,19,19,Speaker,2.0,Older,10,5 6 8 9 10 12 16 17 19,6 10 12 16,6 10 12 16 17
conditional,375,964,10,10,Horse Rider,1.0,Middle,10,10 12,2 6 10 12,2 6 10 12
conditional,375,1328,5,5,Farmer,0.0,Younger,11,5 11,5 11,5 11
conditional,375,319,5,5,Farmer,1.0,Middle,5,5 11,5 11 16,5 11 16
conditional,375,448,12,12,Officer,1.0,Middle,12,6 12,3 6 12 13,3 6 12 13
conditional,375,152,16,16,Salesperson,2.0,Older,16,16,16,3 11 15 16
conditional,375,373,14,14,Painter,1.0,Middle,14,14,14,14
conditional,375,1182,3,3,Computer User,3.0,Unknown,3,3,3,3
conditional,375,855,15,14,Painter,1.0,Middle,15,11 15,11 14 15,11 14 15
conditional,375,102,18,18,Skateboarder,1.0,Middle,18,18,18,18
conditional,375,367,16,16,Salesperson,1.0,Middle,16,11 16,5 11 16,5 6 11 16
conditional,375,943,10,10,Horse Rider,1.0,Middle,10,10,10,8 10
conditional,375,402,1,1,Backpacker,0.0,Younger,1,1,1,1
conditional,375,473,2,2,Boatman,1.0,Middle,2,2,2 11,2 11
conditional,375,1332,17,17,Singer,1.0,Middle,17,7 17,7 10 14 17,7 10 14 17
conditional,375,1198,14,9,Hairdresser,1.0,Middle,9,4 9 14 16,4 9 14 16,4 9 14 16
conditional,375,436,15,4,Craftsman,2.0,Older,4,4 11 15 16,4 11 15 16,4 9 11 15 16
conditional,375,951,5,16,Salesperson,1.0,Middle,16,5 11 16,5 11 16,4 5 11 16
conditional,375,559,7,7,Guitarist,1.0,Middle,7,7 16 17,7 11 16 17,7 11 16 17
conditional,375,806,15,15,Repairman,3.0,Unknown,15,4 11 15,3 4 11 15,4 11 15
conditional,375,875,20,20,Tennis Player,1.0,Middle,20,20,20,20
conditional,375,697,5,5,Farmer,3.0,Unknown,5,5 11,5 11 12,5 11
conditional,375,275,6,6,Guard,1.0,Middle,6,6,6,6
conditional,375,1389,13,13,Motorcyclist,3.0,Unknown,13,13,13,13
conditional,375,1050,8,8,Gymnast,0.0,Younger,8,8,8,8
conditional,375,1122,3,3,Computer User,1.0,Middle,3,3 16 17 19,3 16 17 19,3 16 17 19
conditional,375,842,14,14,Painter,3.0,Unknown,16,11 14 16,11 14 16,11 14 16
conditional,375,1254,13,13,Motorcyclist,3.0,Unknown,16,2 13 16,2 11 13 16,2 11 13 16
conditional,375,85,8,19,Speaker,0.0,Younger,16,1 4 6 10 11 13 16,1 10 11 16,1 10 11 16
conditional,376,557,19,1,Backpacker,1.0,Middle,3,3 6 16 18 19 20,3 6 16 19,3 6 16 19
conditional,376,717,20,20,Tennis Player,1.0,Middle,20,20,20,20
conditional,376,918,11,11,Laborer,3.0,Unknown,11,11 15,4 11 14 15,11 14 15
conditional,376,70,15,15,Repairman,2.0,Older,15,4 11 15,4 11 15,4 9 11 15
conditional,376,121,16,16,Salesperson,1.0,Middle,16,16,1 11 15 16,1 11 15 16
conditional,376,308,16,6,Guard,2.0,Older,11,6 11 12,6 11 12 15,6 11 12 15 16
conditional,376,553,2,13,Motorcyclist,0.0,Younger,2,2,2 16,2
conditional,376,1199,1,1,Backpacker,0.0,Younger,1,1 3 6 8 10 12 18,1 8 12 18,1 8 12 18
conditional,376,291,6,12,Officer,3.0,Unknown,6,6,6,6
conditional,376,458,18,18,Skateboarder,0.0,Younger,18,18,18,18
conditional,376,768,13,16,Salesperson,2.0,Older,16,2 16,2 16 18 20,2 4 16 18 20
conditional,376,288,14,14,Painter,1.0,Middle,14,11 14,11 14 15 18,11 14 15 18
conditional,376,626,2,2,Boatman,1.0,Middle,2,2,2,2
conditional,376,410,6,11,Laborer,1.0,Middle,11,2 6 11 16,2 6 11 16,2 6 11 16
conditional,376,61,4,9,Hairdresser,1.0,Middle,9,9 15,9 15,4 9 11 15
conditional,376,1214,10,10,Horse Rider,1.0,Middle,6,6 10 12 13,6 10 12 13,6 10 12 13
conditional,376,605,18,18,Skateboarder,0.0,Younger,18,18,18,18
conditional,376,1267,17,17,Singer,1.0,Middle,16,11 16 17,11 15 16 17,11 15 16 17
conditional,376,12,19,19,Speaker,1.0,Middle,12,1 8 10 12,1 8 10 12,1 8 10 12
conditional,376,1034,17,17,Singer,0.0,Younger,17,17,17,17
conditional,376,247,6,6,Guard,1.0,Middle,6,6,6,6
conditional,376,441,13,13,Motorcyclist,3.0,Unknown,13,13,13,13
conditional,376,567,1,1,Backpacker,1.0,Middle,1,1 5,1 5 11 16,1 5 11 16
conditional,376,1177,7,7,Guitarist,1.0,Middle,7,3 4 7 11 15 16 17 19,3 7 16 19,3 7 16 19
conditional,376,1278,3,3,Computer User,3.0,Unknown,11,3 6 11 14 15 16,3 6 11 14,3 6 11 14
conditional,376,977,2,2,Boatman,1.0,Middle,2,2,2 16,2 11 16
conditional,376,880,9,9,Hairdresser,1.0,Middle,9,9,9,9 11
conditional,376,56,6,6,Guard,1.0,Middle,2,2 6 12,2 6 12,2 6 12
conditional,376,1112,20,20,Tennis Player,0.0,Younger,20,20,20,20
conditional,376,1368,10,10,Horse Rider,1.0,Middle,10,10,8 10,8 10 12
conditional,376,736,5,5,Farmer,2.0,Older,5,5 11,5 11,1 4 5 11 16
conditional,376,338,16,16,Salesperson,1.0,Middle,16,11 16,11 16,11 16
conditional,376,128,20,19,Speaker,0.0,Younger,20,20,20,20
conditional,376,671,8,8,Gymnast,0.0,Younger,8,8,8,8
conditional,376,1266,2,2,Boatman,0.0,Younger,2,2,2,2
conditional,376,971,5,5,Farmer,1.0,Middle,3,3 5 6 8 9 11 16 17,3 6 9 11,3 6 9 11
conditional,376,785,18,18,Skateboarder,1.0,Middle,18,18,18,18
conditional,376,1067,3,3,Computer User,3.0,Unknown,3,3,3,3
conditional,376,855,15,14,Painter,1.0,Middle,15,11 15,11 14 15,11 14 15
conditional,376,649,13,13,Motorcyclist,1.0,Middle,13,13,13,13
conditional,376,756,3,3,Computer User,1.0,Middle,3,1 3 11 16,1 3 11 16,1 3 11 16
conditional,376,1262,4,4,Craftsman,3.0,Unknown,16,4 11 16,4 9 11 16,4 9 11 16
conditional,376,976,10,10,Horse Rider,3.0,Unknown,10,10,1 2 5 10,2 5 10
conditional,376,140,15,15,Repairman,1.0,Middle,15,15,15,15
conditional,376,311,9,9,Hairdresser,0.0,Younger,9,9,2 9 11,9
conditional,376,1230,4,4,Craftsman,3.0,Unknown,11,4 11 14 15,4 11 14 15,4 11 14 15
conditional,376,352,17,17,Singer,1.0,Middle,17,17,17,17
conditional,376,1116,19,19,Speaker,1.0,Middle,9,3 8 9 16 17 19,3 9 17 19,3 9 17 19
conditional,376,901,12,12,Officer,3.0,Unknown,6,6 11 12 13,6 11 12 13,6 11 12 13
conditional,376,1294,8,8,Gymnast,0.0,Younger,8,1 6 8 14,1 6 8 14,8
conditional,377,386,17,7,Guitarist,3.0,Unknown,17,17,17,17
conditional,377,943,10,10,Horse Rider,1.0,Middle,10,10,10,8 10
conditional,377,135,19,19,Speaker,3.0,Unknown,16,6 10 12 16 17 19 20,6 16 17 19,6 16 17 19
conditional,377,944,4,4,Craftsman,1.0,Middle,11,4 5 9 11 16,5 9 11 16,5 9 11 16
conditional,377,205,13,13,Motorcyclist,1.0,Middle,13,13,12 13,12 13
conditional,377,725,8,8,Gymnast,0.0,Younger,8,8,8,8
conditional,377,846,6,10,Horse Rider,3.0,Unknown,6,6,6,6
conditional,377,530,17,17,Singer,1.0,Middle,17,17,7 17,7 17
conditional,377,418,16,16,Salesperson,1.0,Middle,16,1 16,1 11 16,1 11 15 16
conditional,377,186,4,4,Craftsman,2.0,Older,11,3 4 9 11 15 16,3 11 15 16,3 4 11 15 16
conditional,377,558,17,7,Guitarist,1.0,Middle,17,7 17,7 10 15 17,7 10 15 17
conditional,377,587,19,19,Speaker,2.0,Older,12,3 6 10 11 12 16 17 19 20,6 11 12 16,6 11 12 16 19
conditional,377,1263,8,8,Gymnast,1.0,Middle,8,8,8,8
conditional,377,597,3,3,Computer User,1.0,Middle,19,3 11 15 17 19,3 11 17 19,3 11 17 19
conditional,377,389,13,1,Backpacker,2.0,Older,13,13,13,1 2 13 16
conditional,377,611,1,7,Guitarist,3.0,Unknown,16,1 15 16,1 4 15 16,1 4 15 16
conditional,377,870,8,8,Gymnast,0.0,Younger,8,8,8,8
conditional,377,176,5,11,Laborer,3.0,Unknown,11,2 5 11,2 5 11,2 5 11
conditional,377,982,2,2,Boatman,1.0,Middle,2,2,2,1 2
conditional,377,1147,6,6,Guard,0.0,Younger,6,6,6,6
conditional,377,112,20,20,Tennis Player,0.0,Younger,20,20,20,20
conditional,377,850,3,3,Computer User,3.0,Unknown,16,11 16,3 11 15 16,3 11 15 16
conditional,377,615,5,11,Laborer,1.0,Middle,5,5 11,5 11,1 5 11
conditional,377,1203,12,12,Officer,1.0,Middle,6,6 11,2 6 11 12,2 6 11 12
conditional,377,1116,19,19,Speaker,1.0,Middle,9,3 8 9 16 17 19,3 9 17 19,3 9 17 19
conditional,377,1325,12,12,Officer,1.0,Middle,6,6 12 13,6 12 13 19,6 12 13 19
conditional,377,675,2,16,Salesperson,1.0,Middle,16,11 15 16,2 11 15 16,2 11 15 16
conditional,377,935,13,13,Motorcyclist,3.0,Unknown,13,13,13,13
conditional,377,679,10,5,Farmer,2.0,Older,5,5 11,5 11,2 4 5 11
conditional,377,1060,6,6,Guard,0.0,Younger,6,6,6,6
conditional,377,936,16,16,Salesperson,1.0,Middle,16,16,16,5 11 16
conditional,377,139,5,9,Hairdresser,1.0,Middle,11,5 9 11,4 5 9 11,4 5 9 11
conditional,377,58,11,11,Laborer,3.0,Unknown,11,6 11 14,6 11 14 18,6 11 14 18
conditional,377,366,15,15,Repairman,1.0,Middle,15,11 15,11 15,4 11 15
conditional,377,208,15,15,Repairman,3.0,Unknown,3,3,3 19,3
conditional,377,557,16,1,Backpacker,1.0,Middle,3,3 6 16 18 19 20,3 6 16 19,3 6 16 19
conditional,377,1390,4,4,Craftsman,1.0,Middle,11,4 11 15 16,4 11 15 16,4 11 15 16
conditional,377,966,14,14,Painter,2.0,Older,14,5 11 14,4 5 11 14,4 5 11 12 14
conditional,377,400,18,18,Skateboarder,3.0,Unknown,18,18,18,18
conditional,377,788,12,6,Guard,1.0,Middle,6,6,6,6
conditional,377,551,5,5,Farmer,1.0,Middle,5,5 11,5 11,5 11
conditional,377,946,1,14,Painter,3.0,Unknown,14,14,2 14,14
conditional,377,107,17,1,Backpacker,1.0,Middle,16,6 11 16 17,6 11 16 17,6 11 16 17
conditional,377,650,18,18,Skateboarder,3.0,Unknown,18,18,8 18,18
conditional,377,921,18,18,Skateboarder,3.0,Unknown,18,18,18,18
conditional,377,1354,3,3,Computer User,3.0,Unknown,3,3 10 12 16,3 10 12 16,3 10 12 16
conditional,377,521,13,13,Motorcyclist,1.0,Middle,13,13,13,13
conditional,377,560,10,10,Horse Rider,0.0,Younger,10,8 10,8 10 20,10
conditional,377,716,15,15,Repairman,0.0,Younger,15,15,15,15
conditional,377,1334,17,17,Singer,1.0,Middle,17,17,17,11 17
conditional,378,712,15,15,Repairman,1.0,Middle,11,11 15,1 4 11 15,1 4 11 15
conditional,378,1153,19,19,Speaker,1.0,Middle,10,3 5 6 10 11 12 13 16 17 19,5 6 10 12,5 6 10 12
conditional,378,145,2,2,Boatman,1.0,Middle,2,2,2,2
conditional,378,700,1,1,Backpacker,3.0,Unknown,1,1 2 6 14,1 2 6 14,1 2 6 14
conditional,378,166,14,14,Painter,0.0,Younger,14,11 14 16,1 11 14 16,14 16
conditional,378,1293,18,18,Skateboarder,3.0,Unknown,18,18,18,18
conditional,378,591,16,11,Laborer,1.0,Middle,16,6 11 13 15 16 17,6 13 15 16,6 13 15 16
conditional,378,621,8,8,Gymnast,0.0,Younger,8,8,8,8
conditional,378,1353,19,17,Singer,0.0,Younger,17,17,17,17
conditional,378,431,6,12,Officer,1.0,Middle,6,6 10 11 13 15 16,6 11 15 16,6 11 15 16
conditional,378,432,18,18,Skateboarder,0.0,Younger,18,18,18,18
conditional,378,1183,9,9,Hairdresser,2.0,Older,9,9,9,4 9 11 15 16
conditional,378,1331,1,1,Backpacker,1.0,Middle,1,1 5 11 16,1 5 11 16,1 5 11 16
conditional,378,585,14,14,Painter,0.0,Younger,16,11 14 16,2 11 14 16,11 14 16
conditional,378,956,6,6,Guard,1.0,Middle,6,6,6,6 20
conditional,378,505,20,20,Tennis Player,0.0,Younger,20,20,20,20
conditional,378,1256,9,9,Hairdresser,1.0,Middle,9,9 15,4 9 15,4 9 11 15
conditional,378,1348,6,16,Salesperson,1.0,Middle,9,6 9 12,3 6 9 12,3 6 9 12
conditional,378,848,16,16,Salesperson,1.0,Middle,16,16,11 16,11 16
conditional,378,1046,20,20,Tennis Player,0.0,Younger,20,20,20,20
conditional,378,506,8,8,Gymnast,1.0,Middle,8,8,8,8
conditional,378,920,12,12,Officer,1.0,Middle,6,6 12 13 16,6 12 13 16,6 12 13 16
conditional,378,105,4,15,Repairman,3.0,Unknown,15,4 11 15 16,4 11 15 16,4 11 15 16
conditional,378,1295,3,3,Computer User,3.0,Unknown,3,3 16 19,3 15 16 19,3 16 19
conditional,378,570,14,14,Painter,2.0,Older,14,14 16,14 16,4 11 14 15 16
conditional,378,455,11,11,Laborer,0.0,Younger,4,4 11 14,4 11 14,4 11
conditional,378,135,19,19,Speaker,3.0,Unknown,16,6 10 12 16 17 19 20,6 16 17 19,6 16 17 19
conditional,378,37,13,13,Motorcyclist,1.0,Middle,13,13,13,13
conditional,378,1226,9,9,Hairdresser,1.0,Middle,9,9,9,9
conditional,378,464,7,7,Guitarist,1.0,Middle,7,7 11 17,2 7 11 17,2 7 11 17
conditional,378,225,6,10,Horse Rider,0.0,Younger,6,6,6 10,6
conditional,378,963,13,13,Motorcyclist,0.0,Younger,13,13 15,9 13 15 16,13
conditional,378,426,5,5,Farmer,2.0,Older,5,5 11,5 11,1 2 5 11 16
conditional,378,331,6,6,Guard,0.0,Younger,6,6 15,6 15,6
conditional,378,680,18,18,Skateboarder,0.0,Younger,18,6 8 18 20,6 8 18 20,6 8 18 20
conditional,378,1168,7,7,Guitarist,3.0,Unknown,7,7,7,7
conditional,378,801,8,8,Gymnast,1.0,Middle,8,8,8,8
conditional,378,32,17,17,Singer,0.0,Younger,17,17,17,17
conditional,378,710,6,6,Guard,1.0,Middle,6,6,6,6
conditional,378,1324,10,10,Horse Rider,3.0,Unknown,10,10,10,10
conditional,378,681,11,15,Repairman,1.0,Middle,15,11 15,11 15,11 15
conditional,378,359,19,16,Salesperson,3.0,Unknown,16,3 6 11 16,3 6 11 16,3 6 11 16
conditional,378,1397,1,1,Backpacker,0.0,Younger,16,1 16,1 9 11 16,1 16
conditional,378,299,4,4,Craftsman,1.0,Middle,16,1 11 16,1 11 15 16,1 11 15 16
conditional,378,325,11,5,Farmer,2.0,Older,11,5 11,5 11 16,4 5 11 16
conditional,378,315,2,2,Boatman,3.0,Unknown,2,2,1 2,2
conditional,378,1025,6,12,Officer,3.0,Unknown,18,6 12 13 18,6 12 13 18,6 12 13 18
conditional,378,30,15,11,Laborer,1.0,Middle,11,4 11 15,4 11 15,4 5 11 15
conditional,378,1113,2,2,Boatman,1.0,Middle,2,2 14,2 11 14 17,2 11 14 17
conditional,378,515,7,7,Guitarist,1.0,Middle,7,7,7,7
conditional,379,305,17,17,Singer,1.0,Middle,17,17,17,17
conditional,379,1257,16,16,Salesperson,1.0,Middle,16,5 11 16,4 5 11 16,4 5 11 16
conditional,379,998,17,17,Singer,0.0,Younger,17,17,11 17,17
conditional,379,708,5,5,Farmer,2.0,Older,11,5 11,4 5 11,2 4 5 11 16
conditional,379,267,5,5,Farmer,3.0,Unknown,11,5 11,1 5 11,1 5 11
conditional,379,455,5,11,Laborer,0.0,Younger,4,4 11 14,4 11 14,4 11
conditional,379,1044,16,15,Repairman,0.0,Younger,11,3 4 6 10 11 14 15 16 17,6 11 15 16,6 11 15 16
conditional,379,6,3,3,Computer User,0.0,Younger,3,1 3 10 11 14 15 16 17 18 19,1 3 11 17,1 3 11 17
conditional,379,664,2,2,Boatman,1.0,Middle,2,2 16,2 11 16,2 11 15 16
conditional,379,712,15,15,Repairman,1.0,Middle,11,11 15,1 4 11 15,1 4 11 15
conditional,379,1376,16,16,Salesperson,2.0,Older,16,16,11 16,3 4 6 11 16
conditional,379,81,2,4,Craftsman,1.0,Middle,11,2 5 6 11 13 15,2 6 11 15,2 6 11 15
conditional,379,1060,6,6,Guard,0.0,Younger,6,6,6,6
conditional,379,488,3,3,Computer User,1.0,Middle,16,3 6 16,2 3 6 16,2 3 6 16
conditional,379,276,14,14,Painter,0.0,Younger,14,11 14 16,11 14 16,14 16
conditional,379,1350,12,13,Motorcyclist,3.0,Unknown,12,6 12 13,3 6 12 13,3 6 12 13
conditional,379,459,2,2,Boatman,2.0,Older,2,2,2,2 6 14 15 16
conditional,379,312,9,9,Hairdresser,1.0,Middle,9,2 9 11 15,2 9 11 15,2 9 11 15
conditional,379,340,15,15,Repairman,3.0,Unknown,15,3 6 9 11 15 16,3 9 11 15,3 9 11 15
conditional,379,486,7,7,Guitarist,1.0,Middle,17,1 6 7 11 17,1 6 7 17,1 6 7 17
conditional,379,1377,8,8,Gymnast,0.0,Younger,8,8,8,8
conditional,379,957,14,14,Painter,1.0,Middle,14,9 11 14 16,9 11 14 16,9 11 14 16
conditional,379,811,6,12,Officer,1.0,Middle,6,6 10 11 15,6 10 11 15,6 10 11 15
conditional,379,113,19,19,Speaker,2.0,Older,3,3 5 10 11 12 19,3 10 12 19,3 10 11 12 19
conditional,379,1133,12,6,Guard,1.0,Middle,11,6 11,6 11 12 13,6 11 12 13
conditional,379,1196,20,20,Tennis Player,3.0,Unknown,20,20,20,20
conditional,379,158,4,4,Craftsman,1.0,Middle,11,4 5 11 16,4 5 11 16,4 5 11 16
conditional,379,387,20,20,Tennis Player,1.0,Middle,20,20,20,20
conditional,379,544,16,11,Laborer,0.0,Younger,11,5 11 16,5 11 16,5 11 16
conditional,379,846,6,10,Horse Rider,3.0,Unknown,6,6,6,6
conditional,379,82,7,7,Guitarist,1.0,Middle,7,7,7,7
conditional,379,826,6,6,Guard,3.0,Unknown,6,6,6,6
conditional,379,306,14,14,Painter,1.0,Middle,14,11 14 16,4 11 14 16,4 11 14 16
conditional,379,419,17,19,Speaker,1.0,Middle,20,5 6 8 10 11 16 17 20,8 16 17 20,8 16 17 20
conditional,379,809,10,10,Horse Rider,1.0,Middle,10,5 8 10 12,5 8 10 12,5 8 10 12
conditional,379,1113,2,2,Boatman,1.0,Middle,2,2 14,2 11 14 17,2 11 14 17
conditional,379,718,13,12,Officer,0.0,Younger,12,2 6 12 13,2 6 12 13,2 6 12 13
conditional,379,1298,6,18,Skateboarder,1.0,Middle,18,13 16 18,6 13 16 18,6 13 16 18
conditional,379,714,16,16,Salesperson,3.0,Unknown,16,11 16,11 13 16,11 16
conditional,379,184,13,13,Motorcyclist,1.0,Middle,13,13,13,11 13
conditional,379,297,7,7,Guitarist,1.0,Middle,7,7,7,7 13
conditional,379,859,12,12,Officer,1.0,Middle,6,2 6 12,2 6 12 13,2 6 12 13
conditional,379,491,8,8,Gymnast,1.0,Middle,8,8,8,8
conditional,379,1190,3,3,Computer User,1.0,Middle,1,1 3 15 16,1 3 15 16,1 3 15 16
conditional,379,1276,9,9,Hairdresser,1.0,Middle,9,9,9 15,5 9 11 15
conditional,379,230,1,1,Backpacker,3.0,Unknown,1,1 16,1 6 14 16,1 6 14 16
conditional,379,89,19,19,Speaker,1.0,Middle,16,3 16,3 10 16 20,3 10 16 20
conditional,379,490,5,5,Farmer,0.0,Younger,5,5 11 16,5 11 16,5 11
conditional,379,403,8,8,Gymnast,0.0,Younger,8,8,8,8
conditional,379,501,18,18,Skateboarder,0.0,Younger,13,2 6 11 13 16 18,11 13 16 18,11 13 16 18
conditional,380,718,6,12,Officer,0.0,Younger,12,2 6 12 13,2 6 12 13,2 6 12 13
conditional,380,511,7,7,Guitarist,1.0,Middle,17,7 17,1 7 10 17,1 7 10 17
conditional,380,928,1,2,Boatman,2.0,Older,2,2,2,2 6 10 12
conditional,380,1193,5,5,Farmer,3.0,Unknown,11,5 11,5 11,5 11
conditional,380,1384,20,20,Tennis Player,1.0,Middle,20,20,20,20
conditional,380,457,18,18,Skateboarder,0.0,Younger,18,18,18,18
conditional,380,1158,12,19,Speaker,1.0,Middle,6,6 12 19,6 12 19,6 10 12 19
conditional,380,390,10,10,Horse Rider,1.0,Middle,10,6 10 12,6 10 12,6 10 12
conditional,380,1134,3,3,Computer User,3.0,Unknown,3,1 3 16,1 3 11 16,1 3 11 16
conditional,380,988,11,11,Laborer,2.0,Older,11,11 15 16,11 14 15 16,2 11 14 15 16
conditional,380,407,5,5,Farmer,2.0,Older,5,4 5 11 15 16,5 11 15 16,4 5 11 15 16
conditional,380,1358,13,13,Motorcyclist,3.0,Unknown,13,13,13,13
conditional,380,858,19,19,Speaker,1.0,Middle,19,3 6 10 11 12 17 19,6 11 17 19,6 11 17 19
conditional,380,624,15,15,Repairman,1.0,Middle,15,3 6 11 15,3 6 11 15,3 6 11 15
conditional,380,1324,10,10,Horse Rider,3.0,Unknown,10,10,10,10
conditional,380,565,1,11,Laborer,2.0,Older,14,1 2 11 14 15,1 2 11 14,1 2 11 14 15
conditional,380,215,15,14,Painter,1.0,Middle,11,11 14 15,4 11 14 15,4 11 14 15
conditional,380,348,6,12,Officer,0.0,Younger,16,6 11 12 13 16,6 11 12 16,6 11 12 16
conditional,380,93,16,16,Salesperson,3.0,Unknown,16,16,1 16,16
conditional,380,1136,8,8,Gymnast,0.0,Younger,8,8,8,8
conditional,380,1131,17,17,Singer,0.0,Younger,17,11 17,11 12 15 17,17
conditional,380,1074,1,1,Backpacker,3.0,Unknown,1,1,1 10 12,1 10
conditional,380,48,1,1,Backpacker,3.0,Unknown,1,1,1 2 11,1 2
conditional,380,1333,17,17,Singer,1.0,Middle,17,17,11 17,6 11 17
conditional,380,100,15,3,Computer User,3.0,Unknown,3,2 3 8 11 15 16 19,3 11 15 16,3 11 15 16
conditional,380,452,4,4,Craftsman,1.0,Middle,11,4 11 14 16,4 11 14 16,4 11 14 16
conditional,380,38,16,9,Hairdresser,2.0,Older,9,9,9,4 9 11 15
conditional,380,656,8,8,Gymnast,0.0,Younger,8,6 8,6 8 13 18,6 8
conditional,380,943,10,10,Horse Rider,1.0,Middle,10,10,10,8 10
conditional,380,865,14,14,Painter,1.0,Middle,14,11 14 16,2 11 14 16,2 11 14 16
conditional,380,435,20,20,Tennis Player,1.0,Middle,20,20,20,20
conditional,380,366,15,15,Repairman,1.0,Middle,15,11 15,11 15,4 11 15
conditional,380,413,20,20,Tennis Player,1.0,Middle,20,20,20,6 20
conditional,380,1077,13,13,Motorcyclist,1.0,Middle,13,13,13,13
conditional,380,738,4,4,Craftsman,1.0,Middle,11,4 11 16,4 11 16,4 11 16
conditional,380,363,18,18,Skateboarder,0.0,Younger,18,18,18,18
conditional,380,1122,3,3,Computer User,1.0,Middle,3,3 16 17 19,3 16 17 19,3 16 17 19
conditional,380,476,1,1,Backpacker,0.0,Younger,1,1,1,1
conditional,380,371,1,6,Guard,1.0,Middle,6,6 11 12,6 11 12 18,6 11 12 18
conditional,380,181,4,15,Repairman,1.0,Middle,11,4 11 15,4 11 15,4 11 15
conditional,380,460,16,16,Salesperson,1.0,Middle,16,11 16,6 11 14 16,6 11 14 16
conditional,380,429,9,9,Hairdresser,3.0,Unknown,9,1 3 9 14,1 3 9 14,1 3 9 14
conditional,380,1254,13,13,Motorcyclist,3.0,Unknown,16,2 13 16,2 11 13 16,2 11 13 16
conditional,380,1186,6,6,Guard,1.0,Middle,12,6 12 13,1 6 12 13,1 6 12 13
conditional,380,751,6,12,Officer,1.0,Middle,6,6 16,3 6 11 16,3 6 11 16
conditional,380,239,16,16,Salesperson,1.0,Middle,16,2 3 9 11 15 16,3 11 15 16,3 11 15 16
conditional,380,336,17,17,Singer,0.0,Younger,17,17,17,17
conditional,380,789,6,11,Laborer,1.0,Middle,6,6 11 15,6 11 15 18,6 11 15 18
conditional,380,616,5,5,Farmer,3.0,Unknown,5,5 11,5 11,5 11
conditional,380,22,2,2,Boatman,0.0,Younger,2,2,2,2
conditional,381,30,11,11,Laborer,1.0,Middle,11,4 11 15,4 11 15,4 5 11 15
conditional,381,96,16,1,Backpacker,1.0,Middle,16,16,11 16,11 14 15 16
conditional,381,643,10,10,Horse Rider,1.0,Middle,10,10,8 10,5 8 10 20
conditional,381,1334,17,17,Singer,1.0,Middle,17,17,17,11 17
conditional,381,744,18,18,Skateboarder,0.0,Younger,18,18,18,18
conditional,381,105,15,15,Repairman,3.0,Unknown,15,4 11 15 16,4 11 15 16,4 11 15 16
conditional,381,923,12,12,Officer,3.0,Unknown,6,6 11 16,6 11 12 16,6 11 12 16
conditional,381,843,14,14,Painter,2.0,Older,16,4 11 16,4 11 15 16,4 11 14 15 16
conditional,381,1303,13,13,Motorcyclist,3.0,Unknown,1,1 2 11 13 16,1 2 11 13,1 2 11 13
conditional,381,455,4,11,Laborer,0.0,Younger,4,4 11 14,4 11 14,4 11
conditional,381,751,6,12,Officer,1.0,Middle,6,6 16,3 6 11 16,3 6 11 16
conditional,381,1083,5,5,Farmer,2.0,Older,5,5 11 16,4 5 11 16,4 5 9 11 16
conditional,381,1055,13,13,Motorcyclist,1.0,Middle,13,13,13,13
conditional,381,908,8,8,Gymnast,0.0,Younger,8,8,8,8
conditional,381,517,14,14,Painter,0.0,Younger,14,11 14 15,11 14 15 16,11 14 15
conditional,381,369,9,9,Hairdresser,1.0,Middle,9,9,9,9
conditional,381,642,7,7,Guitarist,3.0,Unknown,7,7 17,7 17,7
conditional,381,654,11,4,Craftsman,3.0,Unknown,4,4 11,2 4 11 15,2 4 11 15
conditional,381,179,7,7,Guitarist,1.0,Middle,17,1 2 5 7 9 11 14 15 16 17,1 2 7 17,1 2 7 17
conditional,381,1263,8,8,Gymnast,1.0,Middle,8,8,8,8
conditional,381,850,3,3,Computer User,3.0,Unknown,16,11 16,3 11 15 16,3 11 15 16
conditional,381,349,20,20,Tennis Player,1.0,Middle,20,20,20,20
conditional,381,730,1,3,Computer User,3.0,Unknown,1,1 2 11 16 17,1 2 11 16,1 2 11 16
conditional,381,460,16,16,Salesperson,1.0,Middle,16,11 16,6 11 14 16,6 11 14 16
conditional,381,1342,20,20,Tennis Player,1.0,Middle,20,20,20,20
conditional,381,389,13,1,Backpacker,2.0,Older,13,13,13,1 2 13 16
conditional,381,1159,17,17,Singer,0.0,Younger,17,17,17,17
conditional,381,716,15,15,Repairman,0.0,Younger,15,15,15,15
conditional,381,495,16,16,Salesperson,2.0,Older,2,2 14 16,2 14 16,2 4 11 14 16
conditional,381,89,19,19,Speaker,1.0,Middle,16,3 16,3 10 16 20,3 10 16 20
conditional,381,469,8,8,Gymnast,0.0,Younger,8,8,8,8
conditional,381,138,18,18,Skateboarder,3.0,Unknown,18,18,18,18
conditional,381,522,8,4,Craftsman,0.0,Younger,8,1 2 4 6 8 11 15 16 20,2 8 11 16,2 8 11 16
conditional,381,353,14,14,Painter,1.0,Middle,14,11 14,11 14,4 11 14
conditional,381,983,20,20,Tennis Player,1.0,Middle,20,20,20,20
conditional,381,407,5,5,Farmer,2.0,Older,5,4 5 11 15 16,5 11 15 16,4 5 11 15 16
conditional,381,1348,1,16,Salesperson,1.0,Middle,9,6 9 12,3 6 9 12,3 6 9 12
conditional,381,606,3,3,Computer User,3.0,Unknown,3,3 6 8 16,3 6 8 16,3 6 8 16
conditional,381,1389,13,13,Motorcyclist,3.0,Unknown,13,13,13,13
conditional,381,942,1,2,Boatman,3.0,Unknown,2,1 2,1 2,1 2
conditional,381,1208,5,5,Farmer,1.0,Middle,1,1 11,1 5 11 16,1 5 11 16
conditional,381,499,1,1,Backpacker,0.0,Younger,1,1 6 16,1 6 10 16,1
conditional,381,260,1,2,Boatman,1.0,Middle,2,2 6,2 6,2 6
conditional,381,408,2,2,Boatman,3.0,Unknown,2,2,2,2
conditional,381,1374,6,6,Guard,1.0,Middle,6,6,6 15,6 15 16
conditional,381,1121,1,18,Skateboarder,3.0,Unknown,2,2 16 18,1 2 16 18,1 2 16 18
conditional,381,12,19,19,Speaker,1.0,Middle,12,1 8 10 12,1 8 10 12,1 8 10 12
conditional,381,956,6,6,Guard,1.0,Middle,6,6,6,6 20
conditional,381,167,17,17,Singer,0.0,Younger,17,17,11 17 19 20,17
conditional,381,371,6,6,Guard,1.0,Middle,6,6 11 12,6 11 12 18,6 11 12 18
conditional,382,661,8,8,Gymnast,0.0,Younger,8,8 18,8 18,8
conditional,382,165,13,13,Motorcyclist,1.0,Middle,2,1 2 13,1 2 13 19,1 2 13 19
conditional,382,226,2,2,Boatman,0.0,Younger,2,2,2,2
conditional,382,445,11,13,Motorcyclist,3.0,Unknown,11,11 16,11 16,11 16
conditional,382,348,12,12,Officer,0.0,Younger,16,6 11 12 13 16,6 11 12 16,6 11 12 16
conditional,382,350,18,18,Skateboarder,1.0,Middle,18,18,18,18
conditional,382,74,20,20,Tennis Player,1.0,Middle,20,20,20,20
conditional,382,1115,19,19,Speaker,1.0,Middle,6,6 9 10 12 17 19,6 9 17 19,6 9 17 19
conditional,382,255,17,17,Singer,1.0,Middle,17,17,17,17
conditional,382,1094,20,20,Tennis Player,1.0,Middle,20,20,20,20
conditional,382,336,17,17,Singer,0.0,Younger,17,17,17,17
conditional,382,120,10,10,Horse Rider,0.0,Younger,10,10,5 10 12 16,10
conditional,382,1136,8,8,Gymnast,0.0,Younger,8,8,8,8
conditional,382,1217,8,8,Gymnast,3.0,Unknown,8,8,8,8
conditional,382,147,1,1,Backpacker,1.0,Middle,1,1,1 11,1 3 11 16
conditional,382,39,15,9,Hairdresser,2.0,Older,9,4 9 15,4 9 15,4 6 9 15 16
conditional,382,410,6,11,Laborer,1.0,Middle,11,2 6 11 16,2 6 11 16,2 6 11 16
conditional,382,498,2,2,Boatman,1.0,Middle,2,2,2,2 11 16
conditional,382,1221,9,9,Hairdresser,1.0,Middle,9,4 9 16,4 9 11 16,4 9 11 16
conditional,382,1072,4,4,Craftsman,0.0,Younger,11,4 6 11 15 16,4 11 15 16,4 11 15 16
conditional,382,894,6,6,Guard,2.0,Older,15,6 15 16,4 6 15 16,4 6 11 15 16
conditional,382,697,5,5,Farmer,3.0,Unknown,5,5 11,5 11 12,5 11
conditional,382,824,14,14,Painter,3.0,Unknown,14,14,14,14
conditional,382,753,3,3,Computer User,1.0,Middle,11,1 11 18,1 3 11 18,1 3 11 18
conditional,382,1084,20,20,Tennis Player,3.0,Unknown,20,20,20,20
conditional,382,478,5,5,Farmer,3.0,Unknown,5,2 5 11,2 5 11,2 5 11
conditional,382,206,5,11,Laborer,1.0,Middle,5,5 11,5 11 16,5 11 16
conditional,382,381,1,1,Backpacker,0.0,Younger,16,1 3 6 11 15 16,1 6 11 16,1 6 11 16
conditional,382,103,9,9,Hairdresser,1.0,Middle,9,9,9 11,9 11 16
conditional,382,1171,1,18,Skateboarder,0.0,Younger,1,1 16 18,1 16 18,1
conditional,382,683,12,12,Officer,3.0,Unknown,6,6 12 13 16,6 12 13 16,6 12 13 16
conditional,382,215,11,14,Painter,1.0,Middle,11,11 14 15,4 11 14 15,4 11 14 15
conditional,382,433,11,15,Repairman,1.0,Middle,15,11 13 15,11 13 15 17,11 13 15 17
conditional,382,1367,11,4,Craftsman,1.0,Middle,11,11 16,5 11 16,2 5 11 16
conditional,382,339,17,17,Singer,1.0,Middle,17,17,17,10 11 17 20
conditional,382,272,16,16,Salesperson,2.0,Older,16,11 16,11 16,5 6 11 16
conditional,382,288,18,14,Painter,1.0,Middle,14,11 14,11 14 15 18,11 14 15 18
conditional,382,459,2,2,Boatman,2.0,Older,2,2,2,2 6 14 15 16
conditional,382,859,12,12,Officer,1.0,Middle,6,2 6 12,2 6 12 13,2 6 12 13
conditional,382,440,11,6,Guard,1.0,Middle,6,6 12,6 12,6 11 12 15
conditional,382,915,15,15,Repairman,1.0,Middle,11,11 15,11 15,11 15
conditional,382,69,19,19,Speaker,1.0,Middle,17,9 16 17 20,9 16 17 20,9 16 17 20
conditional,382,992,7,7,Guitarist,2.0,Older,7,7,7,7 11 16 17 18
conditional,382,924,6,6,Guard,0.0,Younger,6,6 15,6 15,6
conditional,382,287,3,3,Computer User,3.0,Unknown,16,3 5 16,3 5 10 16,3 5 10 16
conditional,382,1049,3,3,Computer User,3.0,Unknown,2,2 3 16,2 3 11 16,2 3 16
conditional,382,1286,7,7,Guitarist,3.0,Unknown,7,7,7,7
conditional,382,1236,7,7,Guitarist,1.0,Middle,11,1 2 5 7 11 16 17 20,1 2 11 20,1 2 11 20
conditional,382,898,13,13,Motorcyclist,1.0,Middle,13,2 11 13 16,2 11 13 16,2 11 13 16
conditional,382,1316,2,16,Salesperson,1.0,Middle,2,1 2 11 14,1 2 11 14,1 2 11 14
conditional,383,712,15,15,Repairman,1.0,Middle,11,11 15,1 4 11 15,1 4 11 15
conditional,383,1348,16,16,Salesperson,1.0,Middle,9,6 9 12,3 6 9 12,3 6 9 12
conditional,383,325,5,5,Farmer,2.0,Older,11,5 11,5 11 16,4 5 11 16
conditional,383,225,6,10,Horse Rider,0.0,Younger,6,6,6 10,6
conditional,383,700,1,1,Backpacker,3.0,Unknown,1,1 2 6 14,1 2 6 14,1 2 6 14
conditional,383,963,13,13,Motorcyclist,0.0,Younger,13,13 15,9 13 15 16,13
conditional,383,1295,3,3,Computer User,3.0,Unknown,3,3 16 19,3 15 16 19,3 16 19
conditional,383,1153,19,19,Speaker,1.0,Middle,10,3 5 6 10 11 12 13 16 17 19,5 6 10 12,5 6 10 12
conditional,383,515,7,7,Guitarist,1.0,Middle,7,7,7,7
conditional,383,1293,18,18,Skateboarder,3.0,Unknown,18,18,18,18
conditional,383,135,19,19,Speaker,3.0,Unknown,16,6 10 12 16 17 19 20,6 16 17 19,6 16 17 19
conditional,383,848,16,16,Salesperson,1.0,Middle,16,16,11 16,11 16
conditional,383,1046,20,20,Tennis Player,0.0,Younger,20,20,20,20
conditional,383,956,6,6,Guard,1.0,Middle,6,6,6,6 20
conditional,383,505,20,20,Tennis Player,0.0,Younger,20,20,20,20
conditional,383,570,14,14,Painter,2.0,Older,14,14 16,14 16,4 11 14 15 16
conditional,383,455,4,11,Laborer,0.0,Younger,4,4 11 14,4 11 14,4 11
conditional,383,145,2,2,Boatman,1.0,Middle,2,2,2,2
conditional,383,37,13,13,Motorcyclist,1.0,Middle,13,13,13,13
conditional,383,1113,2,2,Boatman,1.0,Middle,2,2 14,2 11 14 17,2 11 14 17
conditional,383,1168,7,7,Guitarist,3.0,Unknown,7,7,7,7
conditional,383,801,8,8,Gymnast,1.0,Middle,8,8,8,8
conditional,383,1226,9,9,Hairdresser,1.0,Middle,9,9,9,9
conditional,383,299,1,4,Craftsman,1.0,Middle,16,1 11 16,1 11 15 16,1 11 15 16
conditional,383,680,18,18,Skateboarder,0.0,Younger,18,6 8 18 20,6 8 18 20,6 8 18 20
conditional,383,1025,6,12,Officer,3.0,Unknown,18,6 12 13 18,6 12 13 18,6 12 13 18
conditional,383,32,17,17,Singer,0.0,Younger,17,17,17,17
conditional,383,166,14,14,Painter,0.0,Younger,14,11 14 16,1 11 14 16,14 16
conditional,383,1331,1,1,Backpacker,1.0,Middle,1,1 5 11 16,1 5 11 16,1 5 11 16
conditional,383,1324,10,10,Horse Rider,3.0,Unknown,10,10,10,10
conditional,383,1397,16,1,Backpacker,0.0,Younger,16,1 16,1 9 11 16,1 16
conditional,383,30,4,11,Laborer,1.0,Middle,11,4 11 15,4 11 15,4 5 11 15
conditional,383,432,18,18,Skateboarder,0.0,Younger,18,18,18,18
conditional,383,331,6,6,Guard,0.0,Younger,6,6 15,6 15,6
conditional,383,426,5,5,Farmer,2.0,Older,5,5 11,5 11,1 2 5 11 16
conditional,383,710,6,6,Guard,1.0,Middle,6,6,6,6
conditional,383,1183,19,9,Hairdresser,2.0,Older,9,9,9,4 9 11 15 16
conditional,383,1353,17,17,Singer,0.0,Younger,17,17,17,17
conditional,383,920,6,12,Officer,1.0,Middle,6,6 12 13 16,6 12 13 16,6 12 13 16
conditional,383,506,8,8,Gymnast,1.0,Middle,8,8,8,8
conditional,383,315,2,2,Boatman,3.0,Unknown,2,2,1 2,2
conditional,383,105,15,15,Repairman,3.0,Unknown,15,4 11 15 16,4 11 15 16,4 11 15 16
conditional,383,431,6,12,Officer,1.0,Middle,6,6 10 11 13 15 16,6 11 15 16,6 11 15 16
conditional,383,359,16,16,Salesperson,3.0,Unknown,16,3 6 11 16,3 6 11 16,3 6 11 16
conditional,383,1256,9,9,Hairdresser,1.0,Middle,9,9 15,4 9 15,4 9 11 15
conditional,383,585,14,14,Painter,0.0,Younger,16,11 14 16,2 11 14 16,11 14 16
conditional,383,464,7,7,Guitarist,1.0,Middle,7,7 11 17,2 7 11 17,2 7 11 17
conditional,383,681,4,15,Repairman,1.0,Middle,15,11 15,11 15,11 15
conditional,383,621,8,8,Gymnast,0.0,Younger,8,8,8,8
conditional,383,591,11,11,Laborer,1.0,Middle,16,6 11 13 15 16 17,6 13 15 16,6 13 15 16
conditional,384,1112,20,20,Tennis Player,0.0,Younger,20,20,20,20
conditional,384,56,6,6,Guard,1.0,Middle,2,2 6 12,2 6 12,2 6 12
conditional,384,736,5,5,Farmer,2.0,Older,5,5 11,5 11,1 4 5 11 16
conditional,384,441,13,13,Motorcyclist,3.0,Unknown,13,13,13,13
conditional,384,410,6,11,Laborer,1.0,Middle,11,2 6 11 16,2 6 11 16,2 6 11 16
conditional,384,717,20,20,Tennis Player,1.0,Middle,20,20,20,20
conditional,384,901,12,12,Officer,3.0,Unknown,6,6 11 12 13,6 11 12 13,6 11 12 13
conditional,384,768,16,16,Salesperson,2.0,Older,16,2 16,2 16 18 20,2 4 16 18 20
conditional,384,880,9,9,Hairdresser,1.0,Middle,9,9,9,9 11
conditional,384,288,14,14,Painter,1.0,Middle,14,11 14,11 14 15 18,11 14 15 18
conditional,384,977,2,2,Boatman,1.0,Middle,2,2,2 16,2 11 16
conditional,384,247,6,6,Guard,1.0,Middle,6,6,6,6
conditional,384,1034,17,17,Singer,0.0,Younger,17,17,17,17
conditional,384,1368,10,10,Horse Rider,1.0,Middle,10,10,8 10,8 10 12
conditional,384,338,16,16,Salesperson,1.0,Middle,16,11 16,11 16,11 16
conditional,384,918,11,11,Laborer,3.0,Unknown,11,11 15,4 11 14 15,11 14 15
conditional,384,1116,19,19,Speaker,1.0,Middle,9,3 8 9 16 17 19,3 9 17 19,3 9 17 19
conditional,384,1294,8,8,Gymnast,0.0,Younger,8,1 6 8 14,1 6 8 14,8
conditional,384,61,9,9,Hairdresser,1.0,Middle,9,9 15,9 15,4 9 11 15
conditional,384,1267,17,17,Singer,1.0,Middle,16,11 16 17,11 15 16 17,11 15 16 17
conditional,384,671,8,8,Gymnast,0.0,Younger,8,8,8,8
conditional,384,626,2,2,Boatman,1.0,Middle,2,2,2,2
conditional,384,971,3,5,Farmer,1.0,Middle,3,3 5 6 8 9 11 16 17,3 6 9 11,3 6 9 11
conditional,384,458,18,18,Skateboarder,0.0,Younger,18,18,18,18
conditional,384,567,1,1,Backpacker,1.0,Middle,1,1 5,1 5 11 16,1 5 11 16
conditional,384,1278,3,3,Computer User,3.0,Unknown,11,3 6 11 14 15 16,3 6 11 14,3 6 11 14
conditional,384,1067,3,3,Computer User,3.0,Unknown,3,3,3,3
conditional,384,756,3,3,Computer User,1.0,Middle,3,1 3 11 16,1 3 11 16,1 3 11 16
conditional,384,352,17,17,Singer,1.0,Middle,17,17,17,17
conditional,384,785,18,18,Skateboarder,1.0,Middle,18,18,18,18
conditional,384,557,6,1,Backpacker,1.0,Middle,3,3 6 16 18 19 20,3 6 16 19,3 6 16 19
conditional,384,649,13,13,Motorcyclist,1.0,Middle,13,13,13,13
conditional,384,553,2,13,Motorcyclist,0.0,Younger,2,2,2 16,2
conditional,384,1266,2,2,Boatman,0.0,Younger,2,2,2,2
conditional,384,1262,4,4,Craftsman,3.0,Unknown,16,4 11 16,4 9 11 16,4 9 11 16
conditional,384,855,14,14,Painter,1.0,Middle,15,11 15,11 14 15,11 14 15
conditional,384,291,6,12,Officer,3.0,Unknown,6,6,6,6
conditional,384,70,15,15,Repairman,2.0,Older,15,4 11 15,4 11 15,4 9 11 15
conditional,384,1199,1,1,Backpacker,0.0,Younger,1,1 3 6 8 10 12 18,1 8 12 18,1 8 12 18
conditional,384,12,19,19,Speaker,1.0,Middle,12,1 8 10 12,1 8 10 12,1 8 10 12
conditional,384,1177,7,7,Guitarist,1.0,Middle,7,3 4 7 11 15 16 17 19,3 7 16 19,3 7 16 19
conditional,384,976,10,10,Horse Rider,3.0,Unknown,10,10,1 2 5 10,2 5 10
conditional,384,605,18,18,Skateboarder,0.0,Younger,18,18,18,18
conditional,384,311,9,9,Hairdresser,0.0,Younger,9,9,2 9 11,9
conditional,384,140,15,15,Repairman,1.0,Middle,15,15,15,15
conditional,384,121,16,16,Salesperson,1.0,Middle,16,16,1 11 15 16,1 11 15 16
conditional,384,1214,10,10,Horse Rider,1.0,Middle,6,6 10 12 13,6 10 12 13,6 10 12 13
conditional,384,308,12,6,Guard,2.0,Older,11,6 11 12,6 11 12 15,6 11 12 15 16
conditional,384,128,20,19,Speaker,0.0,Younger,20,20,20,20
conditional,384,1230,15,4,Craftsman,3.0,Unknown,11,4 11 14 15,4 11 14 15,4 11 14 15
conditional,385,373,14,14,Painter,1.0,Middle,14,14,14,14
conditional,385,749,12,12,Officer,2.0,Older,12,6 11 12 13 15,6 11 12 15,6 11 12 13 15
conditional,385,1198,9,9,Hairdresser,1.0,Middle,9,4 9 14 16,4 9 14 16,4 9 14 16
conditional,385,1328,5,5,Farmer,0.0,Younger,11,5 11,5 11,5 11
conditional,385,943,10,10,Horse Rider,1.0,Middle,10,10,10,8 10
conditional,385,855,14,14,Painter,1.0,Middle,15,11 15,11 14 15,11 14 15
conditional,385,1254,13,13,Motorcyclist,3.0,Unknown,16,2 13 16,2 11 13 16,2 11 13 16
conditional,385,1202,7,7,Guitarist,2.0,Older,7,3 7,3 7 11 17,3 7 11 16 17
conditional,385,958,17,17,Singer,1.0,Middle,17,17,17,10 17 19
conditional,385,627,1,1,Backpacker,1.0,Middle,3,1 3 4 5 14 16,1 3 5 16,1 3 5 16
conditional,385,1042,6,19,Speaker,2.0,Older,10,5 6 8 9 10 12 16 17 19,6 10 12 16,6 10 12 16 17
conditional,385,1050,8,8,Gymnast,0.0,Younger,8,8,8,8
conditional,385,193,2,2,Boatman,3.0,Unknown,2,2 6,2 6 11 12,2 6 12
conditional,385,85,19,19,Speaker,0.0,Younger,16,1 4 6 10 11 13 16,1 10 11 16,1 10 11 16
conditional,385,964,10,10,Horse Rider,1.0,Middle,10,10 12,2 6 10 12,2 6 10 12
conditional,385,1182,3,3,Computer User,3.0,Unknown,3,3,3,3
conditional,385,275,6,6,Guard,1.0,Middle,6,6,6,6
conditional,385,297,7,7,Guitarist,1.0,Middle,7,7,7,7 13
conditional,385,806,15,15,Repairman,3.0,Unknown,15,4 11 15,3 4 11 15,4 11 15
conditional,385,473,2,2,Boatman,1.0,Middle,2,2,2 11,2 11
conditional,385,178,1,6,Guard,2.0,Older,15,6 13 15,4 6 13 15,4 6 13 15 16
conditional,385,291,6,12,Officer,3.0,Unknown,6,6,6,6
conditional,385,367,16,16,Salesperson,1.0,Middle,16,11 16,5 11 16,5 6 11 16
conditional,385,102,18,18,Skateboarder,1.0,Middle,18,18,18,18
conditional,385,875,20,20,Tennis Player,1.0,Middle,20,20,20,20
conditional,385,985,19,19,Speaker,2.0,Older,10,3 5 6 10 11 12 19,3 10 11 19,3 6 10 11 19
conditional,385,1122,3,3,Computer User,1.0,Middle,3,3 16 17 19,3 16 17 19,3 16 17 19
conditional,385,1371,8,8,Gymnast,1.0,Middle,8,8,8,8
conditional,385,436,15,4,Craftsman,2.0,Older,4,4 11 15 16,4 11 15 16,4 9 11 15 16
conditional,385,73,4,15,Repairman,2.0,Older,4,4 11,4 11 16,4 5 11 15 16
conditional,385,1036,1,18,Skateboarder,3.0,Unknown,18,6 12 18,6 10 12 18,6 10 12 18
conditional,385,844,5,11,Laborer,1.0,Middle,5,5 11,5 11,5 11
conditional,385,609,10,10,Horse Rider,1.0,Middle,10,8 10,5 8 10 20,5 8 10 20
conditional,385,187,9,9,Hairdresser,3.0,Unknown,9,9,9,9
conditional,385,1354,3,3,Computer User,3.0,Unknown,3,3 10 12 16,3 10 12 16,3 10 12 16
conditional,385,697,11,5,Farmer,3.0,Unknown,5,5 11,5 11 12,5 11
conditional,385,559,7,7,Guitarist,1.0,Middle,7,7 16 17,7 11 16 17,7 11 16 17
conditional,385,842,14,14,Painter,3.0,Unknown,16,11 14 16,11 14 16,11 14 16
conditional,385,432,18,18,Skateboarder,0.0,Younger,18,18,18,18
conditional,385,152,14,16,Salesperson,2.0,Older,16,16,16,3 11 15 16
conditional,385,19,20,20,Tennis Player,1.0,Middle,20,20,20,20
conditional,385,553,2,13,Motorcyclist,0.0,Younger,2,2,2 16,2
conditional,385,788,6,6,Guard,1.0,Middle,6,6,6,6
conditional,385,402,1,1,Backpacker,0.0,Younger,1,1,1,1
conditional,385,951,16,16,Salesperson,1.0,Middle,16,5 11 16,5 11 16,4 5 11 16
conditional,385,206,11,11,Laborer,1.0,Middle,5,5 11,5 11 16,5 11 16
conditional,385,448,12,12,Officer,1.0,Middle,12,6 12,3 6 12 13,3 6 12 13
conditional,385,1389,13,13,Motorcyclist,3.0,Unknown,13,13,13,13
conditional,385,319,5,5,Farmer,1.0,Middle,5,5 11,5 11 16,5 11 16
conditional,385,1332,17,17,Singer,1.0,Middle,17,7 17,7 10 14 17,7 10 14 17
conditional,386,565,1,11,Laborer,2.0,Older,14,1 2 11 14 15,1 2 11 14,1 2 11 14 15
conditional,386,1074,1,1,Backpacker,3.0,Unknown,1,1,1 10 12,1 10
conditional,386,429,3,9,Hairdresser,3.0,Unknown,9,1 3 9 14,1 3 9 14,1 3 9 14
conditional,386,215,4,14,Painter,1.0,Middle,11,11 14 15,4 11 14 15,4 11 14 15
conditional,386,1333,17,17,Singer,1.0,Middle,17,17,11 17,6 11 17
conditional,386,460,14,16,Salesperson,1.0,Middle,16,11 16,6 11 14 16,6 11 14 16
conditional,386,511,17,7,Guitarist,1.0,Middle,17,7 17,1 7 10 17,1 7 10 17
conditional,386,93,16,16,Salesperson,3.0,Unknown,16,16,1 16,16
conditional,386,1186,12,6,Guard,1.0,Middle,12,6 12 13,1 6 12 13,1 6 12 13
conditional,386,858,19,19,Speaker,1.0,Middle,19,3 6 10 11 12 17 19,6 11 17 19,6 11 17 19
conditional,386,181,15,15,Repairman,1.0,Middle,11,4 11 15,4 11 15,4 11 15
conditional,386,1158,12,19,Speaker,1.0,Middle,6,6 12 19,6 12 19,6 10 12 19
conditional,386,336,17,17,Singer,0.0,Younger,17,17,17,17
conditional,386,371,6,6,Guard,1.0,Middle,6,6 11 12,6 11 12 18,6 11 12 18
conditional,386,928,2,2,Boatman,2.0,Older,2,2,2,2 6 10 12
conditional,386,100,3,3,Computer User,3.0,Unknown,3,2 3 8 11 15 16 19,3 11 15 16,3 11 15 16
conditional,386,988,14,11,Laborer,2.0,Older,11,11 15 16,11 14 15 16,2 11 14 15 16
conditional,386,1136,8,8,Gymnast,0.0,Younger,8,8,8,8
conditional,386,457,18,18,Skateboarder,0.0,Younger,18,18,18,18
conditional,386,476,1,1,Backpacker,0.0,Younger,1,1,1,1
conditional,386,1122,3,3,Computer User,1.0,Middle,3,3 16 17 19,3 16 17 19,3 16 17 19
conditional,386,38,9,9,Hairdresser,2.0,Older,9,9,9,4 9 11 15
conditional,386,407,5,5,Farmer,2.0,Older,5,4 5 11 15 16,5 11 15 16,4 5 11 15 16
conditional,386,452,4,4,Craftsman,1.0,Middle,11,4 11 14 16,4 11 14 16,4 11 14 16
conditional,386,48,1,1,Backpacker,3.0,Unknown,1,1,1 2 11,1 2
conditional,386,624,15,15,Repairman,1.0,Middle,15,3 6 11 15,3 6 11 15,3 6 11 15
conditional,386,1131,17,17,Singer,0.0,Younger,17,11 17,11 12 15 17,17
conditional,386,1324,10,10,Horse Rider,3.0,Unknown,10,10,10,10
conditional,386,943,10,10,Horse Rider,1.0,Middle,10,10,10,8 10
conditional,386,1134,3,3,Computer User,3.0,Unknown,3,1 3 16,1 3 11 16,1 3 11 16
conditional,386,1384,20,20,Tennis Player,1.0,Middle,20,20,20,20
conditional,386,738,4,4,Craftsman,1.0,Middle,11,4 11 16,4 11 16,4 11 16
conditional,386,865,14,14,Painter,1.0,Middle,14,11 14 16,2 11 14 16,2 11 14 16
conditional,386,718,6,12,Officer,0.0,Younger,12,2 6 12 13,2 6 12 13,2 6 12 13
conditional,386,1077,13,13,Motorcyclist,1.0,Middle,13,13,13,13
conditional,386,348,12,12,Officer,0.0,Younger,16,6 11 12 13 16,6 11 12 16,6 11 12 16
conditional,386,239,16,16,Salesperson,1.0,Middle,16,2 3 9 11 15 16,3 11 15 16,3 11 15 16
conditional,386,363,18,18,Skateboarder,0.0,Younger,18,18,18,18
conditional,386,366,15,15,Repairman,1.0,Middle,15,11 15,11 15,4 11 15
conditional,386,1358,13,13,Motorcyclist,3.0,Unknown,13,13,13,13
conditional,386,751,6,12,Officer,1.0,Middle,6,6 16,3 6 11 16,3 6 11 16
conditional,386,435,20,20,Tennis Player,1.0,Middle,20,20,20,20
conditional,386,616,5,5,Farmer,3.0,Unknown,5,5 11,5 11,5 11
conditional,386,1193,11,5,Farmer,3.0,Unknown,11,5 11,5 11,5 11
conditional,386,413,20,20,Tennis Player,1.0,Middle,20,20,20,6 20
conditional,386,22,2,2,Boatman,0.0,Younger,2,2,2,2
conditional,386,1254,13,13,Motorcyclist,3.0,Unknown,16,2 13 16,2 11 13 16,2 11 13 16
conditional,386,390,10,10,Horse Rider,1.0,Middle,10,6 10 12,6 10 12,6 10 12
conditional,386,789,6,11,Laborer,1.0,Middle,6,6 11 15,6 11 15 18,6 11 15 18
conditional,386,656,8,8,Gymnast,0.0,Younger,8,6 8,6 8 13 18,6 8
conditional,387,559,7,7,Guitarist,1.0,Middle,7,7 16 17,7 11 16 17,7 11 16 17
conditional,387,1122,3,3,Computer User,1.0,Middle,3,3 16 17 19,3 16 17 19,3 16 17 19
conditional,387,1050,8,8,Gymnast,0.0,Younger,8,8,8,8
conditional,387,473,2,2,Boatman,1.0,Middle,2,2,2 11,2 11
conditional,387,178,6,6,Guard,2.0,Older,15,6 13 15,4 6 13 15,4 6 13 15 16
conditional,387,1332,7,17,Singer,1.0,Middle,17,7 17,7 10 14 17,7 10 14 17
conditional,387,448,12,12,Officer,1.0,Middle,12,6 12,3 6 12 13,3 6 12 13
conditional,387,152,16,16,Salesperson,2.0,Older,16,16,16,3 11 15 16
conditional,387,1202,7,7,Guitarist,2.0,Older,7,3 7,3 7 11 17,3 7 11 16 17
conditional,387,842,4,14,Painter,3.0,Unknown,16,11 14 16,11 14 16,11 14 16
conditional,387,1036,18,18,Skateboarder,3.0,Unknown,18,6 12 18,6 10 12 18,6 10 12 18
conditional,387,964,10,10,Horse Rider,1.0,Middle,10,10 12,2 6 10 12,2 6 10 12
conditional,387,193,2,2,Boatman,3.0,Unknown,2,2 6,2 6 11 12,2 6 12
conditional,387,985,19,19,Speaker,2.0,Older,10,3 5 6 10 11 12 19,3 10 11 19,3 6 10 11 19
conditional,387,609,10,10,Horse Rider,1.0,Middle,10,8 10,5 8 10 20,5 8 10 20
conditional,387,806,15,15,Repairman,3.0,Unknown,15,4 11 15,3 4 11 15,4 11 15
conditional,387,749,12,12,Officer,2.0,Older,12,6 11 12 13 15,6 11 12 15,6 11 12 13 15
conditional,387,943,10,10,Horse Rider,1.0,Middle,10,10,10,8 10
conditional,387,297,7,7,Guitarist,1.0,Middle,7,7,7,7 13
conditional,387,187,9,9,Hairdresser,3.0,Unknown,9,9,9,9
conditional,387,373,14,14,Painter,1.0,Middle,14,14,14,14
conditional,387,432,18,18,Skateboarder,0.0,Younger,18,18,18,18
conditional,387,436,15,4,Craftsman,2.0,Older,4,4 11 15 16,4 11 15 16,4 9 11 15 16
conditional,387,291,6,12,Officer,3.0,Unknown,6,6,6,6
conditional,387,1328,5,5,Farmer,0.0,Younger,11,5 11,5 11,5 11
conditional,387,697,11,5,Farmer,3.0,Unknown,5,5 11,5 11 12,5 11
conditional,387,951,16,16,Salesperson,1.0,Middle,16,5 11 16,5 11 16,4 5 11 16
conditional,387,855,11,14,Painter,1.0,Middle,15,11 15,11 14 15,11 14 15
conditional,387,958,17,17,Singer,1.0,Middle,17,17,17,10 17 19
conditional,387,788,6,6,Guard,1.0,Middle,6,6,6,6
conditional,387,553,2,13,Motorcyclist,0.0,Younger,2,2,2 16,2
conditional,387,1371,8,8,Gymnast,1.0,Middle,8,8,8,8
conditional,387,844,5,11,Laborer,1.0,Middle,5,5 11,5 11,5 11
conditional,387,627,1,1,Backpacker,1.0,Middle,3,1 3 4 5 14 16,1 3 5 16,1 3 5 16
conditional,387,1254,13,13,Motorcyclist,3.0,Unknown,16,2 13 16,2 11 13 16,2 11 13 16
conditional,387,319,5,5,Farmer,1.0,Middle,5,5 11,5 11 16,5 11 16
conditional,387,102,18,18,Skateboarder,1.0,Middle,18,18,18,18
conditional,387,19,20,20,Tennis Player,1.0,Middle,20,20,20,20
conditional,387,402,1,1,Backpacker,0.0,Younger,1,1,1,1
conditional,387,206,5,11,Laborer,1.0,Middle,5,5 11,5 11 16,5 11 16
conditional,387,1354,3,3,Computer User,3.0,Unknown,3,3 10 12 16,3 10 12 16,3 10 12 16
conditional,387,275,6,6,Guard,1.0,Middle,6,6,6,6
conditional,387,73,4,15,Repairman,2.0,Older,4,4 11,4 11 16,4 5 11 15 16
conditional,387,85,19,19,Speaker,0.0,Younger,16,1 4 6 10 11 13 16,1 10 11 16,1 10 11 16
conditional,387,1198,9,9,Hairdresser,1.0,Middle,9,4 9 14 16,4 9 14 16,4 9 14 16
conditional,387,1182,3,3,Computer User,3.0,Unknown,3,3,3,3
conditional,387,875,20,20,Tennis Player,1.0,Middle,20,20,20,20
conditional,387,1389,13,13,Motorcyclist,3.0,Unknown,13,13,13,13
conditional,387,367,16,16,Salesperson,1.0,Middle,16,11 16,5 11 16,5 6 11 16
conditional,387,1042,19,19,Speaker,2.0,Older,10,5 6 8 9 10 12 16 17 19,6 10 12 16,6 10 12 16 17
conditional,388,1328,5,5,Farmer,0.0,Younger,11,5 11,5 11,5 11
conditional,388,1202,7,7,Guitarist,2.0,Older,7,3 7,3 7 11 17,3 7 11 16 17
conditional,388,1182,3,3,Computer User,3.0,Unknown,3,3,3,3
conditional,388,1254,13,13,Motorcyclist,3.0,Unknown,16,2 13 16,2 11 13 16,2 11 13 16
conditional,388,1042,19,19,Speaker,2.0,Older,10,5 6 8 9 10 12 16 17 19,6 10 12 16,6 10 12 16 17
conditional,388,1036,18,18,Skateboarder,3.0,Unknown,18,6 12 18,6 10 12 18,6 10 12 18
conditional,388,1332,17,17,Singer,1.0,Middle,17,7 17,7 10 14 17,7 10 14 17
conditional,388,1371,8,8,Gymnast,1.0,Middle,8,8,8,8
conditional,388,373,14,14,Painter,1.0,Middle,14,14,14,14
conditional,388,319,5,5,Farmer,1.0,Middle,5,5 11,5 11 16,5 11 16
conditional,388,875,20,20,Tennis Player,1.0,Middle,20,20,20,20
conditional,388,102,18,18,Skateboarder,1.0,Middle,18,18,18,18
conditional,388,609,10,10,Horse Rider,1.0,Middle,10,8 10,5 8 10 20,5 8 10 20
conditional,388,749,6,12,Officer,2.0,Older,12,6 11 12 13 15,6 11 12 15,6 11 12 13 15
conditional,388,697,5,5,Farmer,3.0,Unknown,5,5 11,5 11 12,5 11
conditional,388,152,16,16,Salesperson,2.0,Older,16,16,16,3 11 15 16
conditional,388,958,17,17,Singer,1.0,Middle,17,17,17,10 17 19
conditional,388,402,1,1,Backpacker,0.0,Younger,1,1,1,1
conditional,388,187,9,9,Hairdresser,3.0,Unknown,9,9,9,9
conditional,388,432,18,18,Skateboarder,0.0,Younger,18,18,18,18
conditional,388,842,14,14,Painter,3.0,Unknown,16,11 14 16,11 14 16,11 14 16
conditional,388,964,10,10,Horse Rider,1.0,Middle,10,10 12,2 6 10 12,2 6 10 12
conditional,388,448,12,12,Officer,1.0,Middle,12,6 12,3 6 12 13,3 6 12 13
conditional,388,844,5,11,Laborer,1.0,Middle,5,5 11,5 11,5 11
conditional,388,206,11,11,Laborer,1.0,Middle,5,5 11,5 11 16,5 11 16
conditional,388,943,10,10,Horse Rider,1.0,Middle,10,10,10,8 10
conditional,388,73,4,15,Repairman,2.0,Older,4,4 11,4 11 16,4 5 11 15 16
conditional,388,1122,3,3,Computer User,1.0,Middle,3,3 16 17 19,3 16 17 19,3 16 17 19
conditional,388,291,6,12,Officer,3.0,Unknown,6,6,6,6
conditional,388,297,7,7,Guitarist,1.0,Middle,7,7,7,7 13
conditional,388,19,20,20,Tennis Player,1.0,Middle,20,20,20,20
conditional,388,985,19,19,Speaker,2.0,Older,10,3 5 6 10 11 12 19,3 10 11 19,3 6 10 11 19
conditional,388,951,16,16,Salesperson,1.0,Middle,16,5 11 16,5 11 16,4 5 11 16
conditional,388,559,7,7,Guitarist,1.0,Middle,7,7 16 17,7 11 16 17,7 11 16 17
conditional,388,436,15,4,Craftsman,2.0,Older,4,4 11 15 16,4 11 15 16,4 9 11 15 16
conditional,388,367,11,16,Salesperson,1.0,Middle,16,11 16,5 11 16,5 6 11 16
conditional,388,806,15,15,Repairman,3.0,Unknown,15,4 11 15,3 4 11 15,4 11 15
conditional,388,1354,3,3,Computer User,3.0,Unknown,3,3 10 12 16,3 10 12 16,3 10 12 16
conditional,388,855,14,14,Painter,1.0,Middle,15,11 15,11 14 15,11 14 15
conditional,388,1389,13,13,Motorcyclist,3.0,Unknown,13,13,13,13
conditional,388,1050,8,8,Gymnast,0.0,Younger,8,8,8,8
conditional,388,627,1,1,Backpacker,1.0,Middle,3,1 3 4 5 14 16,1 3 5 16,1 3 5 16
conditional,388,788,6,6,Guard,1.0,Middle,6,6,6,6
conditional,388,275,6,6,Guard,1.0,Middle,6,6,6,6
conditional,388,178,4,6,Guard,2.0,Older,15,6 13 15,4 6 13 15,4 6 13 15 16
conditional,388,1198,9,9,Hairdresser,1.0,Middle,9,4 9 14 16,4 9 14 16,4 9 14 16
conditional,388,473,2,2,Boatman,1.0,Middle,2,2,2 11,2 11
conditional,388,193,2,2,Boatman,3.0,Unknown,2,2 6,2 6 11 12,2 6 12
conditional,388,85,19,19,Speaker,0.0,Younger,16,1 4 6 10 11 13 16,1 10 11 16,1 10 11 16
conditional,388,553,2,13,Motorcyclist,0.0,Younger,2,2,2 16,2
conditional,389,822,12,12,Officer,1.0,Middle,6,3 6 12 15,3 6 12 15,3 6 12 15
conditional,389,789,6,11,Laborer,1.0,Middle,6,6 11 15,6 11 15 18,6 11 15 18
conditional,389,22,2,2,Boatman,0.0,Younger,2,2,2,2
conditional,389,227,9,9,Hairdresser,1.0,Middle,9,9 11 16,4 9 11 16,4 9 11 16
conditional,389,23,5,5,Farmer,1.0,Middle,5,5 11,5 11,5 11 15 16
conditional,389,257,18,18,Skateboarder,0.0,Younger,18,18,18,18
conditional,389,530,17,17,Singer,1.0,Middle,17,17,7 17,7 17
conditional,389,189,19,19,Speaker,1.0,Middle,20,1 20,1 20,1 20
conditional,389,1156,20,20,Tennis Player,0.0,Younger,20,20,20,20
conditional,389,1360,14,4,Craftsman,3.0,Unknown,16,11 14 15 16,11 14 15 16,11 14 15 16
conditional,389,1396,13,13,Motorcyclist,3.0,Unknown,13,1 11 13 16,1 11 13 16,1 11 13 16
conditional,389,233,11,16,Salesperson,1.0,Middle,11,5 11,5 11 16,2 5 11 16
conditional,389,43,17,17,Singer,3.0,Unknown,17,17,10 17,17
conditional,389,854,3,3,Computer User,1.0,Middle,3,3,3 4 15 19,3 4 15 19
conditional,389,914,8,8,Gymnast,1.0,Middle,8,8,8,8
conditional,389,381,1,1,Backpacker,0.0,Younger,16,1 3 6 11 15 16,1 6 11 16,1 6 11 16
conditional,389,1130,15,14,Painter,1.0,Middle,15,4 11 14 15,4 11 14 15,4 11 14 15
conditional,389,371,6,6,Guard,1.0,Middle,6,6 11 12,6 11 12 18,6 11 12 18
conditional,389,660,11,11,Laborer,1.0,Middle,11,11,11,4 5 11
conditional,389,556,5,5,Farmer,1.0,Middle,5,5 11,5 11 16,5 11 16
conditional,389,459,2,2,Boatman,2.0,Older,2,2,2,2 6 14 15 16
conditional,389,1057,9,9,Hairdresser,0.0,Younger,9,9,9,9
conditional,389,178,6,6,Guard,2.0,Older,15,6 13 15,4 6 13 15,4 6 13 15 16
conditional,389,299,11,4,Craftsman,1.0,Middle,16,1 11 16,1 11 15 16,1 11 15 16
conditional,389,604,19,6,Guard,1.0,Middle,6,6 11 16,1 6 11 16,1 6 11 16
conditional,389,1013,16,16,Salesperson,1.0,Middle,16,11 16,11 16,11 16
conditional,389,786,17,17,Singer,3.0,Unknown,17,8 11 17 19,8 11 17 19,8 11 17 19
conditional,389,610,19,19,Speaker,2.0,Older,19,5 10 11 16 19,5 11 16 19,5 10 11 16 19
conditional,389,1190,3,3,Computer User,1.0,Middle,1,1 3 15 16,1 3 15 16,1 3 15 16
conditional,389,237,7,7,Guitarist,1.0,Middle,7,7,7,7 12 17
conditional,389,1346,18,18,Skateboarder,1.0,Middle,18,18,18,18
conditional,389,534,3,3,Computer User,1.0,Middle,11,2 3 6 11 15,2 3 11 15,2 3 11 15
conditional,389,447,13,13,Motorcyclist,0.0,Younger,13,1 11 13 16,1 11 13 16,11 13 16
conditional,389,1229,4,4,Craftsman,3.0,Unknown,4,4 15,4 15,4 15
conditional,389,685,13,13,Motorcyclist,1.0,Middle,16,13 16,6 13 15 16,6 13 15 16
conditional,389,1076,6,11,Laborer,1.0,Middle,6,6 11 13 16,6 11 13 16,6 11 13 16
conditional,389,715,10,10,Horse Rider,1.0,Middle,10,8 10,6 8 10 12,6 8 10 12
conditional,389,510,20,20,Tennis Player,1.0,Middle,20,16 18 20,16 18 20,1 16 18 20
conditional,389,118,15,15,Repairman,1.0,Middle,3,3 15 16 19,3 15 16 19,3 15 16 19
conditional,389,1330,1,1,Backpacker,1.0,Middle,1,1 4 6 7 11 12 15 17 18 19,1 6 7 15,1 6 7 15
conditional,389,1102,2,2,Boatman,3.0,Unknown,2,2,2,2
conditional,389,609,10,10,Horse Rider,1.0,Middle,10,8 10,5 8 10 20,5 8 10 20
conditional,389,1099,10,10,Horse Rider,0.0,Younger,10,10,10,10
conditional,389,1177,7,7,Guitarist,1.0,Middle,7,3 4 7 11 15 16 17 19,3 7 16 19,3 7 16 19
conditional,389,1378,20,20,Tennis Player,0.0,Younger,20,20,20,20
conditional,389,676,1,1,Backpacker,1.0,Middle,1,1 11 16,1 11 16,1 5 11 16
conditional,389,742,15,15,Repairman,1.0,Middle,15,11 13 15,4 11 13 15,4 11 13 15
conditional,389,874,5,5,Farmer,1.0,Middle,5,5,5,5 11
conditional,389,832,18,18,Skateboarder,1.0,Middle,18,18,18,18
conditional,389,936,16,16,Salesperson,1.0,Middle,16,16,16,5 11 16
conditional,390,102,18,18,Skateboarder,1.0,Middle,18,18,18,18
conditional,390,875,20,20,Tennis Player,1.0,Middle,20,20,20,20
conditional,390,473,2,2,Boatman,1.0,Middle,2,2,2 11,2 11
conditional,390,1332,17,17,Singer,1.0,Middle,17,7 17,7 10 14 17,7 10 14 17
conditional,390,1036,1,18,Skateboarder,3.0,Unknown,18,6 12 18,6 10 12 18,6 10 12 18
conditional,390,319,5,5,Farmer,1.0,Middle,5,5 11,5 11 16,5 11 16
conditional,390,749,12,12,Officer,2.0,Older,12,6 11 12 13 15,6 11 12 15,6 11 12 13 15
conditional,390,1202,7,7,Guitarist,2.0,Older,7,3 7,3 7 11 17,3 7 11 16 17
conditional,390,844,5,11,Laborer,1.0,Middle,5,5 11,5 11,5 11
conditional,390,1198,9,9,Hairdresser,1.0,Middle,9,4 9 14 16,4 9 14 16,4 9 14 16
conditional,390,964,10,10,Horse Rider,1.0,Middle,10,10 12,2 6 10 12,2 6 10 12
conditional,390,943,10,10,Horse Rider,1.0,Middle,10,10,10,8 10
conditional,390,402,1,1,Backpacker,0.0,Younger,1,1,1,1
conditional,390,553,2,13,Motorcyclist,0.0,Younger,2,2,2 16,2
conditional,390,73,4,15,Repairman,2.0,Older,4,4 11,4 11 16,4 5 11 15 16
conditional,390,951,11,16,Salesperson,1.0,Middle,16,5 11 16,5 11 16,4 5 11 16
conditional,390,152,11,16,Salesperson,2.0,Older,16,16,16,3 11 15 16
conditional,390,297,7,7,Guitarist,1.0,Middle,7,7,7,7 13
conditional,390,1050,8,8,Gymnast,0.0,Younger,8,8,8,8
conditional,390,985,19,19,Speaker,2.0,Older,10,3 5 6 10 11 12 19,3 10 11 19,3 6 10 11 19
conditional,390,1371,8,8,Gymnast,1.0,Middle,8,8,8,8
conditional,390,1354,3,3,Computer User,3.0,Unknown,3,3 10 12 16,3 10 12 16,3 10 12 16
conditional,390,697,11,5,Farmer,3.0,Unknown,5,5 11,5 11 12,5 11
conditional,390,627,1,1,Backpacker,1.0,Middle,3,1 3 4 5 14 16,1 3 5 16,1 3 5 16
conditional,390,19,20,20,Tennis Player,1.0,Middle,20,20,20,20
conditional,390,436,4,4,Craftsman,2.0,Older,4,4 11 15 16,4 11 15 16,4 9 11 15 16
conditional,390,291,6,12,Officer,3.0,Unknown,6,6,6,6
conditional,390,1182,3,3,Computer User,3.0,Unknown,3,3,3,3
conditional,390,275,6,6,Guard,1.0,Middle,6,6,6,6
conditional,390,373,14,14,Painter,1.0,Middle,14,14,14,14
conditional,390,788,6,6,Guard,1.0,Middle,6,6,6,6
conditional,390,842,14,14,Painter,3.0,Unknown,16,11 14 16,11 14 16,11 14 16
conditional,390,178,12,6,Guard,2.0,Older,15,6 13 15,4 6 13 15,4 6 13 15 16
conditional,390,1389,13,13,Motorcyclist,3.0,Unknown,13,13,13,13
conditional,390,432,18,18,Skateboarder,0.0,Younger,18,18,18,18
conditional,390,206,11,11,Laborer,1.0,Middle,5,5 11,5 11 16,5 11 16
conditional,390,609,10,10,Horse Rider,1.0,Middle,10,8 10,5 8 10 20,5 8 10 20
conditional,390,559,7,7,Guitarist,1.0,Middle,7,7 16 17,7 11 16 17,7 11 16 17
conditional,390,187,9,9,Hairdresser,3.0,Unknown,9,9,9,9
conditional,390,448,12,12,Officer,1.0,Middle,12,6 12,3 6 12 13,3 6 12 13
conditional,390,193,2,2,Boatman,3.0,Unknown,2,2 6,2 6 11 12,2 6 12
conditional,390,806,15,15,Repairman,3.0,Unknown,15,4 11 15,3 4 11 15,4 11 15
conditional,390,1042,19,19,Speaker,2.0,Older,10,5 6 8 9 10 12 16 17 19,6 10 12 16,6 10 12 16 17
conditional,390,85,19,19,Speaker,0.0,Younger,16,1 4 6 10 11 13 16,1 10 11 16,1 10 11 16
conditional,390,1328,5,5,Farmer,0.0,Younger,11,5 11,5 11,5 11
conditional,390,1122,3,3,Computer User,1.0,Middle,3,3 16 17 19,3 16 17 19,3 16 17 19
conditional,390,367,16,16,Salesperson,1.0,Middle,16,11 16,5 11 16,5 6 11 16
conditional,390,958,17,17,Singer,1.0,Middle,17,17,17,10 17 19
conditional,390,855,14,14,Painter,1.0,Middle,15,11 15,11 14 15,11 14 15
conditional,390,1254,2,13,Motorcyclist,3.0,Unknown,16,2 13 16,2 11 13 16,2 11 13 16
conditional,391,138,18,18,Skateboarder,3.0,Unknown,18,18,18,18
conditional,391,105,16,15,Repairman,3.0,Unknown,15,4 11 15 16,4 11 15 16,4 11 15 16
conditional,391,654,4,4,Craftsman,3.0,Unknown,4,4 11,2 4 11 15,2 4 11 15
conditional,391,716,15,15,Repairman,0.0,Younger,15,15,15,15
conditional,391,642,7,7,Guitarist,3.0,Unknown,7,7 17,7 17,7
conditional,391,369,9,9,Hairdresser,1.0,Middle,9,9,9,9
conditional,391,744,18,18,Skateboarder,0.0,Younger,18,18,18,18
conditional,391,751,6,12,Officer,1.0,Middle,6,6 16,3 6 11 16,3 6 11 16
conditional,391,353,14,14,Painter,1.0,Middle,14,11 14,11 14,4 11 14
conditional,391,1055,13,13,Motorcyclist,1.0,Middle,13,13,13,13
conditional,391,89,16,19,Speaker,1.0,Middle,16,3 16,3 10 16 20,3 10 16 20
conditional,391,455,4,11,Laborer,0.0,Younger,4,4 11 14,4 11 14,4 11
conditional,391,1303,2,13,Motorcyclist,3.0,Unknown,1,1 2 11 13 16,1 2 11 13,1 2 11 13
conditional,391,499,1,1,Backpacker,0.0,Younger,1,1 6 16,1 6 10 16,1
conditional,391,850,3,3,Computer User,3.0,Unknown,16,11 16,3 11 15 16,3 11 15 16
conditional,391,371,1,6,Guard,1.0,Middle,6,6 11 12,6 11 12 18,6 11 12 18
conditional,391,460,16,16,Salesperson,1.0,Middle,16,11 16,6 11 14 16,6 11 14 16
conditional,391,407,5,5,Farmer,2.0,Older,5,4 5 11 15 16,5 11 15 16,4 5 11 15 16
conditional,391,606,3,3,Computer User,3.0,Unknown,3,3 6 8 16,3 6 8 16,3 6 8 16
conditional,391,12,19,19,Speaker,1.0,Middle,12,1 8 10 12,1 8 10 12,1 8 10 12
conditional,391,843,14,14,Painter,2.0,Older,16,4 11 16,4 11 15 16,4 11 14 15 16
conditional,391,349,20,20,Tennis Player,1.0,Middle,20,20,20,20
conditional,391,956,6,6,Guard,1.0,Middle,6,6,6,6 20
conditional,391,517,14,14,Painter,0.0,Younger,14,11 14 15,11 14 15 16,11 14 15
conditional,391,643,10,10,Horse Rider,1.0,Middle,10,10,8 10,5 8 10 20
conditional,391,96,16,1,Backpacker,1.0,Middle,16,16,11 16,11 14 15 16
conditional,391,260,2,2,Boatman,1.0,Middle,2,2 6,2 6,2 6
conditional,391,1348,1,16,Salesperson,1.0,Middle,9,6 9 12,3 6 9 12,3 6 9 12
conditional,391,30,8,11,Laborer,1.0,Middle,11,4 11 15,4 11 15,4 5 11 15
conditional,391,408,2,2,Boatman,3.0,Unknown,2,2,2,2
conditional,391,942,2,2,Boatman,3.0,Unknown,2,1 2,1 2,1 2
conditional,391,389,13,1,Backpacker,2.0,Older,13,13,13,1 2 13 16
conditional,391,1263,8,8,Gymnast,1.0,Middle,8,8,8,8
conditional,391,1389,13,13,Motorcyclist,3.0,Unknown,13,13,13,13
conditional,391,495,14,16,Salesperson,2.0,Older,2,2 14 16,2 14 16,2 4 11 14 16
conditional,391,908,8,8,Gymnast,0.0,Younger,8,8,8,8
conditional,391,1121,16,18,Skateboarder,3.0,Unknown,2,2 16 18,1 2 16 18,1 2 16 18
conditional,391,522,8,4,Craftsman,0.0,Younger,8,1 2 4 6 8 11 15 16 20,2 8 11 16,2 8 11 16
conditional,391,1334,17,17,Singer,1.0,Middle,17,17,17,11 17
conditional,391,730,1,3,Computer User,3.0,Unknown,1,1 2 11 16 17,1 2 11 16,1 2 11 16
conditional,391,1374,6,6,Guard,1.0,Middle,6,6,6 15,6 15 16
conditional,391,923,16,12,Officer,3.0,Unknown,6,6 11 16,6 11 12 16,6 11 12 16
conditional,391,167,17,17,Singer,0.0,Younger,17,17,11 17 19 20,17
conditional,391,1159,17,17,Singer,0.0,Younger,17,17,17,17
conditional,391,179,7,7,Guitarist,1.0,Middle,17,1 2 5 7 9 11 14 15 16 17,1 2 7 17,1 2 7 17
conditional,391,1083,5,5,Farmer,2.0,Older,5,5 11 16,4 5 11 16,4 5 9 11 16
conditional,391,469,8,8,Gymnast,0.0,Younger,8,8,8,8
conditional,391,983,20,20,Tennis Player,1.0,Middle,20,20,20,20
conditional,391,1208,5,5,Farmer,1.0,Middle,1,1 11,1 5 11 16,1 5 11 16
conditional,391,1342,20,20,Tennis Player,1.0,Middle,20,20,20,20
conditional,392,942,2,2,Boatman,3.0,Unknown,2,1 2,1 2,1 2
conditional,392,407,5,5,Farmer,2.0,Older,5,4 5 11 15 16,5 11 15 16,4 5 11 15 16
conditional,392,983,20,20,Tennis Player,1.0,Middle,20,20,20,20
conditional,392,389,13,1,Backpacker,2.0,Older,13,13,13,1 2 13 16
conditional,392,654,4,4,Craftsman,3.0,Unknown,4,4 11,2 4 11 15,2 4 11 15
conditional,392,1055,13,13,Motorcyclist,1.0,Middle,13,13,13,13
conditional,392,260,2,2,Boatman,1.0,Middle,2,2 6,2 6,2 6
conditional,392,369,9,9,Hairdresser,1.0,Middle,9,9,9,9
conditional,392,1208,11,5,Farmer,1.0,Middle,1,1 11,1 5 11 16,1 5 11 16
conditional,392,138,18,18,Skateboarder,3.0,Unknown,18,18,18,18
conditional,392,460,16,16,Salesperson,1.0,Middle,16,11 16,6 11 14 16,6 11 14 16
conditional,392,843,14,14,Painter,2.0,Older,16,4 11 16,4 11 15 16,4 11 14 15 16
conditional,392,89,19,19,Speaker,1.0,Middle,16,3 16,3 10 16 20,3 10 16 20
conditional,392,606,3,3,Computer User,3.0,Unknown,3,3 6 8 16,3 6 8 16,3 6 8 16
conditional,392,30,4,11,Laborer,1.0,Middle,11,4 11 15,4 11 15,4 5 11 15
conditional,392,643,10,10,Horse Rider,1.0,Middle,10,10,8 10,5 8 10 20
conditional,392,517,14,14,Painter,0.0,Younger,14,11 14 15,11 14 15 16,11 14 15
conditional,392,179,7,7,Guitarist,1.0,Middle,17,1 2 5 7 9 11 14 15 16 17,1 2 7 17,1 2 7 17
conditional,392,751,6,12,Officer,1.0,Middle,6,6 16,3 6 11 16,3 6 11 16
conditional,392,455,4,11,Laborer,0.0,Younger,4,4 11 14,4 11 14,4 11
conditional,392,12,19,19,Speaker,1.0,Middle,12,1 8 10 12,1 8 10 12,1 8 10 12
conditional,392,1303,2,13,Motorcyclist,3.0,Unknown,1,1 2 11 13 16,1 2 11 13,1 2 11 13
conditional,392,923,12,12,Officer,3.0,Unknown,6,6 11 16,6 11 12 16,6 11 12 16
conditional,392,96,16,1,Backpacker,1.0,Middle,16,16,11 16,11 14 15 16
conditional,392,642,7,7,Guitarist,3.0,Unknown,7,7 17,7 17,7
conditional,392,1334,17,17,Singer,1.0,Middle,17,17,17,11 17
conditional,392,956,8,6,Guard,1.0,Middle,6,6,6,6 20
conditional,392,495,14,16,Salesperson,2.0,Older,2,2 14 16,2 14 16,2 4 11 14 16
conditional,392,716,15,15,Repairman,0.0,Younger,15,15,15,15
conditional,392,1348,3,16,Salesperson,1.0,Middle,9,6 9 12,3 6 9 12,3 6 9 12
conditional,392,353,14,14,Painter,1.0,Middle,14,11 14,11 14,4 11 14
conditional,392,522,8,4,Craftsman,0.0,Younger,8,1 2 4 6 8 11 15 16 20,2 8 11 16,2 8 11 16
conditional,392,1121,1,18,Skateboarder,3.0,Unknown,2,2 16 18,1 2 16 18,1 2 16 18
conditional,392,167,17,17,Singer,0.0,Younger,17,17,11 17 19 20,17
conditional,392,1342,20,20,Tennis Player,1.0,Middle,20,20,20,20
conditional,392,1263,8,8,Gymnast,1.0,Middle,8,8,8,8
conditional,392,371,18,6,Guard,1.0,Middle,6,6 11 12,6 11 12 18,6 11 12 18
conditional,392,105,11,15,Repairman,3.0,Unknown,15,4 11 15 16,4 11 15 16,4 11 15 16
conditional,392,1389,13,13,Motorcyclist,3.0,Unknown,13,13,13,13
conditional,392,908,8,8,Gymnast,0.0,Younger,8,8,8,8
conditional,392,1083,5,5,Farmer,2.0,Older,5,5 11 16,4 5 11 16,4 5 9 11 16
conditional,392,349,20,20,Tennis Player,1.0,Middle,20,20,20,20
conditional,392,499,1,1,Backpacker,0.0,Younger,1,1 6 16,1 6 10 16,1
conditional,392,850,3,3,Computer User,3.0,Unknown,16,11 16,3 11 15 16,3 11 15 16
conditional,392,730,1,3,Computer User,3.0,Unknown,1,1 2 11 16 17,1 2 11 16,1 2 11 16
conditional,392,1374,6,6,Guard,1.0,Middle,6,6,6 15,6 15 16
conditional,392,1159,17,17,Singer,0.0,Younger,17,17,17,17
conditional,392,408,2,2,Boatman,3.0,Unknown,2,2,2,2
conditional,392,744,18,18,Skateboarder,0.0,Younger,18,18,18,18
conditional,392,469,8,8,Gymnast,0.0,Younger,8,8,8,8
conditional,393,179,7,7,Guitarist,1.0,Middle,17,1 2 5 7 9 11 14 15 16 17,1 2 7 17,1 2 7 17
conditional,393,353,14,14,Painter,1.0,Middle,14,11 14,11 14,4 11 14
conditional,393,517,14,14,Painter,0.0,Younger,14,11 14 15,11 14 15 16,11 14 15
conditional,393,469,8,8,Gymnast,0.0,Younger,8,8,8,8
conditional,393,1303,13,13,Motorcyclist,3.0,Unknown,1,1 2 11 13 16,1 2 11 13,1 2 11 13
conditional,393,522,8,4,Craftsman,0.0,Younger,8,1 2 4 6 8 11 15 16 20,2 8 11 16,2 8 11 16
conditional,393,1342,20,20,Tennis Player,1.0,Middle,20,20,20,20
conditional,393,751,6,12,Officer,1.0,Middle,6,6 16,3 6 11 16,3 6 11 16
conditional,393,843,4,14,Painter,2.0,Older,16,4 11 16,4 11 15 16,4 11 14 15 16
conditional,393,1121,18,18,Skateboarder,3.0,Unknown,2,2 16 18,1 2 16 18,1 2 16 18
conditional,393,138,18,18,Skateboarder,3.0,Unknown,18,18,18,18
conditional,393,654,4,4,Craftsman,3.0,Unknown,4,4 11,2 4 11 15,2 4 11 15
conditional,393,908,8,8,Gymnast,0.0,Younger,8,8,8,8
conditional,393,369,9,9,Hairdresser,1.0,Middle,9,9,9,9
conditional,393,1208,11,5,Farmer,1.0,Middle,1,1 11,1 5 11 16,1 5 11 16
conditional,393,956,6,6,Guard,1.0,Middle,6,6,6,6 20
conditional,393,1055,13,13,Motorcyclist,1.0,Middle,13,13,13,13
conditional,393,983,20,20,Tennis Player,1.0,Middle,20,20,20,20
conditional,393,1334,17,17,Singer,1.0,Middle,17,17,17,11 17
conditional,393,455,4,11,Laborer,0.0,Younger,4,4 11 14,4 11 14,4 11
conditional,393,89,19,19,Speaker,1.0,Middle,16,3 16,3 10 16 20,3 10 16 20
conditional,393,923,12,12,Officer,3.0,Unknown,6,6 11 16,6 11 12 16,6 11 12 16
conditional,393,716,15,15,Repairman,0.0,Younger,15,15,15,15
conditional,393,12,19,19,Speaker,1.0,Middle,12,1 8 10 12,1 8 10 12,1 8 10 12
conditional,393,850,3,3,Computer User,3.0,Unknown,16,11 16,3 11 15 16,3 11 15 16
conditional,393,96,16,1,Backpacker,1.0,Middle,16,16,11 16,11 14 15 16
conditional,393,371,20,6,Guard,1.0,Middle,6,6 11 12,6 11 12 18,6 11 12 18
conditional,393,407,5,5,Farmer,2.0,Older,5,4 5 11 15 16,5 11 15 16,4 5 11 15 16
conditional,393,942,2,2,Boatman,3.0,Unknown,2,1 2,1 2,1 2
conditional,393,730,1,3,Computer User,3.0,Unknown,1,1 2 11 16 17,1 2 11 16,1 2 11 16
conditional,393,105,15,15,Repairman,3.0,Unknown,15,4 11 15 16,4 11 15 16,4 11 15 16
conditional,393,1263,8,8,Gymnast,1.0,Middle,8,8,8,8
conditional,393,495,15,16,Salesperson,2.0,Older,2,2 14 16,2 14 16,2 4 11 14 16
conditional,393,30,11,11,Laborer,1.0,Middle,11,4 11 15,4 11 15,4 5 11 15
conditional,393,499,1,1,Backpacker,0.0,Younger,1,1 6 16,1 6 10 16,1
conditional,393,606,3,3,Computer User,3.0,Unknown,3,3 6 8 16,3 6 8 16,3 6 8 16
conditional,393,1348,6,16,Salesperson,1.0,Middle,9,6 9 12,3 6 9 12,3 6 9 12
conditional,393,1159,17,17,Singer,0.0,Younger,17,17,17,17
conditional,393,389,13,1,Backpacker,2.0,Older,13,13,13,1 2 13 16
conditional,393,260,2,2,Boatman,1.0,Middle,2,2 6,2 6,2 6
conditional,393,1389,13,13,Motorcyclist,3.0,Unknown,13,13,13,13
conditional,393,460,16,16,Salesperson,1.0,Middle,16,11 16,6 11 14 16,6 11 14 16
conditional,393,643,10,10,Horse Rider,1.0,Middle,10,10,8 10,5 8 10 20
conditional,393,1374,16,6,Guard,1.0,Middle,6,6,6 15,6 15 16
conditional,393,408,2,2,Boatman,3.0,Unknown,2,2,2,2
conditional,393,744,18,18,Skateboarder,0.0,Younger,18,18,18,18
conditional,393,1083,5,5,Farmer,2.0,Older,5,5 11 16,4 5 11 16,4 5 9 11 16
conditional,393,642,17,7,Guitarist,3.0,Unknown,7,7 17,7 17,7
conditional,393,349,20,20,Tennis Player,1.0,Middle,20,20,20,20
conditional,393,167,17,17,Singer,0.0,Younger,17,17,11 17 19 20,17
conditional,394,288,14,14,Painter,1.0,Middle,14,11 14,11 14 15 18,11 14 15 18
conditional,394,120,10,10,Horse Rider,0.0,Younger,10,10,5 10 12 16,10
conditional,394,336,17,17,Singer,0.0,Younger,17,17,17,17
conditional,394,69,19,19,Speaker,1.0,Middle,17,9 16 17 20,9 16 17 20,9 16 17 20
conditional,394,894,11,6,Guard,2.0,Older,15,6 15 16,4 6 15 16,4 6 11 15 16
conditional,394,1236,7,7,Guitarist,1.0,Middle,11,1 2 5 7 11 16 17 20,1 2 11 20,1 2 11 20
conditional,394,339,17,17,Singer,1.0,Middle,17,17,17,10 11 17 20
conditional,394,459,2,2,Boatman,2.0,Older,2,2,2,2 6 14 15 16
conditional,394,898,11,13,Motorcyclist,1.0,Middle,13,2 11 13 16,2 11 13 16,2 11 13 16
conditional,394,478,11,5,Farmer,3.0,Unknown,5,2 5 11,2 5 11,2 5 11
conditional,394,683,12,12,Officer,3.0,Unknown,6,6 12 13 16,6 12 13 16,6 12 13 16
conditional,394,410,6,11,Laborer,1.0,Middle,11,2 6 11 16,2 6 11 16,2 6 11 16
conditional,394,1286,7,7,Guitarist,3.0,Unknown,7,7,7,7
conditional,394,226,2,2,Boatman,0.0,Younger,2,2,2,2
conditional,394,661,8,8,Gymnast,0.0,Younger,8,8 18,8 18,8
conditional,394,1171,1,18,Skateboarder,0.0,Younger,1,1 16 18,1 16 18,1
conditional,394,381,1,1,Backpacker,0.0,Younger,16,1 3 6 11 15 16,1 6 11 16,1 6 11 16
conditional,394,165,13,13,Motorcyclist,1.0,Middle,2,1 2 13,1 2 13 19,1 2 13 19
conditional,394,824,14,14,Painter,3.0,Unknown,14,14,14,14
conditional,394,1367,11,4,Craftsman,1.0,Middle,11,11 16,5 11 16,2 5 11 16
conditional,394,287,3,3,Computer User,3.0,Unknown,16,3 5 16,3 5 10 16,3 5 10 16
conditional,394,1072,4,4,Craftsman,0.0,Younger,11,4 6 11 15 16,4 11 15 16,4 11 15 16
conditional,394,206,5,11,Laborer,1.0,Middle,5,5 11,5 11 16,5 11 16
conditional,394,859,12,12,Officer,1.0,Middle,6,2 6 12,2 6 12 13,2 6 12 13
conditional,394,924,6,6,Guard,0.0,Younger,6,6 15,6 15,6
conditional,394,1217,8,8,Gymnast,3.0,Unknown,8,8,8,8
conditional,394,445,11,13,Motorcyclist,3.0,Unknown,11,11 16,11 16,11 16
conditional,394,498,2,2,Boatman,1.0,Middle,2,2,2,2 11 16
conditional,394,1316,2,16,Salesperson,1.0,Middle,2,1 2 11 14,1 2 11 14,1 2 11 14
conditional,394,1094,20,20,Tennis Player,1.0,Middle,20,20,20,20
conditional,394,433,15,15,Repairman,1.0,Middle,15,11 13 15,11 13 15 17,11 13 15 17
conditional,394,255,17,17,Singer,1.0,Middle,17,17,17,17
conditional,394,147,1,1,Backpacker,1.0,Middle,1,1,1 11,1 3 11 16
conditional,394,915,15,15,Repairman,1.0,Middle,11,11 15,11 15,11 15
conditional,394,992,7,7,Guitarist,2.0,Older,7,7,7,7 11 16 17 18
conditional,394,753,3,3,Computer User,1.0,Middle,11,1 11 18,1 3 11 18,1 3 11 18
conditional,394,103,9,9,Hairdresser,1.0,Middle,9,9,9 11,9 11 16
conditional,394,1049,3,3,Computer User,3.0,Unknown,2,2 3 16,2 3 11 16,2 3 16
conditional,394,74,20,20,Tennis Player,1.0,Middle,20,20,20,20
conditional,394,272,16,16,Salesperson,2.0,Older,16,11 16,11 16,5 6 11 16
conditional,394,1084,20,20,Tennis Player,3.0,Unknown,20,20,20,20
conditional,394,697,11,5,Farmer,3.0,Unknown,5,5 11,5 11 12,5 11
conditional,394,1136,8,8,Gymnast,0.0,Younger,8,8,8,8
conditional,394,440,4,6,Guard,1.0,Middle,6,6 12,6 12,6 11 12 15
conditional,394,348,12,12,Officer,0.0,Younger,16,6 11 12 13 16,6 11 12 16,6 11 12 16
conditional,394,215,11,14,Painter,1.0,Middle,11,11 14 15,4 11 14 15,4 11 14 15
conditional,394,1221,9,9,Hairdresser,1.0,Middle,9,4 9 16,4 9 11 16,4 9 11 16
conditional,394,39,9,9,Hairdresser,2.0,Older,9,4 9 15,4 9 15,4 6 9 15 16
conditional,394,350,18,18,Skateboarder,1.0,Middle,18,18,18,18
conditional,394,1115,19,19,Speaker,1.0,Middle,6,6 9 10 12 17 19,6 9 17 19,6 9 17 19
conditional,395,112,20,20,Tennis Player,0.0,Younger,20,20,20,20
conditional,395,870,8,8,Gymnast,0.0,Younger,8,8,8,8
conditional,395,400,18,18,Skateboarder,3.0,Unknown,18,18,18,18
conditional,395,557,6,1,Backpacker,1.0,Middle,3,3 6 16 18 19 20,3 6 16 19,3 6 16 19
conditional,395,58,11,11,Laborer,3.0,Unknown,11,6 11 14,6 11 14 18,6 11 14 18
conditional,395,530,17,17,Singer,1.0,Middle,17,17,7 17,7 17
conditional,395,176,5,11,Laborer,3.0,Unknown,11,2 5 11,2 5 11,2 5 11
conditional,395,208,3,15,Repairman,3.0,Unknown,3,3,3 19,3
conditional,395,587,19,19,Speaker,2.0,Older,12,3 6 10 11 12 16 17 19 20,6 11 12 16,6 11 12 16 19
conditional,395,788,6,6,Guard,1.0,Middle,6,6,6,6
conditional,395,966,14,14,Painter,2.0,Older,14,5 11 14,4 5 11 14,4 5 11 12 14
conditional,395,615,5,11,Laborer,1.0,Middle,5,5 11,5 11,1 5 11
conditional,395,597,3,3,Computer User,1.0,Middle,19,3 11 15 17 19,3 11 17 19,3 11 17 19
conditional,395,551,5,5,Farmer,1.0,Middle,5,5 11,5 11,5 11
conditional,395,1116,19,19,Speaker,1.0,Middle,9,3 8 9 16 17 19,3 9 17 19,3 9 17 19
conditional,395,366,15,15,Repairman,1.0,Middle,15,11 15,11 15,4 11 15
conditional,395,1390,4,4,Craftsman,1.0,Middle,11,4 11 15 16,4 11 15 16,4 11 15 16
conditional,395,611,1,7,Guitarist,3.0,Unknown,16,1 15 16,1 4 15 16,1 4 15 16
conditional,395,1354,3,3,Computer User,3.0,Unknown,3,3 10 12 16,3 10 12 16,3 10 12 16
conditional,395,921,18,18,Skateboarder,3.0,Unknown,18,18,18,18
conditional,395,650,18,18,Skateboarder,3.0,Unknown,18,18,8 18,18
conditional,395,205,13,13,Motorcyclist,1.0,Middle,13,13,12 13,12 13
conditional,395,389,13,1,Backpacker,2.0,Older,13,13,13,1 2 13 16
conditional,395,943,10,10,Horse Rider,1.0,Middle,10,10,10,8 10
conditional,395,850,3,3,Computer User,3.0,Unknown,16,11 16,3 11 15 16,3 11 15 16
conditional,395,418,16,16,Salesperson,1.0,Middle,16,1 16,1 11 16,1 11 15 16
conditional,395,1147,6,6,Guard,0.0,Younger,6,6,6,6
conditional,395,935,13,13,Motorcyclist,3.0,Unknown,13,13,13,13
conditional,395,679,5,5,Farmer,2.0,Older,5,5 11,5 11,2 4 5 11
conditional,395,558,17,7,Guitarist,1.0,Middle,17,7 17,7 10 15 17,7 10 15 17
conditional,395,1060,6,6,Guard,0.0,Younger,6,6,6,6
conditional,395,1263,8,8,Gymnast,1.0,Middle,8,8,8,8
conditional,395,944,4,4,Craftsman,1.0,Middle,11,4 5 9 11 16,5 9 11 16,5 9 11 16
conditional,395,521,13,13,Motorcyclist,1.0,Middle,13,13,13,13
conditional,395,725,8,8,Gymnast,0.0,Younger,8,8,8,8
conditional,395,846,6,10,Horse Rider,3.0,Unknown,6,6,6,6
conditional,395,1325,12,12,Officer,1.0,Middle,6,6 12 13,6 12 13 19,6 12 13 19
conditional,395,1203,12,12,Officer,1.0,Middle,6,6 11,2 6 11 12,2 6 11 12
conditional,395,107,17,1,Backpacker,1.0,Middle,16,6 11 16 17,6 11 16 17,6 11 16 17
conditional,395,135,19,19,Speaker,3.0,Unknown,16,6 10 12 16 17 19 20,6 16 17 19,6 16 17 19
conditional,395,139,5,9,Hairdresser,1.0,Middle,11,5 9 11,4 5 9 11,4 5 9 11
conditional,395,1334,17,17,Singer,1.0,Middle,17,17,17,11 17
conditional,395,675,11,16,Salesperson,1.0,Middle,16,11 15 16,2 11 15 16,2 11 15 16
conditional,395,982,2,2,Boatman,1.0,Middle,2,2,2,1 2
conditional,395,186,3,4,Craftsman,2.0,Older,11,3 4 9 11 15 16,3 11 15 16,3 4 11 15 16
conditional,395,716,15,15,Repairman,0.0,Younger,15,15,15,15
conditional,395,946,14,14,Painter,3.0,Unknown,14,14,2 14,14
conditional,395,386,17,7,Guitarist,3.0,Unknown,17,17,17,17
conditional,395,560,10,10,Horse Rider,0.0,Younger,10,8 10,8 10 20,10
conditional,395,936,16,16,Salesperson,1.0,Middle,16,16,16,5 11 16
conditional,396,1186,12,6,Guard,1.0,Middle,12,6 12 13,1 6 12 13,1 6 12 13
conditional,396,181,15,15,Repairman,1.0,Middle,11,4 11 15,4 11 15,4 11 15
conditional,396,858,19,19,Speaker,1.0,Middle,19,3 6 10 11 12 17 19,6 11 17 19,6 11 17 19
conditional,396,452,4,4,Craftsman,1.0,Middle,11,4 11 14 16,4 11 14 16,4 11 14 16
conditional,396,1136,8,8,Gymnast,0.0,Younger,8,8,8,8
conditional,396,239,16,16,Salesperson,1.0,Middle,16,2 3 9 11 15 16,3 11 15 16,3 11 15 16
conditional,396,656,8,8,Gymnast,0.0,Younger,8,6 8,6 8 13 18,6 8
conditional,396,1384,20,20,Tennis Player,1.0,Middle,20,20,20,20
conditional,396,1074,1,1,Backpacker,3.0,Unknown,1,1,1 10 12,1 10
conditional,396,789,15,11,Laborer,1.0,Middle,6,6 11 15,6 11 15 18,6 11 15 18
conditional,396,363,18,18,Skateboarder,0.0,Younger,18,18,18,18
conditional,396,435,20,20,Tennis Player,1.0,Middle,20,20,20,20
conditional,396,865,14,14,Painter,1.0,Middle,14,11 14 16,2 11 14 16,2 11 14 16
conditional,396,348,12,12,Officer,0.0,Younger,16,6 11 12 13 16,6 11 12 16,6 11 12 16
conditional,396,407,5,5,Farmer,2.0,Older,5,4 5 11 15 16,5 11 15 16,4 5 11 15 16
conditional,396,476,1,1,Backpacker,0.0,Younger,1,1,1,1
conditional,396,1333,17,17,Singer,1.0,Middle,17,17,11 17,6 11 17
conditional,396,718,6,12,Officer,0.0,Younger,12,2 6 12 13,2 6 12 13,2 6 12 13
conditional,396,38,9,9,Hairdresser,2.0,Older,9,9,9,4 9 11 15
conditional,396,1134,3,3,Computer User,3.0,Unknown,3,1 3 16,1 3 11 16,1 3 11 16
conditional,396,429,9,9,Hairdresser,3.0,Unknown,9,1 3 9 14,1 3 9 14,1 3 9 14
conditional,396,616,5,5,Farmer,3.0,Unknown,5,5 11,5 11,5 11
conditional,396,943,10,10,Horse Rider,1.0,Middle,10,10,10,8 10
conditional,396,371,6,6,Guard,1.0,Middle,6,6 11 12,6 11 12 18,6 11 12 18
conditional,396,413,20,20,Tennis Player,1.0,Middle,20,20,20,6 20
conditional,396,1193,5,5,Farmer,3.0,Unknown,11,5 11,5 11,5 11
conditional,396,1158,19,19,Speaker,1.0,Middle,6,6 12 19,6 12 19,6 10 12 19
conditional,396,215,11,14,Painter,1.0,Middle,11,11 14 15,4 11 14 15,4 11 14 15
conditional,396,928,2,2,Boatman,2.0,Older,2,2,2,2 6 10 12
conditional,396,988,11,11,Laborer,2.0,Older,11,11 15 16,11 14 15 16,2 11 14 15 16
conditional,396,93,16,16,Salesperson,3.0,Unknown,16,16,1 16,16
conditional,396,511,7,7,Guitarist,1.0,Middle,17,7 17,1 7 10 17,1 7 10 17
conditional,396,1077,13,13,Motorcyclist,1.0,Middle,13,13,13,13
conditional,396,460,16,16,Salesperson,1.0,Middle,16,11 16,6 11 14 16,6 11 14 16
conditional,396,1324,10,10,Horse Rider,3.0,Unknown,10,10,10,10
conditional,396,1131,17,17,Singer,0.0,Younger,17,11 17,11 12 15 17,17
conditional,396,100,15,3,Computer User,3.0,Unknown,3,2 3 8 11 15 16 19,3 11 15 16,3 11 15 16
conditional,396,457,18,18,Skateboarder,0.0,Younger,18,18,18,18
conditional,396,22,2,2,Boatman,0.0,Younger,2,2,2,2
conditional,396,1358,13,13,Motorcyclist,3.0,Unknown,13,13,13,13
conditional,396,751,6,12,Officer,1.0,Middle,6,6 16,3 6 11 16,3 6 11 16
conditional,396,366,15,15,Repairman,1.0,Middle,15,11 15,11 15,4 11 15
conditional,396,565,1,11,Laborer,2.0,Older,14,1 2 11 14 15,1 2 11 14,1 2 11 14 15
conditional,396,738,4,4,Craftsman,1.0,Middle,11,4 11 16,4 11 16,4 11 16
conditional,396,336,17,17,Singer,0.0,Younger,17,17,17,17
conditional,396,1122,3,3,Computer User,1.0,Middle,3,3 16 17 19,3 16 17 19,3 16 17 19
conditional,396,390,10,10,Horse Rider,1.0,Middle,10,6 10 12,6 10 12,6 10 12
conditional,396,1254,13,13,Motorcyclist,3.0,Unknown,16,2 13 16,2 11 13 16,2 11 13 16
conditional,396,624,15,15,Repairman,1.0,Middle,15,3 6 11 15,3 6 11 15,3 6 11 15
conditional,396,48,1,1,Backpacker,3.0,Unknown,1,1,1 2 11,1 2
conditional,397,1333,17,17,Singer,1.0,Middle,17,17,11 17,6 11 17
conditional,397,656,8,8,Gymnast,0.0,Younger,8,6 8,6 8 13 18,6 8
conditional,397,1074,1,1,Backpacker,3.0,Unknown,1,1,1 10 12,1 10
conditional,397,1254,13,13,Motorcyclist,3.0,Unknown,16,2 13 16,2 11 13 16,2 11 13 16
conditional,397,93,16,16,Salesperson,3.0,Unknown,16,16,1 16,16
conditional,397,48,1,1,Backpacker,3.0,Unknown,1,1,1 2 11,1 2
conditional,397,511,17,7,Guitarist,1.0,Middle,17,7 17,1 7 10 17,1 7 10 17
conditional,397,1358,13,13,Motorcyclist,3.0,Unknown,13,13,13,13
conditional,397,22,2,2,Boatman,0.0,Younger,2,2,2,2
conditional,397,1077,13,13,Motorcyclist,1.0,Middle,13,13,13,13
conditional,397,371,6,6,Guard,1.0,Middle,6,6 11 12,6 11 12 18,6 11 12 18
conditional,397,181,15,15,Repairman,1.0,Middle,11,4 11 15,4 11 15,4 11 15
conditional,397,38,9,9,Hairdresser,2.0,Older,9,9,9,4 9 11 15
conditional,397,429,3,9,Hairdresser,3.0,Unknown,9,1 3 9 14,1 3 9 14,1 3 9 14
conditional,397,1136,8,8,Gymnast,0.0,Younger,8,8,8,8
conditional,397,858,19,19,Speaker,1.0,Middle,19,3 6 10 11 12 17 19,6 11 17 19,6 11 17 19
conditional,397,718,12,12,Officer,0.0,Younger,12,2 6 12 13,2 6 12 13,2 6 12 13
conditional,397,100,3,3,Computer User,3.0,Unknown,3,2 3 8 11 15 16 19,3 11 15 16,3 11 15 16
conditional,397,1134,3,3,Computer User,3.0,Unknown,3,1 3 16,1 3 11 16,1 3 11 16
conditional,397,565,1,11,Laborer,2.0,Older,14,1 2 11 14 15,1 2 11 14,1 2 11 14 15
conditional,397,366,15,15,Repairman,1.0,Middle,15,11 15,11 15,4 11 15
conditional,397,476,1,1,Backpacker,0.0,Younger,1,1,1,1
conditional,397,435,20,20,Tennis Player,1.0,Middle,20,20,20,20
conditional,397,239,16,16,Salesperson,1.0,Middle,16,2 3 9 11 15 16,3 11 15 16,3 11 15 16
conditional,397,738,4,4,Craftsman,1.0,Middle,11,4 11 16,4 11 16,4 11 16
conditional,397,751,12,12,Officer,1.0,Middle,6,6 16,3 6 11 16,3 6 11 16
conditional,397,928,2,2,Boatman,2.0,Older,2,2,2,2 6 10 12
conditional,397,1186,12,6,Guard,1.0,Middle,12,6 12 13,1 6 12 13,1 6 12 13
conditional,397,460,14,16,Salesperson,1.0,Middle,16,11 16,6 11 14 16,6 11 14 16
conditional,397,616,5,5,Farmer,3.0,Unknown,5,5 11,5 11,5 11
conditional,397,457,18,18,Skateboarder,0.0,Younger,18,18,18,18
conditional,397,363,18,18,Skateboarder,0.0,Younger,18,18,18,18
conditional,397,1131,17,17,Singer,0.0,Younger,17,11 17,11 12 15 17,17
conditional,397,215,11,14,Painter,1.0,Middle,11,11 14 15,4 11 14 15,4 11 14 15
conditional,397,988,4,11,Laborer,2.0,Older,11,11 15 16,11 14 15 16,2 11 14 15 16
conditional,397,1324,10,10,Horse Rider,3.0,Unknown,10,10,10,10
conditional,397,336,17,17,Singer,0.0,Younger,17,17,17,17
conditional,397,624,15,15,Repairman,1.0,Middle,15,3 6 11 15,3 6 11 15,3 6 11 15
conditional,397,1193,5,5,Farmer,3.0,Unknown,11,5 11,5 11,5 11
conditional,397,407,5,5,Farmer,2.0,Older,5,4 5 11 15 16,5 11 15 16,4 5 11 15 16
conditional,397,348,6,12,Officer,0.0,Younger,16,6 11 12 13 16,6 11 12 16,6 11 12 16
conditional,397,1122,3,3,Computer User,1.0,Middle,3,3 16 17 19,3 16 17 19,3 16 17 19
conditional,397,390,6,10,Horse Rider,1.0,Middle,10,6 10 12,6 10 12,6 10 12
conditional,397,452,4,4,Craftsman,1.0,Middle,11,4 11 14 16,4 11 14 16,4 11 14 16
conditional,397,1158,19,19,Speaker,1.0,Middle,6,6 12 19,6 12 19,6 10 12 19
conditional,397,865,14,14,Painter,1.0,Middle,14,11 14 16,2 11 14 16,2 11 14 16
conditional,397,943,8,10,Horse Rider,1.0,Middle,10,10,10,8 10
conditional,397,413,20,20,Tennis Player,1.0,Middle,20,20,20,6 20
conditional,397,789,15,11,Laborer,1.0,Middle,6,6 11 15,6 11 15 18,6 11 15 18
conditional,397,1384,20,20,Tennis Player,1.0,Middle,20,20,20,20
conditional,398,308,12,6,Guard,2.0,Older,11,6 11 12,6 11 12 15,6 11 12 15 16
conditional,398,901,12,12,Officer,3.0,Unknown,6,6 11 12 13,6 11 12 13,6 11 12 13
conditional,398,121,16,16,Salesperson,1.0,Middle,16,16,1 11 15 16,1 11 15 16
conditional,398,1266,2,2,Boatman,0.0,Younger,2,2,2,2
conditional,398,553,2,13,Motorcyclist,0.0,Younger,2,2,2 16,2
conditional,398,671,8,8,Gymnast,0.0,Younger,8,8,8,8
conditional,398,311,9,9,Hairdresser,0.0,Younger,9,9,2 9 11,9
conditional,398,1116,19,19,Speaker,1.0,Middle,9,3 8 9 16 17 19,3 9 17 19,3 9 17 19
conditional,398,458,18,18,Skateboarder,0.0,Younger,18,18,18,18
conditional,398,1368,10,10,Horse Rider,1.0,Middle,10,10,8 10,8 10 12
conditional,398,128,20,19,Speaker,0.0,Younger,20,20,20,20
conditional,398,1267,17,17,Singer,1.0,Middle,16,11 16 17,11 15 16 17,11 15 16 17
conditional,398,291,6,12,Officer,3.0,Unknown,6,6,6,6
conditional,398,61,9,9,Hairdresser,1.0,Middle,9,9 15,9 15,4 9 11 15
conditional,398,1294,8,8,Gymnast,0.0,Younger,8,1 6 8 14,1 6 8 14,8
conditional,398,1112,20,20,Tennis Player,0.0,Younger,20,20,20,20
conditional,398,736,5,5,Farmer,2.0,Older,5,5 11,5 11,1 4 5 11 16
conditional,398,976,10,10,Horse Rider,3.0,Unknown,10,10,1 2 5 10,2 5 10
conditional,398,717,20,20,Tennis Player,1.0,Middle,20,20,20,20
conditional,398,441,13,13,Motorcyclist,3.0,Unknown,13,13,13,13
conditional,398,756,3,3,Computer User,1.0,Middle,3,1 3 11 16,1 3 11 16,1 3 11 16
conditional,398,626,2,2,Boatman,1.0,Middle,2,2,2,2
conditional,398,1278,3,3,Computer User,3.0,Unknown,11,3 6 11 14 15 16,3 6 11 14,3 6 11 14
conditional,398,567,5,1,Backpacker,1.0,Middle,1,1 5,1 5 11 16,1 5 11 16
conditional,398,56,6,6,Guard,1.0,Middle,2,2 6 12,2 6 12,2 6 12
conditional,398,352,17,17,Singer,1.0,Middle,17,17,17,17
conditional,398,1262,4,4,Craftsman,3.0,Unknown,16,4 11 16,4 9 11 16,4 9 11 16
conditional,398,649,13,13,Motorcyclist,1.0,Middle,13,13,13,13
conditional,398,247,6,6,Guard,1.0,Middle,6,6,6,6
conditional,398,971,8,5,Farmer,1.0,Middle,3,3 5 6 8 9 11 16 17,3 6 9 11,3 6 9 11
conditional,398,557,16,1,Backpacker,1.0,Middle,3,3 6 16 18 19 20,3 6 16 19,3 6 16 19
conditional,398,338,16,16,Salesperson,1.0,Middle,16,11 16,11 16,11 16
conditional,398,1214,10,10,Horse Rider,1.0,Middle,6,6 10 12 13,6 10 12 13,6 10 12 13
conditional,398,1177,7,7,Guitarist,1.0,Middle,7,3 4 7 11 15 16 17 19,3 7 16 19,3 7 16 19
conditional,398,12,19,19,Speaker,1.0,Middle,12,1 8 10 12,1 8 10 12,1 8 10 12
conditional,398,605,18,18,Skateboarder,0.0,Younger,18,18,18,18
conditional,398,977,2,2,Boatman,1.0,Middle,2,2,2 16,2 11 16
conditional,398,880,9,9,Hairdresser,1.0,Middle,9,9,9,9 11
conditional,398,785,18,18,Skateboarder,1.0,Middle,18,18,18,18
conditional,398,410,6,11,Laborer,1.0,Middle,11,2 6 11 16,2 6 11 16,2 6 11 16
conditional,398,1034,17,17,Singer,0.0,Younger,17,17,17,17
conditional,398,1199,1,1,Backpacker,0.0,Younger,1,1 3 6 8 10 12 18,1 8 12 18,1 8 12 18
conditional,398,855,14,14,Painter,1.0,Middle,15,11 15,11 14 15,11 14 15
conditional,398,768,4,16,Salesperson,2.0,Older,16,2 16,2 16 18 20,2 4 16 18 20
conditional,398,918,11,11,Laborer,3.0,Unknown,11,11 15,4 11 14 15,11 14 15
conditional,398,1067,3,3,Computer User,3.0,Unknown,3,3,3,3
conditional,398,140,15,15,Repairman,1.0,Middle,15,15,15,15
conditional,398,1230,4,4,Craftsman,3.0,Unknown,11,4 11 14 15,4 11 14 15,4 11 14 15
conditional,398,288,14,14,Painter,1.0,Middle,14,11 14,11 14 15 18,11 14 15 18
conditional,398,70,15,15,Repairman,2.0,Older,15,4 11 15,4 11 15,4 9 11 15
conditional,399,82,7,7,Guitarist,1.0,Middle,7,7,7,7
conditional,399,1276,9,9,Hairdresser,1.0,Middle,9,9,9 15,5 9 11 15
conditional,399,490,5,5,Farmer,0.0,Younger,5,5 11 16,5 11 16,5 11
conditional,399,305,17,17,Singer,1.0,Middle,17,17,17,17
conditional,399,455,4,11,Laborer,0.0,Younger,4,4 11 14,4 11 14,4 11
conditional,399,714,16,16,Salesperson,3.0,Unknown,16,11 16,11 13 16,11 16
conditional,399,491,8,8,Gymnast,1.0,Middle,8,8,8,8
conditional,399,306,4,14,Painter,1.0,Middle,14,11 14 16,4 11 14 16,4 11 14 16
conditional,399,184,13,13,Motorcyclist,1.0,Middle,13,13,13,11 13
conditional,399,297,7,7,Guitarist,1.0,Middle,7,7,7,7 13
conditional,399,387,20,20,Tennis Player,1.0,Middle,20,20,20,20
conditional,399,1113,2,2,Boatman,1.0,Middle,2,2 14,2 11 14 17,2 11 14 17
conditional,399,1350,12,13,Motorcyclist,3.0,Unknown,12,6 12 13,3 6 12 13,3 6 12 13
conditional,399,1060,6,6,Guard,0.0,Younger,6,6,6,6
conditional,399,1190,3,3,Computer User,1.0,Middle,1,1 3 15 16,1 3 15 16,1 3 15 16
conditional,399,811,6,12,Officer,1.0,Middle,6,6 10 11 15,6 10 11 15,6 10 11 15
conditional,399,312,9,9,Hairdresser,1.0,Middle,9,2 9 11 15,2 9 11 15,2 9 11 15
conditional,399,846,6,10,Horse Rider,3.0,Unknown,6,6,6,6
conditional,399,6,3,3,Computer User,0.0,Younger,3,1 3 10 11 14 15 16 17 18 19,1 3 11 17,1 3 11 17
conditional,399,1196,20,20,Tennis Player,3.0,Unknown,20,20,20,20
conditional,399,501,13,18,Skateboarder,0.0,Younger,13,2 6 11 13 16 18,11 13 16 18,11 13 16 18
conditional,399,89,19,19,Speaker,1.0,Middle,16,3 16,3 10 16 20,3 10 16 20
conditional,399,826,15,6,Guard,3.0,Unknown,6,6,6,6
conditional,399,267,5,5,Farmer,3.0,Unknown,11,5 11,1 5 11,1 5 11
conditional,399,809,10,10,Horse Rider,1.0,Middle,10,5 8 10 12,5 8 10 12,5 8 10 12
conditional,399,113,19,19,Speaker,2.0,Older,3,3 5 10 11 12 19,3 10 12 19,3 10 11 12 19
conditional,399,998,17,17,Singer,0.0,Younger,17,17,11 17,17
conditional,399,486,7,7,Guitarist,1.0,Middle,17,1 6 7 11 17,1 6 7 17,1 6 7 17
conditional,399,81,6,4,Craftsman,1.0,Middle,11,2 5 6 11 13 15,2 6 11 15,2 6 11 15
conditional,399,718,12,12,Officer,0.0,Younger,12,2 6 12 13,2 6 12 13,2 6 12 13
conditional,399,1376,16,16,Salesperson,2.0,Older,16,16,11 16,3 4 6 11 16
conditional,399,1044,15,15,Repairman,0.0,Younger,11,3 4 6 10 11 14 15 16 17,6 11 15 16,6 11 15 16
conditional,399,544,5,11,Laborer,0.0,Younger,11,5 11 16,5 11 16,5 11 16
conditional,399,230,1,1,Backpacker,3.0,Unknown,1,1 16,1 6 14 16,1 6 14 16
conditional,399,1257,16,16,Salesperson,1.0,Middle,16,5 11 16,4 5 11 16,4 5 11 16
conditional,399,419,11,19,Speaker,1.0,Middle,20,5 6 8 10 11 16 17 20,8 16 17 20,8 16 17 20
conditional,399,712,15,15,Repairman,1.0,Middle,11,11 15,1 4 11 15,1 4 11 15
conditional,399,276,14,14,Painter,0.0,Younger,14,11 14 16,11 14 16,14 16
conditional,399,1377,8,8,Gymnast,0.0,Younger,8,8,8,8
conditional,399,664,2,2,Boatman,1.0,Middle,2,2 16,2 11 16,2 11 15 16
conditional,399,859,12,12,Officer,1.0,Middle,6,2 6 12,2 6 12 13,2 6 12 13
conditional,399,1298,1,18,Skateboarder,1.0,Middle,18,13 16 18,6 13 16 18,6 13 16 18
conditional,399,403,8,8,Gymnast,0.0,Younger,8,8,8,8
conditional,399,459,2,2,Boatman,2.0,Older,2,2,2,2 6 14 15 16
conditional,399,1133,12,6,Guard,1.0,Middle,11,6 11,6 11 12 13,6 11 12 13
conditional,399,957,14,14,Painter,1.0,Middle,14,9 11 14 16,9 11 14 16,9 11 14 16
conditional,399,158,4,4,Craftsman,1.0,Middle,11,4 5 11 16,4 5 11 16,4 5 11 16
conditional,399,340,15,15,Repairman,3.0,Unknown,15,3 6 9 11 15 16,3 9 11 15,3 9 11 15
conditional,399,708,5,5,Farmer,2.0,Older,11,5 11,4 5 11,2 4 5 11 16
conditional,399,488,19,3,Computer User,1.0,Middle,16,3 6 16,2 3 6 16,2 3 6 16
